filer_id,year,total_expenditure
1219354,2023,1475222.52
1219354,2024,2444700.0
1219354,2025,1485600.0
1219354,2026,811591.0
1219570,2023,104800.0
1219570,2024,103500.0
1219570,2025,96873.75
1219570,2026,82200.0
1220030,2023,13739.99
1220030,2024,82197.86
1220030,2026,25195.0
1220048,2024,588200.0
1220048,2026,54500.0
1220069,2023,286889.12
1220069,2024,652137.62
1220069,2025,313553.4
1220069,2026,203400.0
1220104,2023,17149.0
1220104,2024,17250.0
1220104,2025,20349.0
1220104,2026,24750.0
1220138,2023,445000.0
1220138,2024,45000.0
1220138,2025,26700.0
1220138,2026,14400.0
1220154,2024,26550.0
1220154,2025,24000.0
1220169,2025,44200.0
1220370,2023,11443.5
1220370,2024,21774.75
1220370,2025,1548.3
1220370,2026,15383.08
1220380,2023,3686.97
1220380,2024,975187.67
1220380,2025,8913.0
1220380,2026,1850.0
1220539,2023,3721.0
1220539,2024,11581.0
1220539,2025,1805.0
1220539,2026,755.91
1220640,2023,564.67
1220640,2024,12466.54
1220640,2025,1121.7
1220640,2026,782.24
1220653,2023,65500.0
1220653,2024,49140.0
1220653,2025,54200.0
1220653,2026,38500.0
1220686,2023,23100.0
1220686,2024,32600.0
1220962,2024,30130.0
1220962,2025,26075.0
1221888,2027,1000.0
1221911,2023,8420007.97
1221911,2024,623505.5
1221911,2025,832900.94
1221911,2026,829100.0
1221953,2023,339198.38
1221953,2024,212015.37
1221953,2025,101525.0
1221953,2026,49500.0
1221974,2024,101996.09
1221985,2023,170270.0
1221985,2024,428757.0
1221985,2025,348047.92
1221985,2026,143600.0
1221985,2027,20000.0
1222016,2024,427000.0
1222033,2023,78400.0
1222033,2024,661650.0
1222033,2026,93400.0
1222034,2023,1911037.73
1222034,2024,59000.0
1222034,2025,716806.97
1222034,2026,1568100.0
1222119,2023,33219.75
1222119,2024,291103.11
1222119,2025,15748.07
1222119,2026,6717.69
1222327,2023,1500.0
1222327,2024,21800.0
1222327,2025,13400.0
1222327,2026,25800.0
1222327,2201,8200.0
1222564,2023,2000.0
1222564,2024,500.0
1222564,2025,1000.0
1222564,2102,700.0
1222564,2103,1000.0
1222564,2104,500.0
1222564,2106,750.0
1222564,2108,500.0
1223277,2023,22500.0
1223277,2024,45950.0
1223277,2025,41500.0
1223277,2026,32450.0
1223458,2023,17757.0
1223458,2024,42350.0
1223458,2025,18500.0
1223458,2026,18050.0
1223459,2023,2700.0
1223459,2024,11250.0
1223459,2026,5000.0
1224762,2024,110836.59
1224763,2024,251498.34
1224763,2025,150000.0
1224786,2026,1100000.0
1224916,2024,27616.0
1224931,2024,125000.0
1224952,2024,36801.11
1224956,2023,10000.0
1224956,2025,33500.0
1224960,2023,522500.0
1224960,2024,2892370.0
1224960,2025,946750.0
1224960,2026,1313800.0
1225211,2024,500000.0
1225267,2024,1106320.0
1225297,2024,50000.0
1225357,2026,44000.0
1225378,2023,22450.0
1225378,2024,119430.0
1225378,2025,250500.0
1225378,2026,13000.0
1225424,2023,2019.04
1225424,2024,126086.16
1225424,2025,1778.15
1225464,2023,293500.0
1225464,2024,817333.33
1225464,2025,38500.0
1225464,2026,171400.0
1225482,2023,70000.0
1225482,2025,164600.0
1225482,2026,85000.0
1225672,2026,150000.0
1225673,2024,1001500.0
1225673,2025,61064.0
1225686,2024,500000.0
1225718,2023,20050.0
1225718,2024,47600.0
1225718,2025,89800.0
1225718,2026,44700.0
1225755,2023,200.0
1225755,2024,3000.0
1225755,2025,200.0
1226530,2023,344250.0
1226530,2024,539977.0
1226530,2025,286100.0
1226530,2026,217850.0
1227553,2025,57175.0
1227553,2026,192000.0
1228540,2023,1460.0
1228540,2024,67801.79
1228732,2025,1000000.0
1228732,2026,60000.0
1228854,2023,2420.99
1228854,2024,118451.14
1228854,2025,17291.89
1228854,2026,6872.53
1229216,2024,500000.0
1229216,2025,99250.08
1229265,2023,29323.24
1229265,2024,32956.0
1229265,2025,12060.0
1229265,2026,25000.0
1229269,2026,50000.0
1229437,2023,224100.0
1229437,2024,966700.0
1229437,2025,179000.0
1229437,2026,57200.0
1229583,2023,50750.0
1229583,2024,25350.0
1229583,2025,24050.0
1229583,2026,16400.0
1229652,2023,5000.0
1229652,2024,5250.0
1229652,2025,10000.0
1229654,2025,11000.0
1229730,2026,35000.0
1229732,2026,35000.0
1229755,2023,900.0
1229755,2024,1000.0
1229755,2025,5419.6
1229755,2026,2758.6
1229789,2023,36000.0
1229795,2023,25300.0
1229795,2024,38500.0
1229831,2023,935960.0
1229831,2024,970140.0
1229831,2025,918378.49
1229831,2026,1038446.0
1231459,2023,62109.1
1231459,2024,1497756.78
1231459,2025,88984.66
1231459,2026,8745192.95
1231632,2023,2668.46
1231632,2024,2945.37
1231632,2025,3199.86
1231632,2026,1251.15
1231920,2023,25213.0
1231920,2024,42940.0
1231920,2025,21200.0
1231920,2026,51000.0
1232015,2023,32128.52
1232015,2024,44064.15
1232015,2025,36741.41
1232015,2026,21901.82
1232371,2023,5500.0
1232371,2024,137600.0
1232371,2025,65250.0
1232371,2026,34650.0
1232755,2023,67500.0
1232755,2024,291282.33
1232755,2025,62500.0
1232755,2026,17500.0
1232857,2026,50000.0
1232900,2024,17150.0
1232900,2025,15749.0
1233321,2023,188393.58
1233321,2024,1389584.58
1233452,2024,20000.0
1233452,2025,5000.0
1233452,2026,4500.0
1233721,2023,155963.57
1233721,2024,95467.49
1233721,2025,2166.76
1233721,2026,47272.79
1233722,2023,21100.0
1233722,2024,113463.92
1233722,2025,32594.0
1233722,2026,35800.0
1233774,2023,72800.0
1233793,2023,41400.0
1233793,2024,47800.0
1233793,2025,26800.0
1233793,2026,20000.0
1233935,2023,90000.0
1233935,2024,100000.0
1233935,2026,75000.0
1234016,2025,1541.0
1234155,2023,1595236.9
1234155,2024,1706706.96
1234155,2025,1610110.0
1234155,2026,70340.0
1234495,2026,728041.0
1234646,2023,6500.0
1234646,2024,16300.0
1234646,2025,18300.0
1234646,2026,1800.0
1234729,2023,3984.6
1234729,2024,2600.36
1234729,2025,3833.5
1234809,2023,1484864.0
1234809,2024,19156870.0
1234809,2025,312452.0
1234809,2026,1648958.0
1234881,2024,1884000.0
1234881,2025,750000.0
1234888,2032,1300.0
1235091,2024,50000.0
1235097,2025,16500.0
1235097,2026,9000.0
1235098,2023,18150.0
1235098,2024,18000.0
1235098,2025,1500.0
1235258,2023,72050.0
1235258,2024,84865.0
1235258,2025,126000.0
1235352,2023,1654900.0
1235352,2024,23846240.0
1235352,2025,558800.0
1235352,2026,1783220.0
1235398,2026,19500.0
1235406,2023,10700.0
1235406,2025,40800.0
1235406,2026,10000.0
1235423,2023,14286.62
1235423,2024,9786.4
1235423,2025,9580.47
1235423,2026,1295.66
1235439,2023,48348.0
1235439,2024,132398.0
1235439,2025,64547.0
1235439,2026,52500.0
1235543,2023,30100.0
1235543,2024,18600.0
1235543,2025,26900.0
1235702,2023,600.0
1235702,2024,10500.0
1235879,2023,24910.0
1235948,2023,46416.88
1235948,2024,67006.89
1235948,2025,39261.64
1235948,2026,4573.4
1235976,2024,1247.0
1236101,2023,1706640.0
1236101,2024,2066882.34
1236101,2025,2187428.03
1236101,2026,1505520.0
1236187,2023,66400.0
1236187,2024,209911.0
1236187,2025,61500.0
1236216,2025,146555.0
1236216,2026,150756.0
1236496,2023,-6395.85
1236496,2024,2486350.38
1236496,2026,993329.44
1236648,2023,212591.96
1236648,2024,339649.99
1236648,2025,150414.0
1236648,2026,141300.0
1237135,2023,11720.0
1237135,2024,984465.94
1237135,2025,5325.0
1237135,2026,140264.95
1237224,2023,21515.79
1237224,2024,8051.26
1237224,2025,3751.0
1237224,2026,720.0
1237416,2023,39000.0
1237416,2024,141500.0
1237416,2025,53600.0
1237416,2026,125200.0
1237671,2023,243800.0
1237671,2024,362800.0
1237671,2025,361252.18
1237671,2026,195800.0
1237872,2024,1000.0
1238064,2024,27533.43
1238065,2023,14500.0
1238065,2024,10910.0
1238065,2025,11500.0
1238126,2023,28443.77
1238126,2024,25456.42
1238126,2025,20573.27
1238126,2026,86749.05
1238271,2023,283687.77
1238271,2024,287366.34
1238271,2025,200270.88
1238271,2026,67809.13
1238679,2024,21230.0
1238760,2024,1400000.0
1238760,2025,31504.4
1238760,2026,10000.0
1239024,2023,29500.0
1239024,2024,125950.0
1239024,2025,101911.49
1239024,2026,14620.0
1239171,2023,20600.0
1239171,2024,56400.0
1239171,2025,52600.0
1239171,2026,49000.0
1239262,2025,53750.0
1239262,2026,13500.0
1239870,2023,93461.26
1239870,2024,75131.39
1239870,2025,53382.13
1239870,2026,33032.27
1239883,2023,8313.2
1239883,2024,19545.22
1239883,2025,4050.0
1239984,2023,49818.05
1239984,2024,35951.95
1239984,2025,55920.0
1240104,2023,2907808.12
1240104,2024,7908168.94
1240104,2025,5143156.89
1240104,2026,2231268.05
1240169,2023,38406.5
1240169,2024,939366.5
1240169,2025,96312.0
1240169,2026,12451.0
1240437,2025,30000.0
1240727,2023,461667.46
1240727,2024,3995196.37
1240727,2025,109836.41
1240727,2026,1140899.11
1240985,2023,65400.0
1240985,2024,706200.0
1240985,2025,249000.0
1240985,2026,173680.0
1241075,2023,106200.0
1241075,2024,170700.0
1241075,2025,149400.0
1241075,2026,16700.0
1241349,2023,19798.18
1241349,2024,81494.32
1241349,2025,31750.0
1241349,2026,37091.78
1241708,2023,41104.19
1241708,2024,19244.34
1241708,2025,22731.34
1241835,2023,3680.25
1241835,2024,1982534.02
1241835,2025,91375.14
1241835,2026,1529997.26
1241892,2024,2706.07
1241892,2025,217301.17
1241892,2026,605925.76
1242137,2023,1750.5
1242137,2024,41030.5
1242137,2025,3625.0
1242137,2026,1691.0
1242571,2023,13700.0
1242629,2024,30000.0
1242633,2024,20500.0
1242636,2023,13500.0
1242636,2025,26500.0
1242636,2026,76694.42
1242705,2024,130000.0
1242730,2023,548114.1
1242730,2024,522043.57
1242730,2025,537720.43
1242730,2026,282723.7
1242734,2023,36600.0
1242839,2023,49400.0
1242839,2024,122000.0
1242839,2025,80100.0
1242839,2026,96620.0
1242845,2023,11377.99
1242845,2024,45715.0
1242845,2025,35495.0
1242845,2026,23850.0
1242874,2023,116970.0
1242874,2024,1443200.0
1242993,2023,1825998.05
1242993,2024,5860072.73
1242993,2025,2151031.8
1242993,2026,1771645.45
1243028,2023,815600.0
1243028,2024,2315200.0
1243028,2025,813900.0
1243028,2026,2388600.0
1243030,2023,30470.0
1243030,2024,155645.0
1243030,2025,666147.0
1243030,2026,302122.24
1243091,2023,127722.25
1243091,2024,215295.42
1243091,2025,169047.0
1243091,2026,526338.5
1243131,2026,319200.0
1243169,2025,36800.0
1243169,2026,545100.0
1243189,2025,10200.0
1243199,2023,111500.0
1243199,2025,123499.0
1243205,2024,624500.0
1243324,2025,14400.0
1243324,2026,4100.0
1243364,2025,382658.58
1243364,2026,100865.37
1243454,2023,51186.5
1243454,2024,105754.5
1243454,2025,76361.5
1243454,2026,14901.79
1243711,2023,9161.38
1243761,2023,50000.0
1244001,2024,849099.48
1244001,2025,98858.54
1244001,2026,32837.25
1244338,2024,26000.0
1244471,2023,23934.24
1244471,2024,89859.64
1244471,2025,79703.46
1244471,2026,23882.25
1244652,2024,10135.0
1244652,2025,13900.0
1244652,2026,13650.0
1244807,2023,20532.04
1244807,2024,44323.32
1244807,2025,5987.56
1244807,2026,4329.55
1244838,2025,42100.0
1244838,2026,20500.0
1244939,2023,493280.88
1244939,2024,499372.0
1244939,2025,375635.88
1244939,2026,204650.0
1244975,2023,36688.34
1244975,2024,120076.6
1244975,2025,27268.63
1244975,2026,29742.1
1244985,2023,420983.19
1244985,2024,319349.4
1244985,2025,568892.33
1244985,2026,139251.63
1245177,2023,308251.51
1245177,2024,129656.59
1245177,2025,86609.5
1245177,2026,25832.74
1245511,2023,300.0
1245797,2025,34400.0
1245924,2918,2500.0
1245926,2178,10000.0
1245954,2023,74309.38
1245954,2024,53765.4
1245954,2025,174881.04
1245954,2026,97810.31
1246083,2023,189900.0
1246083,2024,240000.0
1246083,2025,127700.0
1246083,2026,70250.0
1246090,2024,125800.0
1246174,2024,205000.0
1246216,2023,22500.0
1246290,2023,3000.0
1246290,2024,17600.0
1246290,2025,19500.0
1246290,2026,29200.0
1246396,2023,89100.0
1246396,2024,233676.0
1246396,2025,51346.0
1246396,2026,11456.0
1246409,2026,35500.0
1246484,2024,53650.0
1246484,2025,36400.0
1246561,2024,19400.0
1246561,2025,38400.0
1246561,2026,111200.0
1246584,2025,30170.0
1246730,2023,82000.0
1246730,2024,208000.0
1246730,2025,12500.0
1246730,2026,14000.0
1246796,2024,143500.0
1247000,2023,4633429.34
1247000,2024,15875980.18
1247000,2025,4860653.77
1247000,2026,3199149.34
1247063,2023,11800.0
1247063,2025,40300.0
1247232,2023,101506.89
1247232,2024,39095.0
1247232,2025,38594.8
1247232,2026,27950.25
1247290,2023,28200.0
1247290,2025,18125.0
1247460,2024,47500.0
1247506,2023,165255.04
1247506,2024,236075.7
1247506,2025,183471.93
1247506,2026,47000.0
1247598,2025,150000.0
1247715,2023,21750.0
1247715,2024,196022.0
1247715,2026,46800.0
1247839,2023,50588.1
1247839,2024,142974.75
1247892,2023,258143.6
1247892,2024,137665.31
1247892,2025,51788.24
1247892,2026,56277.35
1247892,2065,500.0
1247901,2024,2000.0
1247902,2023,9000.0
1247902,2024,86500.0
1247902,2025,596000.0
1247902,2026,440000.0
1248271,2023,180475.0
1248271,2024,356797.64
1248271,2025,166800.0
1248271,2026,108150.0
1248402,2023,992200.0
1248402,2024,2538700.0
1248402,2025,7616400.0
1248402,2026,22350126.64
1248664,2023,21828.0
1248664,2024,458020.37
1248664,2025,9369.78
1248777,2023,139280.64
1248777,2024,121342.0
1248777,2025,66106.99
1248777,2026,34741.68
1248986,2024,197871.0
1248986,2025,62000.0
1249028,2024,92800.0
1249028,2025,4000.0
1249028,2026,6000.0
1249402,2023,81500.0
1249402,2024,55000.0
1249402,2025,67500.0
1249641,2023,7500.0
1249641,2024,9200.0
1249641,2025,2600.0
1249641,2026,2600.0
1250157,2023,34700.0
1250157,2024,52850.0
1250157,2025,70300.0
1250157,2026,15100.0
1250181,2023,19200.0
1250181,2024,78600.0
1250181,2025,113000.0
1250181,2026,60100.0
1250247,2024,108916.46
1250247,2025,13500.0
1250459,2023,1432950.0
1250459,2024,1276700.0
1250459,2025,1585850.0
1250459,2026,1404500.0
1250464,2023,82412.11
1250464,2024,163196.0
1250464,2025,191868.0
1250464,2026,206173.0
1250500,2023,52750.0
1250500,2025,16300.0
1250500,2026,21497.0
1250891,2023,102200.0
1250891,2024,221500.0
1250891,2025,362300.0
1250891,2026,414770.4
1250907,2023,33530.0
1250907,2024,71116.0
1250907,2025,37874.0
1250907,2026,24459.82
1250925,2023,46000.0
1250925,2024,64500.0
1250925,2025,33000.0
1250925,2026,30000.0
1251912,2023,155700.0
1251912,2024,364400.0
1251912,2025,256586.0
1251912,2026,579204.0
1251941,2024,51073.0
1251995,2023,3732.16
1251995,2024,4552.66
1251995,2025,4181.5
1251995,2026,2359.91
1252378,2024,50.0
1252378,2025,10000.0
1252378,2026,10000.0
1252379,2023,30557.46
1252379,2024,15050.0
1252379,2025,48000.0
1252379,2026,106000.0
1252570,2026,255000.0
1252603,2023,113980.0
1252603,2024,126615.0
1252603,2025,113825.0
1252603,2026,116572.0
1252697,2024,77200.0
1252697,2025,137800.0
1252697,2026,138900.0
1252756,2023,37452.5
1252756,2024,88978.45
1252756,2025,36707.7
1252916,2025,54095512.71
1253022,2024,13000.0
1253132,2023,775120.92
1253132,2024,1706823.43
1253132,2025,1960854.0
1253132,2026,1517982.0
1253136,2024,25000.0
1253136,2026,34800.0
1253425,2023,4500.0
1253425,2024,56000.0
1253425,2025,5000.0
1253425,2026,7700.0
1253484,2024,25000.0
1253523,2024,10000.0
1253529,2023,19000.0
1253529,2024,171241.0
1253529,2025,38249.0
1253529,2026,25000.0
1253541,2025,2402.92
1253553,2023,16750.0
1253553,2024,88450.0
1253553,2025,52500.0
1253553,2026,52850.0
1253609,2023,63015.64
1253609,2024,483373.34
1253609,2025,21500.0
1253609,2026,132615.0
1253636,2023,42750.0
1253636,2024,32350.0
1253636,2025,53500.0
1253636,2026,39700.0
1253638,2025,103000.0
1253640,2024,54348.0
1253640,2026,13100.0
1253787,2023,28000.0
1253787,2024,209900.0
1253787,2025,41390.0
1253787,2026,40600.0
1253805,2025,1078000.0
1253886,2024,100000.0
1254010,2023,335346.95
1254010,2024,463301.71
1254010,2025,104761.2
1254010,2026,134318.26
1254059,2023,220437.8
1254059,2024,211881.58
1254059,2025,209242.5
1254059,2026,79400.0
1254111,2023,81700.0
1254111,2024,35900.0
1254111,2025,6250.0
1254111,2026,48300.0
1254179,2023,79721.48
1254179,2024,612716.31
1254179,2025,494197.59
1254179,2026,423926.72
1254399,2023,457259.33
1254399,2024,861146.98
1254399,2025,234937.99
1254399,2026,85526.17
1254555,2023,30892.38
1254555,2024,238697.01
1254555,2025,121929.75
1254555,2026,23953.76
1255069,2023,6100.0
1255069,2024,51050.0
1255069,2025,8010.0
1255069,2026,6400.0
1255096,2102,1500.0
1255096,2103,1000.0
1255127,2023,21100.0
1255127,2024,16900.0
1255127,2025,8500.0
1255127,2026,14000.0
1255186,2024,85500.0
1255226,2023,11500.0
1255226,2024,10600.0
1255226,2025,16400.0
1255226,2026,8500.0
1255640,2023,15117.41
1255640,2024,4801.81
1255640,2025,5386.78
1255640,2026,3992.95
1255706,2025,49800.0
1255795,2026,19000.0
1255870,2023,28161.0
1255870,2024,290773.0
1255870,2025,14916.0
1255870,2026,81709.0
1255953,2024,12500.0
1256124,2023,112812.0
1256124,2024,580016.0
1256124,2025,80400.0
1256259,2023,70050.0
1256259,2024,5138040.0
1256259,2025,454000.0
1256259,2026,252000.0
1256272,2023,20000.0
1256272,2024,56500.0
1256272,2025,53850.0
1256272,2026,16637.5
1256321,2220,2000.0
1256350,2023,94.89
1256755,2023,108500.0
1256755,2024,114100.0
1256755,2025,37500.0
1256755,2026,115896.0
1257183,2023,956400.0
1257183,2024,6863320.67
1257183,2025,1494950.0
1257183,2026,1530800.0
1257504,2023,5500.0
1257504,2024,27300.0
1257504,2025,22000.0
1257504,2026,7000.0
1257504,2103,500.0
1257506,2023,779905.18
1257506,2024,1440521.0
1257506,2025,804550.0
1257506,2026,404933.32
1257632,2024,27000.0
1257632,2025,30000.0
1257632,2026,32500.0
1257666,2023,19067.38
1257666,2024,133591.64
1257666,2025,30909.65
1257666,2026,51447.64
1257922,2024,39400.0
1257922,2025,2001800.0
1257922,2026,3472100.0
1258021,2023,20500.0
1258021,2024,47310.0
1258021,2025,7150.0
1258021,2026,20000.0
1258324,2023,1496344.57
1258324,2024,5200.94
1258377,2023,10597.5
1258377,2024,104985.93
1258406,2023,38050.0
1258406,2024,139000.0
1258406,2026,380100.0
1258421,2026,4500.0
1258461,2024,200.0
1258461,2025,200.0
1258616,2023,272935.42
1258616,2024,193047.38
1258616,2025,73699.9
1258616,2026,88091.02
1258823,2023,1000000.0
1258868,2025,10500.0
1258885,2026,11000.0
1258919,2023,23000.0
1258919,2024,8000.0
1258919,2025,20050.0
1258919,2026,20000.0
1259056,2026,10000.0
1259083,2023,8500.0
1259083,2024,88420.0
1259083,2025,65000.0
1259083,2026,5750.0
1259312,2026,35000.0
1259538,2024,10200.0
1259567,2024,21500.0
1259607,2024,49000.0
1259607,2025,49900.0
1259669,2023,12100.0
1259669,2024,47600.0
1259669,2025,10000.0
1259756,2025,11000.0
1259780,2023,2500.0
1259780,2024,21930.0
1259780,2025,3600.0
1259780,2026,16978.62
1259902,2024,5000.0
1259935,2023,10850.0
1260088,2024,83600.0
1260867,2024,47000.0
1260867,2025,2500.0
1261372,2023,4000.0
1261372,2024,69820.28
1261372,2025,1760.0
1261372,2026,39193.31
1261599,2024,235000.0
1261599,2025,10000.0
1261609,2023,25779.48
1261609,2024,18652.2
1261609,2025,358336.44
1261609,2026,33790.33
1261612,2025,19248.27
1261615,2023,12547.53
1261615,2025,200196.25
1261615,2026,11229.63
1261618,2023,15824.11
1261618,2024,11449.2
1261618,2025,95518.54
1261618,2026,14134.02
1261680,2023,94950.0
1261680,2024,87500.0
1261680,2025,48200.0
1261680,2026,64803.0
1261711,2023,30600.0
1261711,2024,37600.0
1261711,2025,13800.0
1261818,2023,50000.0
1261960,2023,136000.0
1261960,2024,40500.0
1261960,2026,18000.0
1261972,2023,59885.39
1261972,2024,43329.12
1261972,2025,872010.22
1261972,2026,81839.0
1262259,2023,1455442.28
1262259,2024,62028.13
1262259,2025,125464.49
1262259,2026,89714.43
1262405,2023,66502.0
1262405,2024,63524.01
1262405,2025,102672.8
1262405,2026,53363.5
1262431,2023,554052.0
1262431,2024,574210.0
1262431,2025,523280.0
1262431,2026,608000.0
1262979,2023,4647.76
1262979,2024,3674.2
1262979,2025,3500.29
1262979,2026,2776.6
1263100,2023,37895.0
1263100,2024,292170.0
1263100,2025,22604.0
1263100,2026,11204.0
1263106,2023,1812395.52
1263106,2024,2328014.2
1263106,2025,1488823.55
1263106,2026,760729.49
1263363,2023,1000.0
1263363,2024,20261.53
1263363,2025,14541.13
1263363,2026,341.94
1263563,2025,1000000.0
1263793,2025,356300.0
1263793,2026,290000.0
1263870,2023,93100.0
1263870,2025,10000.0
1263870,2026,49000.0
1263886,2023,97500.0
1263886,2024,79500.0
1263886,2025,124200.0
1263886,2026,53600.0
1263886,3034,3250.0
1263889,2024,2946850.0
1263889,2026,64200.0
1263935,2023,94500.0
1263935,2024,105900.0
1263935,2025,48500.0
1263935,2026,40500.0
1264025,2024,12000.0
1264025,2025,10300.0
1264025,2026,53800.0
1264046,2023,14137.88
1264046,2024,10229.28
1264046,2025,287815.0
1264046,2026,227717.84
1264076,2024,29790.0
1264159,2026,39200.0
1264439,2023,1900.0
1264439,2024,2325.0
1264441,2024,6820.16
1264568,2023,20950.0
1264568,2024,15550.0
1264568,2025,26956.02
1264568,2026,22800.0
1264590,2023,2548437.08
1264590,2024,6566438.62
1264590,2025,7535958.69
1264590,2026,28960950.73
1264748,2023,861.6
1264748,2024,5006.41
1264748,2025,2513.89
1264748,2026,11800.0
1265437,2023,26533.74
1265437,2024,27163.62
1265437,2025,33611.43
1265437,2026,29908.06
1265524,2023,202.0
1265524,2025,800.0
1265977,2023,8790.12
1265977,2024,12247.44
1265977,2025,8022.1
1265977,2026,29416.19
1266189,2023,95694.05
1266189,2024,55699.06
1266189,2025,46211.88
1266189,2026,34800.0
1266205,2023,1000.0
1266205,2025,5000.0
1266205,2026,0.0
1266209,2024,35000.0
1266480,2023,76241.26
1266480,2024,1955987.8
1266480,2025,132133.56
1266480,2026,155425.74
1266608,2024,17000.0
1266714,2023,37400.0
1266792,2024,161995.3
1266792,2025,8671.63
1266887,2023,1197933.16
1266887,2024,1689296.1
1266887,2025,1440742.57
1266887,2026,1454439.6
1267089,2024,16051.39
1267109,2024,32500.0
1267109,2025,13250.0
1267109,2026,89800.0
1267111,2026,39200.0
1267195,2023,35000.0
1267195,2024,32500.0
1267195,2025,57000.0
1267195,2026,25000.0
1267198,2023,107306969.71
1267198,2024,299610.0
1267198,2025,133539.36
1267198,2026,1718278.57
1267278,2024,135000.0
1267278,2026,75000.0
1267335,2023,20802.66
1267347,2025,10400.0
1267347,2026,10100.0
1267448,2024,350000.0
1267448,2025,300000.0
1267448,2026,78400.0
1267450,2023,22000.0
1267450,2024,14000.0
1267450,2025,31000.0
1267607,2025,11000.0
1267652,2024,156004.97
1267652,2025,79904.31
1267652,2026,27245.39
1267936,2023,26680.0
1267936,2024,224874.8
1268303,2025,10300.0
1268369,2023,11250.0
1268369,2024,13800.0
1268369,2025,43400.0
1268369,2026,29900.0
1268481,2023,36520.0
1268481,2024,249978.84
1268481,2025,154065.79
1268577,2025,17673.0
1268577,2026,14378.0
1268631,2023,79440.52
1268631,2024,97093.02
1268631,2025,55180.01
1268631,2026,24383.38
1268785,2023,23685.0
1268785,2024,5859.0
1268785,2025,19404.0
1268785,2026,3074.0
1268794,2023,6088.92
1268794,2024,4727.85
1268794,2025,19628.02
1268794,2026,5369.65
1268914,2023,5912917.43
1268914,2024,4254685.16
1268914,2025,18846223.49
1268914,2026,3420795.95
1268942,2026,48600.0
1269303,2025,8400.0
1269743,2023,11257.29
1269743,2024,7713.15
1269743,2025,6417.71
1269743,2026,19275.49
1269776,2023,267500.0
1269776,2024,672833.33
1269776,2025,281000.0
1269776,2026,648300.0
1269841,2023,31082.62
1270097,2023,130500.0
1270097,2024,137000.0
1270097,2025,126000.0
1270143,2024,34500.0
1270153,2025,5150.0
1270153,2026,11641.98
1270305,2024,25000.0
1270458,2023,88052.71
1270458,2024,682358.19
1270458,2025,206923.6
1270458,2026,344500.0
1270707,2023,3173.5
1270707,2024,203301.97
1270707,2025,3561.5
1270707,2026,102433.0
1271156,2023,574.8
1271156,2024,149254.51
1271482,2023,392133.2
1271482,2024,303042.08
1271482,2025,4411100.54
1271482,2026,2210401.1
1271673,2023,15719.33
1271673,2024,11087.27
1271673,2025,16949.7
1271673,2026,9250.52
1271728,2024,172500.0
1271769,2024,3000.0
1271781,2023,50.0
1271781,2024,50.0
1271781,2025,1260.29
1271789,2023,29000.0
1271789,2024,57400.0
1271789,2026,46200.0
1271954,2023,2360.04
1271954,2026,2000.0
1272065,2024,120000.0
1272380,2023,9613.99
1272380,2024,8751.05
1272380,2025,8286.36
1272380,2026,5881.67
1272411,2024,25000.0
1272515,2023,497498.86
1272633,2023,279514.0
1272633,2024,407934.81
1272633,2025,186153.5
1272633,2026,181203.5
1272666,2023,177893.1
1272666,2024,383937.23
1272666,2025,77329.67
1272666,2026,323181.49
1272719,2023,656252.75
1272719,2024,7919779.59
1272719,2025,58871.0
1272719,2026,22744.57
1273027,2023,40000.0
1273027,2024,71250.0
1273027,2025,80260.25
1273027,2026,91400.0
1273063,2023,1693390.0
1273063,2024,10957317.16
1273063,2025,2422760.76
1273063,2026,1595345.38
1273104,2023,3000.0
1273104,2025,1074.92
1273104,2026,3600.53
1273122,2023,3152.92
1273122,2024,1630.55
1273180,2026,94100.0
1273453,2023,3000.0
1273453,2024,1000.0
1273453,2025,23900.0
1273453,2026,10000.0
1273532,2023,327421.4
1273532,2024,446683.94
1273532,2025,243366.65
1273532,2026,173140.58
1273570,2026,10000.0
1273616,2024,14500.0
1273648,2024,120000.0
1273648,2025,80000.0
1273648,2026,-60000.0
1273748,2024,35000.0
1273753,2026,25966.21
1273830,2023,35000.0
1273830,2024,9000.0
1273830,2025,34000.0
1273830,2026,21000.0
1274157,2023,13350.0
1274157,2024,77930.5
1274157,2025,98257.5
1274157,2026,46036.5
1274702,2023,40220.0
1274702,2024,584726.38
1274702,2025,126451.7
1274702,2026,118043.38
1274707,2023,254950.0
1274707,2024,59050.0
1274707,2025,153300.0
1274707,2026,19400.0
1274758,2023,49621.39
1274758,2024,74576.7
1274758,2025,46113.61
1274758,2026,24865.55
1274801,2024,2475.0
1274801,2025,4478.54
1274801,2026,310.0
1274850,2023,50000.0
1274889,2023,2801100.0
1274889,2024,9529530.0
1274889,2025,487908.5
1274889,2026,401000.0
1274987,2024,97133.31
1274987,2025,55512.98
1275328,2023,217831.18
1275328,2024,265241.46
1275328,2025,79384.84
1275328,2026,283393.63
1275358,2026,86580200.0
1275384,2025,14450.0
1275549,2023,2580707.56
1275549,2024,8310750.61
1275549,2025,3706726.66
1275549,2026,4000754.97
1275641,2025,1050.0
1275672,2023,113678.14
1275672,2024,51248.99
1275672,2025,191479230.66
1275672,2026,1557880.94
1275796,2025,50000.0
1275902,2025,30000.0
1275907,2024,90500.0
1275907,2025,187300.0
1275907,2026,865000.0
1276013,2024,15000.0
1276013,2025,30000.0
1276076,2024,70361.38
1276076,2025,42955.42
1276215,2023,12120.0
1276215,2024,21245.0
1276215,2025,22250.0
1276215,2026,6000.0
1276241,2023,61400.0
1276241,2024,46400.0
1276241,2025,20300.0
1276241,2026,39300.0
1276250,2024,14000.0
1276264,2023,3904.52
1276264,2024,5243.43
1276264,2025,4573.8
1276264,2026,2720.11
1276421,2026,200000.0
1276430,2023,3033.66
1276430,2024,3775.18
1276430,2025,9668.08
1276430,2026,2266.6
1276434,2023,40315.0
1276434,2024,99902.54
1276434,2025,17000.0
1276475,2023,13500.0
1276475,2024,38750.0
1276475,2025,28500.0
1276479,2023,14011.96
1276479,2024,381521.18
1276479,2025,22443.27
1276479,2026,10830.62
1276509,2024,10600.0
1276525,2023,25000.0
1276525,2024,25000.0
1276525,2025,32975.0
1276696,2026,250000.0
1276906,2023,1025216.0
1276906,2024,1127100.0
1276906,2025,845100.0
1276906,2026,530100.0
1277100,2023,574172.43
1277100,2024,504315.61
1277100,2025,492451.53
1277100,2026,1027519.59
1277204,2023,5050.0
1277204,2024,6068.02
1277204,2025,7517.4
1277204,2026,9709.76
1277253,2023,3017.21
1277253,2024,2266.17
1277253,2025,4589.27
1277253,2026,108.37
1277359,2023,900.0
1277359,2024,6800.0
1277359,2025,900.0
1277366,2025,72548871.0
1277366,2026,24706113.2
1277431,2024,2597.45
1277668,2023,1000.0
1277670,2023,7894.0
1277670,2024,3178.27
1277746,2023,238146.2
1277746,2024,198907.05
1277746,2025,25400.0
1277746,2026,36700.0
1277874,2023,908807.64
1277874,2024,652187.0
1277874,2025,225496.75
1277874,2026,199648.96
1278120,2023,6000.0
1278120,2024,44900.0
1278120,2025,500.0
1278120,2026,5750.0
1278142,2023,24000.0
1278142,2024,59800.0
1278142,2025,108500.0
1278142,2026,285100.0
1278348,2023,7546.87
1278348,2024,6633.72
1278348,2025,1050.0
1278348,2026,1050.0
1278416,2023,495700.0
1278416,2024,904400.0
1278416,2025,5690800.0
1278416,2026,2418799.0
1278441,2023,88000.0
1278441,2024,116000.0
1278441,2025,16000.0
1278441,2026,85000.0
1278442,2024,337500.0
1278442,2025,161100.0
1278442,2026,384500.0
1278559,2023,534800.0
1278559,2024,7607900.0
1278559,2025,2169950.0
1278559,2026,1925000.0
1278566,2023,21000.0
1278566,2024,23247.0
1278566,2025,73500.0
1278568,2025,51869.06
1278568,2026,13997.0
1278578,2025,15800.0
1278587,2023,59315.8
1278587,2024,103253.28
1278587,2025,56863.21
1278587,2026,22920.67
1278626,2023,91000.0
1278626,2026,689200.0
1278631,2023,23200.0
1278631,2024,25250.0
1278631,2025,39300.0
1278631,2026,18000.0
1278652,2023,525.0
1278652,2024,35525.0
1278652,2025,525.0
1278695,2023,151000.0
1278695,2024,141000.0
1278695,2026,57900.0
1278715,2026,113800.0
1278724,2024,267900.0
1278724,2025,64800.0
1278950,2023,150244.93
1278950,2024,351174.26
1278950,2025,91112.48
1278950,2026,50299.38
1279586,2023,29485.2
1279586,2024,18000.0
1279677,2023,51240.0
1279677,2024,506000.0
1279679,2023,41252.54
1279679,2024,160431.22
1279679,2025,5144.1
1279679,2026,35653.75
1279696,2023,28816.02
1279696,2024,214665.28
1279696,2025,59241.23
1279696,2026,21175.0
1279970,2023,41000.0
1279970,2024,46500.0
1279970,2025,33500.0
1279970,2026,17500.0
1280263,2023,20800.0
1280263,2024,67600.0
1280263,2025,23600.0
1280263,2026,89800.0
1280428,2023,3324.83
1280428,2024,368036.75
1280428,2025,114592.33
1280428,2026,203449.25
1280496,2025,34000.0
1280496,2026,50000.0
1280698,2023,900.0
1280698,2024,1000.0
1280724,2023,909286.31
1280724,2024,1689355.31
1280724,2025,415417.35
1280724,2026,50221.29
1280730,2023,31000.0
1280730,2024,27100.0
1280730,2025,25050.0
1280730,2026,4515.0
1280745,2024,81054.88
1280745,2025,209832.79
1280745,2026,558.3
1280902,2023,129108.52
1280902,2024,41000.0
1280902,2025,6000.0
1280902,2026,83000.0
1280975,2023,84000.0
1280975,2024,199650.0
1280975,2025,83600.0
1280975,2026,82300.0
1281049,2023,14000.0
1281049,2024,43050.0
1281049,2025,42500.0
1281049,2026,2500.0
1281100,2024,48959.0
1281119,2024,602500.0
1281119,2025,500000.0
1281123,2023,72800.0
1281171,2024,263048.0
1281278,2024,211139.0
1281279,2023,290000.0
1281279,2024,1150000.0
1281312,2023,690.0
1281312,2024,44825.66
1281313,2026,10000.0
1281331,2023,98000.0
1281541,2024,70000.0
1281664,2023,8937558.74
1281664,2024,55589181.46
1281664,2025,195000.0
1281772,2023,3250.54
1281772,2024,2263539.34
1281772,2025,20330.04
1281772,2026,234169.04
1281827,2023,45451.86
1281960,2023,29200.0
1281960,2024,38050.0
1282018,2025,50000.0
1282166,2023,14475.0
1282207,2023,258500.0
1282257,2023,60614.18
1282257,2024,263280.33
1282257,2025,192311.57
1282257,2026,82952.45
1282378,2023,491400.0
1282378,2024,456400.0
1282378,2025,545600.0
1282378,2026,316600.0
1282464,2023,2609355.4
1282464,2024,15108726.67
1282464,2025,598898.62
1282464,2026,374460.36
1282469,2025,10000.0
1282794,2023,79500.0
1282794,2024,20600.0
1282797,2023,304110.45
1282797,2024,222686.88
1282797,2025,286107.14
1282797,2026,4000000.0
1282798,2023,27181.81
1282798,2024,19666.8
1282798,2025,185994.71
1282807,2025,177000.0
1282936,2024,45000.0
1283442,2023,99990.15
1283442,2024,68214.6
1283442,2025,100836.01
1283442,2026,108168.37
1283587,2023,14626.21
1283587,2024,5514134.67
1283587,2025,41500.6
1283587,2026,135898.99
1283833,2024,21600.0
1283833,2025,17000.0
1283833,2026,22500.0
1283921,2023,354687.33
1283921,2024,7955629.05
1283921,2025,908291.74
1283921,2026,2018872.85
1284523,2023,27814.7
1284523,2024,80937.22
1284523,2025,49590.34
1284523,2026,58285.0
1284874,2024,2750.0
1284874,2025,822.21
1285191,2026,50.0
1285322,2023,83250.0
1285322,2024,490949.0
1285322,2025,56300.0
1285322,2026,317000.0
1285322,2041,5000.0
1285443,2023,50000.0
1285443,2024,393500.0
1285443,2026,45000.0
1285523,2024,89717.5
1285600,2023,953.74
1285725,2023,17050.0
1285725,2024,35050.0
1285725,2025,6600.0
1285725,2026,28450.0
1285759,2023,471.73
1285759,2024,1000050.0
1285775,2023,11000.0
1285775,2024,9000.0
1285775,2025,8050.0
1285775,2026,2000.0
1285796,2023,151877.09
1285796,2024,13237.37
1285796,2025,132020.09
1285847,2023,950.42
1285847,2024,242109.6
1285847,2025,11500.0
1285847,2026,37500.0
1285881,2023,124000.0
1285881,2024,138800.0
1285881,2025,147500.0
1285881,2026,26500.0
1286035,2023,415880.5
1286035,2024,4794842.5
1286035,2025,635284.5
1286035,2026,3494405.0
1286338,2025,125000.0
1286338,2026,387500.0
1286381,2023,399809.89
1286381,2024,4887880.47
1286381,2025,573215.28
1286381,2026,968531.51
1286499,2023,317400.0
1286499,2024,433047.5
1286499,2025,110400.0
1286499,2026,40462.5
1286527,2024,140000.0
1286579,2025,340300.0
1286579,2026,11300.0
1286599,2023,80886.52
1286599,2024,121513.18
1286599,2025,13088.57
1286599,2026,6318.17
1286651,2023,48050.0
1286651,2024,142825.0
1286651,2025,430390.98
1286651,2026,148750.0
1286655,2024,11000.0
1286655,2025,16000.0
1286655,2026,52500.0
1286685,2105,500.0
1286702,2024,265200.0
1286702,2025,59300.0
1286789,2026,728591.0
1286977,2026,32500.0
1287047,2023,18750.0
1287047,2024,303500.0
1287047,2025,52000.0
1287047,2026,75100.0
1287104,2023,17400.0
1287106,2023,92550.0
1287106,2024,366600.0
1287106,2025,110300.0
1287106,2026,36000.0
1287142,2023,73000.0
1287142,2024,119500.0
1287142,2025,100000.0
1287142,2026,25000.0
1287294,2024,25000.0
1287294,2026,100000.0
1287461,2023,3555.66
1287461,2024,95766.19
1287461,2025,15564.48
1287461,2026,29032.97
1287571,2024,106959.19
1287571,2026,6913.2
1287702,2023,73000.0
1287702,2024,132750.0
1287702,2025,85900.0
1287702,2026,27900.0
1287722,2024,25000.0
1287750,2023,11400.0
1287752,2026,49250.0
1287768,2023,27679.23
1287768,2024,20026.8
1287768,2025,56822.0
1287768,2026,32108.83
1287770,2024,408250.0
1287770,2025,16647.5
1287770,2026,59200.0
1287816,2024,156800.0
1287816,2025,991800.0
1287846,2023,18545277.1
1287846,2024,36350048.83
1287846,2025,74368986.81
1287846,2026,28836047.51
1287962,2023,24800.0
1287962,2024,31450.0
1287998,2023,25100.0
1287998,2024,50200.0
1287998,2025,43000.0
1287998,2026,48000.0
1288067,2025,12500.0
1288228,2026,11000.0
1288296,2026,51800.0
1288302,2026,78400.0
1288303,2023,48000.0
1288303,2024,13500.0
1288303,2026,246650.0
1288316,2026,47000.0
1288398,2023,1500000.0
1288398,2024,10044547.5
1288398,2025,500000.0
1288494,2024,200000.0
1288619,2024,448907.15
1288619,2025,93308.74
1288619,2026,246837.95
1288633,2023,11707.18
1288633,2024,25990.98
1288633,2025,21958.54
1288633,2026,1411.8
1288723,2102,1250.0
1288862,2023,17905.98
1288862,2024,33910.61
1288904,2025,1500.0
1289733,2023,100000.0
1289733,2024,237203.5
1290146,2023,1552.2
1290146,2024,1930.99
1290201,2023,247019.51
1290201,2024,5913714.45
1290624,2023,50.0
1290624,2024,50.0
1290624,2025,50.0
1290973,2023,18323.69
1290973,2024,29386.34
1290973,2025,23739.34
1290973,2026,19322.96
1291449,2023,16631.67
1291449,2024,13253.68
1291449,2025,4627.56
1291449,2026,4086.92
1291535,2023,3106.0
1291535,2024,3961.0
1291535,2025,3794.5
1291535,2026,53111.0
1291777,2023,51093.31
1291923,2023,598499.81
1291923,2024,10701183.85
1291923,2025,5333158.34
1291923,2026,1983757.57
1291937,2023,750.0
1291937,2024,4750.0
1291937,2025,750.0
1291937,2026,3500.0
1292092,2023,42500.0
1292092,2024,17500.0
1292211,2023,14000.0
1292211,2024,14750.0
1292219,2024,10350.0
1292413,2023,61200.0
1292413,2024,342500.0
1292413,2025,554800.0
1292413,2026,85750.0
1292423,2023,462500.0
1292423,2024,301000.0
1292423,2025,284000.0
1292867,2026,179800.0
1292918,2023,150000.0
1292918,2024,370400.0
1292918,2026,31000.0
1293287,2023,10500.0
1293287,2024,60500.0
1293287,2025,25800.0
1293303,2025,19600.0
1293318,2023,18100.0
1293318,2024,7000.0
1293318,2025,1000000.0
1293318,2105,4200.0
1293438,2024,5200.0
1293438,2025,10500.0
1293525,2023,20000.0
1293525,2024,33500.0
1293525,2025,76000.0
1293525,2026,367500.0
1293530,2025,525100.0
1293530,2026,65002.0
1293543,2025,27500.0
1293550,2023,18245.0
1293550,2024,48310.0
1293550,2025,11496.43
1293550,2026,15724.9
1293555,2024,105004.0
1293555,2025,1015553.0
1293555,2026,505168.0
1293569,2023,412100.0
1293569,2024,384600.0
1293569,2025,264100.0
1293569,2026,258000.0
1293689,2026,39200.0
1293716,2023,191460.0
1293716,2024,311573.0
1293716,2025,267140.0
1293716,2026,104250.0
1293833,2023,12500.0
1293833,2024,10000.0
1293833,2025,18169.23
1293833,2026,2675.06
1293912,2023,60916.44
1293912,2024,44075.16
1293912,2025,3623768.1
1293912,2026,10280129.82
1293979,2023,91000.0
1293979,2024,777500.0
1293979,2025,74500.0
1293979,2026,85400.0
1293996,2023,16400.0
1293996,2024,29674.0
1294035,2023,214200.0
1294035,2024,187550.0
1294035,2025,72450.0
1294035,2026,48250.0
1294190,2023,48707.2
1294190,2024,463988.25
1294190,2025,82425.0
1294498,2023,148184.84
1294498,2024,161191.0
1294498,2025,1142468.37
1294498,2026,61563.96
1294628,2023,85725.0
1294628,2024,14507695.99
1294628,2025,1824070.0
1294628,2026,30630164.0
1295397,2023,25495.0
1295397,2024,16244.41
1295397,2025,11715.0
1295538,2023,50000.0
1295538,2024,42500.0
1295538,2025,36000.0
1295538,2026,29800.0
1295554,2023,119000.0
1295632,2024,35000.0
1295632,2026,80000.0
1295750,2023,178500.0
1295750,2024,600000.0
1295750,2025,250000.0
1295750,2026,1559000.0
1295768,2023,1076363.83
1295768,2024,4103225.65
1295768,2025,1220600.0
1295768,2026,1692000.0
1295851,2023,12500.0
1295851,2024,11100.0
1295851,2025,31800.0
1295851,2026,20000.0
1295920,2024,299000.0
1295920,2026,66900.0
1296196,2023,11746.0
1296196,2024,44801.0
1296196,2026,23000.0
1296236,2024,150000.0
1296318,2026,55900.0
1296365,2024,525000.0
1296433,2024,228639.42
1296462,2023,50000.0
1296462,2024,166850.0
1296492,2025,26500.0
1296500,2025,25000.0
1296531,2024,226500.0
1296784,2024,43700.0
1296889,2023,433307.84
1296889,2024,2525688.48
1296889,2025,2901714.89
1296889,2026,1534570.87
1296928,2023,37100.0
1296928,2024,60000.0
1296928,2026,56700.0
1296944,2024,64550.0
1296944,2025,10000.0
1296947,2023,277344.99
1296947,2024,3257465.47
1296947,2025,2289797.51
1296947,2026,1751150.0
1296948,2023,709867.0
1296948,2024,9525900.13
1296948,2025,944824.38
1296948,2026,2867472.8
1296994,2023,11054.5
1296994,2024,346358.73
1296994,2025,50745.52
1296994,2026,410939.0
1297678,2023,85500.0
1297678,2024,177500.0
1297678,2026,15900.0
1297706,2023,39000.0
1297706,2024,151965.0
1297706,2025,1773430.0
1297706,2026,331000.0
1297707,2023,1059428.83
1297707,2024,3238831.43
1297707,2025,670419.97
1297707,2026,1545819.68
1297708,2023,268192.63
1297708,2024,387917.2
1297708,2025,268188.0
1297708,2026,174528.88
1297793,2023,24297.68
1297793,2024,1321738.49
1297793,2025,19769.28
1297793,2026,3168.04
1298011,2023,79256.23
1298011,2024,21529.13
1298011,2025,14270.69
1298011,2026,26834.0
1298012,2023,106471.92
1298012,2024,243539.92
1298012,2025,136659.14
1298012,2026,147819.74
1298069,2023,236614.52
1298069,2024,598728.45
1298069,2025,364821.29
1298069,2026,385991.97
1298154,2023,185196.2
1298154,2024,483031.17
1298154,2025,233303.5
1298154,2026,132517.24
1298155,2024,335926.18
1298176,2023,727740.0
1298176,2024,1048590.66
1298176,2025,1306760.36
1298176,2026,367403.13
1298400,2026,860000.0
1298652,2024,1710000.0
1299236,2023,-26700.0
1299236,2024,146984.97
1299236,2025,82000.0
1299236,2026,107356.6
1299664,2023,15830.0
1299664,2024,32525.0
1299664,2025,11200.0
1299728,2024,17104.0
1299768,2024,41143.83
1299840,2023,572.51
1299840,2024,1686.2
1299869,2026,473000.0
1299869,2104,50750.0
1300663,2023,28943.45
1300663,2024,392987.95
1300663,2025,171132.3
1300663,2026,18541.3
1300694,2024,33549.0
1300752,2024,38548.7
1300930,2023,151345.96
1300930,2024,310893.85
1301846,2023,300000.0
1301846,2024,5041400.0
1301846,2025,1845250.0
1301846,2026,235000.0
1301934,2023,108080.0
1301934,2024,243120.0
1301934,2025,75083.0
1301934,2026,141722.0
1301979,2023,42781.7
1301979,2024,111226.98
1301979,2025,68377.7
1301979,2026,49400.0
1302084,2023,16500.0
1302084,2024,25500.0
1302084,2025,33000.0
1302084,2026,30000.0
1302106,2023,54435.0
1302106,2024,61736.0
1302106,2025,52840.0
1302106,2026,36254.5
1302173,2023,62912.5
1302173,2024,238340.06
1302173,2025,227530.5
1302173,2026,220666.79
1302234,2023,71000.0
1302234,2024,539000.0
1302234,2025,2000.0
1302234,2026,45000.0
1302384,2023,1180403.78
1302384,2024,4062294.62
1302384,2025,2606469.41
1302384,2026,3152001.02
1302403,2023,2936000.0
1302403,2024,2016500.0
1302403,2025,1650331.13
1302403,2026,514429.06
1302433,2023,801570.77
1302433,2024,11374032.84
1302433,2025,525305.58
1302433,2026,3084726.51
1302490,2023,170511.7
1302490,2024,148000.0
1302490,2025,44357.7
1302490,2026,324268.95
1302564,2023,38498.71
1302564,2024,392702.17
1302564,2025,64992.55
1302564,2026,45440.0
1302617,2024,11000.0
1302621,2026,31200.0
1302661,2024,1000000.0
1302661,2025,4717867.69
1302857,2024,21750.0
1302857,2025,16400.0
1302857,2026,49200.0
1303604,2025,200.0
1303748,2023,100000.0
1303833,2023,211100.0
1303833,2024,223122.08
1303833,2025,187100.0
1303833,2026,139062.01
1303884,2023,6601.46
1303884,2024,356.12
1303884,2025,1634.54
1303923,2023,50930.0
1303923,2024,7180.42
1303923,2025,5597.99
1303937,2023,140983.18
1303937,2024,334138.98
1303937,2025,171590.03
1303937,2026,141261.36
1304081,2023,49000.0
1304081,2024,65200.0
1304081,2025,41000.0
1304081,2026,41600.0
1304124,2023,24000.0
1304124,2024,18300.0
1304124,2025,18430.0
1304253,2023,3716.0
1304253,2024,329409.71
1304253,2025,3972.0
1304253,2026,58538.58
1305043,2023,33450.0
1305043,2024,57850.0
1305436,2023,80000.0
1305436,2024,92000.0
1305436,2025,102000.0
1305436,2026,44000.0
1306048,2023,51200.0
1306048,2024,159450.0
1306048,2025,47850.0
1306048,2026,42700.0
1306828,2025,500.0
1306971,2024,47000.0
1306971,2025,19000.0
1307188,2104,700.0
1307414,2028,15000.0
1307583,2024,234850.0
1307610,2023,145200.0
1307610,2024,60369.0
1307610,2025,82246.22
1307610,2026,66180.0
1307752,2025,4700.0
1307803,2024,2137650.0
1307803,2025,895000.0
1307803,2026,568025.0
1307878,2023,24000.0
1307878,2024,159000.0
1307878,2025,3000.0
1308176,2023,26503.56
1308176,2024,1288954.8
1308176,2025,84771.87
1308176,2026,49233.44
1308278,2023,116000.0
1308278,2024,130000.0
1308278,2025,144000.0
1308278,2026,60500.0
1308689,2024,46400.0
1309029,2023,1200.0
1309029,2024,1754.5
1309168,2023,10500.0
1309168,2024,40900.0
1309168,2025,22100.0
1309168,2026,1000.0
1309608,2024,16000.0
1309647,2023,13209.34
1309647,2024,54410.22
1309647,2025,6804.56
1309647,2026,56038.3
1310421,2023,6570.0
1310421,2024,507770.0
1310421,2025,508545.0
1310421,2026,510960.0
1311218,2023,16164.0
1311218,2024,392944.67
1311218,2025,33126.43
1311218,2026,654871.87
1311405,2023,66699.0
1311405,2024,87095.0
1311405,2025,87399.0
1311405,2026,60150.0
1311499,2023,218878.72
1311499,2024,192850.63
1311499,2025,135958.91
1311499,2026,143331.75
1311575,2023,39900.0
1311575,2024,212500.0
1311575,2025,106500.0
1311583,2023,19613.85
1311583,2024,13995.65
1311583,2025,50480.29
1311583,2026,39600.0
1311616,2023,2625.6
1311616,2024,173050.44
1311616,2025,7776.25
1311616,2026,332.75
1311653,2025,10000.0
1311775,2023,16728.35
1311775,2024,13370.83
1311775,2025,12325.99
1311775,2026,6280.92
1311929,2025,98895.0
1311960,2023,4489.8
1311960,2024,450000.0
1311960,2025,170000.0
1311960,2026,40000.0
1312152,2023,29808.18
1312400,2024,2605.66
1312649,2023,157100.0
1312649,2024,357151.87
1312649,2025,1524.0
1312725,2023,50.0
1312725,2025,50.0
1312725,2026,50.0
1312785,2023,21500.0
1312785,2024,54818.0
1312785,2025,100000.0
1312785,2026,500000.0
1312843,2023,50000.0
1312843,2025,50000.0
1312843,2028,5000.0
1312969,2023,36380.46
1312969,2024,18806.62
1312969,2025,18228.9
1312969,2026,12500.0
1312990,2024,193866.66
1312990,2025,40000.0
1312990,2026,59100.0
1313069,2023,29200.0
1313268,2024,20231.0
1313276,2023,15000.0
1313276,2024,155000.0
1313276,2025,50500.0
1313287,2023,48842.88
1313287,2024,73550.0
1313287,2025,50500.0
1313287,2026,18130.0
1313288,2023,18417.56
1313288,2024,29300.0
1313288,2025,17250.0
1313288,2026,11550.0
1313474,2023,173369.0
1313474,2024,590930.25
1313474,2025,238868.53
1313474,2026,155682.98
1313622,2023,45600.0
1313622,2024,63500.0
1313622,2025,161400.0
1313622,2026,8200000.0
1313780,2023,86450.0
1313780,2024,165800.0
1313780,2025,126600.0
1313780,2026,94800.0
1314447,2023,45685.8
1314447,2024,2290.11
1314447,2025,18156.23
1314447,2026,7267.24
1314625,2023,4416.79
1314625,2024,3679.93
1314625,2025,4845.76
1314625,2026,1912.87
1314709,2023,300200.0
1314709,2024,189000.0
1314709,2025,136500.0
1314709,2026,46000.0
1314816,2023,23698.0
1314816,2024,5576.5
1314816,2025,4658.0
1314816,2026,52338.0
1314979,2024,15000.0
1314979,2026,42800.0
1315009,2023,13300.0
1315009,2024,27640.0
1315009,2025,25300.0
1315160,2088,50000.0
1315170,2026,65000.0
1315186,2023,238565.45
1315186,2024,349999.0
1315186,2025,217250.0
1315186,2026,194750.65
1315207,2023,326188.0
1315207,2024,92500.0
1315207,2025,25934.5
1315220,2026,14800.0
1315272,2024,10000.0
1315273,2023,23500.0
1315393,2023,34900.0
1315393,2025,27300.0
1315443,2024,931838.07
1315443,2025,6351.92
1315499,2024,13500.0
1315512,2023,125000.0
1315512,2024,7914000.0
1315512,2025,1050000.0
1315568,2024,111000.0
1315593,2023,38831.51
1315593,2024,12946.69
1315593,2025,15674.75
1315593,2026,12037.09
1315601,2025,17800.0
1315601,2026,16200.0
1315730,2024,81000.0
1315752,2023,26150.0
1315752,2024,47650.0
1315752,2026,17500.0
1315755,2023,32400.0
1315755,2024,33500.0
1315755,2025,19500.0
1315755,2026,49600.0
1315818,2023,23920.0
1315818,2024,69548.0
1315923,2023,27500.0
1315923,2024,45000.0
1315923,2025,158500.0
1315923,2026,20900.0
1315969,2023,131324.19
1315969,2024,286339.74
1315969,2025,123882.18
1316022,2024,1900.0
1316146,2026,19950.0
1316497,2023,1103707.94
1316497,2024,2547227.0
1316497,2025,1778897.82
1316529,2023,1000.0
1317554,2024,537028.53
1317554,2025,15157.48
1317554,2026,1196.8
1317558,2023,-5040.0
1317558,2024,10000.0
1318171,2024,310000.0
1318171,2025,450000.0
1318200,2023,1423578.89
1318200,2024,2340965.0
1318200,2025,946245.0
1318200,2026,919200.0
1318235,2023,6100.0
1318235,2024,6300.0
1318235,2025,13000.0
1318235,2026,5500.0
1318339,2023,365733.26
1318339,2024,557532.98
1318339,2025,329999.8
1318339,2026,144699.9
1318539,2023,2122.0
1318539,2024,2908.5
1318539,2025,3183.19
1318731,2026,25000.0
1318753,2023,1002287.98
1318753,2024,1248000.0
1318753,2025,665625.0
1318753,2026,436950.0
1318775,2023,164735.72
1318775,2024,324101.45
1318775,2025,168496.4
1318775,2026,108218.31
1318897,2023,38214.3
1318897,2024,38389.94
1318897,2025,5544.2
1318916,2023,65000.0
1318916,2024,225000.0
1318916,2025,39200.0
1318916,2026,39200.0
1319072,2023,23515.62
1319072,2024,86956.3
1319072,2026,42660.0
1319084,2024,1100000.0
1319084,2025,19600.0
1319222,2023,1704.01
1319222,2024,2546.0
1319222,2025,1951.15
1319222,2026,656.0
1319508,2023,18600.0
1319710,2023,15600.0
1319710,2024,27800.0
1319719,2023,18600.0
1319719,2024,100325.0
1319719,2025,98800.0
1319719,2026,12800.0
1320762,2026,500000.0
1320771,2023,12100.0
1320771,2024,14600.0
1320771,2026,10000.0
1321501,2023,30000.0
1321501,2024,648229.56
1321515,2023,16309.66
1321515,2024,34273.66
1321515,2025,148463.34
1321589,2023,1750000.0
1321589,2024,53291515.0
1321589,2025,1530995.0
1321589,2026,1355580.0
1322105,2024,28340.0
1322105,2025,15895.0
1322318,2023,590426.93
1322318,2024,512792.9
1322318,2025,417839.01
1322318,2026,339851.0
1322828,2023,768.71
1322828,2024,621.23
1322828,2025,740.12
1322828,2026,289.41
1322961,2023,5744.07
1323063,2023,27050.0
1323063,2025,12000.0
1323065,2023,28512.15
1323065,2024,215735.03
1323921,2023,4167.7
1324562,2023,725.0
1324562,2024,12239.96
1324683,2023,185500.0
1324683,2024,253976.9
1324683,2025,47500.0
1324683,2026,48500.0
1324688,2024,10100.0
1324688,2026,42000.0
1325296,2024,11400.0
1325296,2026,42000.0
1325302,2023,153600.0
1325302,2024,114500.0
1325302,2025,270000.0
1325302,2026,69000.0
1325328,2024,9100.0
1325328,2025,18400.0
1325328,2026,14200.0
1325342,2023,36400.0
1325942,2023,256636.26
1325942,2024,751591.65
1325942,2025,2253860.5
1325942,2026,2676270.48
1326620,2023,555406.33
1326620,2024,2012638.68
1326620,2025,580883.69
1326620,2026,458598.3
1326747,2023,2310.44
1326747,2024,34167.78
1327049,2023,4067.5
1327049,2024,566569.79
1327049,2025,3490.74
1327049,2026,1723.99
1327112,2023,3050.0
1327112,2024,14000.0
1327112,2025,20050.0
1327112,2026,6200.0
1327265,2023,12086.03
1327561,2023,43900.0
1327561,2026,20700.0
1327658,2023,230000.0
1327658,2024,216000.0
1327658,2025,459100.0
1327658,2026,210000.0
1327676,2024,100000.0
1327680,2024,40500.0
1327682,2023,775.39
1327739,2023,18425.32
1327739,2024,43000.0
1327739,2025,37000.0
1327739,2026,15000.0
1327845,2023,61100.0
1327845,2024,113700.0
1327845,2025,110037.49
1327845,2026,15000.0
1328270,2023,21250.0
1328270,2024,51048.0
1328270,2025,138900.0
1328589,2026,39200.0
1328666,2023,268589.16
1328666,2024,5413974.75
1328666,2025,17550.14
1328666,2026,28649153.67
1328801,2023,10000.0
1328811,2026,78400.0
1328841,2023,96050.0
1328841,2024,799050.0
1328841,2025,92769.0
1328841,2026,210960.0
1328933,2023,14834.16
1328933,2024,998860.07
1328933,2025,249453.97
1328933,2026,229613.12
1329018,2024,25000.0
1329180,2023,6427465.4
1329180,2024,8165209.4
1329180,2025,2829069.0
1329180,2026,1401876.0
1329261,2024,129800.0
1329261,2025,21800.0
1329261,2026,34800.0
1329319,2024,17300.0
1329470,2023,67000.0
1329470,2024,65250.0
1329470,2025,82950.0
1329470,2026,36500.0
1329472,2023,10500.0
1329598,2023,15500.0
1329598,2024,20500.0
1329598,2025,15000.0
1329945,2023,91000.0
1329945,2026,39200.0
1330485,2023,1500000.0
1330485,2024,5001800.0
1330485,2025,500000.0
1330485,2026,4589117.51
1330525,2023,13600.0
1330559,2026,29000.0
1330561,2026,39200.0
1330664,2023,66900.0
1330902,2023,2880.62
1330902,2024,3446.19
1330902,2025,3331.44
1330902,2026,2099.03
1331005,2023,154039.12
1331005,2024,3224257.53
1331005,2025,443690.92
1331005,2026,63502.87
1331498,2023,13079809.22
1331498,2024,123320449.5
1331498,2025,26212093.8
1331498,2026,9157198.03
1331609,2023,1656.49
1331609,2024,18467.46
1331609,2025,1044.94
1331609,2026,483.96
1331740,2024,44579.01
1331816,2023,9000.0
1331816,2024,20600.0
1331816,2025,144700.0
1332143,2023,19600.0
1332143,2024,18000.0
1332143,2025,10000.0
1332220,2023,93300.0
1332220,2024,45000.0
1332220,2025,44110.0
1332220,2026,26150.0
1332307,2023,35263.27
1332307,2024,879775.46
1332307,2025,65951.34
1332378,2023,1510600.0
1332378,2024,1956000.0
1332378,2025,9777200.0
1332604,2024,0.0
1332604,2026,1250.0
1332660,2024,173.41
1332660,2025,60.0
1332810,2023,15400.0
1332810,2026,8900.0
1332968,2023,1298909.79
1332968,2024,1253629.85
1332968,2025,1607673.4
1332968,2026,599613.9
1333198,2023,243600.0
1333198,2024,1124500.0
1333198,2025,25585800.0
1333198,2026,5491600.0
1333219,2025,3000000.0
1333408,2023,50.0
1333408,2024,27050.0
1333408,2025,54600.0
1333408,2026,50.0
1333449,2024,50000.0
1333449,2025,500000.0
1333483,2023,887036.66
1333483,2024,1819360.56
1333483,2025,326736.72
1333483,2026,310750.0
1333488,2023,25000.0
1333507,2024,22000.0
1333514,2023,135700.0
1333514,2024,1758600.0
1333514,2025,41400.0
1333514,2026,154073.36
1333616,2024,108000.0
1333616,2026,2167217.3
1333683,2024,200000.0
1333719,2024,26111.0
1333867,2023,53764.12
1333867,2024,64568.79
1333867,2025,33514.09
1333867,2026,23545.12
1333918,2026,49200.0
1334068,2024,44500.0
1334289,2023,69000.0
1334289,2024,87600.0
1334289,2025,105000.0
1334427,2023,1308.0
1334557,2023,95349.77
1334557,2024,133700.0
1334557,2025,98416.0
1334557,2026,64500.0
1334559,2023,36500.0
1334559,2024,37557.33
1334559,2025,46800.0
1334559,2026,18250.0
1334574,2023,50000.0
1334574,2024,18500.0
1334574,2025,32000.0
1334940,2023,189400.0
1334940,2024,344500.0
1334940,2025,333600.0
1334940,2026,372900.0
1335312,2024,454887.06
1335312,2025,522615.22
1335662,2023,10000.0
1335662,2024,30000.0
1335662,2025,20000.0
1335662,2026,25000.0
1336054,2023,40650.0
1336054,2024,34850.0
1336054,2026,22525.0
1336059,2026,78400.0
1336328,2024,100000.0
1336525,2023,103300.0
1336525,2024,106150.0
1336525,2026,89200.0
1336563,2102,607.03
1336580,2024,206550.05
1336580,2025,7614.26
1336580,2026,10663.81
1336679,2023,74300.0
1336679,2024,34369.0
1336679,2025,22101.0
1336679,2026,38200.0
1336688,2023,23700.0
1336688,2024,93130.0
1336688,2025,14800.0
1336700,2023,14150.0
1336700,2024,47150.0
1336700,2025,10750.0
1336795,2023,126000.0
1336795,2024,289000.0
1336795,2025,1238510.25
1336795,2026,1951800.0
1336802,2026,15000.0
1337192,2023,24000.0
1337192,2024,22500.0
1337192,2025,17000.0
1337275,2024,26500.0
1337304,2026,10000.0
1337396,2023,218230.0
1337396,2024,259650.0
1337396,2025,216400.0
1337396,2026,511234.15
1337445,2023,614406.8
1337445,2024,2127576.0
1337445,2025,262641.0
1337445,2026,109789.0
1337625,2026,31425.12
1337629,2023,5000.0
1337629,2025,22500.0
1337629,2026,7527.31
1338355,2023,567700.0
1338355,2024,438600.0
1338355,2025,499300.0
1338355,2026,128500.0
1338362,2024,10810.85
1338455,2024,54418.83
1338455,2025,83641.0
1338455,2026,109742.5
1338487,2023,2044255.65
1338487,2024,1094774.55
1338487,2025,1432905.53
1338487,2026,1460094.95
1338828,2023,29846.7
1338828,2024,26132.26
1338828,2025,26712.53
1338828,2026,9781.75
1338994,2023,4574.0
1338994,2026,1000.0
1339123,2023,934316.17
1339123,2024,4344423.52
1339123,2025,864286.8
1339123,2026,1313580.52
1339406,2024,31500.0
1339406,2025,13500.0
1339406,2026,25000.0
1339424,2025,136800.0
1339424,2026,44000.0
1339627,2023,165461.65
1339627,2024,14766.5
1339627,2025,15852.95
1339627,2026,285247.08
1339836,2023,43540.56
1339836,2024,37812.3
1339836,2025,42770.3
1339836,2026,22709.15
1339959,2023,11700.0
1340000,2023,61682.49
1340048,2023,15999.0
1340076,2023,201236.79
1340076,2024,3027870.19
1340076,2025,1012604.49
1340076,2026,746342.12
1340101,2023,52200.0
1340101,2024,162132.37
1340101,2025,96281.71
1340101,2026,227553.11
1340182,2023,488.57
1340182,2024,82202.0
1340182,2025,105046.64
1340220,2024,16736.13
1340242,2023,36100.0
1340242,2024,35100.0
1340317,2023,979879.04
1340317,2024,3239447.07
1340317,2025,117503.7
1340395,2023,3250.0
1340395,2024,4000.0
1340395,2025,1500.0
1340395,2026,1000.0
1340742,2024,5629733.2
1340742,2025,18430.27
1340744,2025,1407.6
1340996,2023,800.0
1340996,2024,16636.21
1340996,2025,3000.0
1340996,2026,38000.0
1341552,2024,500.0
1342002,2023,35647.62
1342002,2024,11500.0
1342137,2024,507.88
1342160,2024,2849.72
1342212,2024,87000.0
1342288,2023,49600.0
1342288,2024,57817.18
1342288,2025,68124.0
1342288,2026,29500.0
1342714,2023,913198.11
1342714,2024,587218.0
1342714,2025,349368.41
1342714,2026,116943.63
1342861,2023,30651.69
1342861,2024,1447512.32
1342861,2025,82510.62
1342861,2026,146717.36
1342901,2023,6154.7
1342901,2024,8724.0
1342901,2025,7114.66
1342901,2026,2839.68
1343062,2023,36050.0
1343062,2024,50000.0
1343062,2025,60000.0
1343062,2026,15000.0
1343082,2023,29800.0
1343082,2024,30545.65
1343082,2025,72889.6
1343082,2026,26140.43
1343200,2023,388610.32
1343200,2024,1013001.56
1343200,2025,817841.52
1343200,2026,571419.79
1343340,2023,57898.4
1343340,2024,18427.7
1343340,2025,78357.28
1343340,2026,67715.48
1343619,2023,15834.76
1343629,2024,175000.0
1343637,2023,61118.17
1343637,2024,596451.11
1343637,2025,5000.0
1343640,2023,229341.2
1343640,2025,189355.19
1343640,2026,52776.14
1343655,2023,6100.0
1343655,2024,6100.0
1343655,2025,24900.0
1343655,2026,3700.0
1343721,2023,500.0
1343845,2023,50.0
1343845,2024,25000.0
1343845,2025,16000.0
1343845,2026,10000.0
1343919,2023,4053.43
1344050,2023,32954.68
1344050,2024,-3524.0
1344050,2025,24243.0
1344050,2026,8400.0
1344093,2024,6751495.01
1344093,2025,865004.99
1344093,2026,5010342.52
1344099,2102,5000.0
1344103,2023,20200.0
1344103,2024,18200.0
1344103,2026,39200.0
1344190,2023,2953.32
1344205,2024,10000.0
1344205,2025,33121.6
1344205,2026,160000.0
1344266,2024,24025.0
1344266,2025,47050.0
1344337,2023,31200.0
1344337,2024,29248.0
1344337,2025,20000.0
1344395,2023,10925.0
1344395,2024,17500.0
1344410,2025,164300.0
1344410,2026,10000.0
1344499,2023,2537800.0
1344499,2024,1163000.0
1344499,2025,899500.0
1344499,2026,1116500.0
1344506,2023,819800.0
1344506,2024,4129600.0
1344506,2025,1048220.94
1344506,2026,2349600.0
1344666,2025,29.94
1344875,2023,500.0
1344959,2023,49750.0
1345010,2023,39406.07
1345010,2024,317806.16
1345010,2025,31849.01
1345010,2026,61762.64
1345344,2023,30000.0
1345344,2024,400100.0
1345344,2025,400000.0
1345344,2026,175000.0
1345580,2023,7490.78
1345580,2024,7131.94
1345580,2025,7611.43
1345649,2023,6337.85
1345649,2024,106742.02
1345649,2025,14327.67
1345649,2026,64727.5
1346267,2023,70000.0
1346267,2024,295000.0
1346267,2025,240500.0
1346267,2026,156150.0
1346310,2102,5720.5
1346379,2023,2529.59
1346379,2024,84393.93
1346379,2025,4211.04
1346379,2026,1615.8
1346788,2023,18500.0
1346788,2024,47915.0
1346788,2025,7900.0
1346788,2026,17750.0
1346828,2023,9000.0
1346828,2024,67180.0
1346828,2025,3460.0
1346828,2026,1800.0
1346973,2023,13500.0
1346973,2024,110000.0
1346973,2025,16500.0
1346973,2026,9500.0
1347106,2023,529495.34
1347106,2024,288045.96
1347106,2025,267679.28
1347106,2026,282856.53
1347154,2023,90828.5
1347154,2024,897180.38
1347154,2025,7730.56
1347154,2026,164050.0
1347310,2023,25000.0
1347310,2024,518168.0
1347310,2025,45000.5
1347310,2026,65000.0
1347389,2023,15000.0
1347389,2024,13000.0
1347389,2025,86000.0
1347482,2023,21500.0
1347482,2024,15000.0
1347482,2025,30500.0
1347482,2026,26000.0
1347485,2023,9500.0
1347485,2025,11500.0
1347713,2023,5085.69
1347713,2024,2391.28
1347713,2025,873.95
1347713,2026,635.86
1347816,2026,674.18
1347831,2025,29300.0
1347850,2023,28596.97
1347850,2024,50321.67
1347850,2025,27236.01
1347850,2026,30312.51
1348165,2023,50.0
1348165,2024,4500.0
1348224,2026,14300.0
1348458,2023,61900.0
1348458,2024,72108.0
1348458,2025,53665.1
1348458,2026,36100.0
1348516,2026,11700.0
1348576,2026,45000.0
1348783,2024,101500.0
1348783,2025,25650.0
1348973,2023,23000.0
1348973,2024,24500.0
1348982,2023,302500.0
1348982,2024,14376370.0
1348982,2025,272207.0
1348982,2026,206240.0
1348995,2023,25393.25
1348995,2024,1240169.85
1348995,2025,6675.0
1348995,2026,665.0
1349036,2023,13777.75
1349036,2024,61753.16
1349036,2025,138724.65
1349036,2026,81980.04
1349152,2023,338600.0
1349152,2024,3321500.0
1349152,2025,415900.0
1349152,2026,375800.0
1349220,2023,2054.4
1349220,2024,1515.05
1349396,2023,67689.35
1349396,2024,90000.0
1349396,2025,36700.0
1349476,2024,9550.0
1349476,2025,69000.0
1349476,2026,37700.0
1349650,2023,73400.0
1349650,2024,185866.66
1349650,2025,190130.0
1349650,2026,69700.0
1349876,2023,25000.0
1349876,2024,55000.0
1349876,2025,53000.0
1350104,2024,25300.0
1350104,2025,29812.86
1350104,2026,13000.0
1350983,2023,24380.0
1350983,2024,36000.0
1350983,2025,12000.0
1350983,2026,14000.0
1351785,2023,36969.41
1351785,2024,463627.16
1351785,2025,13331.78
1351785,2026,52183.6
1352412,2026,1628400.0
1352436,2023,50.0
1352436,2024,193995.36
1352610,2024,236194.98
1352610,2025,157939.0
1352610,2026,66472.52
1352869,2023,9050.0
1352869,2025,24800.0
1352869,2026,5000.0
1352944,2023,43479.06
1352944,2024,53570.61
1352944,2025,31755.87
1352944,2026,112483.32
1352979,2025,14000.0
1352993,2024,71000.0
1352993,2025,201600.0
1352993,2026,185100.0
1353012,2023,14216.92
1353012,2025,127600.0
1353012,2026,156100.0
1353041,2023,51200.0
1353043,2023,112000.0
1353043,2024,103200.0
1353043,2025,53950.0
1353043,2026,554549.0
1353071,2023,16000.0
1353071,2024,30000.0
1353071,2025,31500.0
1353088,2023,22400.0
1353236,2024,16500.0
1353246,2023,362195.0
1353246,2025,137774.0
1353246,2026,173774.0
1353363,2025,35000.0
1353363,2026,75000.0
1353426,2023,743800.0
1353426,2024,1073744.0
1353459,2024,11000.0
1353745,2026,22000.0
1353866,2023,326681.7
1353866,2024,7276480.11
1353866,2025,845979.9
1353866,2026,3220553.55
1354363,2023,38700.0
1354363,2024,203490.0
1354363,2025,48000.0
1354363,2026,59650.0
1354708,2025,20800.0
1354708,2026,10000.0
1354842,2025,10000.0
1354895,2023,303350.0
1354895,2024,58599.0
1354895,2025,213009.0
1355041,2023,750000.0
1355041,2025,177300.0
1355050,2023,32258.98
1355050,2024,20146.85
1355050,2025,30198.17
1355052,2023,17648.38
1355052,2024,10477.34
1355052,2025,21942.59
1355053,2023,19036.53
1355053,2025,18681.19
1355057,2023,19965.14
1355057,2024,14445.48
1355057,2025,42847.68
1355057,2026,216170.79
1355060,2023,38031.55
1355060,2024,27517.2
1355060,2025,401854.22
1355060,2026,536879.22
1355061,2023,38410.48
1355061,2024,27791.16
1355061,2025,903584.21
1355061,2026,95189.7
1355106,2023,2400.0
1355106,2024,1400.0
1355106,2025,56758.45
1355225,2023,25200.0
1355225,2024,47000.0
1355225,2025,13700.0
1355225,2026,45400.0
1355277,2026,177400.0
1355280,2024,86337.5
1355319,2024,360700.0
1355576,2024,76610.0
1355646,2023,47650.0
1355646,2024,42000.0
1355646,2025,22500.0
1355646,2026,37000.0
1355726,2024,12192.0
1355736,2025,30000.0
1355761,2023,1808.11
1355761,2024,3858.74
1355761,2025,6880.84
1355761,2026,858.75
1355826,2023,6038000.79
1355826,2024,9058805.88
1355826,2026,11800.0
1355868,2023,5750.0
1355868,2024,2850.0
1355868,2025,1000.0
1355868,2026,16500.0
1355901,2024,30215.0
1355911,2026,200000.0
1356185,2023,638000.0
1356185,2024,926400.0
1356185,2025,733335.0
1356185,2026,630000.0
1356716,2023,500.0
1356716,2024,975.93
1356716,2025,500.0
1356720,2023,28500.0
1356720,2024,9000.0
1356720,2025,13550.0
1356720,2026,14700.0
1356872,2023,500.0
1356872,2024,2900.0
1356872,2025,20000.0
1357000,2023,6050.0
1357000,2024,67050.0
1357000,2025,6000.0
1357000,2026,37350.0
1357000,2301,1000.0
1357020,2026,16000.0
1357198,2023,62500.0
1357198,2024,63000.0
1357198,2025,65000.0
1357198,2026,30000.0
1357236,2023,50000.0
1357236,2024,37500.0
1357256,2023,2956874.84
1357256,2024,18315892.08
1357256,2025,13534689.29
1357256,2026,17228824.55
1357445,2023,5596.2
1357445,2024,90250.0
1357445,2025,17349.68
1357445,2026,28190.0
1357479,2023,1401000.0
1357479,2024,2139284.84
1357479,2025,1532010.72
1357479,2026,579000.0
1357548,2023,103128.57
1357548,2024,129733.23
1357548,2025,15388.29
1357548,2026,304.11
1357612,2023,48254.01
1357612,2024,26790.89
1357612,2025,19879.19
1357612,2026,5739.0
1357702,2023,50.0
1357702,2024,50.0
1357702,2025,50.0
1357897,2024,1000.0
1357909,2023,1082492.37
1357909,2024,1093782.23
1357909,2025,153160.42
1357909,2026,25816.58
1357990,2023,20500.0
1357990,2024,74000.0
1357990,2025,404800.0
1358052,2023,9060.0
1358052,2024,17000.0
1358095,2025,50.0
1358148,2023,157718.12
1358148,2024,1202571.61
1358148,2025,-26356.66
1358148,2026,161888.5
1358150,2023,823305.87
1358150,2024,2802644.17
1358150,2025,1473203.65
1358150,2026,1811658.99
1358163,2023,100080.0
1358163,2024,521145.9
1358163,2025,50.0
1358275,2024,2750.0
1358275,2025,660.0
1358486,2023,27384.75
1358486,2024,44038.84
1358486,2025,3437.5
1358486,2026,35458.74
1358703,2025,16000.0
1358723,2023,763400.0
1358723,2024,1451130.0
1358725,2023,100000.0
1358725,2024,325000.0
1358725,2025,160000.0
1358725,2026,5062035.26
1358788,2023,135892.98
1358788,2024,181366.0
1358788,2025,208513.0
1358788,2026,236340.24
1358790,2023,103348.25
1358790,2024,408480.54
1358790,2025,244355.0
1358790,2026,187070.0
1358860,2023,226991.08
1358860,2024,119823.57
1358860,2025,247081.16
1358860,2026,56069.72
1358999,2026,8564.02
1359146,2023,3833.57
1359146,2024,1483.14
1359146,2025,2296.47
1359146,2026,598.68
1359168,2023,16250.0
1359168,2024,24047.43
1359168,2025,17559.47
1359168,2026,10250.0
1359203,2023,10200.0
1359203,2024,255400.0
1359203,2026,13700.0
1359227,2023,3032.95
1359280,2024,1000.0
1359291,2024,75800.0
1359620,2023,69650.0
1359620,2024,126400.0
1359620,2025,38500.0
1359620,2026,40300.0
1359889,2026,25000.0
1360050,2023,657.49
1360050,2024,682.39
1360050,2025,588.34
1360050,2026,279.41
1360246,2025,827336.0
1360246,2026,17480.0
1360300,2024,4400.0
1360854,2023,53900.52
1360854,2024,380866.29
1360854,2025,104624.12
1360854,2026,32011.0
1361119,2024,123600.0
1361185,2023,8000.0
1361185,2024,41314.58
1361185,2025,40900.0
1361185,2026,35400.0
1361221,2023,25100.0
1361221,2024,30400.0
1361221,2025,36200.0
1361221,2026,21700.0
1361333,2023,59225.0
1361333,2024,113500.0
1361333,2025,21200.0
1361664,2023,18322.4
1361664,2024,29795.2
1361664,2025,20914.86
1361664,2026,3517.8
1362078,2104,13373.0
1362080,2023,100.0
1362080,2024,1284000.0
1362080,2025,262000.0
1362080,2026,1288648.62
1362280,2023,89060.0
1362280,2024,321748.63
1362280,2025,36649.0
1362471,2023,44500.0
1362471,2024,30000.0
1362471,2025,25000.0
1362471,2026,19500.0
1362802,2023,323367.22
1362802,2024,1190549.58
1362802,2025,34246.5
1362802,2026,369247.27
1362829,2026,78400.0
1362959,2023,10600.0
1362961,2023,23200.0
1363067,2023,212205.1
1363067,2024,548786.78
1363067,2025,633954.12
1363067,2026,159124.71
1363108,2023,700.0
1363108,2024,829.47
1363184,2025,91740.49
1363184,2026,58340.58
1363185,2023,12861.59
1363208,2026,10395.73
1363218,2023,1460425.49
1363218,2024,23099.04
1363218,2025,784207.83
1363218,2026,3042001.63
1363220,2025,42358.0
1363221,2023,81243.28
1363221,2024,94288.24
1363221,2025,559506.94
1363221,2026,28629.7
1363238,2024,39600.0
1363238,2025,159900.0
1363240,2025,12200.0
1363264,2023,5578.97
1363385,2024,13275.0
1363452,2026,46300.0
1363457,2023,43000.0
1363457,2025,75100.0
1363457,2026,22500.0
1363489,2023,44050.0
1363489,2024,44000.0
1363489,2025,1317.5
1363489,2026,12136.66
1363627,2023,71200.0
1363627,2024,12000.0
1363627,2025,15600.0
1363627,2026,6900.0
1363817,2023,46500.0
1363817,2024,28150.0
1363817,2025,17700.0
1363817,2026,13800.0
1363910,2024,7386.51
1363910,2025,50.0
1363932,2023,1304.75
1363932,2024,29696.0
1363932,2025,1385.8
1363932,2026,26486.92
1363940,2023,16475.0
1363940,2024,17100.0
1363940,2025,23180.0
1364145,2023,5892.36
1364315,2023,1700.44
1364315,2024,91461.88
1364315,2025,5888.18
1364315,2026,21761.91
1364345,2023,88000.0
1364552,2023,21200.0
1364552,2024,251800.0
1364552,2025,22150.0
1364572,2025,18200.0
1364573,2026,78400.0
1364677,2023,1960.0
1364677,2024,276.71
1364729,2023,172573.0
1364729,2024,113000.0
1364729,2025,25000.0
1364729,2026,29600.0
1364941,2023,90050.0
1364941,2024,66000.0
1364941,2025,186628.72
1364941,2026,24000.0
1365076,2024,27150.0
1365275,2023,1300346.07
1365275,2024,29189865.82
1365275,2025,1616495.78
1365275,2026,6329303.07
1365285,2023,15100.0
1365285,2024,25000.0
1365285,2025,22000.0
1365285,2026,44000.0
1365293,2025,50.0
1365388,2023,313338.1
1365388,2024,390290.17
1365388,2025,235896.18
1365388,2026,136756.02
1365391,2023,3322.4
1365391,2024,673.0
1365391,2025,1364.4
1365391,2026,668.6
1365578,2023,45198.46
1365578,2024,29115.92
1365672,2023,32850.0
1365806,2023,323496.78
1365806,2024,6553437.41
1365806,2025,308328.64
1365806,2026,4490953.89
1365960,2023,14100.0
1365960,2025,21100.0
1365960,2026,54900.0
1366030,2026,24999.0
1366134,2024,13500.0
1366134,2026,10737.56
1366190,2023,902.0
1366190,2024,162938.89
1366190,2025,277.2
1366190,2026,54565.15
1366346,2023,2000.0
1366346,2024,2000.0
1366346,2026,10000.0
1366459,2024,4240.0
1366482,2023,975.0
1366482,2024,1187.93
1366482,2025,1692.88
1366482,2026,2100.0
1366585,2025,19700.0
1366585,2026,10000.0
1367043,2023,50.0
1367043,2024,5763803.78
1367043,2026,1013932.36
1367122,2023,1050.0
1367122,2024,3550.0
1367122,2025,1050.0
1367122,2026,3000.0
1367190,2024,173853.88
1367190,2025,12933.06
1367190,2026,68925.33
1367204,2023,15000.0
1367205,2024,5000.0
1367247,2023,15000.0
1367247,2024,24000.0
1367247,2025,17000.0
1367247,2026,2000.0
1367275,2023,1932.75
1367540,2023,6675.0
1367548,2023,508228.35
1367548,2024,1690516.27
1367548,2025,2936039.62
1367548,2026,361696.31
1367550,2023,943380.2
1367550,2024,3116038.89
1367550,2025,785194.0
1367550,2026,4277653.45
1367567,2024,423.21
1367567,2025,5050.0
1367567,2026,20554.18
1367629,2024,161499.0
1367629,2026,999999.0
1367692,2023,72382.07
1367692,2024,16011.19
1367692,2025,34899.66
1367692,2026,93960.72
1367728,2023,18000.0
1367728,2024,8500.0
1367728,2025,18000.0
1367976,2024,20000.0
1368508,2025,20000000.0
1368509,2023,13400.0
1368627,2023,2280.0
1368627,2024,11493.5
1368627,2025,1731.58
1368627,2026,17759.6
1368629,2023,950.0
1368629,2024,1839.75
1368629,2025,1915.4
1368629,2026,679.0
1368810,2025,10000.0
1369153,2023,1315700.0
1369153,2024,2419450.0
1369153,2025,55000.0
1369153,2026,250000.0
1369405,2023,11500.0
1369405,2024,28350.0
1369405,2025,15100.0
1369421,2024,17000.0
1369421,2026,1500.0
1369703,2023,7950.0
1369703,2024,145950.0
1369703,2025,102050.0
1369703,2026,8850.0
1370010,2023,22650.0
1370010,2024,36816.09
1370010,2025,16773.87
1370010,2026,28220.6
1370121,2023,21700.0
1370121,2024,9000.0
1370549,2025,14050.0
1370717,2023,2800.0
1370717,2024,4550.0
1370717,2025,7250.0
1370717,2026,5250.0
1370912,2026,757000.0
1371200,2023,144920.0
1371200,2024,84210.0
1371200,2025,77480.0
1371200,2026,29380.0
1371227,2023,72945.34
1371227,2024,56911.4
1371227,2025,44139.47
1371227,2026,16103.02
1371373,2024,60000.0
1371425,2024,236448.03
1371425,2026,5570.89
1371448,2023,23170.0
1371448,2024,115324.23
1371734,2023,82924.0
1371734,2024,54524.0
1371734,2025,425225.0
1371734,2026,25000.0
1371750,2023,3000.0
1371844,2023,55000.0
1371844,2024,51500.0
1371844,2025,14400.0
1372011,2024,1549192.0
1372011,2026,125700.0
1372016,2024,21500.0
1372016,2025,25300.0
1372016,2026,1000000.0
1372108,2026,13000.0
1372115,2024,1133700.0
1372115,2025,30000.0
1372134,2025,25000.0
1372272,2024,2500.0
1372272,2025,1500.0
1372356,2023,363101.11
1372356,2024,40097.74
1372442,2025,150000.0
1372543,2023,35300.0
1372543,2024,34200.0
1372543,2025,50800.0
1372543,2026,17200.0
1372544,2025,45000.0
1372544,2026,19400.0
1372593,2023,25798.98
1372593,2024,32500.0
1372593,2025,271700.0
1372611,2024,1500000.0
1372632,2024,1025000.0
1372633,2026,39200.0
1372681,2023,2821294.88
1372681,2024,45684.08
1372681,2025,2118202.02
1372681,2026,304036.44
1372744,2023,32500.0
1372744,2024,15000.0
1372803,2023,33000.0
1372824,2023,14644.02
1372824,2024,46861.49
1372824,2025,26205.9
1372824,2026,13415.95
1372848,2023,75250.0
1372848,2024,198400.0
1372848,2025,91250.0
1372848,2026,50.0
1372849,2025,125000.0
1372849,2026,100000.0
1372852,2025,25000.0
1372867,2026,10000.0
1372919,2024,25000.0
1372919,2025,20000.0
1372990,2024,49200.0
1372990,2025,31900.0
1373047,2023,242535.0
1373047,2025,30000.0
1373047,2026,22391094.51
1373053,2024,94935.86
1373085,2024,5000.0
1373085,2026,10000.0
1373087,2024,61500.0
1373100,2024,244000.0
1373100,2025,7000.0
1373100,2026,20500.0
1373142,2026,6000.0
1373143,2023,36900.0
1373143,2025,31400.0
1373143,2026,39200.0
1373175,2023,50248.0
1373176,2024,11000.0
1373176,2025,5900.0
1373176,2026,10000.0
1373178,2025,39400.0
1373178,2026,29400.0
1373187,2023,1140500.0
1373187,2025,755000.0
1373194,2025,21100.0
1373227,2023,27430.0
1373227,2024,21737.97
1373227,2025,15118.0
1373234,2023,101500.0
1373234,2024,140500.0
1373234,2025,104000.0
1373234,2026,73000.0
1373273,2024,2261234.74
1373273,2025,7000000.0
1373273,2026,10500000.0
1373317,2025,300000.0
1373370,2024,133149.0
1373383,2025,42000.0
1373474,2023,1237.69
1373474,2024,3116.36
1373474,2025,562.55
1373827,2023,49787.11
1373827,2024,37829.28
1373827,2025,10325.0
1373875,2023,4270.84
1373875,2024,13202.29
1373875,2025,3664.5
1373875,2026,154466.19
1374474,2023,212532.7
1374474,2024,109214.39
1374474,2025,248343.14
1374474,2026,48704.66
1374488,2023,25784.27
1374496,2023,21309.42
1374496,2024,104991.27
1374496,2025,6620.0
1374496,2026,94195.47
1374847,2023,272675.98
1374883,2025,60000.0
1374979,2023,30810.0
1374979,2024,33310.0
1374979,2026,12500.0
1374983,2023,744033.76
1374983,2024,1132419.7
1374983,2025,518789.76
1374983,2026,3246964.19
1375448,2023,194188.88
1375448,2024,456813.6
1375448,2025,140400.0
1375448,2026,151700.0
1376015,2023,481500.0
1376015,2024,3730500.0
1376015,2025,2699766.08
1376015,2026,1772200.0
1376077,2023,1159.4
1376077,2024,2443.55
1376404,2024,33000.0
1376404,2025,29300.0
1376502,2023,52950.54
1376502,2024,46729.22
1376502,2025,19787.64
1376598,2023,500000.0
1376693,2023,269964.95
1376693,2024,13772997.55
1376693,2025,125470.89
1376693,2026,7190930.47
1376748,2023,6026.0
1376748,2024,12100.0
1376748,2025,4050.0
1376748,2026,8810.0
1376825,2025,31500.0
1377164,2023,127384.32
1377164,2024,2842244.51
1377164,2025,3708638.12
1377164,2026,1390605.52
1377313,2023,6050.0
1377313,2024,3000.0
1377313,2025,7000.0
1377313,2026,5000.0
1377468,2105,139.78
1377491,2023,61285.26
1377491,2024,195444.64
1377491,2025,37802.44
1377491,2026,47216.15
1377501,2023,36100.0
1377501,2024,25600.0
1377585,2023,1203894.42
1377585,2024,1749077.81
1377585,2025,2104196.57
1377585,2026,549204.1
1377592,2023,5113853.12
1377592,2024,5093852.01
1377592,2025,4432668.09
1377592,2026,2407283.49
1377768,2024,50000.0
1377834,2023,14000.0
1377974,2024,68550.0
1377991,2023,5556.83
1377991,2024,4440.65
1377991,2025,5753.19
1377991,2026,2315.75
1378257,2023,18625.0
1378257,2024,10000.0
1378257,2025,58144.33
1378363,2023,2050.0
1378363,2024,19548.0
1378363,2025,6100.0
1378363,2026,8000.0
1378400,2023,837178.69
1378400,2024,1421830.7
1378400,2025,1030229.68
1378400,2026,779185.92
1378607,2023,56500.0
1378607,2024,43850.0
1378607,2025,55400.0
1378607,2026,60100.0
1378636,2024,8900.0
1378636,2025,500.0
1378636,2026,1500.0
1378703,2024,0.0
1378752,2026,42000.0
1378816,2023,13781.0
1378816,2024,57733.0
1378916,2023,147900.0
1378916,2024,417200.0
1378916,2025,190400.0
1378916,2026,262700.0
1378919,2023,10000.0
1379116,2025,29750.0
1379150,2023,167799.0
1379150,2024,324164.02
1379150,2025,253801.08
1379150,2026,36199.02
1379198,2023,479444.5
1379198,2024,597154.5
1379198,2025,341637.5
1379198,2026,166605.0
1379388,2026,50078.3
1379451,2023,1000.0
1379546,2023,2266.04
1379546,2024,532972.72
1379546,2025,2706.94
1379546,2026,357.26
1379593,2023,4464.92
1379593,2024,507398.42
1379593,2025,5493.57
1379593,2026,2626.15
1379624,2023,7000.0
1379624,2024,377412.4
1379624,2025,18924.4
1379624,2026,102460.0
1379624,2028,500.0
1379905,2026,2500.0
1380305,2024,1300.0
1380443,2023,57549.0
1380443,2024,116000.0
1380443,2025,102850.0
1380443,2026,95200.0
1380598,2023,25400.0
1380598,2024,32071.0
1380675,2023,3606910.15
1380675,2024,89035693.08
1380675,2025,38533533.58
1380749,2023,18500.0
1380749,2024,18999.0
1380749,2025,23176.98
1380749,2026,10000.0
1380749,2108,1000.0
1380781,2023,989318.0
1380781,2024,1176690.0
1380781,2025,2032800.0
1380781,2026,614550.0
1380826,2023,12500.0
1381029,2023,8439.5
1381029,2024,8808.5
1381029,2025,60765085.04
1381029,2026,150521.59
1381038,2026,10000.0
1381043,2024,100.0
1381043,2025,50.0
1381381,2024,10075.72
1381429,2026,100000.0
1381602,2024,136500.0
1381602,2025,170000.0
1381602,2026,85000.0
1381619,2023,31250.0
1381619,2024,124000.0
1381619,2026,601200.0
1381806,2024,3013083.26
1382045,2024,157500.0
1382047,2024,125000.0
1382156,2023,2284.47
1382156,2024,31383.08
1382156,2025,2891.35
1382156,2026,10534.35
1382172,2023,21000.0
1382172,2024,30500.0
1382172,2026,53400.0
1382240,2023,10214.63
1382264,2024,26500.0
1382264,2025,13400.0
1382264,2026,10900.0
1382292,2023,107400.0
1382292,2024,99600.0
1382292,2025,115600.0
1382292,2026,92000.0
1383106,2024,25000.0
1383106,2025,20000.0
1383218,2023,175004.34
1383218,2024,328623.86
1383218,2025,52227.11
1383218,2026,147186.21
1383238,2023,1700.0
1383238,2024,1600.0
1383238,2025,3200.0
1383238,2026,800.0
1383298,2023,79450.0
1383298,2024,459650.0
1383298,2025,11550.0
1383323,2023,3933.9
1383323,2024,3637.0
1383323,2025,1067.2
1383386,2023,46220.05
1383386,2024,226684.14
1383386,2025,2007.0
1383620,2023,17116.36
1383797,2023,55900.0
1383797,2024,76500.0
1383797,2025,12300.0
1383797,2026,78400.0
1383855,2023,32739.55
1383984,2023,1491950.0
1383984,2024,234075.0
1383984,2025,19700.0
1383984,2026,3560000.0
1384269,2023,12227.99
1384269,2024,23913.35
1384269,2025,13159.54
1384269,2026,7036.52
1384298,2023,2000.0
1384426,2023,12165.14
1384538,2025,1032.17
1384541,2023,211700.0
1384541,2024,1647300.0
1384541,2025,412750.0
1384541,2026,1274300.0
1384591,2024,8136294.0
1384591,2025,362154.0
1384599,2023,125556.91
1384599,2024,231706.24
1384599,2025,144013.25
1384599,2026,201706.08
1384615,2025,28900.0
1384615,2026,42200.0
1384636,2023,70000.0
1384636,2024,70000.0
1384636,2025,85000.0
1384636,2026,10000.0
1384674,2025,9.36
1384902,2023,50950.11
1384902,2024,319076.71
1384902,2025,25904.92
1384902,2026,164094.52
1384904,2024,1027760.46
1384904,2025,3795.56
1384904,2026,1206.08
1384962,2023,5500.0
1384962,2026,38900.0
1384976,2023,2355.45
1384976,2024,2817.45
1384976,2025,5820.47
1384976,2026,318968.49
1385108,2023,11065.16
1385108,2024,26227.54
1385108,2025,100687.04
1385379,2024,275.0
1385421,2023,10000.0
1385421,2024,286459.84
1385421,2025,34856.25
1385421,2026,53609.34
1385423,2025,500000.0
1385424,2024,115000.0
1385462,2023,384623.35
1385462,2024,623723.63
1385462,2025,793065.23
1385462,2026,521461.12
1385557,2023,29908.55
1385557,2024,4300.0
1385557,2025,21810.0
1385557,2026,920.0
1385574,2023,27500.0
1385574,2024,24000.0
1385574,2025,17300.0
1385574,2026,24000.0
1385674,2023,8800.0
1385674,2024,7000.0
1385674,2025,5000.0
1385724,2026,12000.0
1385740,2023,1900.0
1385740,2024,12298.0
1385740,2025,2550.0
1385740,2026,1600.0
1385796,2023,7630.94
1385796,2024,7638.15
1385796,2025,24679.39
1385796,2026,19156.1
1385799,2023,4128.0
1385799,2024,1676.0
1385799,2025,2038.0
1385799,2026,1838.0
1385903,2023,6482.02
1385907,2024,36400.0
1385907,2026,39200.0
1386035,2024,66000.0
1386142,2024,6500.0
1386142,2026,1000.0
1386173,2023,79496.92
1386173,2024,32690.22
1386173,2025,20895.52
1386173,2026,25373.6
1386357,2023,711179.42
1386357,2024,700901.39
1386357,2025,536212.94
1386357,2026,932553.07
1386372,2023,96395.64
1386372,2024,133235.0
1386372,2025,109000.0
1386372,2026,52700.0
1386706,2023,550.0
1386706,2024,350.0
1386706,2025,175.0
1387099,2025,10000.0
1387099,2026,10000.0
1387303,2023,167133.82
1387303,2024,3230148.99
1387303,2025,1450.86
1387303,2026,305154.0
1387404,2023,358300.0
1387404,2024,144800.0
1387404,2025,132500.0
1387404,2026,217500.0
1387487,2024,289500.0
1387487,2025,744100.0
1387487,2026,208500.0
1387550,2023,504.2
1387550,2024,577.13
1387550,2026,2437.29
1387690,2024,55000.0
1387754,2025,39200.0
1387772,2024,16737749.01
1387772,2025,968665.97
1387772,2026,285220.31
1387815,2023,33950.0
1387815,2024,27900.0
1387815,2025,38299.0
1387820,2024,1467000.0
1388020,2023,29282.17
1388020,2024,9471.47
1388166,2023,50.0
1388166,2025,162553.2
1388166,2026,53565.29
1388227,2023,15000.0
1388235,2024,1897500.0
1388518,2024,546964.0
1388537,2023,34090492.0
1388537,2024,572384931.67
1388537,2025,1795524.55
1388537,2026,100899.62
1388636,2023,30000.0
1388636,2024,89000.0
1389783,2023,25000.0
1389783,2024,126100.0
1389783,2025,104300.0
1389783,2026,82500.0
1389811,2023,450.0
1389811,2024,469.27
1389817,2023,10465.7
1389817,2024,16233.91
1389817,2025,15613.94
1389817,2026,5407.2
1389989,2023,333.2
1390036,2026,39200.0
1390067,2023,11000.0
1390213,2026,10000.0
1390351,2023,30641.5
1390351,2024,2121793.08
1390351,2025,316007.88
1390351,2026,1120677.44
1390577,2023,75500.0
1390577,2024,60500.0
1390577,2025,72100.0
1390577,2026,56000.0
1390584,2023,451836.96
1390584,2024,178894.0
1390584,2026,17486.3
1390585,2023,12749.37
1390585,2024,11568.85
1390585,2025,7630.57
1390674,2024,102400.0
1390695,2023,62812.64
1390695,2024,270825.03
1390695,2025,83181.09
1390695,2026,136745.86
1390720,2023,43350.0
1390720,2024,60573.91
1390720,2025,85708.65
1390720,2026,47145.0
1391049,2024,3079986.0
1391049,2026,500000.0
1391310,2023,1161.05
1391310,2024,3179.13
1391310,2025,11084.85
1391310,2026,516.95
1391314,2024,28530.0
1391314,2025,20900.0
1391643,2024,7000000.0
1391694,2023,24600.0
1391694,2024,109400.0
1391694,2026,23600.0
1391818,2024,15388.8
1391818,2025,14774.0
1391818,2026,10749.0
1391886,2023,55234.61
1391886,2024,145000.0
1391886,2025,91400.0
1391919,2023,59968.32
1391919,2024,50850.0
1391919,2026,15300.0
1391989,2024,100000.0
1391989,2025,112800.0
1391989,2026,10000.0
1392048,2024,20800.0
1392104,2024,42868.37
1392108,2023,209100.0
1392108,2024,48000.0
1392108,2025,124250.0
1392108,2026,164200.0
1392154,2023,217000.0
1392154,2024,164800.0
1392154,2025,232700.0
1392154,2026,168500.0
1392191,2023,70500.0
1392191,2024,156000.0
1392191,2025,534700.0
1392191,2026,18500.0
1392232,2025,3441.93
1392301,2023,47000.0
1392301,2025,51642.5
1392321,2025,25000.0
1392347,2023,259794.24
1392347,2024,489332.0
1392347,2025,162066.0
1392347,2026,244000.0
1392357,2024,8000.0
1392359,2023,719014.22
1392393,2024,297844.0
1392393,2025,2348500.0
1392393,2026,250250.0
1392397,2023,77301.46
1392397,2024,33918.66
1392397,2025,6626.34
1392397,2026,4509.44
1392550,2024,40697.0
1392639,2023,378292.01
1392639,2024,372085.41
1392639,2025,49002.5
1392639,2026,196167.72
1392733,2023,5118.2
1392776,2026,377500.0
1392802,2025,13257.0
1392838,2024,16168.0
1392838,2025,336.0
1392838,2026,168.0
1392849,2023,581707.23
1392849,2024,474711.89
1392849,2025,70193.86
1392918,2024,25000.0
1393007,2023,38600.0
1393007,2024,98700.0
1393007,2025,38950.0
1393007,2026,199400.0
1393189,2023,690739.73
1393189,2024,540072.94
1393314,2023,4097.46
1393501,2023,42867.24
1393501,2024,65239.3
1393501,2025,10821.92
1393529,2023,61000.0
1393529,2024,75000.0
1393529,2025,19600.0
1393529,2026,39200.0
1393536,2025,19600.0
1393536,2026,39200.0
1393544,2025,25000.0
1393574,2023,505637.0
1393574,2024,537200.0
1393594,2026,25000.0
1393610,2023,5667.99
1393628,2024,37400.0
1393628,2025,14300.0
1393635,2025,14138.82
1393636,2025,37193.45
1393636,2026,22757.06
1393643,2024,77300.0
1393681,2024,40000.0
1393753,2024,30820.0
1393753,2026,38620.0
1393762,2024,20000.0
1393762,2025,30000.0
1393762,2026,37187.5
1393833,2023,7022301.53
1393833,2024,61773142.46
1393833,2025,16273758.73
1393833,2026,67306574.3
1393876,2023,2500.0
1393877,2024,16400.0
1393877,2025,10000.0
1393877,2026,20700.0
1393903,2023,40000.0
1393903,2024,53000.0
1393936,2023,57000.0
1393936,2024,127000.0
1393936,2025,37380.0
1393944,2023,12919.32
1393946,2023,253464.7
1393946,2024,362666.0
1393946,2025,109700.0
1393946,2026,390865.02
1394100,2023,888.0
1394102,2023,1908.72
1394102,2024,881.16
1394102,2025,5596.24
1394138,2024,10940.5
1394187,2024,100000.0
1394302,2023,33350.0
1394302,2024,74450.0
1394847,2024,228915.95
1394847,2026,34959.0
1394852,2023,255000.0
1394852,2024,275000.0
1394852,2026,100000.0
1394868,2025,12134.9
1395202,2024,56600.0
1395202,2025,12300.0
1395216,2023,524.44
1395333,2023,149400.0
1395333,2026,19600.0
1395417,2023,187720.0
1395417,2024,254790.0
1395417,2025,387650.0
1395417,2026,57564.6
1395555,2023,1116696.0
1395555,2024,4863950.0
1395555,2025,63807.0
1395555,2026,552100.0
1395655,2023,24274.0
1395655,2024,42000.0
1395655,2025,80400.0
1395697,2025,125000.0
1395707,2026,50000.0
1395895,2023,2158.61
1395895,2024,28487.06
1395895,2025,18630.66
1395895,2026,1420.13
1395898,2023,15258.14
1395898,2024,11586.08
1395898,2025,3527.64
1395898,2026,1819.2
1395989,2023,50000.0
1395989,2024,150000.0
1396056,2023,1322.23
1396056,2024,16149.5
1396056,2026,20349.0
1396270,2023,21335.31
1396270,2024,62362.48
1396332,2023,3168.8
1396332,2024,2872.68
1396332,2025,5894.38
1396343,2023,32500.0
1396343,2024,3273.87
1396477,2023,3839.04
1396477,2024,15777.92
1396477,2025,350.0
1396544,2023,574.7
1396617,2023,50.0
1396617,2024,10050.0
1396617,2025,341.78
1396617,2026,50.0
1396710,2023,6501.07
1396710,2024,28210.0
1396710,2025,36381.79
1396710,2026,12812.98
1396899,2023,1000800.0
1396899,2024,813050.0
1396899,2025,730040.0
1396899,2026,674008.98
1397131,2023,800.0
1397131,2024,4998.88
1397131,2025,5657.55
1397317,2024,85200.0
1397484,2025,21600.0
1397484,2026,39200.0
1397533,2023,1348.55
1397533,2024,98025.0
1397533,2025,1670.0
1397533,2026,820.0
1397577,2023,36400.0
1397578,2023,36400.0
1397645,2023,13250.0
1397692,2023,47681.45
1397736,2024,213484.02
1397736,2025,2700.0
1397793,2024,72800.0
1397797,2023,427600.0
1397797,2024,589600.0
1397797,2025,427300.0
1397797,2026,280300.0
1397798,2024,69200.0
1397798,2026,17700.0
1397800,2023,25000.0
1397800,2024,50000.0
1397800,2026,40000.0
1397816,2023,5500.0
1397816,2024,7000.0
1397816,2025,1000.0
1397816,2026,1500.0
1397858,2023,41500.0
1397858,2024,60000.0
1397858,2025,5000.0
1397858,2026,11344.8
1397991,2025,10500.0
1398107,2023,1055834.58
1398107,2024,1761641.62
1398107,2025,424827.83
1398107,2026,1450831.63
1398145,2023,550.0
1398145,2024,7550.0
1398195,2023,17500.0
1398195,2024,17823.51
1398195,2025,55652.52
1398219,2024,70054.2
1398219,2025,96732.72
1398230,2024,1410000.0
1398274,2023,2000.0
1398283,2023,19055.1
1398283,2024,20198.44
1398283,2025,53451.33
1398311,2023,13860.0
1398311,2024,4000.0
1398376,2023,62981.52
1398376,2024,74219.84
1398376,2025,65813.65
1398376,2026,44584.88
1398390,2023,8000.0
1398390,2024,75479.0
1398390,2025,36000.0
1398390,2026,29600.0
1398432,2023,264024.4
1398432,2024,355850.0
1398432,2025,3000.0
1398432,2026,17700.0
1398546,2024,43409.2
1398546,2026,11198.0
1398643,2026,80800.0
1398701,2023,16500.0
1398758,2025,514150.25
1398836,2026,20000.0
1398863,2023,29919.07
1398863,2024,30915.28
1398863,2025,12105.09
1398863,2026,19212.94
1398934,2023,11605.57
1398934,2024,8032.82
1398934,2025,77869.55
1398934,2026,62644.5
1399166,2023,3300.0
1399166,2024,24800.0
1399166,2025,6500.0
1399166,2026,9400.0
1399192,2023,32768.43
1399192,2024,3491868.86
1399192,2025,207760.98
1399192,2026,339119.19
1399240,2024,93106.08
1399305,2024,127100.0
1399305,2025,23400.0
1399352,2023,2780.7
1399352,2024,4078.32
1399352,2025,3992.95
1399352,2026,2580.25
1399379,2023,143772.41
1399379,2024,24287.59
1399490,2023,25000.0
1399520,2023,18500.0
1399520,2024,35000.0
1399520,2025,47300.0
1399520,2026,31299.0
1399598,2023,7500.0
1399598,2024,12000.0
1399704,2025,3000.0
1399719,2024,35090.0
1399719,2026,6100.0
1399768,2023,9500.0
1399768,2024,49500.0
1399768,2025,3400.0
1399768,2026,6000.0
1399792,2023,250.0
1399792,2024,2725.0
1399920,2024,949443.63
1399946,2023,116.5
1399946,2024,164.2
1399946,2025,3.05
1400117,2023,7500.0
1400117,2024,30000.0
1400117,2025,68495.5
1400117,2026,36500.0
1400160,2202,1000.0
1400190,2023,5236.42
1400190,2024,33282101.75
1400190,2025,4042063.64
1400190,2026,4291872.54
1400218,2023,250.0
1400218,2024,116.24
1400248,2023,151.13
1400377,2023,15716.74
1400475,2023,17260.0
1400475,2024,55050.0
1400475,2025,6400.0
1400475,2026,2000.0
1400643,2024,250.0
1400725,2026,105200.0
1400726,2024,32500.0
1400797,2024,30000.0
1400908,2024,641200.0
1400908,2026,120000.0
1400937,2023,12432.25
1400937,2024,14678.78
1400937,2025,8392.47
1400937,2026,3915.89
1400999,2024,113500.0
1401011,2023,19556.0
1401011,2024,17260.0
1401011,2025,23200.0
1401024,2023,152424.67
1401024,2024,534375.0
1401119,2023,2200.0
1401119,2025,100000.0
1401119,2026,4286212.61
1401320,2024,23000.0
1401340,2023,50.0
1401346,2023,105422.82
1401346,2024,479953.19
1401346,2025,166066.12
1401346,2026,555919.58
1401350,2024,46796.08
1401395,2025,39200.0
1401423,2023,4895.0
1401532,2025,79900.0
1401532,2026,307800.0
1401599,2023,1326000.0
1401599,2024,400000.0
1401599,2025,1482400.0
1401599,2026,243400.0
1401700,2023,129700.0
1401700,2024,138500.0
1401700,2026,20000.0
1401743,2025,12500.0
1401744,2023,115289.62
1401744,2024,56624.89
1401744,2025,59544.55
1401744,2026,14600.0
1401832,2023,1120302.2
1401832,2024,701294.94
1401832,2025,778538.47
1401832,2026,373702.98
1402294,2023,125.0
1402294,2024,125.0
1402294,2025,266.24
1402592,2023,11425.83
1402605,2023,1510.0
1402605,2024,3850.0
1402605,2025,2500.0
1402605,2026,1997.0
1402766,2023,11550.0
1402766,2024,30000.0
1402766,2025,16500.0
1402766,2026,2000.0
1402811,2024,5000.0
1402811,2026,6000.0
1402911,2025,278211.84
1402994,2023,3801.68
1402994,2024,44703.34
1402994,2025,3193.23
1402994,2026,15001.2
1403112,2023,38500.0
1403112,2024,53000.0
1403112,2025,25998.0
1403112,2026,27500.0
1403137,2023,2450.05
1403137,2024,1583.92
1403137,2025,4797.59
1403137,2026,2528.5
1403139,2023,2800.0
1403178,2023,264345.73
1403178,2024,1581.6
1403179,2023,57000.0
1403179,2024,71750.0
1403184,2023,27000.0
1403186,2026,39200.0
1403257,2023,46377.12
1403257,2024,111395.66
1403257,2025,86844.5
1403257,2026,1849.0
1403452,2024,900.0
1403452,2025,450.0
1403644,2023,126000.0
1403644,2024,51500.0
1403644,2025,149500.0
1403644,2026,56600.0
1403985,2026,1000000.0
1403986,2024,21600.0
1403986,2026,35800.0
1404097,2023,4835.12
1404097,2024,7514.85
1404097,2025,2128.77
1404097,2026,240775.64
1404127,2023,130963.54
1404127,2024,62850.6
1404127,2025,476820.99
1404127,2026,2500.0
1404255,2024,35000.0
1404255,2025,1500.0
1404262,2023,21891.39
1404262,2024,1962.71
1404262,2025,11608.16
1404285,2023,54600.0
1404285,2026,50000.0
1404289,2023,10000.0
1404405,2026,216.56
1404421,2023,50.0
1404421,2024,16100.38
1404461,2023,61000.0
1404461,2024,610600.0
1404461,2025,205000.0
1404461,2026,29500.0
1404525,2024,22775.0
1404572,2023,195700.0
1404572,2024,174750.0
1404572,2025,327900.0
1404572,2026,134800.0
1404745,2024,260500.0
1404745,2026,49000.0
1404770,2026,27150.0
1404970,2023,630.0
1404970,2024,700.0
1404970,2025,900.0
1405068,2023,4263.83
1405068,2024,4331.88
1405068,2025,4350.88
1405068,2026,2187.74
1405082,2023,3000.0
1405082,2024,54500.0
1405082,2025,41600.0
1405082,2026,5000.0
1405089,2023,22605.95
1405089,2024,181050.31
1405089,2025,19403.01
1405089,2026,263019.1
1405137,2024,80000.0
1405198,2024,50020.0
1405368,2026,16000.0
1405381,2026,100000.0
1405427,2023,50.0
1405442,2026,25000.0
1405475,2026,52200.0
1405550,2023,18000.0
1405550,2024,29000.0
1405550,2025,31600.0
1405550,2026,22700.0
1405702,2026,1102200.0
1405703,2023,151900.0
1405703,2026,105200.0
1405704,2023,14200.0
1405723,2023,421077.4
1405723,2024,2391792.03
1405723,2025,67567.72
1405723,2026,61228.51
1405775,2024,610406.55
1405775,2025,198072.41
1405775,2026,2254632.98
1405807,2023,808000.0
1405807,2024,863250.0
1405807,2025,111310.12
1405807,2026,960.48
1405851,2025,27000.0
1405851,2026,28400.0
1405857,2024,7000000.0
1405902,2024,15000.0
1405939,2023,89494.0
1405971,2024,159100.0
1405971,2026,39200.0
1405995,2023,18000.0
1405995,2024,17370.0
1405995,2025,13161.0
1406018,2023,40478.27
1406018,2024,2722616.19
1406018,2025,51868.75
1406018,2026,23985.0
1406093,2023,114.71
1406182,2023,29260.0
1406182,2024,11000.0
1406187,2023,25500.0
1406239,2024,57000.0
1406256,2024,28350.25
1406256,2025,30000.0
1406303,2023,2309.92
1406303,2024,750.0
1406303,2025,859.68
1406331,2023,11000.0
1406331,2024,10000.0
1406375,2024,57500.0
1406375,2025,13600.0
1406375,2026,19600.0
1406521,2023,54600.0
1406521,2026,78400.0
1406541,2024,30000.0
1406621,2023,18200.0
1406651,2023,253.61
1406793,2023,14775.99
1406793,2024,99416.59
1406793,2025,9900.0
1406793,2026,6250.0
1406838,2023,50800.0
1406838,2024,200599.1
1406838,2025,115900.0
1406838,2026,59800.0
1406946,2023,5300.6
1406946,2024,3852.64
1406946,2025,8137.74
1406964,2023,111500.0
1406964,2024,25500.0
1406964,2025,164150.0
1406964,2026,34470.35
1407076,2023,12361.25
1407112,2023,25000.0
1407112,2024,211024.0
1407112,2025,10000.0
1407115,2023,6354.5
1407115,2024,146698.49
1407115,2025,59462.45
1407115,2026,24092.2
1407118,2024,225000.0
1407137,2024,18200.0
1407339,2023,22000.0
1407429,2023,13068.51
1407429,2024,35498.06
1407429,2025,6978.62
1407429,2026,5800.55
1407547,2024,229500.0
1407547,2025,50300.0
1407547,2026,988119.34
1407603,2023,19100.0
1407646,2023,92474.64
1407646,2024,123060.32
1407646,2025,736.41
1407646,2026,250.0
1407686,2024,6300.0
1407686,2025,36175.25
1407686,2026,26001.0
1407825,2023,55700.0
1407825,2024,50000.0
1407895,2024,60000.0
1407915,2025,500000.0
1407923,2023,9000.0
1407923,2024,204018.06
1407923,2025,5000.0
1407923,2026,143800.0
1407946,2023,14459.77
1407946,2024,27218.48
1407946,2025,375.0
1407946,2026,2700.97
1407981,2023,51500.0
1407981,2024,31000.0
1407981,2025,51000.0
1407981,2026,49300.0
1407985,2024,92821.6
1407985,2025,9160.42
1407996,2024,2500.0
1408167,2023,22675.0
1408167,2024,2361249.0
1408167,2025,19937.0
1408175,2023,7692.0
1408175,2024,57050.0
1408190,2023,1428500.0
1408197,2023,58000.0
1408197,2024,93500.0
1408242,2024,89080.68
1408243,2023,10850.0
1408243,2024,12350.0
1408243,2025,11700.0
1408243,2026,11700.0
1408244,2023,104045.0
1408244,2024,10000.0
1408681,2026,54200.0
1408685,2024,92500.0
1408693,2023,47000.0
1408693,2024,18320.0
1408693,2025,48800.0
1408693,2026,4000.0
1408714,2025,53400.0
1408714,2026,91600.0
1408718,2023,54960.0
1408718,2024,100000.0
1408820,2023,27750.0
1408820,2024,22000.0
1408820,2025,47900.0
1408820,2026,10200.0
1408822,2023,18750.0
1408822,2024,22000.0
1408822,2025,10900.0
1408822,2026,10200.0
1408826,2024,350000.0
1408990,2023,587126.58
1408990,2024,332342.35
1408990,2025,357200.0
1408990,2026,113550.0
1408992,2023,4250.0
1408992,2024,615.46
1409053,2024,28425.54
1409236,2023,33700.0
1409236,2024,60600.0
1409236,2025,85143.06
1409236,2026,32300.0
1409554,2025,15700.0
1409554,2026,12400.0
1409581,2024,164000.0
1409581,2025,12500.0
1409581,2026,52700.0
1409614,2023,10800.5
1409614,2024,5652.0
1409614,2025,1295.95
1409618,2023,13450.0
1409618,2024,25455.0
1409618,2025,11490.0
1409634,2023,3499224.2
1409634,2024,211900.0
1409634,2025,61750.0
1409634,2026,72400.0
1409796,2023,21800.0
1409796,2025,2171400.0
1409796,2026,659000.0
1409888,2023,30900.0
1409888,2024,90000.0
1409888,2025,117300.0
1409888,2026,23800.0
1409993,2026,49800.0
1409996,2024,16645.0
1409999,2026,25000.0
1410008,2023,106520.9
1410008,2024,198848.72
1410008,2025,111754.2
1410008,2026,53637.37
1410185,2023,681156.98
1410185,2024,2628191.68
1410185,2025,541909.28
1410185,2026,2860431.21
1410223,2023,23350.0
1410223,2024,63727.0
1410319,2024,92000.0
1410370,2024,51600.0
1410370,2025,102500.0
1410485,2026,10500.0
1410568,2024,3575.0
1410668,2023,31600.0
1410668,2024,17000.0
1410776,2023,33000.0
1410776,2024,24000.0
1410776,2025,26800.0
1410776,2026,43700.0
1410802,2023,600000.0
1410802,2024,325000.0
1410802,2025,15000.0
1410880,2024,18200.0
1410880,2026,39200.0
1410953,2024,14250.0
1410955,2026,178300.0
1410966,2023,16000.0
1410966,2025,10000.0
1411007,2023,4300.0
1411007,2024,41425.21
1411027,2023,37000.0
1411027,2024,148000.0
1411027,2025,205800.0
1411027,2026,37500.0
1411099,2024,475800.0
1411182,2023,10000.0
1411182,2024,39797.57
1411182,2025,2000.0
1411182,2026,2700.0
1411185,2024,53000.0
1411243,2025,10000.0
1411266,2024,43874.0
1411313,2024,650000.0
1411419,2024,80000.0
1411421,2024,40000.0
1411421,2025,56000.0
1411537,2024,794250.0
1411588,2026,78400.0
1411651,2023,329500.0
1411651,2024,662900.0
1411651,2025,370300.0
1411651,2026,358000.0
1411863,2023,40200.0
1411863,2026,538000.0
1411866,2024,100750.0
1411877,2024,42700.0
1411877,2026,17000.0
1411956,2023,50.0
1411956,2024,5050745.47
1411956,2025,271675.82
1411956,2026,2996152.08
1411967,2026,94100.0
1412032,2023,50000.0
1412058,2024,6000.0
1412058,2025,37000.0
1412142,2024,122500.0
1412227,2023,104886.87
1412227,2024,1754391.17
1412227,2025,161688.58
1412227,2026,14859.72
1412248,2023,465000.0
1412248,2024,972167.0
1412248,2025,505000.0
1412248,2026,1025000.0
1412291,2025,78400.0
1412291,2026,59200.0
1412311,2023,15000.0
1412311,2025,5000.0
1412323,2023,2500.0
1412352,2023,11000.0
1412352,2025,13600.0
1412383,2023,250.0
1412383,2024,258036.18
1412383,2025,17000.0
1412383,2026,5150.0
1412385,2024,25000.0
1412461,2023,21400.0
1412461,2024,97211.0
1412461,2025,35525.0
1412516,2023,32365.16
1412516,2024,18002.13
1412516,2025,39885.34
1412516,2026,5560.62
1412530,2023,90113.67
1412530,2024,618779.29
1412530,2025,53483.0
1412530,2026,224140.0
1412620,2023,36000.0
1412690,2023,700.0
1412690,2024,936.38
1412785,2024,128200.0
1412785,2025,198100.0
1412785,2026,125500.0
1412825,2023,675.51
1412911,2024,25000.0
1412928,2023,12000.0
1412937,2024,100000.0
1412995,2024,103600.0
1413004,2023,7638.6
1413004,2024,34515.68
1413004,2025,4976.5
1413004,2026,63751.13
1413025,2023,12675.0
1413031,2023,49650.0
1413031,2025,90496.56
1413031,2026,88410.0
1413083,2023,4431.13
1413083,2024,162373.62
1413083,2025,30652.65
1413083,2026,3674.89
1413119,2024,22750.0
1413123,2023,45839.0
1413123,2024,292616.25
1413123,2026,113880.0
1413131,2024,26000.0
1413131,2025,20400.0
1413131,2026,58800.0
1413186,2025,172338.0
1413208,2023,1468845.67
1413208,2024,1213681.1
1413208,2025,20788320.18
1413208,2026,1658254.97
1413281,2024,19000.0
1413281,2025,27900.0
1413281,2026,10000.0
1413378,2023,917.79
1413378,2024,1061.4
1413378,2025,2047.87
1413378,2026,627.7
1413390,2023,954250.0
1413390,2024,1058574.88
1413390,2025,1194300.15
1413390,2026,720247.79
1413452,2025,1000000.0
1413521,2023,58100.0
1413521,2024,60900.0
1413521,2026,11800.0
1413533,2026,15900.0
1413554,2023,19826.44
1413554,2024,32500.0
1413554,2025,29000.0
1413582,2023,27800.0
1413582,2024,36350.0
1413600,2023,36400.0
1413654,2023,21995.06
1413654,2024,312570.47
1413654,2025,34026.47
1413654,2026,13244.02
1413671,2023,147000.0
1413671,2024,5000.0
1413671,2025,55000.0
1413711,2023,136750.0
1413711,2024,774743.89
1413711,2025,393150.0
1413711,2026,568800.0
1413729,2026,75857.92
1413748,2023,3500.0
1413748,2024,29000.0
1413773,2024,13000.0
1413773,2025,10000.0
1413804,2025,123800.0
1413804,2026,71586.0
1413823,2025,12800.0
1413823,2026,10000.0
1413885,2023,15252.68
1413915,2024,50000.0
1413921,2024,64000.0
1413944,2023,500000.0
1413944,2024,1253014.56
1413944,2025,550050.0
1413944,2026,500000.0
1413981,2023,80438.66
1413981,2024,217191.82
1413981,2025,173566.4
1413981,2026,4467075.93
1413983,2026,8490000.0
1414018,2023,30862327.16
1414018,2024,437324.99
1414018,2025,2600000.0
1414045,2024,4600.0
1414156,2023,13936.25
1414164,2023,277110.0
1414164,2024,455693.0
1414164,2025,236950.0
1414164,2026,200020.0
1414254,2023,10928160.6
1414264,2023,28792.83
1414279,2023,315290.62
1414279,2024,364918.36
1414279,2025,416982.93
1414279,2026,4217.52
1414282,2026,59200.0
1414292,2025,39200.0
1414313,2023,149458.54
1414313,2024,4149.37
1414383,2023,1810.0
1414383,2024,5420.48
1414387,2023,49.64
1414451,2023,189101.07
1414453,2023,294160.59
1414485,2023,2749.66
1414520,2024,37966.47
1414520,2025,550.0
1414520,2026,550.0
1414539,2023,198731.03
1414539,2024,187000.0
1414539,2025,79400.0
1414539,2026,177364.75
1414553,2023,113250.0
1414553,2024,471086.85
1414553,2025,708362.73
1414666,2024,20620.16
1414696,2023,148448.62
1414696,2024,1793.79
1414696,2025,7331.2
1414743,2023,46800.0
1414743,2026,38880.3
1414830,2025,4264.37
1414830,2026,2866.24
1414848,2023,199824.15
1414848,2024,305198.26
1414959,2023,10791.78
1414959,2024,4820.68
1414959,2025,2917.96
1414959,2026,144.21
1414985,2023,55511.09
1414985,2024,255760.5
1414985,2025,12425.6
1414985,2026,86405.37
1415107,2023,613291.04
1415113,2023,25466.0
1415175,2023,325087.36
1415274,2023,2397.35
1415274,2024,658827.61
1415274,2025,6405.49
1415274,2026,4223.5
1415367,2023,700.0
1415431,2023,76500.0
1415431,2024,28000.0
1415450,2024,1005500.0
1415460,2024,39100.0
1415463,2023,32750.0
1415463,2024,127100.0
1415463,2025,11200.0
1415484,2023,130761.64
1415484,2024,829512.16
1415484,2025,435238.53
1415484,2026,48859.36
1415509,2023,27600.0
1415581,2024,26300.0
1415585,2023,50.0
1415585,2024,6000.0
1415585,2025,31800.0
1415585,2026,4283.05
1415628,2023,686077.16
1415628,2024,40335.49
1415628,2025,22418.81
1415628,2026,769034.57
1415821,2023,15000.0
1416100,2023,50.0
1416100,2024,50.0
1416100,2025,50.0
1416111,2023,2498.1
1416118,2023,23479.43
1416226,2024,37100.0
1416422,2023,43528.21
1416422,2024,62555.0
1416422,2025,12290.0
1416422,2026,26820.0
1416424,2023,42476.27
1416424,2024,29792.04
1416428,2023,11678.99
1416428,2024,42530.0
1416428,2025,12590.0
1416428,2026,154940.42
1416434,2023,24592.56
1416434,2024,65130.0
1416434,2025,29321.6
1416434,2026,24010.3
1416436,2023,22488.24
1416436,2024,121930.0
1416436,2025,14023.59
1416436,2026,130007.16
1416438,2023,12487.32
1416438,2024,162530.0
1416438,2025,5983.31
1416440,2023,68505.83
1416440,2024,249655.0
1416440,2025,44590.0
1416440,2026,167620.0
1416442,2023,42713.58
1416442,2024,56055.0
1416442,2025,19290.0
1416442,2026,111320.0
1416604,2023,16190.0
1416604,2025,17700.0
1416673,2023,81811.2
1416673,2024,92734.75
1416673,2025,185719.6
1416673,2026,81651.0
1416795,2023,14116.93
1416797,2023,7000.0
1416797,2024,8500.0
1416797,2025,16881.59
1416984,2024,125000.0
1417047,2023,1330.12
1417047,2024,6076.91
1417047,2025,2500.0
1417047,2026,2229.0
1417133,2023,19501.64
1417133,2024,14768.42
1417133,2025,11578.39
1417133,2026,2990.0
1417140,2024,133873.51
1417140,2025,97622.56
1417276,2026,1250.0
1417378,2024,60998.0
1417378,2026,53272.0
1417455,2023,1673865.64
1417455,2024,496528.65
1417484,2023,70000.0
1417484,2024,65000.0
1417484,2025,92000.0
1417484,2026,85000.0
1417532,2023,153131.48
1417532,2024,659763.77
1417582,2023,500.0
1417705,2025,12800.0
1417705,2026,14800.0
1417708,2025,100.0
1417715,2024,11120.18
1417777,2023,52500.0
1417777,2024,3000.0
1417973,2024,20500.0
1418024,2023,81025.0
1418060,2023,38550.0
1418060,2024,10050.0
1418060,2025,15050.0
1418060,2026,60000.0
1418150,2023,25290.92
1418150,2024,150.0
1418150,2025,548.2
1418150,2026,5044.54
1418349,2023,100000.0
1418349,2024,900000.0
1418473,2023,25500.0
1418473,2024,47000.0
1418473,2025,52000.0
1418473,2026,51600.0
1418631,2023,17550.0
1418631,2024,12500.0
1418631,2026,15500.0
1418902,2024,13500.0
1419204,2023,4782.34
1419204,2024,10770.82
1419204,2025,2701.66
1419204,2026,1960.0
1419366,2023,12773.34
1419366,2024,65390.6
1419366,2025,2850.0
1419371,2023,227277.88
1419371,2024,338112.68
1419371,2025,514606.16
1419371,2026,125353.37
1419384,2024,14500.0
1419498,2023,48624.02
1419498,2024,18586.3
1419498,2025,7557.42
1419498,2026,3540.0
1419563,2024,4500.0
1419563,2025,2500.0
1419563,2026,6000.0
1419605,2023,6000.0
1419605,2024,3600.0
1419605,2025,8600.0
1419742,2023,880.88
1419742,2024,1671.45
1419761,2023,61588.7
1419761,2024,76535.15
1419761,2025,33766.56
1419761,2026,18681.4
1419849,2023,14000.0
1419882,2023,1850.0
1419882,2024,3571.72
1419882,2025,3383.34
1419996,2025,17700.0
1419996,2026,15800.0
1420194,2023,9032.76
1420423,2023,3383.77
1420444,2023,7336.4
1420444,2024,270632.98
1420444,2025,86253.67
1420444,2026,24864.0
1420465,2023,18261.71
1420465,2024,2561.18
1420472,2023,46000.0
1420532,2023,700.0
1420532,2024,700.0
1420532,2025,1819.04
1420532,2026,47083.43
1420566,2023,64748.0
1420566,2024,107950.0
1420566,2025,47400.0
1420566,2026,26500.0
1420753,2023,20374.5
1420855,2023,39477.98
1420855,2024,75530.0
1420855,2025,30990.0
1420855,2026,58620.0
1420925,2023,2018.18
1421112,2023,236167.0
1421112,2024,167306.0
1421112,2025,63653.0
1421112,2026,40223.0
1421327,2023,6235.93
1421327,2024,29713.96
1421327,2025,25782.23
1421327,2026,3421.63
1421437,2023,52000.0
1421437,2024,67500.0
1421437,2025,73500.0
1421437,2026,47500.0
1421449,2023,950.86
1421449,2025,2618.5
1421449,2026,300.0
1421550,2025,47721.49
1421550,2026,7758.67
1421650,2023,74.67
1421650,2024,384.0
1421763,2024,59397.0
1421804,2023,1050.0
1421804,2024,625.0
1421804,2025,150.0
1421804,2026,200.0
1421884,2023,81807.0
1421884,2024,423336316.87
1421884,2025,1171063.94
1422022,2023,391190.13
1422022,2024,40066.18
1422307,2023,176.33
1422307,2024,1296.88
1422307,2025,153.97
1422438,2025,3895.2
1422517,2023,19134.47
1422517,2024,11096.7
1422517,2025,6070.4
1422517,2026,28087.71
1422581,2023,425.0
1422581,2024,390.69
1422595,2023,128450.0
1422595,2024,322829.21
1422595,2025,28000.0
1422595,2026,119500.0
1422600,2023,358.84
1422730,2024,1750.0
1422915,2023,1000.0
1422915,2024,8500.0
1422949,2023,4271.53
1422949,2024,299154.49
1422949,2025,25763.78
1422949,2026,51870.89
1423121,2023,54988.74
1423131,2023,972198.19
1423131,2024,9064449.59
1423131,2025,2040085.88
1423131,2026,5821432.23
1423168,2023,360.7
1423168,2024,4083.45
1423168,2025,495.25
1423168,2026,51.09
1423278,2023,361613.44
1423278,2024,1810037.26
1423278,2025,73612.58
1423278,2026,721826.89
1423406,2024,117567.49
1423406,2025,42900.0
1423406,2026,16990.0
1423732,2023,68200.0
1423732,2024,162058.08
1423754,2025,750.0
1423803,2024,11275.0
1423906,2025,25000.0
1423911,2023,28499.38
1423911,2024,74566.47
1423911,2025,41290.0
1423911,2026,94973.16
1423919,2023,39736.42
1423919,2024,81474.53
1423919,2025,22956.17
1423919,2026,30320.0
1424007,2023,36950.0
1424007,2024,23000.0
1424018,2023,47558.16
1424018,2024,39165.45
1424018,2025,17222.24
1424018,2026,53452.85
1424068,2024,250000.0
1424102,2023,17821.23
1424102,2024,24775.0
1424102,2025,89600.0
1424102,2026,44976.25
1424251,2023,7702.18
1424300,2024,22900.0
1424300,2025,18950.0
1424300,2026,14800.0
1424324,2025,2250000.0
1424324,2026,2991700.0
1424396,2023,1910570.08
1424396,2024,2960890.45
1424396,2025,368189.75
1424396,2026,287496.0
1424456,2023,22636.63
1424456,2024,168719.87
1424456,2025,5072.9
1424584,2023,35850.0
1424584,2024,14871.15
1424584,2025,54700.0
1424659,2023,12506.06
1424659,2024,51930.0
1424659,2025,35990.0
1424659,2026,48052.78
1424664,2023,50.0
1424664,2024,90100.0
1424664,2025,2000.0
1424666,2023,10987.64
1424703,2023,476060.53
1424703,2024,811208.5
1424703,2025,614876.66
1424703,2026,368565.27
1424722,2025,67200.0
1424722,2026,1071300.0
1424751,2023,14500.0
1424751,2024,172000.0
1424751,2025,59500.0
1424751,2026,93200.0
1424786,2023,8226.66
1424786,2024,22352.61
1424786,2025,39477.1
1424786,2026,28146.54
1424944,2023,118.67
1425090,2024,9800.0
1425124,2025,500.0
1425184,2023,30000.0
1425184,2024,106200.0
1425184,2025,15000.0
1425184,2026,-2000.0
1425252,2023,77803.53
1425252,2024,543447.53
1425252,2025,14855.74
1425252,2026,81861.2
1425406,2026,2270.05
1425459,2023,18200.0
1425528,2023,2556.12
1425528,2024,5392.94
1425528,2026,24405.16
1425596,2023,24815.0
1425596,2024,18350.0
1425648,2023,244000.0
1425648,2024,321200.0
1425648,2025,251100.0
1425648,2026,234400.0
1425655,2025,1079.61
1425662,2023,68279.27
1425855,2023,12221.0
1425855,2024,37045.09
1425855,2025,3500.0
1425855,2026,1000.0
1425862,2023,87200.0
1425862,2024,26000.0
1425862,2025,27850.25
1425905,2024,151100.0
1425905,2025,14000.0
1425929,2023,34634.8
1425929,2024,102430.0
1425929,2025,39619.59
1425929,2026,15820.0
1426134,2024,1800.0
1426134,2026,4040.82
1426136,2023,4252.28
1426136,2024,735288.84
1426184,2023,266.8
1426184,2024,12710.24
1426184,2025,50.0
1426216,2023,25000.0
1426216,2024,50000.0
1426216,2025,11000.0
1426379,2023,838.82
1426379,2024,606.08
1426423,2023,10000.0
1426423,2024,266000.0
1426469,2024,57498.99
1426469,2026,11864.68
1426480,2023,5253.65
1426480,2024,265451.0
1426480,2025,5329.9
1426480,2026,41740.0
1426482,2023,32996.0
1426482,2024,110288.01
1426482,2025,7450.87
1426482,2026,1407.1
1426789,2023,1000.0
1426789,2024,321.7
1426831,2023,43500.0
1426831,2024,49648.0
1426831,2025,27500.0
1426831,2026,11750.0
1427098,2024,30780.0
1427205,2023,363395.82
1427205,2024,2539621.14
1427205,2025,511902.61
1427205,2026,236449.25
1427383,2023,970000.0
1427383,2024,2667500.0
1427383,2025,1406684.84
1427383,2026,400000.0
1427579,2023,10197.97
1427579,2024,232741.3
1427579,2025,100110.1
1427579,2026,60801.99
1427587,2023,127.02
1427589,2023,125.0
1427589,2024,875.0
1427589,2025,125.0
1427599,2023,5644.16
1427599,2024,2819.41
1427619,2024,171000.0
1427809,2023,3700.0
1427809,2024,21397.81
1427809,2025,21349.33
1427809,2026,1376.24
1428017,2023,1500.0
1428017,2024,2425.0
1428017,2025,1841.83
1428025,2023,266.2
1428025,2024,126.54
1428051,2023,25163.38
1428051,2024,215961.11
1428051,2025,7108.5
1428051,2026,5218.95
1428085,2023,54049.0
1428085,2024,62877.0
1428085,2025,62645.1
1428085,2026,41000.0
1428093,2026,78400.0
1428351,2024,29600.0
1428496,2023,5832.42
1428496,2024,52927.65
1428498,2024,145870.0
1428498,2025,22300.0
1428510,2024,28500.0
1428657,2026,500000.0
1428677,2024,61000.0
1428798,2023,5222.67
1428798,2024,5479.08
1428798,2025,4889.04
1428798,2026,3051.14
1428824,2023,35000.0
1428836,2024,100000.0
1428873,2023,165830.0
1428873,2024,402730.0
1428974,2023,10000.0
1428974,2026,1100000.0
1429183,2024,333600.0
1429183,2026,61800.0
1429738,2024,86784.0
1429738,2025,11728.0
1429738,2026,12196.0
1429772,2024,150000.0
1429809,2024,923400.0
1429904,2023,100.0
1429904,2024,15975.0
1429904,2026,164039.54
1429925,2023,376.05
1429925,2024,445.15
1430101,2024,153000.0
1430143,2024,15000.0
1430171,2023,1750.0
1430171,2024,43558.13
1430329,2023,118350.0
1430371,2024,28211.9
1430371,2025,245900.0
1430371,2026,14899.18
1430404,2023,673139.33
1430404,2024,220105.98
1430404,2025,3216087.0
1430404,2026,107632.0
1430433,2025,525.0
1430433,2026,510.0
1430494,2023,12200.0
1430494,2024,344555.05
1430494,2025,22118.52
1430536,2023,15500.0
1430536,2024,96000.0
1430536,2025,50900.0
1430536,2026,138200.0
1430583,2023,1250.0
1430655,2025,1500.0
1430709,2024,78000.0
1430845,2024,30000.0
1430910,2024,61784.0
1430927,2024,20021.04
1430997,2023,4496.41
1431035,2023,179928.69
1431059,2024,50000.0
1431103,2023,100000.0
1431106,2024,89800.0
1431291,2023,115500.0
1431291,2024,226500.0
1431291,2025,135400.0
1431291,2026,169000.0
1431300,2023,14000.0
1431311,2024,100000.0
1431407,2023,11157.0
1431415,2024,193000.0
1431415,2026,39700.0
1431422,2026,644100.0
1431423,2023,75600.0
1431423,2025,17400.0
1431423,2026,46000.0
1431431,2026,10000.0
1431446,2023,8000.0
1431446,2024,8500.0
1431446,2025,10000.0
1431446,2026,2500.0
1431446,2028,1000.0
1431455,2023,2000.0
1431455,2024,1000.0
1431455,2025,12000.0
1431455,2026,15000.0
1431577,2026,20000.0
1431638,2023,16229.05
1431638,2024,517875.0
1431638,2025,20125.5
1431656,2023,1102.0
1431656,2024,250.0
1431656,2025,500.0
1431656,2026,250.0
1431670,2024,75000.0
1431730,2023,2500.0
1431730,2024,5000.0
1431730,2025,5500.0
1431730,2026,28500.0
1431751,2025,39200.0
1431751,2026,40200.0
1431901,2023,907.06
1431963,2023,41718.08
1432033,2024,1580750.0
1432033,2025,12672.0
1432110,2024,12500.0
1432110,2026,10300.0
1432283,2023,500.0
1432293,2023,32700.0
1432293,2024,99615.0
1432293,2025,29350.0
1432293,2026,7100.0
1432306,2026,51430.0
1432399,2023,971.74
1432399,2024,791627.03
1432399,2025,163845.92
1432399,2026,51454.21
1432414,2024,900.0
1432414,2026,1800.0
1432480,2023,7114.08
1432480,2024,10509.24
1432480,2025,8075.7
1432480,2026,909.73
1432548,2023,20000.0
1432730,2024,43900.0
1432830,2023,107900.0
1432830,2024,203000.0
1432830,2025,119500.0
1432830,2026,45500.0
1432932,2023,577869.79
1432932,2024,3229623.22
1432932,2025,926294.17
1432932,2026,5407978.46
1432935,2024,25000.0
1432935,2025,10000.0
1433042,2023,44500.0
1433042,2024,58900.0
1433042,2025,241400.0
1433042,2026,35900.0
1433116,2023,850.97
1433116,2024,2.67
1433122,2023,152313.75
1433122,2024,6123918.14
1433122,2025,412802.02
1433122,2026,958474.01
1433260,2024,0.0
1433277,2024,11525.0
1433322,2023,125.0
1433322,2024,2583.44
1433322,2025,125.0
1433322,2026,35979.73
1433338,2023,30500.0
1433436,2023,160815.39
1433436,2024,5277401.63
1433436,2025,63184.05
1433436,2026,1228202.08
1433555,2023,3796.0
1433555,2024,2680.0
1433555,2025,45455.0
1433555,2026,2697.5
1433557,2023,1959.17
1433557,2025,15303.74
1433572,2023,108.0
1433577,2025,15000.0
1433802,2024,100000.0
1433802,2025,6000000.0
1433802,2026,9800.0
1433907,2023,2245.03
1433907,2024,9124.0
1433907,2025,5544.32
1433907,2026,1400.0
1433928,2023,1217.5
1433928,2024,1184.0
1433928,2025,1208.2
1433928,2026,277.24
1433932,2024,317937.44
1433932,2026,31000.0
1434027,2023,83500.0
1434027,2024,75000.0
1434027,2025,143000.0
1434027,2026,80400.0
1434035,2023,495.0
1434035,2024,159.42
1434057,2024,54700.0
1434083,2024,12146.6
1434112,2023,34500.0
1434112,2024,1364700.0
1434112,2025,95000.0
1434166,2023,133880.63
1434166,2024,247770.46
1434166,2025,116671.14
1434166,2026,24008.12
1434190,2024,6678.8
1434271,2023,500.0
1434271,2024,125.0
1434271,2025,1800.0
1434300,2026,13800.0
1434302,2023,50500.0
1434302,2024,24000.0
1434308,2023,25505.0
1434308,2026,10500.0
1434348,2025,25500.0
1434389,2025,25550.0
1434393,2023,228407.86
1434406,2023,38503.8
1434406,2024,111777.82
1434406,2025,15589.42
1434406,2026,32574.43
1434494,2023,976786.32
1434494,2024,1521987.32
1434494,2025,56308.1
1434494,2026,31168.87
1434540,2023,421634.78
1434540,2024,1999898.63
1434540,2025,800012.43
1434540,2026,60173.04
1434551,2025,11300.0
1434551,2026,434500.0
1434571,2023,4242.6
1434630,2023,266843.29
1434632,2023,385603.05
1434634,2023,764065.05
1434666,2023,2366282.15
1434666,2024,7823647.96
1434666,2025,348997.88
1434666,2026,13894.07
1434702,2023,91426.96
1434702,2024,62100.0
1434702,2026,38000.0
1434721,2023,31915.72
1434780,2023,2372147.82
1434782,2023,20951.53
1434782,2024,26167.29
1434784,2023,96246.36
1434784,2024,40834.74
1434788,2023,345294.45
1434853,2023,5018.92
1434853,2024,479220.11
1434853,2025,6351.42
1434853,2026,326.3
1434878,2023,40778.25
1434881,2023,152790.63
1434888,2023,122576.0
1434910,2023,34084.8
1434945,2023,7957.32
1434953,2023,31000.0
1434955,2023,168490.11
1434959,2023,463131.32
1434962,2023,415600.91
1434966,2023,16500.0
1434966,2024,26900.0
1434966,2025,27500.0
1434966,2026,15000.0
1434980,2023,104772.73
1434980,2024,71111.9
1434980,2025,5310.59
1434982,2023,429525.15
1434989,2023,899253.99
1434995,2023,15695.12
1434997,2023,1000.0
1435006,2023,144926.22
1435006,2024,2601681.41
1435006,2025,7566.18
1435010,2023,17312.45
1435010,2024,42000.0
1435010,2025,3587.48
1435012,2023,1696573.76
1435017,2023,31487.74
1435019,2023,629320.92
1435019,2024,17538.43
1435021,2023,694604.42
1435032,2023,188399.61
1435032,2024,71393.2
1435032,2025,10050.93
1435032,2026,2906.86
1435037,2023,156403.14
1435052,2024,20000.0
1435065,2023,276470.42
1435065,2024,1201339.05
1435065,2025,522377.22
1435087,2023,825804.16
1435087,2024,1082417.18
1435087,2025,740241.72
1435087,2026,351312.03
1435128,2023,157557.86
1435128,2024,136814.44
1435128,2025,8772.55
1435160,2023,392494.65
1435160,2024,6097.39
1435164,2023,2185085.5
1435181,2023,865865.64
1435181,2024,1226453.15
1435181,2025,807929.87
1435181,2026,120522.76
1435183,2023,369686.71
1435246,2023,235305.75
1435246,2024,55734.45
1435250,2023,951891.58
1435259,2023,1500.0
1435262,2023,17451.9
1435321,2023,496691.26
1435329,2023,21837.07
1435331,2023,578344.14
1435367,2023,807455.69
1435367,2024,256019.99
1435367,2025,160128.8
1435371,2023,13024.2
1435373,2023,742942.21
1435396,2023,543934.11
1435396,2024,879595.16
1435396,2025,7884.47
1435401,2023,585203.81
1435401,2024,269379.82
1435405,2023,16860.27
1435411,2025,125000.0
1435411,2026,387500.0
1435439,2023,107971.75
1435439,2024,28508.37
1435443,2023,108682.58
1435443,2024,4154.23
1435445,2023,22602.69
1435445,2024,81930.0
1435445,2025,23990.0
1435445,2026,15820.0
1435449,2023,74940.0
1435449,2024,158135.66
1435449,2025,17000.0
1435461,2023,17742.6
1435461,2024,170778.33
1435461,2025,13534.47
1435462,2023,10100.0
1435462,2024,33700.0
1435465,2023,119095.87
1435465,2024,59269.68
1435465,2025,12733.57
1435481,2023,5415.1
1435481,2024,6637.19
1435481,2025,1574.48
1435481,2026,25965.44
1435497,2023,1322179.66
1435497,2024,1945166.43
1435497,2025,791536.2
1435497,2026,593702.42
1435504,2023,425759.11
1435512,2023,634871.91
1435512,2024,3114796.85
1435512,2025,176509.8
1435518,2023,207791.01
1435556,2023,782789.4
1435580,2023,20370.08
1435580,2024,117827.18
1435580,2025,49400.0
1435580,2026,37600.3
1435597,2023,13084.53
1435599,2023,20085.94
1435601,2023,452132.05
1435621,2023,209643.6
1435621,2024,1139324.73
1435623,2023,30797.08
1435623,2024,19963.89
1435623,2025,109013.42
1435623,2026,1841885.64
1435635,2023,51015.73
1435640,2023,77068.6
1435653,2024,50000.0
1435653,2026,50000.0
1435661,2023,147361.0
1435661,2024,115194.6
1435667,2023,21945.33
1435667,2024,13216.25
1435667,2025,12280.49
1435669,2023,4070.42
1435686,2023,1040.0
1435690,2023,35305.0
1435690,2024,31950.0
1435733,2023,31122.93
1435733,2024,132706.8
1435733,2025,24807.99
1435733,2026,1435.36
1435753,2023,143671.6
1435760,2024,50000.0
1435800,2023,115514.95
1435800,2024,156950.24
1435800,2025,110800.94
1435800,2026,53926.62
1435804,2023,15472.28
1435804,2024,26530.0
1435804,2025,13990.0
1435804,2026,32578.0
1435823,2026,220700.0
1435844,2023,33392.66
1435892,2023,660.0
1435892,2024,443543.02
1435892,2025,37908.0
1435894,2023,53588.0
1435894,2024,43655.0
1435894,2025,36590.0
1435894,2026,210877.42
1436033,2023,14419.46
1436045,2023,36250.0
1436045,2024,24596.58
1436056,2023,34280.41
1436056,2024,30620.0
1436056,2025,98500.01
1436060,2023,1700.0
1436104,2023,21542.0
1436180,2023,12582.1
1436207,2023,3425.65
1436215,2023,14127.47
1436215,2024,20252.29
1436215,2025,20470.23
1436215,2026,2266.6
1436323,2023,112257.0
1436323,2024,73000.0
1436323,2025,27000.0
1436323,2026,59400.0
1436325,2023,73360.7
1436325,2024,41559.57
1436346,2023,203689.5
1436346,2024,4086619.7
1436348,2023,18400.0
1436380,2026,10000.0
1436382,2023,26705.88
1436431,2023,131767.27
1436431,2024,23147.28
1436433,2023,50.0
1436433,2024,10050.0
1436433,2025,50.0
1436459,2023,950.0
1436459,2025,450.0
1436459,2026,997.27
1436506,2023,164405.82
1436506,2024,50657.45
1436508,2023,60396.97
1436508,2024,13836.76
1436508,2025,2105.0
1436508,2026,135393.35
1436519,2023,29000.0
1436519,2024,13500.0
1436543,2023,26676.69
1436543,2024,30563.07
1436658,2026,12000.0
1436686,2023,644760.52
1436686,2024,21205359.75
1436686,2025,68873.39
1436709,2023,65800.0
1436709,2024,50750.0
1436709,2025,15000.0
1436713,2023,1500.0
1436801,2025,34100.0
1436801,2026,15000.0
1436829,2023,50.0
1436829,2024,363.0
1436829,2025,3900.0
1436831,2023,85638.72
1436831,2024,59492.82
1436831,2025,58848.2
1436882,2023,484970.13
1436941,2023,85813.0
1436991,2026,778400.0
1437002,2023,41350.0
1437045,2023,2160.74
1437098,2023,3057.86
1437098,2024,234496.05
1437146,2023,1449.95
1437146,2024,2825.19
1437146,2025,3125.3
1437146,2026,16651.73
1437152,2023,4000.0
1437156,2023,64820.0
1437156,2024,42250.0
1437156,2025,185564.39
1437185,2023,158294.23
1437185,2024,149619.08
1437185,2025,169555.06
1437185,2026,84292.99
1437201,2023,2440914.86
1437334,2023,4700.0
1437334,2024,2450.0
1437334,2025,13829.52
1437334,2026,5500.0
1437343,2023,151310.83
1437360,2026,39200.0
1437389,2023,1372.93
1437389,2024,96.0
1437389,2025,96.0
1437389,2026,146.0
1437513,2024,106140.0
1437529,2023,294300.0
1437529,2024,506373.0
1437529,2025,2779497.0
1437529,2026,22704856.9
1437557,2023,10000.0
1437557,2024,2010000.0
1437557,2025,1085000.0
1437557,2026,1617479.0
1437672,2024,10000.0
1437672,2026,2000.0
1437679,2023,62500.0
1437679,2024,99500.0
1437679,2026,10000.0
1437691,2023,573256.12
1437711,2023,8215.03
1437711,2024,435.3
1437736,2023,9260.12
1437736,2024,750.0
1437746,2023,5685.17
1437818,2025,10000.0
1437823,2023,246.45
1437840,2024,12109.0
1437840,2025,2421.0
1437844,2023,2843953.64
1437848,2023,2344.51
1437948,2023,7070.78
1437953,2023,14500.0
1437953,2024,10500.0
1437953,2025,20000.0
1437953,2026,12500.0
1437955,2023,5912.48
1437955,2024,80.0
1437955,2025,1697.0
1437983,2023,73234.61
1437995,2023,24049.3
1438011,2023,125.0
1438011,2024,4125.0
1438011,2025,250.0
1438011,2026,495.0
1438181,2023,10000.0
1438181,2025,9800.0
1438291,2023,3553.04
1438291,2024,3292.38
1438291,2025,3467.5
1438291,2026,986.59
1438303,2023,55584.11
1438335,2024,2550.0
1438363,2023,1699.8
1438363,2024,219.29
1438382,2023,2347.06
1438382,2024,1066.7
1438382,2025,15635.03
1438397,2023,51791.58
1438399,2024,240000.0
1438408,2023,4543.78
1438408,2024,2622.65
1438408,2025,5470.34
1438408,2026,1885.55
1438475,2023,7500.0
1438475,2024,10459.5
1438528,2023,750.0
1438528,2024,750.0
1438528,2025,375.0
1438528,2026,250.0
1438737,2023,8644.85
1438744,2023,134262.5
1438751,2023,49981.1
1438751,2024,9375.06
1438874,2023,83154.72
1438874,2024,1625744.8
1438874,2025,377265.98
1438874,2026,1169600.08
1438880,2023,161317.32
1438896,2023,4011.17
1438924,2023,130.3
1439019,2023,750.0
1439036,2023,25090.4
1439036,2024,72935.63
1439036,2025,4567.11
1439036,2026,21436.07
1439039,2023,125.0
1439039,2024,44080.86
1439039,2025,8400.0
1439039,2026,450.0
1439062,2023,451.55
1439062,2024,1149.39
1439062,2025,300.0
1439062,2026,30.98
1439102,2023,781034.83
1439102,2024,63889234.57
1439102,2025,1760883.22
1439102,2026,24823230.73
1439166,2023,3369.78
1439168,2025,5050.0
1439230,2023,717.15
1439261,2023,44812.86
1439261,2024,1110.0
1439261,2025,2931.0
1439261,2026,1365.0
1439275,2024,545.0
1439275,2025,3322.5
1439386,2023,165250.0
1439386,2025,1000.0
1439485,2023,751.03
1439488,2025,45317.3
1439488,2026,16383.93
1439496,2023,49285.12
1439496,2024,218321.92
1439496,2025,227046.26
1439496,2026,197282.45
1439515,2024,18200.0
1439515,2025,20100.0
1439529,2024,5975.0
1439529,2025,250.0
1439529,2026,202.6
1439550,2023,10137.43
1439570,2023,64500.0
1439570,2024,294200.0
1439570,2025,52000.0
1439570,2026,197000.0
1439637,2023,246.26
1439642,2024,8461.0
1439642,2025,16475.68
1439642,2026,2523.18
1439692,2023,40000.0
1439692,2024,30000.0
1439724,2024,103000.0
1439724,2026,28000.0
1439746,2025,36649.93
1439753,2026,39200.0
1439783,2025,39200.0
1439783,2026,39200.0
1439787,2023,628320.38
1439787,2024,264326.82
1439787,2025,44563.05
1439787,2026,13176.84
1439849,2023,50.0
1439907,2024,1000.0
1439934,2023,33000.0
1439934,2024,76800.0
1439934,2025,69699.0
1439934,2026,61799.0
1439941,2023,36500.0
1439959,2023,128927.41
1439959,2024,662418.78
1439959,2025,289919.18
1439959,2026,91371.73
1439961,2023,57693.79
1440000,2023,233153.61
1440000,2024,94492.76
1440000,2025,41750.0
1440000,2026,52250.0
1440015,2023,480.15
1440090,2025,40250.0
1440119,2023,16357.48
1440119,2024,121485.76
1440119,2025,39880.05
1440119,2026,34968.62
1440231,2023,3838.05
1440231,2024,2367.21
1440309,2023,5514.24
1440309,2024,14315.39
1440309,2025,189326.58
1440309,2026,214871.87
1440327,2023,11406.25
1440327,2024,5502.37
1440456,2023,9671.22
1440461,2025,189200.0
1440462,2025,39200.0
1440465,2024,61000.0
1440529,2026,49500.0
1440576,2023,10267.05
1440576,2024,5598.17
1440576,2025,2860.87
1440576,2026,200000.0
1440582,2023,17685.0
1440582,2024,28650.0
1440590,2024,20239.0
1440590,2025,46492.0
1440590,2026,23572.64
1440631,2023,10689.18
1440631,2024,83953.03
1440663,2023,56500.0
1440663,2024,179200.0
1440663,2025,30000.0
1440663,2026,129200.0
1440682,2023,-318689.34
1440682,2024,72530.0
1440683,2023,27000.0
1440691,2026,20000.0
1440697,2023,36000.0
1440703,2023,31914.75
1440703,2024,41002.25
1440703,2025,37439.75
1440703,2026,29725.0
1440706,2023,16413.33
1440706,2024,56720.0
1440706,2025,2447.0
1440706,2026,1280.0
1440775,2023,6101.0
1440787,2023,41908.5
1440787,2024,29350.0
1440787,2026,27820.0
1440790,2024,17124.82
1440810,2023,6633.26
1440821,2023,300.0
1440821,2024,300.0
1440821,2025,150.0
1440821,2026,325.0
1440874,2921,10000.0
1440964,2023,16036.28
1440964,2024,170939.59
1440964,2025,29213.46
1440983,2023,4128.26
1441062,2023,28750.0
1441181,2023,26038.0
1441181,2024,16240.58
1441181,2025,18396.83
1441181,2026,3957.4
1441183,2023,6327.95
1441282,2023,5350.0
1441282,2024,22300.0
1441282,2025,5482.5
1441282,2026,4900.0
1441330,2023,267884.98
1441367,2023,51767.95
1441367,2024,886.0
1441367,2025,366.33
1441380,2023,1182223.12
1441380,2024,1328586.89
1441380,2025,1164178.41
1441380,2026,810497.59
1441458,2023,62326.38
1441574,2023,1424.05
1441574,2024,120.0
1441612,2023,90.0
1441612,2024,50870.28
1441612,2025,336.0
1441612,2026,168.0
1441646,2024,947601.94
1441646,2025,389179.91
1441646,2026,199.9
1441846,2023,42158.28
1441848,2024,2749.42
1441848,2025,210.0
1441848,2026,146.0
1441888,2023,20000.0
1441888,2024,40769.16
1441888,2025,49000.0
1441888,2026,8000.0
1441936,2023,306131.16
1441936,2024,221491.56
1441936,2025,369867.24
1441976,2023,56007.31
1441976,2024,24016.01
1442007,2023,27380.0
1442007,2024,2788.96
1442007,2025,1062.09
1442145,2023,17374.89
1442145,2024,14918.5
1442145,2025,9907.13
1442145,2026,353.72
1442148,2023,764051.99
1442148,2024,705266.13
1442148,2025,732724.03
1442148,2026,417539.58
1442224,2023,4300.0
1442224,2024,53160.24
1442224,2025,3914.47
1442224,2026,25.0
1442240,2023,178.29
1442263,2023,14096.0
1442263,2024,238800.0
1442263,2025,25550.0
1442263,2026,76300.0
1442280,2023,74708.86
1442280,2024,53922.94
1442280,2025,13633.87
1442280,2026,2351.3
1442284,2023,1396659.52
1442284,2024,223925.04
1442284,2025,8979.84
1442437,2023,110133.23
1442439,2023,3286.94
1442439,2024,3766.32
1442439,2026,32.0
1442514,2023,27000.0
1442514,2024,26135.5
1442514,2025,30647.5
1442514,2026,210.5
1442521,2023,31670.42
1442568,2024,224065.58
1442568,2025,7503.51
1442568,2026,1362.02
1442599,2023,1088874.78
1442599,2024,1190387.28
1442617,2023,359609.1
1442618,2024,22939.48
1442657,2023,41009.82
1442701,2023,35000.0
1442701,2024,34500.0
1442701,2025,40100.0
1442715,2023,30830.82
1442763,2023,84101.92
1442796,2023,11230.5
1442796,2024,1245.0
1442796,2025,500.0
1442796,2026,297719.29
1442822,2023,105070.11
1442822,2024,85697.96
1442840,2023,1415.7
1442900,2023,195112.02
1442900,2024,1522547.76
1442900,2025,161729.04
1442900,2026,200880.16
1442987,2023,2495.59
1442987,2024,6425.22
1442987,2025,897.47
1442995,2024,68100.0
1443008,2024,18047.43
1443027,2023,437.53
1443029,2023,250.0
1443029,2024,5500.0
1443029,2025,6610.22
1443029,2026,3000.0
1443076,2023,1978.0
1443088,2023,6839.34
1443088,2024,8953.41
1443088,2025,8359.12
1443088,2026,3223.71
1443100,2024,519000.0
1443172,2023,7321.71
1443177,2023,408087.64
1443177,2024,2872590.98
1443187,2023,240.0
1443187,2025,332.0
1443221,2023,6000.0
1443221,2024,50.0
1443223,2023,6551.49
1443223,2024,3195.0
1443258,2024,62500.0
1443258,2025,10300.0
1443281,2023,8665.59
1443284,2023,51961.31
1443284,2024,4264.47
1443284,2025,6013.84
1443316,2023,6575.2
1443316,2024,71670.09
1443329,2023,65195.17
1443351,2023,110289.26
1443355,2023,231669.09
1443357,2023,45700.0
1443357,2024,289269.03
1443357,2025,50600.0
1443357,2026,113200.0
1443363,2023,28566.8
1443381,2023,37528.8
1443388,2023,23500.0
1443388,2024,27500.0
1443388,2025,26700.0
1443388,2026,35000.0
1443408,2023,293447.6
1443408,2024,397956.3
1443408,2025,2556.62
1443410,2023,269030.96
1443410,2024,2275730.6
1443410,2025,17902.4
1443478,2023,13755.36
1443490,2023,133310.46
1443490,2024,19428.1
1443497,2023,6933.11
1443501,2023,307.75
1443511,2023,520118.41
1443584,2023,18478.43
1443589,2023,869502.53
1443589,2024,937684.93
1443589,2025,178789.88
1443620,2023,16536.78
1443653,2026,41450.0
1443662,2026,39200.0
1443672,2023,8201.21
1443699,2023,51272.82
1443699,2025,1524.41
1443705,2023,14850.0
1443706,2023,15850.0
1443706,2024,2750.0
1443772,2023,29963.09
1443808,2023,15155.46
1443813,2023,10923.0
1443815,2023,5733.37
1443818,2023,105099.46
1443835,2023,106947.27
1443871,2023,103409.01
1443903,2024,25000.0
1443987,2023,1000.0
1444020,2023,223988.0
1444020,2024,2144640.8
1444020,2025,16995.0
1444020,2026,502699.0
1444021,2025,44000.0
1444048,2023,3500.0
1444048,2024,100.0
1444048,2025,741.2
1444053,2023,18200.0
1444060,2023,85238.04
1444080,2023,154400.0
1444080,2024,120266.0
1444080,2025,124609.58
1444080,2026,69700.0
1444098,2023,18475.72
1444108,2023,441599.81
1444108,2024,325239.41
1444108,2025,82102.46
1444108,2026,3438915.37
1444132,2024,705400.0
1444132,2025,2962000.0
1444144,2023,1307.6
1444144,2024,7306.88
1444144,2025,2592.17
1444167,2024,150000.0
1444186,2023,210424.51
1444220,2023,63700.0
1444221,2025,525000.0
1444233,2023,434650.0
1444233,2024,218000.0
1444233,2025,396350.0
1444233,2026,1645300.0
1444255,2023,300.0
1444271,2023,5000.0
1444271,2025,4181.7
1444277,2023,30230.91
1444277,2024,20560.98
1444376,2023,1143.5
1444381,2023,11315.34
1444394,2023,96008.56
1444400,2023,227500.0
1444455,2023,300.0
1444492,2023,17125.29
1444546,2023,52097.9
1444582,2023,6898.52
1444588,2023,32250.0
1444588,2024,22469.62
1444588,2025,18150.0
1444588,2026,13810.0
1444599,2023,10581.36
1444607,2023,3055.12
1444621,2023,29795.85
1444656,2024,81400.0
1444656,2025,100000.0
1444663,2023,28750.0
1444663,2024,9700.0
1444666,2023,360.29
1444698,2024,8255.95
1444704,2023,12618.5
1444753,2023,5832.0
1444753,2024,5333.15
1444753,2025,5129.6
1444753,2026,1781.34
1444765,2023,115556.54
1444780,2023,1000.0
1444780,2025,750.0
1444814,2023,4700.0
1444814,2024,2090.0
1444814,2026,1125.97
1444818,2023,8564.9
1444832,2023,2856.0
1444991,2023,176905.18
1445004,2023,61428.26
1445004,2024,251120.81
1445004,2025,95854.89
1445004,2026,74887.77
1445078,2023,116.0
1445078,2024,5136.0
1445078,2025,56600.0
1445108,2024,1230.0
1445119,2023,47989.81
1445211,2024,5943.14
1445231,2025,43240.0
1445231,2026,51083.0
1445263,2023,9942.2
1445263,2024,285.57
1445263,2025,419.37
1445263,2026,5346.74
1445311,2023,1939.56
1445325,2023,42775.0
1445325,2024,68650.0
1445325,2025,41850.0
1445325,2026,28850.0
1445362,2023,2522.34
1445381,2023,25000.0
1445454,2023,250.0
1445454,2024,7996.0
1445465,2023,290514.72
1445465,2024,253029.75
1445566,2023,83468.99
1445566,2024,87135.09
1445566,2025,103902.42
1445566,2026,897478.94
1445659,2023,3321.34
1445728,2023,11253.98
1445789,2023,298519.9
1445789,2024,394074.15
1445789,2025,137935.2
1445789,2026,207000.0
1445884,2023,21000.0
1445995,2023,3892.8
1446028,2024,5431.16
1446083,2023,4489.63
1446092,2023,80721.01
1446110,2023,7806.88
1446110,2024,866.25
1446110,2025,3844.59
1446110,2026,144.44
1446114,2023,23792.35
1446123,2023,13085.0
1446123,2024,1060.83
1446149,2023,1532.87
1446169,2023,541825.56
1446174,2023,4900.0
1446174,2024,15996.12
1446174,2025,9800.0
1446174,2026,12500.0
1446182,2023,439.22
1446184,2023,131.59
1446271,2023,28920.0
1446271,2024,189500.0
1446271,2025,59300.0
1446271,2026,177020.0
1446277,2023,900.0
1446277,2024,1500.0
1446315,2023,47853.09
1446315,2024,151021.19
1446315,2025,216214.9
1446315,2026,253284.42
1446347,2023,27266.9
1446347,2024,1688650.92
1446474,2023,62709.45
1446474,2024,1368918.24
1446474,2025,5294.56
1446508,2023,5997.03
1446510,2023,819.6
1446618,2023,139225.94
1446618,2024,3772720.41
1446618,2025,58144.31
1446630,2033,25.0
1446653,2026,20000.0
1446700,2024,613552.96
1446761,2023,2794.95
1446794,2023,6674.89
1446794,2024,1500.0
1446794,2025,1697.24
1446810,2023,46500.0
1446810,2024,36000.0
1446810,2025,27000.0
1446810,2026,16500.0
1446871,2023,64000.0
1446871,2024,146000.0
1446871,2025,12000.0
1446928,2023,497057.8
1446928,2024,366334.24
1446928,2025,778866.33
1446977,2023,264870.13
1446977,2024,13809566.07
1446977,2025,683620.55
1446977,2026,9404894.88
1447078,2026,45000.0
1447083,2023,4852.4
1447101,2023,156809.28
1447101,2024,31000.0
1447101,2026,51300.0
1447102,2023,11300.0
1447102,2026,44200.0
1447103,2023,40150.0
1447103,2024,60000.0
1447103,2025,40000.0
1447103,2026,39233.0
1447107,2023,61152.0
1447107,2024,12604.11
1447107,2025,40391.26
1447143,2023,2700.0
1447143,2024,11464.06
1447143,2025,1600.0
1447161,2023,24903.2
1447161,2024,41441.21
1447161,2025,19260.25
1447161,2026,36235.54
1447198,2025,531025.0
1447198,2026,325525.0
1447262,2023,21000.0
1447262,2024,15000.0
1447262,2025,10000.0
1447286,2024,988016.4
1447286,2025,363791.25
1447286,2026,12140.07
1447361,2023,266654.47
1447361,2024,314140.88
1447361,2025,205441.11
1447361,2026,167831.81
1447408,2023,153084.8
1447410,2023,73400.0
1447410,2024,95000.0
1447410,2025,553515.75
1447452,2023,23750.33
1447452,2024,50912.73
1447452,2025,11275.52
1447459,2023,401288.02
1447459,2024,11100.44
1447459,2025,1101.33
1447463,2025,20000.0
1447529,2023,34387.01
1447539,2023,5695.68
1447541,2023,5150.0
1447543,2023,16908.49
1447582,2023,8840.28
1447582,2024,3883.69
1447779,2023,5300.0
1447779,2024,275053.93
1447779,2025,36081.82
1447783,2023,16910.0
1447783,2024,14900.0
1447783,2026,33300.0
1447800,2023,4432.1
1447800,2024,2686.0
1447800,2025,27951.84
1447802,2023,45725.69
1447802,2024,4616986.26
1447802,2025,667395.44
1447802,2026,84596.8
1447821,2023,10000.0
1447821,2024,96000.0
1447836,2023,99016.89
1447836,2024,9594.73
1447895,2023,155000.0
1447991,2023,5644.94
1447996,2023,258626.57
1447996,2024,370665.03
1447996,2025,1152112.3
1448022,2023,972.9
1448058,2025,24500.0
1448059,2025,24500.0
1448104,2023,1098.0
1448104,2024,1320.0
1448156,2025,930.5
1448156,2026,5019.68
1448227,2023,127445.42
1448227,2024,1944.2
1448227,2025,1810.0
1448227,2026,20920.0
1448283,2024,151708.07
1448283,2025,1650.0
1448301,2023,13550.0
1448311,2024,224726.45
1448311,2025,286400.0
1448311,2026,291500.0
1448336,2025,3250.0
1448434,2023,860.46
1448469,2023,970.0
1448469,2024,30003.26
1448469,2025,5996.13
1448498,2023,33825.34
1448578,2023,3000000.0
1448578,2024,20000000.0
1448578,2025,2000000.0
1448584,2025,30500.0
1448584,2026,80200.0
1448604,2023,1399.1
1448626,2023,9710.06
1448626,2024,24690.78
1448626,2025,2000.0
1448626,2026,19599.0
1448639,2024,10000.0
1448639,2025,45100.0
1448639,2026,2500.0
1448655,2024,37000.0
1448659,2023,5218.1
1448659,2024,4151.67
1448659,2025,26811.75
1448667,2023,0.0
1448667,2026,2539200.0
1448772,2023,900.0
1448772,2024,113107.5
1448772,2025,33208.88
1448772,2026,55170.15
1448775,2023,23250.0
1448775,2024,7275.0
1448775,2025,375.0
1448775,2026,5750.0
1448824,2023,26320.0
1448824,2024,15693.76
1448824,2025,21217.13
1448857,2023,1655.57
1448857,2024,1046308.7
1448857,2025,2783.19
1448857,2026,12707.2
1448870,2023,10023.69
1448870,2024,68508.59
1448870,2025,6794.87
1448870,2026,4829.49
1448912,2023,5863.9
1448912,2024,1355427.1
1448921,2023,91398.0
1448924,2023,165000.0
1449072,2023,250.0
1449072,2025,19600.0
1449124,2023,13200.0
1449177,2023,324.75
1449177,2024,100.0
1449213,2023,545517.92
1449233,2023,2135.5
1449233,2024,10606.53
1449233,2025,5886.32
1449266,2024,10838.74
1449477,2023,189848.0
1449477,2024,2174445.12
1449477,2025,281300.0
1449477,2026,647448.59
1449635,2026,12500.0
1449743,2025,125000.0
1449860,2023,132400.0
1449860,2024,34100.0
1449924,2023,76868.34
1449924,2024,75683.53
1449924,2025,106044.28
1449924,2026,43717.63
1449958,2024,53129.4
1450041,2023,30290.16
1450041,2024,148911.05
1450041,2025,2622.49
1450101,2023,23000.0
1450101,2024,19000.0
1450104,2025,10000.0
1450167,2023,71364.88
1450167,2024,68897.19
1450194,2023,2966.81
1450194,2024,72928.95
1450194,2025,16656.42
1450194,2026,27558.9
1450217,2024,25000.0
1450217,2025,12500.0
1450236,2023,1521.31
1450249,2023,7000.0
1450249,2024,52000.0
1450249,2025,16000.0
1450337,2023,38900.0
1450338,2024,62000.0
1450338,2026,45400.0
1450340,2023,65246.85
1450340,2024,7450.4
1450340,2025,16265.37
1450340,2026,255732.02
1450483,2024,89280.3
1450483,2025,93205.0
1450483,2026,3050602.2
1450490,2023,120679.14
1450490,2024,136334.12
1450490,2025,27902.73
1450490,2026,2178.15
1450498,2023,1601.46
1450498,2024,2323.16
1450525,2024,18200.0
1450525,2025,21600.0
1450579,2023,14700.0
1450579,2024,13425.25
1450579,2026,10800.0
1450590,2023,13300.0
1450604,2024,16500.0
1450705,2023,14142.0
1450705,2024,26829.0
1450705,2025,29400.0
1450708,2023,212371.0
1450708,2024,1087696.0
1450708,2025,897654.0
1450708,2026,91427.07
1450761,2025,10453.14
1450762,2023,42298.79
1450764,2023,42639.06
1450764,2024,30850.68
1450764,2025,554366.82
1450764,2026,173950.48
1450766,2023,20641.4
1450766,2024,14934.72
1450766,2025,164536.51
1450766,2026,14625.81
1450768,2024,17087.16
1450768,2025,34605.81
1450768,2026,12397.9
1450769,2023,20250.0
1450778,2023,58267.11
1450778,2024,40353.32
1450778,2025,21126.24
1450778,2026,13112.13
1450779,2023,31000.0
1450779,2024,15800.0
1450779,2025,24500.0
1450779,2026,37600.0
1450801,2023,70000.0
1450801,2024,200000.0
1450801,2025,179000.0
1450801,2026,85000.0
1450820,2023,23200.42
1450820,2024,783644.34
1450820,2025,71839.75
1450820,2026,65861.88
1450859,2025,581253.0
1450859,2026,100550.0
1450861,2024,708965.0
1450861,2026,258337.0
1450883,2024,20781.9
1451119,2023,50.0
1451177,2025,1000.0
1451245,2023,155899.08
1451308,2023,595631.91
1451376,2023,24708.48
1451376,2024,69457.53
1451423,2023,439706.64
1451423,2024,376688.13
1451423,2025,3036082.58
1451423,2026,241385.6
1451461,2023,1679.12
1451461,2024,3253.7
1451461,2025,2485.96
1451461,2026,2088.28
1451483,2023,14061.51
1451483,2024,6833.82
1451483,2025,1515.95
1451915,2023,9070.65
1452034,2024,36500.0
1452034,2025,43800.0
1452034,2026,13400.0
1452051,2023,50.0
1452083,2023,27000.0
1452083,2024,24000.0
1452083,2026,82100.0
1452114,2023,49925.0
1452114,2024,20500.0
1452149,2023,206941.65
1452149,2024,369756.45
1452149,2025,458268.29
1452149,2026,582665.11
1452181,2024,514078.0
1452218,2023,10516.1
1452218,2024,122400.0
1452218,2025,23175.0
1452218,2026,925.0
1452276,2023,8204.07
1452276,2024,882661.97
1452276,2025,73742.54
1452276,2026,662256.3
1452570,2023,10000.0
1452641,2024,20100.0
1452641,2025,49900.0
1452641,2026,1378400.0
1452790,2023,232154.16
1452790,2024,835776.5
1452790,2025,855572.5
1452790,2026,687042.24
1452797,2023,350.0
1452811,2023,136922.15
1452811,2024,1515338.5
1452811,2025,610.0
1452811,2026,497.72
1452884,2023,40581.94
1452925,2023,145020.29
1452925,2025,162365.42
1453107,2023,29356.92
1453175,2024,5500.0
1453175,2025,108000.0
1453175,2026,33000.0
1453226,2023,1006954.1
1453226,2024,991316.0
1453226,2025,560625.0
1453226,2026,604200.0
1453329,2024,9749.0
1453368,2023,1042.65
1453390,2024,178000.0
1453390,2025,109800.0
1453390,2026,113300.0
1453500,2023,36400.0
1453557,2023,11951.0
1453695,2023,9784.41
1453695,2024,47982.7
1453695,2025,215751.46
1453695,2026,8878.33
1453702,2023,11000.0
1453729,2023,9486.48
1453729,2024,155766.09
1453739,2025,30000.0
1453739,2026,25000.0
1453755,2023,22170.77
1453755,2024,785737.67
1453755,2025,29689.4
1453755,2026,5106.99
1453801,2024,227000.0
1453801,2025,80000.0
1453801,2026,60000.0
1453804,2026,500000.0
1453827,2023,68510.27
1453827,2024,222672.06
1453827,2025,310630.75
1453827,2026,132505.38
1453853,2023,72416.8
1453853,2024,1068612.65
1453853,2025,216728.17
1453853,2026,283023.0
1453905,2023,1092702.6
1453913,2023,543725.51
1453913,2024,5073868.71
1453920,2023,13555.33
1453966,2023,4250.0
1453966,2024,3750.0
1453966,2025,36670.0
1454036,2024,30500.0
1454078,2024,110000.0
1454078,2026,190000.0
1454216,2023,344564.99
1454233,2026,255287.81
1454304,2024,10000.0
1454305,2024,39500.0
1454340,2023,2324.02
1454340,2024,765052.36
1454340,2025,4455.21
1454340,2026,3284.25
1454494,2023,33900.0
1454547,2023,22073.91
1454547,2024,565867.63
1454547,2025,6039.26
1454547,2026,259614.58
1454577,2024,66789.92
1454601,2023,8588.0
1454610,2023,33500.0
1454610,2024,178000.0
1454730,2023,199.91
1454782,2023,56380.0
1454782,2024,82375.86
1454782,2025,384463.48
1454786,2025,19000.0
1454824,2023,63900.0
1454875,2023,1026969.65
1454875,2024,2554700.0
1454875,2025,1210200.0
1454875,2026,1246100.0
1454904,2023,28152.05
1454906,2023,1902.05
1454906,2024,2684.31
1454906,2025,198578.66
1454906,2026,904180.24
1454918,2023,2050.0
1454918,2025,200.0
1454970,2023,96000.0
1454975,2023,239595.43
1454975,2024,3681518.34
1454975,2025,15464.84
1454999,2024,16000.0
1455032,2024,10000.0
1455101,2023,50100.0
1455101,2024,116000.0
1455101,2025,33300.0
1455136,2023,1000.0
1455136,2024,3500.0
1455183,2024,10000.0
1455183,2026,41700.0
1455185,2023,2500.0
1455185,2024,693.56
1455281,2023,42426.41
1455281,2024,276906.4
1455281,2025,10780.3
1455281,2026,2200.0
1455293,2023,158000.0
1455293,2024,36000.0
1455293,2025,70000.0
1455293,2026,748600.0
1455363,2023,13303.98
1455363,2024,25997.0
1455363,2025,10370.41
1455363,2026,27135.93
1455473,2025,306723.8
1455483,2026,1000.0
1455486,2024,120381.28
1455486,2026,16577.97
1455495,2024,54087.78
1455495,2025,12570.75
1455513,2026,25000.0
1455546,2026,328400.0
1455553,2025,22800.0
1455564,2024,25000.0
1455575,2023,500.0
1455652,2023,309015.15
1455652,2024,356029.52
1455652,2025,379005.41
1455652,2026,190000.0
1455665,2024,31950.0
1455665,2025,11120.0
1455709,2023,-73703.29
1455709,2024,164605.32
1455738,2024,1073.04
1455806,2024,10000.0
1455893,2023,1208.18
1455916,2024,76363.53
1455919,2023,39456.33
1455929,2023,400000.0
1455936,2023,105893.59
1455936,2024,2419444.81
1455936,2025,192213.21
1455936,2026,378341.48
1455943,2023,22000.0
1456010,2023,214500.0
1456010,2024,154500.0
1456010,2025,201200.0
1456010,2026,117900.0
1456040,2023,836.53
1456052,2023,6500.0
1456052,2024,5000.0
1456052,2025,21800.0
1456052,2026,110929.86
1456056,2024,4000.0
1456090,2023,14736.0
1456090,2024,15114.0
1456102,2023,24000.0
1456102,2024,96500.0
1456102,2025,79648.58
1456116,2023,30900.0
1456116,2024,55000.0
1456116,2922,5000.0
1456197,2023,61700.0
1456197,2024,110000.0
1456199,2026,250000.0
1456246,2023,115000.0
1456246,2024,330000.0
1456246,2025,11000.0
1456266,2023,163000.0
1456276,2024,86500.0
1456296,2023,46698.0
1456296,2025,10046.0
1456308,2024,62500.0
1456350,2023,147773.33
1456350,2024,184586.18
1456350,2025,458490.84
1456350,2026,538317.19
1456351,2024,47840.25
1456383,2024,36400.0
1456385,2024,36400.0
1456390,2023,435099.66
1456390,2024,1187711.15
1456420,2023,7792.0
1456422,2023,946570.82
1456422,2024,1248194.42
1456424,2023,3348775.76
1456424,2024,1483066.61
1456424,2025,1034436.28
1456426,2023,481120.5
1456426,2024,1996090.96
1456426,2025,726769.46
1456428,2023,2300312.3
1456428,2024,5689551.49
1456428,2025,5078969.53
1456428,2026,3342482.57
1456431,2023,14100.0
1456431,2024,76875.0
1456431,2025,652000.0
1456431,2026,56800.0
1456462,2023,113624.66
1456499,2023,516898.24
1456499,2024,579972.8
1456502,2023,801499.97
1456502,2024,3331707.71
1456502,2025,1119297.53
1456507,2023,549780.73
1456507,2024,1053310.53
1456507,2025,191462.84
1456509,2023,460939.56
1456509,2024,1039423.2
1456509,2025,40876.65
1456511,2023,7414226.0
1456511,2024,4247327.65
1456511,2025,1570144.14
1456524,2023,371478.65
1456524,2024,943596.77
1456524,2025,615294.22
1456526,2023,1970476.39
1456526,2024,7706834.45
1456526,2025,426398.53
1456526,2026,378940.88
1456530,2023,2029388.51
1456530,2024,2925519.4
1456530,2025,39247.78
1456532,2023,1367361.4
1456532,2024,2361542.75
1456532,2025,2036901.81
1456532,2026,137345.12
1456536,2023,380887.03
1456536,2024,1947528.21
1456536,2025,796625.38
1456538,2023,1254401.28
1456538,2024,3041986.04
1456538,2025,534247.68
1456543,2023,1014242.13
1456543,2024,2045112.92
1456543,2025,82205.98
1456547,2023,250.0
1456547,2024,8000.0
1456547,2025,2900.0
1456547,2026,2700.0
1456571,2023,227143.93
1456571,2024,132012.46
1456577,2023,1002479.82
1456577,2024,394366.36
1456577,2025,12551.71
1456580,2023,397708.92
1456580,2024,1190945.51
1456580,2025,640860.88
1456580,2026,1361.63
1456583,2023,943708.74
1456583,2024,173725.93
1456585,2023,138154.81
1456585,2024,51725.53
1456585,2025,159992.23
1456585,2026,175805.3
1456594,2023,267010.19
1456594,2024,194503.37
1456594,2025,221619.21
1456594,2026,37003.8
1456600,2023,203916.22
1456600,2024,3943559.45
1456600,2025,43023.63
1456602,2023,345133.25
1456602,2024,995180.94
1456602,2025,11891.84
1456604,2023,3222318.89
1456604,2024,3893821.08
1456604,2025,26953.66
1456608,2023,753518.8
1456608,2024,1482379.2
1456608,2025,22486.98
1456611,2023,1127731.55
1456611,2024,2322196.93
1456611,2025,143750.69
1456613,2023,2227601.33
1456613,2024,1126814.66
1456613,2025,1196273.96
1456613,2026,649257.92
1456615,2023,110666.19
1456615,2024,65568.0
1456615,2025,500.0
1456617,2023,87903.24
1456617,2024,496016.17
1456632,2023,980556.86
1456632,2024,20018830.78
1456632,2025,19527.07
1456634,2023,75902.0
1456634,2024,154000.0
1456636,2023,733777.98
1456636,2024,1972739.3
1456636,2025,432139.36
1456636,2026,281360.48
1456643,2024,20000.0
1456643,2025,40000.0
1456643,2026,10800.0
1456647,2023,63700.64
1456647,2024,130822.38
1456658,2023,115664.6
1456658,2024,99055.48
1456658,2025,304034.9
1456658,2026,368423.72
1456661,2023,31039.26
1456661,2024,40414.0
1456661,2025,83130.4
1456661,2026,48635.9
1456684,2023,125929.02
1456684,2024,690599.76
1456684,2025,377924.76
1456688,2023,210400.12
1456688,2024,1391553.61
1456688,2025,429272.15
1456690,2023,1464251.9
1456690,2024,2476781.8
1456690,2025,614705.86
1456714,2023,317366.55
1456714,2024,2342594.25
1456714,2025,861606.8
1456716,2023,1227876.83
1456716,2024,779935.76
1456718,2023,1171328.27
1456718,2024,21663.92
1456721,2023,1023628.64
1456721,2024,3862782.91
1456721,2025,259163.64
1456738,2023,268502.92
1456738,2024,1018659.66
1456738,2025,1006922.09
1456738,2026,2005976.4
1456740,2023,144873.54
1456740,2024,2605853.74
1456740,2025,12839.16
1456743,2023,24200.0
1456743,2026,58800.0
1456746,2023,39644.33
1456748,2023,464602.6
1456748,2024,2109864.05
1456748,2025,239760.52
1456759,2023,395985.68
1456759,2024,6576595.07
1456759,2025,108124.62
1456761,2023,165570.5
1456761,2024,200458.41
1456761,2025,292448.4
1456761,2026,415736.65
1456763,2023,1324.86
1456763,2024,45805.2
1456771,2023,450282.47
1456771,2024,972937.42
1456771,2025,210522.88
1456792,2023,105599.27
1456792,2024,350194.0
1456792,2025,1214.12
1456794,2023,316514.44
1456794,2024,2118131.91
1456794,2025,482623.12
1456805,2023,30160.37
1456805,2024,68972.53
1456805,2025,9147.5
1456818,2023,486630.44
1456818,2024,463159.47
1456818,2025,690687.32
1456818,2026,783725.07
1456830,2023,129337.0
1456830,2024,268600.0
1456844,2023,575589.69
1456844,2024,974198.89
1456844,2025,444601.34
1456867,2023,291347.4
1456867,2024,531135.03
1456867,2025,366084.79
1456867,2026,628965.1
1456888,2023,220132.25
1456888,2024,21551262.76
1456888,2025,40491.33
1456907,2023,7690.0
1456909,2023,189552.16
1456909,2024,404000.0
1456909,2025,13800.0
1456912,2023,291426.17
1456912,2024,542404.08
1456912,2025,356352.43
1456912,2026,324339.44
1456918,2023,570365.13
1456918,2024,894556.31
1456918,2025,353323.14
1456932,2023,549953.46
1456932,2024,1016413.32
1456932,2025,349948.78
1456932,2026,133006.24
1456936,2023,16437.38
1456936,2024,24023.31
1456936,2025,1431.19
1456951,2023,299367.28
1456951,2024,396394.05
1456951,2025,654322.2
1456951,2026,2878982.82
1456953,2023,1046613.88
1456953,2024,4463638.51
1456953,2025,349375.64
1456953,2026,8361.15
1456955,2023,280740.33
1456955,2024,3735731.47
1456955,2025,63043.32
1456955,2026,160.0
1456968,2023,805683.59
1456968,2024,2307451.36
1456968,2025,71974.25
1456970,2023,752723.53
1456970,2024,2019762.46
1457019,2023,1186824.12
1457019,2024,2385880.14
1457019,2025,698066.83
1457022,2023,2064223.66
1457022,2024,1759125.14
1457022,2025,619952.39
1457022,2026,4462.7
1457051,2023,788639.7
1457051,2024,337558.83
1457051,2025,198153.89
1457054,2023,42308.51
1457054,2024,149969.72
1457054,2025,87902.04
1457054,2026,231896.81
1457117,2024,115328.72
1457117,2025,200.0
1457121,2023,83410.09
1457121,2024,129945.84
1457127,2024,54900.0
1457134,2024,118055.62
1457134,2025,60204.14
1457136,2024,82933.48
1457136,2025,51718.57
1457138,2024,15983.98
1457139,2024,89265.62
1457139,2025,37031.65
1457142,2024,16994.3
1457145,2024,20437.5
1457145,2025,28286.11
1457147,2024,38426.31
1457148,2024,32808.44
1457148,2025,33013.6
1457150,2024,62225.74
1457150,2025,41984.83
1457154,2024,97244.43
1457154,2025,57585.4
1457156,2024,73379.76
1457156,2025,45328.23
1457161,2023,127833.78
1457161,2024,726805.56
1457164,2024,144505.83
1457164,2025,29139.89
1457167,2024,28476.76
1457167,2025,30714.01
1457170,2024,16568.63
1457173,2024,89184.36
1457173,2025,52235.78
1457178,2024,126414.87
1457178,2025,73898.17
1457178,2026,31786.75
1457179,2024,19886.41
1457180,2023,30180.0
1457180,2024,238276.59
1457180,2025,58368.84
1457181,2024,128218.42
1457181,2025,59421.44
1457182,2023,158000.0
1457184,2024,45217.35
1457186,2024,71085.21
1457186,2025,44248.73
1457188,2024,87480.99
1457188,2025,65192.04
1457191,2024,89998.97
1457191,2025,55303.24
1457193,2024,39698.08
1457196,2024,27773.02
1457197,2023,286810.39
1457197,2024,960782.44
1457198,2024,80818.65
1457198,2025,52192.41
1457199,2024,29946.95
1457199,2025,34881.26
1457202,2024,16254.1
1457205,2023,44340.0
1457205,2024,126517.53
1457205,2025,67435.92
1457205,2026,33391.86
1457210,2023,505030.37
1457210,2024,7661263.0
1457210,2025,445368.73
1457212,2024,58760.64
1457212,2025,37179.73
1457214,2024,24383.76
1457214,2025,37331.8
1457215,2024,89773.34
1457215,2025,54532.3
1457216,2024,53286.06
1457221,2024,65452.71
1457221,2025,44087.04
1457222,2024,184840.43
1457222,2025,94460.08
1457222,2026,31033.67
1457223,2024,107375.46
1457223,2025,63559.76
1457224,2024,79929.65
1457224,2025,40452.86
1457226,2024,249850.44
1457226,2025,143630.82
1457226,2026,25610.29
1457227,2024,93528.5
1457227,2025,57277.61
1457228,2024,38071.43
1457229,2024,20048.68
1457230,2024,25330.02
1457230,2025,27111.54
1457231,2024,25476.62
1457231,2025,31284.68
1457235,2024,88753.31
1457235,2025,69532.36
1457237,2024,16318.06
1457238,2024,23595.36
1457239,2023,29650.0
1457239,2024,238134.37
1457239,2025,129926.1
1457239,2026,44536.77
1457241,2024,65046.82
1457241,2025,37740.76
1457243,2024,91985.84
1457243,2025,69465.33
1457244,2024,96080.31
1457244,2025,58059.26
1457246,2024,34395.5
1457246,2025,35707.52
1457247,2024,144725.51
1457247,2025,71355.16
1457247,2026,33659.44
1457252,2024,60023.66
1457252,2025,36114.64
1457253,2024,134954.13
1457253,2025,123576.39
1457253,2026,39835.55
1457254,2024,148863.78
1457254,2025,72722.53
1457258,2024,61127.6
1457258,2025,36594.55
1457259,2024,212019.41
1457259,2025,26313.14
1457260,2023,35425.0
1457260,2024,279603.34
1457260,2025,130494.89
1457260,2026,46070.68
1457262,2024,67379.86
1457262,2025,41673.72
1457263,2024,75519.87
1457263,2025,36377.7
1457264,2024,32447.35
1457264,2025,33902.2
1457266,2024,102701.72
1457266,2025,61005.46
1457268,2024,23517.47
1457269,2024,24285.49
1457269,2025,25738.94
1457270,2023,35860.0
1457270,2024,306695.72
1457270,2025,132999.5
1457270,2026,27628.12
1457272,2024,26162.61
1457272,2025,27955.95
1457274,2024,20621.64
1457275,2024,143765.32
1457275,2025,73371.6
1457275,2026,26741.93
1457283,2024,87690.28
1457283,2025,58353.57
1457288,2024,34803.58
1457288,2025,41413.57
1457290,2024,34454.84
1457293,2024,138956.76
1457293,2025,74696.58
1457293,2026,30023.72
1457299,2024,92071.78
1457299,2025,38172.71
1457313,2023,1573196.44
1457313,2024,2024202.78
1457313,2025,170953.85
1457318,2023,96459.2
1457318,2024,259795.25
1457323,2024,86565.99
1457323,2025,49605.29
1457336,2024,98649.52
1457336,2025,39854.8
1457340,2024,89110.66
1457340,2025,51984.48
1457360,2023,4100320.65
1457360,2024,6489112.72
1457360,2025,7689193.34
1457360,2026,25491621.36
1457367,2023,344824.1
1457367,2024,654387.04
1457367,2025,362343.41
1457367,2026,327972.71
1457375,2024,133025.2
1457375,2025,67651.27
1457387,2023,520684.96
1457387,2024,1832564.22
1457394,2023,105979.67
1457394,2024,53467.31
1457401,2023,45486.45
1457401,2024,9610.45
1457405,2024,10000.0
1457413,2024,152773.6
1457413,2025,80789.66
1457413,2026,29478.17
1457439,2023,2100.0
1457439,2024,1600.0
1457439,2025,3200.0
1457439,2026,800.0
1457441,2023,477213.38
1457441,2024,25029.83
1457444,2023,257468.93
1457444,2024,489890.95
1457472,2023,51082.85
1457472,2024,599545.59
1457472,2025,11004.1
1457478,2023,1112710.27
1457478,2024,2587179.63
1457478,2025,183195.17
1457485,2023,277509.97
1457485,2024,398382.23
1457485,2025,96319.59
1457488,2025,8198.6
1457495,2023,216749.54
1457495,2024,252578.57
1457495,2025,314169.36
1457495,2026,318472.14
1457501,2023,249604.75
1457501,2024,991602.28
1457507,2024,13200.0
1457538,2023,118074.33
1457538,2024,957362.89
1457538,2025,236922.24
1457550,2025,28662.24
1457557,2023,10500.0
1457590,2023,498434.55
1457590,2024,361521.42
1457596,2023,507423.58
1457596,2024,1750046.22
1457641,2023,38575.0
1457643,2023,251160.75
1457643,2024,490264.07
1457643,2025,392043.9
1457651,2023,961286.98
1457651,2024,888320.75
1457651,2025,134224.33
1457651,2026,1406.54
1457655,2023,157239.45
1457655,2024,3418412.5
1457655,2025,45910.72
1457659,2023,12974.65
1457659,2024,6056.28
1457659,2025,531.09
1457659,2026,86950.0
1457661,2023,520937.85
1457661,2024,381960.97
1457661,2025,253791.02
1457661,2026,422781.19
1457672,2023,1109802.47
1457672,2024,71752.17
1457684,2023,56017.16
1457688,2023,186298.22
1457688,2024,1712499.45
1457688,2025,8181.2
1457691,2025,600650.0
1457691,2026,18350.0
1457695,2023,114006.1
1457695,2024,1633061.1
1457695,2025,11250.0
1457695,2026,3750.0
1457704,2023,72095.17
1457704,2024,66661.76
1457704,2025,1254.12
1457723,2023,42078.73
1457723,2024,1308593.01
1457725,2023,751807.81
1457725,2024,1705262.48
1457730,2023,340539.43
1457730,2024,503833.62
1457730,2025,695775.22
1457730,2026,196472.52
1457733,2023,58595.62
1457733,2024,87738.25
1457733,2025,25404.31
1457733,2026,23612.48
1457786,2024,25000.0
1457803,2024,100069.83
1457803,2025,36806.26
1457810,2023,3050.92
1457810,2024,354095.96
1457810,2025,2909.87
1457810,2026,2320.71
1457812,2023,414126.91
1457812,2024,587187.57
1457815,2023,427195.32
1457815,2024,286928.86
1457818,2023,7282.7
1457818,2024,28556.23
1457818,2025,95690.63
1457818,2026,228219.49
1457839,2024,103300.0
1457839,2025,54250.0
1457859,2023,236934.18
1457859,2024,696883.94
1457859,2025,115313.13
1457870,2023,1554.0
1457940,2023,27780.0
1457940,2024,268577.76
1457940,2025,146424.47
1457940,2026,50447.74
1457944,2023,42109.0
1457944,2024,16184.08
1457952,2023,1477531.17
1457952,2024,2786876.09
1457952,2025,8379.16
1457954,2023,471427.73
1457954,2024,3988973.21
1457954,2025,22848.76
1457988,2024,34800.0
1458016,2023,150004.0
1458016,2024,1025040.6
1458016,2025,84541.22
1458017,2023,34000.0
1458017,2024,36500.0
1458017,2025,608000.0
1458017,2026,151800.0
1458019,2023,24500.0
1458026,2024,30000.0
1458066,2026,250000.0
1458103,2023,27000.0
1458114,2023,296914.36
1458114,2024,482198.58
1458114,2025,106558.53
1458114,2026,25958.2
1458117,2023,256433.35
1458117,2024,331195.5
1458117,2025,151991.55
1458117,2026,16338.41
1458120,2023,1210.0
1458120,2024,3793.33
1458120,2025,16055.59
1458128,2024,549229.57
1458131,2023,71871.8
1458131,2024,1827076.14
1458144,2023,1233.84
1458144,2024,3814.4
1458144,2025,3024.76
1458152,2023,10274.18
1458152,2024,2857.86
1458152,2025,100.0
1458152,2026,100.0
1458176,2023,200329.71
1458176,2024,71581.01
1458186,2023,356444.27
1458186,2024,2479938.41
1458186,2025,68673.66
1458186,2026,2641.21
1458209,2023,605.0
1458301,2023,28007.78
1458301,2024,55810.0
1458308,2023,92466.15
1458308,2024,73218.98
1458308,2025,1004754.63
1458308,2026,2497.5
1458343,2023,63833.76
1458343,2024,24930.92
1458343,2025,2885.3
1458353,2023,967367.15
1458365,2023,142724.64
1458365,2024,43461.7
1458365,2025,42232.11
1458365,2026,2269.83
1458384,2023,808.0
1458388,2023,32019.67
1458388,2024,295492.66
1458388,2025,16180.22
1458397,2023,175381.7
1458397,2024,261144.15
1458415,2023,500.0
1458415,2024,48750.0
1458415,2025,44369.56
1458415,2026,85579.43
1458459,2023,179265.54
1458459,2024,1243325.56
1458459,2025,81420.38
1458522,2025,1300260.6
1458522,2026,34945.43
1458544,2023,725243.85
1458544,2024,3294110.69
1458553,2023,1481.17
1458568,2023,57393.79
1458568,2024,60038.36
1458568,2025,235379.21
1458573,2023,53318.0
1458576,2023,900.0
1458576,2024,143282.21
1458578,2023,28481.12
1458578,2024,52455.54
1458645,2023,9266.82
1458645,2024,6712.76
1458645,2025,12851.57
1458645,2026,15861.78
1458668,2023,25121.86
1458668,2024,5413.71
1458674,2023,66975.06
1458674,2024,181974.38
1458674,2025,139.0
1458683,2024,100.0
1458746,2023,4431.03
1458753,2023,21437.16
1458753,2024,40797.43
1458753,2025,1119.52
1458767,2023,40131.71
1458767,2024,73629.37
1458770,2023,344042.49
1458770,2024,3023621.46
1458770,2025,12807.31
1458770,2026,360.0
1458779,2023,30214.22
1458779,2024,16968.2
1458779,2025,11045.41
1458787,2023,196030.15
1458787,2024,409035.88
1458805,2023,22820.7
1458805,2024,26965.0
1458805,2025,18335.0
1458805,2026,25000.0
1458816,2023,55700.0
1458816,2024,50000.0
1458821,2023,727074.28
1458821,2024,710503.33
1458821,2025,13461.39
1458821,2026,1580.5
1458828,2025,280000.0
1458873,2023,855096.08
1458873,2024,4848329.3
1458873,2025,8308.73
1458904,2025,52500.0
1458912,2023,10322820.77
1458912,2024,110730006.48
1458912,2025,202279.31
1458912,2026,515.0
1458920,2023,44901.28
1458920,2024,150033.76
1458920,2025,6203.79
1458928,2023,33387.22
1458933,2023,12808.74
1458933,2024,67429.42
1458935,2023,6683.0
1458935,2024,5280.0
1458946,2023,39517.63
1458946,2024,41138.79
1458948,2023,3689.02
1458948,2024,5556.96
1458948,2025,2160.53
1458948,2026,4355.11
1458989,2023,15895.19
1458989,2024,123194.9
1459000,2023,49329.46
1459000,2024,221749.35
1459003,2023,13630.0
1459003,2024,34750.0
1459003,2025,63520.0
1459003,2026,-1720.0
1459007,2023,105034.65
1459007,2024,998731.38
1459007,2025,604521.06
1459007,2026,2055867.84
1459009,2023,34666.09
1459009,2024,144488.41
1459009,2025,19437.17
1459009,2026,75939.29
1459062,2023,12174.27
1459062,2024,57871.22
1459062,2025,27909.23
1459062,2026,2008.09
1459080,2023,48950.76
1459080,2024,161572.38
1459080,2025,2475.1
1459088,2023,215790.95
1459088,2024,91653.64
1459088,2025,1101.06
1459088,2026,8002.0
1459103,2024,15547.68
1459127,2024,23260.01
1459150,2023,370126.18
1459150,2024,2062289.22
1459150,2025,13613.52
1459171,2023,291680.26
1459171,2024,8534109.94
1459171,2025,15394.03
1459175,2023,124343.84
1459175,2024,216783.09
1459175,2025,20474.86
1459187,2023,142268.31
1459187,2024,92434.43
1459187,2025,88143.72
1459348,2023,1446.94
1459348,2024,3371.17
1459348,2025,1686.73
1459419,2023,50577.22
1459419,2024,8432.68
1459419,2025,4207.81
1459424,2023,2721.94
1459424,2024,34626.15
1459424,2025,2528.46
1459429,2023,230877.96
1459429,2024,943018.93
1459429,2025,1453.63
1459438,2024,450.0
1459438,2025,209.99
1459472,2023,1456276.43
1459472,2024,3398134.07
1459556,2023,17755.38
1459569,2023,275000.0
1459569,2024,1694933.0
1459569,2025,1599.69
1459569,2026,1500000.0
1459571,2023,274330.16
1459571,2024,7585587.42
1459571,2025,49746.77
1459576,2024,4387.33
1459576,2025,25072.79
1459576,2026,48395.24
1459584,2023,27555.5
1459584,2024,36000.51
1459584,2025,35880.02
1459584,2026,7635.0
1459614,2023,186889.59
1459622,2023,1532425.4
1459632,2023,117597.31
1459632,2024,1518912.2
1459641,2024,2833546.61
1459641,2026,520000.0
1459663,2023,173546.45
1459663,2024,414100.0
1459663,2025,17820.3
1459663,2026,212857.53
1459665,2023,185191.31
1459665,2024,192285.55
1459665,2025,76861.41
1459665,2026,6107.46
1459667,2023,10625.63
1459667,2024,1473.37
1459677,2023,382973.84
1459677,2024,1302147.39
1459687,2023,523.37
1459760,2023,22500.0
1459760,2024,38000.0
1459766,2023,130742.75
1459766,2024,57954.33
1459815,2024,183500.0
1459824,2023,327528.47
1459824,2024,1178609.01
1459824,2025,1151.29
1459824,2026,5205.0
1459853,2024,22700.0
1459884,2023,3455.0
1459884,2024,84095.0
1459901,2023,285855.76
1459901,2024,2315042.07
1459901,2025,628040.8
1459921,2023,68394.52
1459921,2024,337072.18
1459921,2025,39104.92
1459933,2023,67819.72
1459933,2024,94500.76
1459933,2025,116095.41
1459933,2026,4718.11
1459950,2023,53490.03
1459950,2024,412290.64
1459950,2025,2930.92
1459954,2023,6928.27
1459954,2024,3397.43
1459954,2025,12513.68
1459954,2026,1687.08
1460033,2023,688599.62
1460033,2024,2442437.24
1460033,2025,9661304.94
1460033,2026,115852.7
1460035,2023,165363.28
1460035,2024,83908.0
1460040,2023,36009.8
1460135,2023,18182.76
1460135,2024,9503.45
1460136,2023,91532.28
1460136,2024,47996.72
1460136,2025,73295.16
1460139,2023,84543.17
1460139,2024,734253.07
1460139,2025,26564.65
1460187,2024,35259.0
1460201,2023,112721.31
1460201,2024,328407.98
1460201,2025,34155.29
1460206,2023,153600.0
1460206,2026,198400.0
1460238,2023,218739.9
1460238,2024,850834.49
1460238,2025,12839.39
1460238,2026,4938.11
1460241,2023,62828.75
1460241,2024,198706.31
1460244,2023,30155.65
1460270,2023,11786.4
1460270,2024,27545.84
1460272,2023,30576.49
1460272,2024,39307.43
1460315,2024,3285.92
1460317,2024,145983.9
1460317,2025,12871.5
1460317,2026,5805.0
1460319,2023,129366.52
1460319,2024,80859.65
1460319,2025,750.0
1460319,2026,4205.14
1460341,2023,600.0
1460341,2024,5697.74
1460341,2025,629940.59
1460341,2026,182416.52
1460345,2023,15811.87
1460345,2024,27711.03
1460345,2025,12578.0
1460347,2023,28775.98
1460358,2023,59897.21
1460358,2024,122675.7
1460372,2023,283881.35
1460372,2024,1902398.02
1460372,2025,4940.51
1460416,2023,52694.7
1460416,2024,141242.6
1460453,2023,126321.37
1460453,2024,446918.38
1460456,2023,229139.12
1460456,2024,892983.17
1460456,2025,97991.85
1460456,2026,15034.7
1460459,2023,426668.86
1460459,2024,1226543.09
1460462,2023,1600.96
1460462,2024,1047.37
1460521,2023,6925.56
1460521,2024,17652.66
1460521,2025,55720.14
1460521,2026,72383.28
1460531,2023,48146.48
1460531,2024,68562.57
1460531,2025,12437.43
1460549,2023,45214.11
1460549,2024,194596.74
1460553,2024,14616.81
1460553,2025,2992.8
1460553,2026,2533.8
1460595,2023,345104.88
1460595,2024,884490.27
1460597,2024,14978.25
1460597,2025,4075.0
1460602,2023,32820.88
1460602,2024,35277.88
1460602,2025,296091.34
1460602,2026,102246.6
1460612,2023,61706.16
1460612,2024,272470.86
1460612,2025,1748.32
1460614,2024,4000.0
1460637,2023,25911.71
1460637,2024,19696.73
1460689,2023,164480.52
1460689,2024,36482.75
1460689,2025,102060.96
1460689,2026,116504.04
1460720,2023,196285.14
1460720,2024,6605169.2
1460720,2025,225075.8
1460720,2026,34603.72
1460722,2023,900.0
1460722,2024,2650.0
1460727,2023,117357.88
1460727,2024,181770.16
1460844,2023,132329.27
1460844,2024,333388.97
1460844,2025,7800.0
1460844,2026,8690.67
1460932,2023,2228930.28
1460932,2024,24126398.89
1460932,2025,23761709.55
1460932,2026,5796375.41
1460934,2023,399055.71
1460934,2024,8795504.92
1460934,2025,74217.76
1460943,2023,57512.47
1460970,2023,43301.74
1460970,2024,60874.15
1460970,2025,210364.31
1460970,2026,146363.77
1460984,2023,19640.86
1460984,2024,11710.95
1460984,2025,145.99
1461006,2023,43361.6
1461006,2024,11346.6
1461009,2023,198359.56
1461009,2024,241182.24
1461025,2023,2365.5
1461025,2024,85200.02
1461025,2025,269719.78
1461025,2026,125023.62
1461152,2023,11423.11
1461152,2024,1082.09
1461159,2023,26324.42
1461159,2024,231766.38
1461222,2023,10597.85
1461222,2024,405614.61
1461222,2025,521638.85
1461225,2023,20042.41
1461225,2024,139775.76
1461225,2025,109165.74
1461225,2026,40287.66
1461257,2024,3209.94
1461257,2025,100.0
1461257,2026,100.0
1461284,2023,14907.41
1461284,2024,11259.89
1461287,2023,460886.42
1461291,2023,12862.19
1461300,2023,36334.91
1461300,2024,156151.83
1461307,2023,2629.63
1461307,2024,43931.03
1461307,2025,80.24
1461314,2023,25100.0
1461314,2024,52175.0
1461314,2025,21250.0
1461314,2026,93000.0
1461390,2023,26928.79
1461390,2024,10451.94
1461432,2023,151684.48
1461432,2024,1173525.41
1461436,2023,200.0
1461436,2024,6726840.95
1461436,2025,367307.28
1461436,2026,2447839.38
1461442,2023,82302.19
1461442,2024,323183.88
1461504,2023,76767.18
1461504,2024,2768313.69
1461509,2023,456683.42
1461509,2024,1378366.14
1461509,2025,1050428.77
1461509,2026,3073255.66
1461542,2023,396.45
1461542,2024,180074.06
1461542,2025,12945.27
1461562,2023,62310.7
1461562,2024,520856.22
1461568,2023,10220358.0
1461571,2023,74642.13
1461592,2023,45036.52
1461592,2024,233240.66
1461592,2025,424959.8
1461592,2026,595049.89
1461594,2024,50000.0
1461597,2025,55000.0
1461627,2023,36400.0
1461629,2023,36400.0
1461632,2024,141107.2
1461632,2025,90800.14
1461632,2026,3520.0
1461642,2023,1300.0
1461642,2024,1780.0
1461676,2023,38111.28
1461676,2024,17658.72
1461693,2023,108581.76
1461693,2024,349152.96
1461694,2023,19664.48
1461702,2023,54824.75
1461702,2024,1147002.39
1461729,2023,1627.46
1461729,2024,541.65
1461735,2023,14500.0
1461774,2023,29051.93
1461774,2024,46164.55
1461777,2023,10000.0
1461807,2023,58747.64
1461807,2024,160564.42
1461810,2023,25727.11
1461810,2024,123939.17
1461815,2023,26750.0
1461815,2025,47825.0
1461815,2026,13991.87
1461826,2023,57230.21
1461826,2024,130822.75
1461833,2023,45950.0
1461833,2026,25000.0
1461854,2023,9991.29
1461858,2023,15000.0
1461862,2024,1302.5
1461871,2023,27100.0
1461871,2024,22206.84
1461871,2025,30250.0
1461871,2026,18000.0
1461884,2023,25207.3
1461884,2024,231760.54
1461884,2025,1959.14
1461897,2023,36569.12
1461897,2024,315461.54
1461897,2025,1129.09
1461898,2023,41200.0
1461907,2023,37400.0
1461908,2023,49990.0
1461942,2023,46500.0
1461942,2024,25000.0
1461942,2025,30900.0
1461942,2026,78202.68
1461947,2023,200.0
1461947,2024,195.05
1461972,2023,77000.0
1461972,2024,68500.0
1461972,2025,37800.0
1461972,2026,16500.0
1461975,2023,35500.0
1461975,2024,35000.0
1461991,2023,67557.4
1461991,2024,76049.0
1461991,2025,12000.0
1461997,2023,44000.0
1461997,2024,86260.0
1461997,2025,115230.0
1461997,2026,60900.0
1462013,2023,23132.52
1462013,2024,176641.98
1462081,2023,6198.84
1462081,2024,1006.25
1462081,2025,4977.85
1462089,2023,59696.07
1462089,2024,175346.27
1462110,2023,16000.0
1462110,2024,95500.0
1462110,2025,196500.0
1462110,2026,123500.0
1462170,2023,26863.72
1462170,2024,62596.26
1462197,2023,98166.78
1462197,2024,59248.32
1462208,2025,10500.0
1462230,2023,153633.28
1462230,2024,2317335.66
1462230,2025,13926.72
1462239,2023,12450.5
1462239,2024,178527.44
1462239,2025,454323.8
1462239,2026,1141094.0
1462289,2023,6535.72
1462289,2024,479.5
1462311,2023,4368.44
1462311,2024,493.12
1462320,2023,1096107.72
1462320,2024,7058071.85
1462320,2025,221152.23
1462320,2026,51975.69
1462395,2024,500.0
1462395,2025,4300.0
1462395,2026,714.99
1462433,2023,32280.42
1462433,2024,153959.62
1462440,2023,49826.73
1462440,2024,82672.92
1462453,2023,5335.57
1462453,2024,134216.0
1462469,2023,68831.96
1462469,2024,5305.91
1462485,2023,63572.36
1462485,2024,95075.78
1462485,2025,219.03
1462485,2026,638.5
1462566,2023,16934.87
1462568,2023,3697.54
1462573,2023,9117050.26
1462573,2024,357979124.05
1462573,2025,223010.81
1462573,2026,1950.77
1462612,2023,50000.0
1462612,2024,10000.0
1462631,2024,479.79
1462641,2023,10026.94
1462661,2025,8384.05
1462672,2023,14954.24
1462672,2024,6995574.65
1462672,2025,162555.86
1462672,2026,188453.04
1462692,2023,18200.0
1462692,2024,132500.0
1462692,2025,149400.0
1462692,2026,50000.0
1462711,2023,2692.25
1462711,2024,1202333.4
1462711,2025,90172.46
1462715,2023,7982.08
1462715,2024,1497.0
1462715,2025,15770.92
1462717,2024,234.9
1462725,2023,18000.0
1462725,2024,72500.0
1462725,2025,67600.0
1462750,2023,159600.0
1462750,2024,65050.0
1462750,2025,112081.72
1462750,2026,82975.05
1462782,2025,17210.0
1462796,2023,6283760.5
1462796,2024,180987083.37
1462796,2025,110341.31
1462813,2024,43042.16
1462815,2023,2217.55
1462820,2024,204500.0
1462820,2025,68000.0
1462820,2026,7500.0
1462898,2023,3400.8
1462930,2025,7101.84
1462930,2026,3443.97
1462938,2023,409045.58
1462938,2024,46108520.65
1462942,2023,22247.0
1462942,2024,4120129.66
1462942,2025,5714.14
1462942,2026,121000.0
1462946,2023,24056.82
1462946,2024,177575.03
1462952,2023,15086.17
1462952,2024,9186.06
1462954,2023,33591.27
1462954,2024,29765.66
1462971,2025,12521.53
1462971,2026,49286.25
1462983,2023,11132.42
1462983,2024,26215259.33
1463006,2023,45000.0
1463006,2024,66000.0
1463006,2025,18000.0
1463006,2026,2500.0
1463025,2025,30900.0
1463027,2024,10000.0
1463033,2023,4674.49
1463042,2023,1111.61
1463042,2024,43455.24
1463047,2024,69446.66
1463047,2025,250.0
1463053,2023,2500.0
1463062,2023,8368.88
1463062,2024,1579516.64
1463062,2025,8585.0
1463076,2023,37437.84
1463076,2024,94576.78
1463089,2023,25000.0
1463089,2024,47000.0
1463120,2023,22785.04
1463120,2024,76686.76
1463120,2025,5236.63
1463120,2026,281.14
1463128,2023,34217.56
1463128,2024,93580.26
1463170,2023,22821.25
1463170,2024,530113.72
1463170,2025,23700.62
1463224,2023,200.0
1463224,2024,2954042.0
1463224,2025,714598.0
1463224,2026,1478885.21
1463243,2023,18200.0
1463263,2024,9151.88
1463263,2025,306.84
1463275,2023,18214.59
1463327,2023,13787.22
1463327,2024,26292.53
1463346,2023,1850.0
1463346,2024,118650.0
1463346,2025,23000.0
1463346,2026,5600.0
1463380,2023,40974.07
1463380,2024,1558367.96
1463410,2023,12000.0
1463410,2024,10845.3
1463410,2025,72479.52
1463410,2026,58827.34
1463417,2023,7945.8
1463417,2024,489323.24
1463417,2025,1740.53
1463444,2023,17259.57
1463444,2024,465546.17
1463459,2023,3195.28
1463459,2024,65619.53
1463471,2023,2311.94
1463471,2024,31999.98
1463471,2025,1634.69
1463488,2023,8125.58
1463488,2024,264641.85
1463488,2025,11043.79
1463493,2023,36101.25
1463493,2024,55431.32
1463534,2023,42024.04
1463534,2024,774034.1
1463541,2023,14776.01
1463543,2023,68957.57
1463543,2024,624015.28
1463543,2025,2650.0
1463543,2026,1485.33
1463564,2023,12728.37
1463564,2024,25715.34
1463564,2025,3823.54
1463568,2023,25500.0
1463568,2024,174200.0
1463568,2025,11500.0
1463568,2026,22500.0
1463575,2024,5430.11
1463617,2024,168575.75
1463617,2025,1829.5
1463617,2026,117292.59
1463623,2023,15698.48
1463623,2024,73653.92
1463655,2023,93022.0
1463665,2023,266569.07
1463665,2024,2183514.15
1463665,2025,1641.74
1463665,2026,311408.32
1463694,2023,23878.95
1463695,2023,23878.95
1463706,2023,21924.24
1463706,2024,26691.0
1463733,2024,778537.5
1463733,2025,8582.0
1463733,2026,139802.42
1463757,2023,41900.0
1463757,2024,15500.0
1463757,2026,40595.0
1463819,2023,20778.16
1463819,2024,240.0
1463819,2025,1026.56
1463834,2023,1659.48
1463834,2024,25751.76
1463834,2025,5753.78
1463844,2024,444269.59
1463844,2025,665634.17
1463844,2026,44394.96
1463883,2023,500.0
1463883,2024,168822.01
1463901,2024,500.0
1463903,2023,10000.0
1463903,2024,25000.0
1463903,2025,10000.0
1463944,2023,8710.35
1463944,2024,117045.06
1463944,2025,125.0
1463944,2026,41539.84
1463960,2023,31281.66
1463960,2024,59858.75
1463960,2025,7741.18
1463992,2023,12847.52
1463992,2024,10726.2
1463992,2025,2890.0
1463992,2026,50.0
1464029,2023,18482.5
1464029,2024,131218.95
1464048,2023,1019691.0
1464048,2024,12780955.86
1464069,2023,7298.75
1464069,2024,36523.53
1464069,2025,2425.58
1464074,2023,1040.0
1464074,2024,158771.05
1464074,2025,219.29
1464191,2023,6561.87
1464191,2024,3170.35
1464211,2024,41858.29
1464211,2025,841.77
1464228,2023,79058.2
1464228,2024,1836072.85
1464234,2023,7798.28
1464234,2024,434087.72
1464242,2023,5481.82
1464242,2024,46319.18
1464294,2023,40911.74
1464294,2024,193579.68
1464298,2023,17944.99
1464298,2024,12186.24
1464339,2023,54004.06
1464339,2024,2018949.57
1464339,2025,89169.4
1464368,2023,16488.18
1464368,2024,33718.88
1464381,2023,5736.55
1464381,2024,17932.06
1464389,2023,10447.21
1464389,2024,185983.57
1464389,2025,16094.58
1464394,2023,28097.46
1464394,2024,1099417.48
1464398,2023,95500.0
1464398,2024,500.0
1464402,2023,2538.15
1464402,2024,608267.73
1464439,2023,1107.5
1464439,2024,108319.93
1464439,2025,120.0
1464454,2023,16483.17
1464454,2024,790672.7
1464454,2025,73522.56
1464468,2023,7567.78
1464468,2024,5238.94
1464470,2023,19548.3
1464470,2024,73269.98
1464480,2023,11774.52
1464480,2024,221792.72
1464480,2025,12432.47
1464480,2026,3750.0
1464521,2023,30548.9
1464521,2024,55243.53
1464521,2026,62691.92
1464526,2023,62180.25
1464526,2024,5464036.47
1464526,2025,260960.82
1464527,2023,11000.0
1464527,2026,78400.0
1464532,2023,13940.26
1464532,2024,39838.8
1464532,2025,4410.5
1464570,2023,1627.14
1464570,2024,15412.52
1464585,2023,5712.09
1464585,2024,142235.21
1464590,2023,48009.48
1464590,2024,1496851.88
1464590,2025,152790.52
1464600,2024,13996.97
1464600,2025,125.0
1464612,2023,12540.73
1464612,2024,227424.56
1464612,2025,11047.22
1464621,2023,250.0
1464621,2024,2587.45
1464642,2023,15431.22
1464642,2024,1171620.23
1464642,2025,140221.84
1464646,2023,27032.94
1464646,2024,243023.53
1464649,2023,61948.7
1464649,2024,2984392.36
1464651,2023,5873.23
1464651,2024,31128.41
1464730,2024,357111.03
1464730,2025,202984.15
1464730,2026,220200.0
1464732,2023,500.0
1464732,2024,28530.17
1464732,2025,1084.72
1464759,2025,6000.0
1464761,2023,35000.0
1464761,2024,1000.0
1464761,2025,23000.0
1464761,2026,5834.0
1464784,2023,1916.4
1464784,2024,4226000.24
1464784,2025,21799.82
1464808,2023,14463.72
1464808,2024,97631.76
1464814,2023,354.0
1464814,2024,9984.98
1464828,2023,48900.0
1464828,2024,413009.31
1464831,2023,250.0
1464831,2024,1000.0
1464835,2023,79800.0
1464835,2024,319794.0
1464835,2025,64079.0
1464844,2024,1408.49
1464855,2023,23500.0
1464855,2024,33700.0
1464855,2025,35800.0
1464855,2026,18800.0
1464859,2023,1722.68
1464859,2024,25053.7
1464876,2023,159.8
1464876,2024,144801.36
1464888,2023,3000.0
1464888,2024,808217.17
1464888,2025,195.0
1464888,2026,476.59
1464899,2024,399.64
1464908,2024,76774.77
1464935,2023,120.75
1464935,2024,92073.45
1464935,2025,1185.33
1464955,2023,218786.5
1464955,2024,4122716.43
1464959,2023,9500.0
1464959,2024,192255.95
1464959,2025,5278.7
1464970,2025,3881.68
1464977,2023,250.0
1464977,2024,84027.62
1464977,2025,5068.51
1464981,2023,6693.45
1464981,2024,1202474.33
1464981,2025,133507.24
1464981,2026,17924.47
1464986,2023,3183.76
1464986,2024,805654.32
1464986,2025,562.5
1464998,2024,57746.63
1464998,2025,748613.88
1464998,2026,71215.01
1465001,2023,98250.0
1465001,2024,388500.0
1465022,2023,1318.21
1465022,2024,122984.45
1465071,2023,1245966.2
1465071,2024,1493829.55
1465095,2024,1324.88
1465109,2023,33743.36
1465109,2024,1874163.25
1465116,2023,167.04
1465116,2024,82197.95
1465134,2024,4986.88
1465137,2024,2214865.27
1465139,2023,1147.19
1465139,2024,800.0
1465179,2023,685.56
1465179,2024,2249968.81
1465179,2025,6561.45
1465181,2023,4204.11
1465181,2024,4820049.96
1465181,2025,14522.1
1465192,2024,9194.87
1465215,2023,2750.0
1465215,2024,18656.85
1465215,2025,7860.59
1465223,2023,200.0
1465223,2024,18690.89
1465256,2023,1200.0
1465256,2024,169700.0
1465256,2025,2105000.0
1465256,2026,195000.0
1465291,2023,1800.0
1465291,2024,551402.92
1465297,2023,5322.58
1465297,2024,73280.72
1465303,2024,91284.43
1465319,2024,1741791.38
1465343,2023,350.0
1465343,2024,29245.55
1465343,2025,4747.01
1465383,2023,350.0
1465383,2024,60433.44
1465383,2025,1200.0
1465399,2024,4168710.27
1465399,2025,1152396.17
1465399,2026,80046.1
1465415,2023,46500.0
1465415,2024,29500.0
1465415,2025,10700.0
1465415,2026,20000.0
1465439,2023,30050.0
1465453,2024,1168386.65
1465453,2025,2000000.0
1465453,2026,500000.0
1465458,2023,19750.0
1465458,2024,47300.0
1465462,2023,29843.24
1465462,2024,83237.6
1465471,2023,2000.0
1465472,2023,30000.0
1465485,2024,58222.55
1465492,2024,4666624.76
1465492,2025,6149.23
1465492,2026,1251669.36
1465515,2023,27500.0
1465515,2024,12000.0
1465515,2025,56000.0
1465515,2026,164300.0
1465523,2024,43655.64
1465523,2025,14991.65
1465523,2026,3775.0
1465558,2024,483857.67
1465558,2025,99295.72
1465558,2026,7194.07
1465564,2024,1190553.4
1465564,2025,533038.63
1465564,2026,3158.14
1465575,2025,39200.0
1465575,2026,39200.0
1465580,2023,14100.0
1465594,2023,34960.0
1465611,2024,23997631.77
1465611,2025,3830868.8
1465611,2026,9595326.76
1465616,2024,2429.25
1465648,2024,500.0
1465652,2024,500.0
1465654,2024,500.0
1465656,2024,500.0
1465658,2024,500.0
1465660,2024,117885.71
1465660,2025,66610.18
1465667,2024,6990.55
1465672,2024,504739.3
1465677,2024,81184.28
1465677,2025,51309.54
1465681,2024,97884.11
1465681,2025,60589.39
1465684,2024,3750.0
1465684,2025,108587.88
1465732,2024,1240680.1
1465732,2025,748235.37
1465732,2026,809837.69
1465797,2023,57500.0
1465797,2024,26500.0
1465804,2023,11000.0
1465805,2023,38500.0
1465807,2023,50000.0
1465807,2024,15000.0
1465807,2026,170200.0
1465883,2024,223441.99
1465883,2025,144294.52
1465883,2026,407765.24
1465931,2023,2453.88
1465931,2024,1000.0
1465933,2023,10000.0
1465960,2023,39800.0
1465979,2024,17505.24
1465979,2025,58485.23
1465979,2026,6189.98
1465991,2023,50000.0
1465991,2024,10000.0
1465992,2023,50000.0
1465996,2024,68274.35
1465996,2025,130666.85
1465996,2026,227558.13
1466021,2024,26033.07
1466023,2024,1339152.65
1466023,2025,3656.7
1466025,2024,404135.87
1466032,2023,40000.0
1466034,2023,30000.0
1466049,2024,75309.5
1466049,2025,43336.67
1466052,2023,13610.0
1466052,2024,29950.0
1466052,2025,28000.0
1466072,2025,26250.0
1466082,2024,120856.22
1466097,2023,79200.0
1466114,2024,1977966.62
1466114,2025,6342729.12
1466114,2026,2212003.42
1466131,2023,100000.0
1466131,2024,100000.0
1466142,2024,2110268.94
1466153,2024,3241427.38
1466153,2026,3427.87
1466166,2023,24500.0
1466178,2024,19842.5
1466178,2025,126.59
1466194,2023,200000.0
1466197,2023,100000.0
1466197,2024,200000.0
1466199,2023,10500.0
1466199,2024,12450.0
1466199,2025,54500.0
1466232,2024,15504.7
1466237,2023,1050.0
1466237,2024,38668.87
1466237,2025,3175.95
1466250,2024,1191081.92
1466275,2024,1076734.0
1466280,2024,315550.0
1466282,2023,27388.0
1466282,2025,19845.01
1466282,2026,20693.5
1466288,2024,958753.21
1466288,2025,35039.82
1466300,2023,16754.48
1466300,2024,59988.0
1466300,2025,10540.0
1466300,2026,20518.25
1466331,2024,198488.07
1466331,2025,61539.5
1466331,2026,25585.59
1466364,2023,87000.0
1466364,2024,84400.0
1466391,2024,28038.99
1466394,2025,120950.0
1466403,2023,24700.0
1466403,2024,40072.0
1466403,2026,28950.0
1466404,2023,5011380.69
1466404,2024,2612997.0
1466425,2023,100000.0
1466471,2023,25000.0
1466523,2024,54207.68
1466523,2025,20000.0
1466523,2026,14961.52
1466543,2023,10000.0
1466543,2024,35000.0
1466546,2023,60000.0
1466546,2024,50000.0
1466546,2025,50000.0
1466550,2023,35050.0
1466561,2024,10000.0
1466566,2023,12400.0
1466567,2024,27500.0
1466581,2024,34392.27
1466590,2024,4884933.25
1466590,2025,1978342.57
1466592,2024,7597301.03
1466633,2025,16500.0
1466633,2026,15900.0
1466651,2024,7553.08
1466651,2025,28048.21
1466651,2026,35354.42
1466658,2024,198948.71
1466674,2024,54000.0
1466708,2024,16822755.72
1466708,2025,160304.22
1466719,2024,1874553.22
1466761,2024,343865.04
1466761,2025,3394.5
1466761,2026,600.0
1466773,2024,42839.04
1466773,2025,8267.34
1466773,2026,15079.66
1466775,2024,57290.88
1466775,2025,12800.0
1466775,2026,1960.0
1466785,2024,583538.18
1466785,2025,70637.29
1466785,2026,195630.32
1466797,2024,222857.92
1466797,2025,453.04
1466838,2024,625355.58
1466863,2024,250595.12
1466874,2024,55491.37
1466874,2025,96.0
1466914,2024,45000.0
1466925,2024,89000.0
1466925,2025,92800.0
1466925,2026,57000.0
1466929,2024,561900.0
1466973,2024,152859.33
1466973,2026,1882.33
1466978,2024,832273.29
1466985,2024,934520.8
1466985,2025,7765.87
1466985,2026,100.0
1466987,2024,81930.85
1466987,2025,1200.0
1466987,2026,4863.7
1467011,2024,150.0
1467024,2024,266819.15
1467028,2024,344307.47
1467030,2024,69470.57
1467033,2024,5000.0
1467084,2024,10750.0
1467084,2025,12995.0
1467084,2026,41755.0
1467124,2024,112392.47
1467139,2024,233206.3
1467139,2025,97731.5
1467139,2026,18211.55
1467142,2024,111054.89
1467142,2025,12417.1
1467142,2026,77181.96
1467150,2024,75335.67
1467150,2025,10730.26
1467150,2026,22883.9
1467172,2024,16690.13
1467184,2024,43250.0
1467190,2024,426240.0
1467204,2024,1453000.0
1467204,2026,25000.0
1467222,2024,27200.0
1467222,2025,75000.0
1467222,2026,42900.0
1467226,2024,1310878.65
1467226,2025,6258.38
1467226,2026,1202351.26
1467230,2025,43293.35
1467230,2026,1002651.18
1467245,2023,10000.0
1467245,2024,12000.0
1467280,2024,95955.8
1467280,2025,50.0
1467287,2024,29379.65
1467306,2024,1881756.3
1467327,2025,10525.0
1467338,2024,24675.0
1467357,2024,22050.0
1467357,2025,20150.0
1467357,2026,18000.0
1467369,2024,65954.88
1467369,2025,3201.9
1467369,2026,1226.56
1467378,2024,10000.0
1467378,2026,123800.0
1467385,2024,23697.23
1467385,2026,39200.0
1467394,2024,631.89
1467394,2025,2621.5
1467394,2026,2228.8
1467397,2024,912.37
1467397,2025,2708.2
1467397,2026,1915.15
1467399,2024,856.29
1467399,2025,3139.15
1467399,2026,1915.15
1467410,2024,4129.17
1467410,2025,13647.2
1467410,2026,320027.84
1467412,2023,15500.0
1467412,2025,30500.0
1467419,2024,414200.0
1467439,2024,9215197.1
1467439,2025,5558.58
1467439,2026,1170.56
1467456,2024,73150.06
1467522,2025,1000.0
1467522,2026,4000.0
1467530,2025,31000.0
1467551,2024,12500.0
1467582,2024,5100.0
1467585,2024,25000.0
1467595,2024,12100.0
1467689,2026,39200.0
1467703,2024,30000.0
1467784,2024,10795.6
1467784,2025,62650.0
1467784,2026,763.69
1467797,2024,7431.91
1467802,2025,81898.53
1467802,2026,18500.0
1467830,2024,77835.97
1467830,2025,28480.96
1467830,2026,30793.82
1467849,2024,2213.0
1467849,2025,26009.22
1467849,2026,3854.0
1467865,2024,83416.07
1467865,2025,3461.02
1467865,2026,22266.33
1467867,2024,3242.54
1467867,2025,35330.0
1467867,2026,1010.0
1467883,2024,663301.11
1467883,2025,17785.67
1467883,2026,14106.44
1467890,2026,5940.14
1467893,2024,6012.34
1467902,2024,190000.0
1467902,2025,205000.0
1467902,2026,270000.0
1467904,2025,26570.55
1467906,2024,335774.0
1467929,2025,2349.0
1467953,2024,3735.95
1467953,2025,1005.0
1467953,2026,505.0
1467958,2024,146038.83
1467958,2025,1059910.47
1467958,2026,775418.94
1467989,2024,54400.0
1467989,2025,94400.0
1467989,2026,40500.0
1468001,2024,69231.68
1468001,2025,221.99
1468027,2024,4221.1
1468027,2025,520.0
1468083,2024,32215106.76
1468083,2025,756.0
1468093,2024,795013.13
1468093,2025,68131.13
1468097,2024,925.0
1468097,2025,8514.86
1468222,2024,34500.0
1468222,2025,-240.0
1468260,2024,2500.0
1468266,2024,2891.51
1468266,2025,73496.1
1468266,2026,36549.83
1468280,2024,13586.21
1468280,2025,4818.17
1468331,2024,31950.0
1468405,2024,100000.0
1468449,2024,1782.7
1468449,2025,1000.0
1468465,2024,23043.06
1468465,2026,13062.08
1468498,2024,443532.16
1468498,2025,5245.0
1468498,2026,3575.0
1468505,2023,64000.0
1468508,2023,45000.0
1468509,2023,45000.0
1468544,2024,2381.1
1468548,2024,4500.0
1468575,2024,1900000.0
1468634,2024,2170000.0
1468664,2024,4511.97
1468668,2024,95100.0
1468668,2025,45000.0
1468668,2026,340200.0
1468673,2024,95100.0
1468673,2025,45000.0
1468673,2026,218600.0
1468676,2024,95100.0
1468676,2025,45000.0
1468676,2026,218600.0
1468714,2023,127000.0
1468714,2024,13400.0
1468714,2025,50000.0
1468721,2024,175.0
1468721,2025,262.82
1468736,2024,24894.16
1468736,2025,33670.61
1468736,2026,29354.64
1468747,2024,125.0
1468747,2025,369.72
1468759,2024,3330.0
1468759,2025,23921.76
1468843,2024,1425.0
1468843,2025,1428.39
1468855,2024,1113.01
1469081,2024,28613717.23
1469081,2025,77253.18
1469081,2026,480.0
1469103,2024,34688.2
1469103,2025,246154.39
1469103,2026,54284.42
1469120,2024,4227.32
1469120,2025,10252.37
1469120,2026,3546.44
1469236,2024,4900.0
1469236,2025,24300.0
1469236,2026,2000.0
1469267,2025,26268.87
1469267,2026,59070.97
1469330,2024,575372.78
1469330,2026,250267.8
1469336,2024,3210850.43
1469336,2025,3056196.56
1469336,2026,2474491.76
1469338,2024,43900.98
1469386,2024,20568.8
1469386,2025,11709.46
1469411,2024,96377.2
1469411,2025,70488.63
1469411,2026,20576.33
1469543,2024,29012.29
1469543,2025,4936.88
1469543,2026,144.93
1469545,2024,109092.73
1469606,2025,22900.0
1469606,2026,76050.0
1469675,2024,50453.09
1469675,2025,11933.45
1469675,2026,3881.25
1469694,2024,4395.2
1469694,2025,21693.09
1469712,2025,827.0
1469747,2024,57900.0
1469747,2025,607000.0
1469747,2026,732419.74
1469798,2025,79381.0
1469821,2024,1116017.32
1469821,2025,25756.0
1469821,2026,31007.0
1469877,2024,101038.79
1469877,2025,40889.25
1469879,2023,130620.0
1469879,2024,58393.26
1469890,2024,5653.8
1469890,2026,4346.2
1469932,2024,8901.86
1469932,2025,5965.44
1469958,2024,132698.75
1469958,2025,53475.0
1469958,2026,57700.0
1470153,2024,32799.17
1470153,2025,1792.35
1470153,2026,1293.72
1470397,2024,195000.0
1470437,2024,150000.0
1470507,2024,9480.37
1470550,2024,200000.0
1470550,2025,500000.0
1470550,2026,420550.12
1470563,2024,26562.46
1470649,2024,30000.0
1470676,2024,20500.0
1470677,2024,400000.0
1470680,2025,73900.0
1470694,2024,33250.0
1470741,2024,50000.0
1470781,2024,60000.0
1470782,2023,900000.0
1470782,2024,1280900.0
1470782,2026,776877.0
1470818,2024,32375.0
1470842,2024,15240.0
1470842,2025,25000.0
1470851,2024,93900.0
1470851,2025,478000.0
1470851,2026,5500.0
1470909,2024,17408.09
1470912,2024,16328.18
1470914,2024,21264.26
1470918,2024,17561.66
1470919,2024,7414.38
1470921,2024,28554.39
1470921,2025,31238.13
1470923,2024,38023.22
1470924,2024,32748.52
1470924,2025,50343.47
1470926,2024,114205.02
1470926,2025,68398.02
1470928,2024,138754.77
1470928,2025,70809.19
1470928,2026,25326.7
1470930,2024,27873.12
1470930,2025,30726.5
1470932,2024,27243.33
1470932,2025,28836.56
1471010,2024,73588.7
1471051,2024,535075.88
1471051,2025,14361.28
1471051,2026,31164.35
1471128,2024,26100.0
1471133,2024,490000.0
1471141,2024,917384.44
1471147,2024,50000.0
1471147,2025,86800.0
1471147,2026,39200.0
1471149,2024,31500.0
1471178,2024,34000.0
1471190,2024,100000.0
1471234,2024,1187514.51
1471234,2025,3832988.26
1471234,2026,2987518.27
1471283,2024,134836.0
1471288,2024,20590.0
1471312,2024,22500.0
1471314,2024,52250.0
1471318,2024,90641.0
1471318,2025,215477.61
1471318,2026,167367.71
1471407,2024,100000.0
1471407,2025,250000.0
1471407,2026,306022.56
1471409,2024,193290.0
1471411,2024,32600.0
1471444,2024,92700.0
1471449,2024,163580.31
1471449,2025,133942.09
1471482,2023,99900.0
1471482,2024,90000.0
1471484,2024,1900000.0
1471499,2024,500000.0
1471499,2025,57673.38
1471499,2026,40398.08
1471505,2024,31926.04
1471505,2025,9297.03
1471505,2026,3898.13
1471511,2024,109100.0
1471537,2024,101879.3
1471537,2025,11288.2
1471551,2024,150000.0
1471554,2024,200000.0
1471561,2026,122465.2
1471563,2024,40000.0
1471589,2024,10000.0
1471593,2024,49450.0
1471593,2025,15553.8
1471593,2026,22742.9
1471594,2024,300000.0
1471624,2024,47000.0
1471624,2025,28200.0
1471624,2026,25500.0
1471635,2024,623146.0
1471635,2025,7283641.85
1471635,2026,21086652.06
1471645,2024,1396429.14
1471645,2025,97041.9
1471645,2026,13070.13
1471663,2024,45000.0
1471670,2024,85225111.11
1471670,2025,65035.39
1471693,2024,125000.0
1471697,2024,277200.0
1471702,2024,100000.0
1471702,2025,116392.03
1471732,2024,70369.0
1471736,2024,14000000.0
1471738,2024,12944.12
1471738,2025,30000.0
1471738,2026,2000.0
1471739,2024,29200.0
1471743,2024,1839.88
1471743,2026,3897.8
1471750,2024,100000.0
1471750,2026,250000.0
1471768,2024,10000.0
1471779,2024,50.0
1471779,2025,503122.81
1471779,2026,1954809.95
1471781,2024,45000.0
1471791,2024,10000.0
1471791,2025,25000.0
1471882,2024,176400.0
1471889,2024,64500.0
1471890,2024,300000.0
1471890,2025,315000.0
1471890,2026,1124000.0
1471892,2024,30768.05
1471903,2024,112000.0
1471903,2026,62800.0
1471904,2024,10000.0
1471911,2024,510001.0
1471919,2024,100000.0
1471940,2024,44000.0
1471973,2024,40000.0
1471973,2026,57000.0
1471977,2024,49000.0
1471978,2024,49000.0
1471980,2024,15100.0
1471983,2024,100000.0
1471983,2026,193993.8
1471987,2024,32198.75
1471987,2025,16970.0
1471998,2024,1743708.95
1471998,2025,31313.98
1471998,2026,512.87
1472011,2023,1500.0
1472011,2024,221500.0
1472018,2024,62195.0
1472021,2024,82000.0
1472064,2024,100000.0
1472064,2026,1000000.0
1472066,2024,10000.0
1472079,2024,100000.0
1472079,2025,1000000.0
1472087,2024,42345217.58
1472087,2025,296599.66
1472094,2024,82000.0
1472098,2024,50000.0
1472098,2025,50000.0
1472124,2024,56050.0
1472125,2024,72000.0
1472125,2025,18800.0
1472125,2026,45400.0
1472149,2024,962229.73
1472149,2025,1197.41
1472157,2024,275000.0
1472223,2024,50000.0
1472225,2024,40440.0
1472385,2025,56943.14
1472561,2024,1791079.11
1472568,2024,17509.99
1472568,2025,8680.53
1472568,2026,22813.64
1472713,2023,36400.0
1472718,2024,30000.0
1472884,2024,221700.0
1472889,2025,175000.0
1472889,2026,27150.0
1472893,2024,408996.0
1472893,2026,42000.0
1473014,2024,27000.0
1473014,2025,25000.0
1473014,2026,104300.0
1473016,2024,21600.0
1473016,2025,55000.0
1473016,2026,59400.0
1473018,2024,27000.0
1473018,2025,225000.0
1473018,2026,129400.0
1473020,2024,16200.0
1473020,2025,175000.0
1473020,2026,121100.0
1473022,2024,27000.0
1473022,2025,10000.0
1473035,2024,20265437.3
1473035,2025,114027.73
1473035,2026,2647.5
1473058,2024,21500.0
1473129,2024,1982068.08
1473129,2025,20088.6
1473144,2024,244500.0
1473169,2024,43375.0
1473181,2024,605490.16
1473181,2025,4000.0
1473206,2024,2000.0
1473212,2024,29800.24
1473212,2025,232119.67
1473212,2026,265231.88
1473261,2024,100000.0
1473266,2024,61600.0
1473266,2025,8300.0
1473266,2026,18000.0
1473269,2024,41600.0
1473269,2025,47450.0
1473269,2026,31750.0
1473313,2024,1550.0
1473313,2025,41400.63
1473313,2026,52191.09
1473323,2024,2050.0
1473323,2025,400.0
1473341,2024,269413.77
1473341,2025,8075.71
1473365,2025,367000.0
1473365,2026,50000.0
1473379,2025,65000.0
1473428,2024,40000.0
1473445,2024,327600.0
1473474,2024,100000.0
1473586,2024,346354.47
1473586,2025,4958.0
1473586,2026,2608.5
1473711,2024,18000.0
1473748,2024,175714.37
1473808,2024,20000.0
1473821,2024,122500.0
1473821,2025,42551.0
1473821,2026,23200.0
1473868,2024,25000.0
1473933,2024,10000.0
1474051,2024,192141.89
1474051,2025,6812.11
1474062,2024,110000.0
1474062,2026,15000.0
1474076,2024,70000.0
1474081,2024,38810.4
1474122,2024,1836333.96
1474150,2024,607549.89
1474254,2024,2628.32
1474254,2025,33916.14
1474254,2026,26193.69
1474269,2024,18851709.78
1474269,2025,1225868.86
1474269,2026,4349143.68
1474284,2024,20000.0
1474307,2024,490.32
1474307,2025,18728.56
1474307,2026,10519.0
1474344,2024,13500.0
1474344,2026,38200.0
1474403,2024,55498.0
1474453,2024,31750.0
1474453,2025,15300.0
1474463,2024,1380000.0
1474475,2024,90000.0
1474475,2025,45000.0
1474475,2026,35000.0
1474509,2024,243999.87
1474565,2024,1185.13
1474565,2025,4429.68
1474565,2026,2822.89
1474575,2025,2912.0
1474575,2026,203976.0
1474588,2024,84628.66
1474597,2024,79194.12
1474597,2025,4575.0
1474661,2024,371600.0
1474661,2025,234900.0
1474661,2026,229100.0
1474662,2024,68750.0
1474708,2024,56050.0
1474708,2025,50250.0
1474708,2026,66955.8
1474718,2025,2348.94
1474718,2026,32000.0
1474786,2024,11616.74
1474786,2025,100654.07
1474786,2026,1314426.23
1474822,2024,20000.0
1474849,2024,234000.0
1474879,2024,13509.56
1474879,2025,14795.43
1474879,2026,788.15
1474913,2024,1923648.67
1474932,2024,3269406.47
1474932,2025,28176.36
1475061,2024,734265.06
1475094,2024,100000.0
1475124,2024,1105572.8
1475124,2026,10000.0
1475136,2024,3648.45
1475174,2024,710258.64
1475181,2024,87000.0
1475221,2024,75000.0
1475231,2024,10000.0
1475248,2024,2044429.77
1475248,2025,1257.12
1475248,2026,172488.17
1475251,2024,138000.0
1475251,2025,45500.0
1475253,2024,50000.0
1475281,2024,29000.0
1475281,2026,50500.0
1475283,2024,45000.0
1475283,2025,36000.0
1475283,2026,25000.0
1475295,2024,11165.12
1475299,2024,36750.0
1475299,2025,17000.0
1475311,2024,389539.45
1475311,2025,5993.49
1475311,2026,9473.08
1475318,2024,29700.0
1475349,2026,429430.5
1475403,2024,7027567.24
1475403,2025,54898.31
1475408,2024,2522938.98
1475408,2025,832428.23
1475436,2024,48825.58
1475443,2024,257972.19
1475443,2026,25000.0
1475449,2024,160209.0
1475453,2024,2768624.37
1475455,2025,146600.0
1475455,2026,45000.0
1475466,2024,3183046.37
1475466,2025,11033.0
1475519,2024,71410.2
1475528,2024,287618.88
1475550,2024,134000.0
1475561,2024,81500.0
1475567,2024,1564684.17
1475567,2025,500.0
1475567,2026,500.0
1475609,2024,30000.0
1475611,2024,40000.0
1475617,2024,14070.58
1475621,2024,1576777.97
1475646,2024,49628.67
1475662,2024,50000.0
1475670,2024,10950.0
1475674,2024,9500.0
1475674,2025,6000.0
1475689,2024,73500.0
1475691,2024,1946244.53
1475692,2024,149774.5
1475719,2024,159538.77
1475724,2024,50000.0
1475739,2024,911204.6
1475739,2025,2843.88
1475739,2026,426526.43
1475749,2025,7820.96
1475749,2026,22611.25
1475766,2024,5422936.94
1475766,2025,386499.77
1475831,2024,75000.0
1475838,2024,327500.0
1475849,2025,3158.09
1475885,2024,19950.0
1475894,2024,46670.28
1475904,2024,25000.0
1475904,2026,25400.0
1475906,2024,30516.0
1475931,2024,25000.0
1475960,2024,2367.07
1475960,2025,35917.19
1475960,2026,7904.07
1475969,2024,48648.0
1475994,2024,268000.0
1475998,2024,2809671.64
1475998,2025,868057.33
1475998,2026,760262.99
1476001,2024,839118.32
1476001,2025,7756.31
1476001,2026,4900.68
1476028,2024,22365.43
1476038,2024,197846.08
1476038,2025,112794.84
1476044,2024,31320.06
1476058,2024,320757.7
1476058,2025,2360.0
1476074,2024,29133.82
1476074,2026,1174567.69
1476095,2024,76150.0
1476095,2025,11023.92
1476095,2026,130152.69
1476108,2025,473579.17
1476111,2024,88300.0
1476112,2025,13958.56
1476132,2024,12250.0
1476167,2024,705338.32
1476181,2024,27500.0
1476233,2025,332667.45
1476233,2026,29991.26
1476238,2024,10000.0
1476240,2024,10000.0
1476248,2024,17695.87
1476248,2025,69584.9
1476248,2026,14690.8
1476263,2024,250000.0
1476271,2024,17500.0
1476287,2024,500000.0
1476298,2024,26000.28
1476298,2025,6469.71
1476298,2026,40652.26
1476309,2023,11000.0
1476322,2024,50000.0
1476329,2024,50500.0
1476329,2026,15000.0
1476396,2024,180000.0
1476396,2026,492300.0
1476398,2024,12500.0
1476407,2024,63500.0
1476407,2025,91500.0
1476407,2026,11500.0
1476409,2024,100000.0
1476431,2024,400000.0
1476466,2024,10585.24
1476466,2026,10350.0
1476470,2024,250000.0
1476476,2024,1650000.0
1476487,2024,12050.0
1476487,2025,100.0
1476527,2024,168138.22
1476547,2025,530530.63
1476547,2026,573566.51
1476549,2024,791522.38
1476554,2024,99853.0
1476554,2025,89161.2
1476554,2026,49742.5
1476556,2024,100000.0
1476560,2025,88195.5
1476560,2026,18700.78
1476572,2024,8419.81
1476572,2025,71534.96
1476572,2026,6150.0
1476577,2024,42000.0
1476585,2024,76500.0
1476593,2024,50000.0
1476595,2024,185000.0
1476603,2024,25379.0
1476608,2024,11000.0
1476612,2024,22541.75
1476616,2024,50152.98
1476639,2024,61784.0
1476648,2024,39000.0
1476660,2024,35100.0
1476692,2024,104838.0
1476723,2024,40000.0
1476729,2024,3412.0
1476729,2025,250315.97
1476729,2026,359397.17
1476741,2024,24986.1
1476744,2024,2437549.53
1476744,2025,8827664.77
1476770,2024,12500.0
1476777,2024,75000.0
1476801,2024,9544.17
1476801,2025,316898.75
1476801,2026,8692.03
1476803,2024,8936.5
1476803,2025,358924.26
1476812,2024,5101.48
1476812,2025,684550.22
1476812,2026,332835.91
1476814,2024,13968.88
1476814,2025,2003334.3
1476814,2026,412729.51
1476816,2024,1836.91
1476816,2025,11153.28
1476818,2024,28028.12
1476818,2025,2650839.04
1476818,2026,1246297.38
1476826,2024,20000.0
1476828,2024,90000.0
1476831,2025,44235.97
1476841,2024,32952.37
1476841,2025,855913.1
1476841,2026,1467598.28
1476845,2025,68360.0
1476845,2026,34260.0
1476851,2024,86400.0
1476851,2025,69250.0
1476851,2026,67500.0
1476855,2024,673000.0
1476859,2024,72246.38
1476859,2025,724375.54
1476859,2026,2056170.97
1476861,2024,51000.0
1476866,2024,4849.03
1476866,2025,716881.65
1476866,2026,1235897.26
1476868,2024,1752.05
1476868,2025,1026906.2
1476868,2026,448501.39
1476870,2024,7549.58
1476870,2025,1309732.56
1476870,2026,852997.14
1476880,2024,50.0
1476880,2025,307097.18
1476880,2026,620257.3
1476883,2024,3480.0
1476883,2025,430181.86
1476883,2026,367953.92
1476900,2025,384559.24
1476900,2026,308156.61
1476902,2024,183128.2
1476902,2025,212073.22
1476902,2026,46846.66
1476905,2025,657899.58
1476905,2026,566581.85
1476917,2025,213398.54
1476919,2025,12642.92
1476919,2026,4303.52
1476921,2024,12832.42
1476921,2025,555647.25
1476921,2026,415285.33
1476936,2024,4849.98
1476936,2025,1090151.54
1476936,2026,458130.34
1476938,2025,979553.13
1476938,2026,359278.75
1476940,2024,1331.68
1476940,2025,38754.66
1476940,2026,1308492.95
1476942,2024,1694.94
1476942,2025,453742.92
1476942,2026,585869.98
1476944,2024,29557.05
1476944,2025,780234.2
1476944,2026,678664.26
1476947,2024,1106.49
1476947,2025,178700.65
1476947,2026,94676.76
1476971,2024,11559.35
1476971,2025,1617062.42
1476973,2024,13682.08
1476973,2025,632049.46
1476973,2026,1417707.5
1476975,2024,151.27
1476975,2025,428988.85
1476975,2026,192719.37
1476977,2024,4404.67
1476977,2025,61816.76
1476977,2026,626517.35
1476993,2024,87403.47
1476993,2025,32971.91
1476999,2024,1554.61
1476999,2025,255737.22
1476999,2026,372737.13
1477001,2025,32492.19
1477003,2025,411726.63
1477003,2026,155025.48
1477005,2024,1901.33
1477005,2025,65271.96
1477007,2025,3368.8
1477007,2026,16744.58
1477017,2024,1500.0
1477017,2025,449440.11
1477017,2026,229241.29
1477019,2025,92525.76
1477019,2026,166136.73
1477034,2024,7730.89
1477034,2025,611292.66
1477034,2026,916713.86
1477036,2025,795131.96
1477036,2026,1104352.66
1477038,2024,505.44
1477038,2025,1678983.33
1477038,2026,1035842.82
1477040,2025,494239.88
1477040,2026,317424.68
1477044,2025,497216.06
1477044,2026,381533.71
1477047,2025,231117.95
1477047,2026,265978.38
1477057,2024,27000.0
1477064,2024,724.08
1477064,2025,433607.42
1477064,2026,274591.93
1477066,2024,4484.26
1477066,2025,791030.37
1477066,2026,588450.78
1477068,2024,8418.28
1477068,2025,1658428.84
1477068,2026,1111023.69
1477072,2024,15799.26
1477072,2025,471819.54
1477072,2026,250281.39
1477076,2026,36754.28
1477077,2024,500000.0
1477083,2024,21600.03
1477088,2024,105.64
1477088,2025,171395.66
1477088,2026,297383.71
1477090,2025,619711.02
1477090,2026,276630.51
1477103,2025,114317.54
1477103,2026,976626.69
1477105,2024,4802.38
1477105,2025,156843.1
1477105,2026,206147.92
1477107,2024,12800.0
1477107,2025,22300.0
1477107,2026,1900.0
1477115,2024,25000.0
1477126,2025,122569.25
1477126,2026,151300.28
1477142,2024,48667.8
1477142,2025,404456.38
1477142,2026,181975.11
1477166,2024,4654.0
1477166,2025,72916.48
1477166,2026,27427.95
1477168,2025,25609.79
1477197,2025,138630.7
1477197,2026,65912.5
1477199,2025,79378.37
1477199,2026,54267.26
1477250,2025,1102663.42
1477250,2026,384166.24
1477252,2025,919327.49
1477252,2026,660487.54
1477254,2025,677001.75
1477258,2024,4439.46
1477258,2025,388474.93
1477258,2026,135214.5
1477262,2025,160360.0
1477262,2026,26375.0
1477264,2025,115440.0
1477264,2026,26785.0
1477268,2025,623410.51
1477268,2026,1451396.64
1477270,2025,220310.5
1477270,2026,318658.23
1477276,2025,194837.02
1477276,2026,150832.72
1477293,2025,410759.9
1477293,2026,250058.91
1477295,2025,120741.03
1477295,2026,19677.84
1477297,2024,7364.37
1477297,2025,1151007.64
1477297,2026,878838.66
1477305,2024,2224.29
1477305,2025,212334.66
1477305,2026,294109.23
1477310,2026,34754.8
1477312,2024,850.0
1477312,2025,1529153.41
1477312,2026,432190.28
1477317,2025,1471003.48
1477317,2026,1700269.79
1477348,2025,104700.39
1477348,2026,77714.7
1477353,2025,1210.21
1477353,2026,12828.53
1477357,2025,208631.93
1477357,2026,554653.94
1477383,2025,484572.05
1477383,2026,1529643.06
1477389,2025,385528.51
1477389,2026,465536.49
1477391,2025,543284.48
1477391,2026,314130.74
1477395,2024,92000.0
1477399,2025,290884.3
1477399,2026,761132.91
1477403,2025,10386.6
1477403,2026,11756.9
1477408,2025,330177.86
1477408,2026,271502.31
1477424,2024,25000.0
1477435,2025,380665.06
1477435,2026,104548.69
1477447,2024,1495.98
1477447,2025,526662.44
1477447,2026,344959.01
1477449,2024,11430.85
1477449,2025,500630.92
1477449,2026,388582.37
1477458,2025,46787.83
1477458,2026,277789.07
1477470,2025,50879.94
1477470,2026,13281.27
1477489,2025,447596.28
1477489,2026,538334.49
1477498,2025,398880.8
1477498,2026,202056.77
1477503,2024,29157.5
1477509,2024,817.31
1477509,2025,329619.54
1477509,2026,166376.43
1477554,2024,78300.0
1477554,2025,20000.0
1477554,2026,51850.0
1477576,2025,102426.44
1477576,2026,112900.0
1477611,2025,983396.87
1477611,2026,431896.13
1477622,2025,300.0
1477625,2025,2000.0
1477625,2026,140570.4
1477630,2025,170809.26
1477630,2026,630056.03
1477654,2025,69130.0
1477654,2026,209800.0
1477657,2025,253070.87
1477657,2026,223564.41
1477665,2024,22500.0
1477665,2025,2500.0
1477689,2025,262554.28
1477689,2026,164640.21
1477694,2025,118901.33
1477694,2026,1063729.38
1477698,2024,40000.0
1477725,2025,34900.0
1477729,2024,29500.0
1477730,2024,49500.0
1477732,2024,35000.0
1477741,2024,70000.0
1477768,2025,675570.21
1477768,2026,464090.35
1477774,2025,1186618.17
1477774,2026,500925.68
1477778,2025,1504430.49
1477778,2026,203586.64
1477784,2024,150000.0
1477799,2024,35000.0
1477807,2025,1408479.95
1477807,2026,442363.74
1477809,2024,856119.73
1477809,2025,374186.91
1477809,2026,192223.55
1477828,2025,26569.1
1477828,2026,1366.59
1477829,2024,45000.0
1477831,2025,179847.52
1477831,2026,2046593.91
1477838,2024,45000.0
1477838,2026,42800.0
1477848,2025,31137.64
1477848,2026,13687.7
1477852,2025,479387.36
1477852,2026,334865.73
1477855,2025,219520.82
1477855,2026,138315.72
1477860,2024,25250.0
1477867,2024,89500.0
1477869,2025,2000.0
1477869,2026,1090.12
1477885,2025,71714.61
1477885,2026,24524.7
1477894,2026,193614.97
1477933,2024,30000.0
1477933,2025,40000.0
1477969,2025,44847.55
1477969,2026,784237.26
1477999,2025,81127.35
1477999,2026,444549.72
1478003,2025,200049.65
1478003,2026,1115207.66
1478005,2025,96717.22
1478005,2026,555539.01
1478039,2024,80000.0
1478044,2024,70000.0
1478044,2026,39000.0
1478046,2024,27000.0
1478048,2024,20000.0
1478050,2024,20000.0
1478054,2024,50000.0
1478055,2024,2000000.0
1478094,2024,30500.0
1478097,2024,28467.0
1478099,2024,51000.0
1478101,2024,30000.0
1478101,2026,30000.0
1478103,2024,18200.0
1478114,2024,67770.0
1478114,2025,49000.0
1478129,2024,20000.0
1478140,2025,25206.59
1478140,2026,32189.23
1478147,2025,167017.68
1478147,2026,761448.97
1478148,2024,35000.0
1478161,2025,133467.07
1478161,2026,299793.72
1478166,2025,58321.04
1478166,2026,343881.06
1478170,2025,800359.21
1478170,2026,657106.52
1478172,2025,199123.08
1478172,2026,160050.47
1478230,2026,554190.0
1478243,2025,17810.0
1478243,2026,90765.41
1478248,2025,69912.54
1478248,2026,41044.75
1478253,2025,311993.72
1478253,2026,220950.2
1478266,2025,10000.0
1478278,2025,21400.0
1478294,2024,11100.0
1478327,2025,45000.0
1478327,2026,5000.0
1478328,2024,24000.0
1478332,2025,1950.0
1478342,2024,48000.0
1478349,2024,68124.0
1478352,2025,876022.17
1478352,2026,221435.48
1478363,2024,12631.54
1478364,2024,10250.0
1478365,2024,21000.0
1478378,2024,38544.0
1478383,2025,439417.6
1478383,2026,227894.16
1478388,2025,238381.2
1478388,2026,982568.61
1478397,2025,73639.66
1478397,2026,601688.77
1478412,2024,193739.17
1478415,2024,66320.74
1478427,2024,98078.75
1478433,2024,22000.0
1478433,2025,11450.0
1478433,2026,845.0
1478441,2024,100000.0
1478443,2024,49000.0
1478445,2024,25000.0
1478445,2026,1178399.0
1478446,2024,49000.0
1478454,2024,72310.6
1478457,2024,830250.0
1478465,2024,4369.56
1478470,2024,30000.0
1478478,2024,41000.0
1478478,2025,56500.0
1478483,2024,150750.0
1478483,2025,14300.0
1478493,2024,10000.0
1478493,2025,12000.0
1478504,2025,24912.44
1478504,2026,3120.0
1478510,2025,36005.48
1478510,2026,21539.42
1478537,2025,497525.75
1478537,2026,98783.92
1478539,2025,71194.61
1478539,2026,57781.54
1478581,2025,593727.65
1478581,2026,46762547.24
1478609,2025,118656.52
1478609,2026,782453.15
1478647,2025,62772.06
1478647,2026,221698.38
1478660,2026,21000.0
1478674,2025,402118.75
1478674,2026,233469.24
1478693,2025,13651.89
1478693,2026,511174.13
1478738,2025,472546.9
1478738,2026,966373.22
1478747,2025,298494.73
1478784,2025,33463.39
1478784,2026,22801.49
1478855,2025,36492.67
1478855,2026,4322.85
1478887,2025,145946.26
1478887,2026,346443.9
1478890,2025,434900.99
1478890,2026,207991.56
1478916,2024,301375.0
1478936,2025,258822.71
1478936,2026,205900.86
1478940,2025,26517.26
1478940,2026,92524.73
1478946,2025,45074.28
1478964,2026,1000.0
1478968,2025,26266.2
1478968,2026,9182.16
1479040,2025,18006.4
1479040,2026,13139.52
1479050,2025,685373.13
1479050,2026,120773.42
1479071,2025,54690.21
1479071,2026,18890318.8
1479089,2025,152548.33
1479089,2026,3807484.15
1479095,2025,2013619.39
1479095,2026,10410920.21
1479105,2024,32250.0
1479105,2025,67500.0
1479105,2026,15000.0
1479133,2025,60998.29
1479133,2026,13911.32
1479158,2025,203288.93
1479158,2026,1401443.19
1479200,2025,17003.32
1479200,2026,9420.08
1479206,2025,562295.68
1479206,2026,264854.47
1479210,2025,126752.04
1479210,2026,13041.94
1479255,2025,4262.97
1479255,2026,46014.72
1479261,2025,11117.06
1479261,2026,84655.96
1479362,2025,64536.85
1479362,2026,180.0
1479397,2025,29182.43
1479399,2025,110770.55
1479399,2026,40526.2
1479406,2025,140762.8
1479451,2026,150.0
1479464,2025,2600.0
1479464,2026,16360.0
1479469,2025,74640.64
1479469,2026,6152.09
1479474,2025,46728.75
1479474,2026,1219115.65
1479496,2025,3650.0
1479496,2026,1972.93
1479544,2025,116752.43
1479544,2026,1301.52
1479551,2025,158166.0
1479551,2026,241085.01
1479561,2025,30290.13
1479561,2026,516608.32
1479582,2025,127787.53
1479582,2026,129115.47
1479597,2025,13058200.68
1479597,2026,28264822.09
1479602,2025,90345.8
1479602,2026,767496.89
1479607,2025,5846733.0
1479607,2026,1799557.99
1479619,2025,1221.0
1479619,2026,3397.78
1479626,2025,2133.03
1479626,2026,5160.59
1479636,2026,6900.0
1479704,2025,25500.0
1479719,2025,76771.76
1479719,2026,307046.48
1479752,2025,37098.09
1479752,2026,77594.09
1479754,2025,24861.08
1479754,2026,18561.86
1479760,2024,36400.0
1479771,2025,63188.85
1479771,2026,217386.99
1479777,2025,13570.59
1479777,2026,9904.45
1479788,2025,564380.84
1479788,2026,2615523.56
1479814,2025,28500.0
1479814,2026,39200.0
1479815,2026,50000.0
1479822,2025,7450.0
1479868,2024,200000.0
1479878,2025,491534.19
1479878,2026,509403.23
1479880,2025,48.02
1479884,2025,7991.91
1479884,2026,29989.7
1479891,2025,223321.08
1479891,2026,21761.63
1479907,2025,3636.45
1479915,2025,342330.2
1479915,2026,255509.47
1479928,2025,1000.0
1479934,2025,314383.74
1479949,2025,34815.19
1479949,2026,28325.1
1479950,2025,97462.9
1479950,2026,885705.05
1479966,2025,9510.1
1479966,2026,8522.68
1479970,2025,1122.97
1479970,2026,9770.26
1479977,2025,17989.56
1479977,2026,12378.96
1479981,2026,10983.58
1479984,2025,19526.62
1480012,2025,20000.0
1480025,2025,10000.0
1480025,2026,3500.0
1480033,2025,268566.82
1480033,2026,872135.34
1480036,2025,65082.5
1480043,2025,38258.42
1480043,2026,823900.61
1480057,2024,3218.32
1480057,2025,14500.0
1480058,2025,22500.0
1480067,2025,110634.06
1480067,2026,196576.07
1480069,2024,59095.0
1480069,2025,1000.0
1480086,2025,80861.73
1480086,2026,1085946.95
1480091,2025,3867.35
1480091,2026,3230.58
1480096,2025,563042.0
1480098,2025,635.24
1480099,2025,19600.0
1480103,2025,163044.25
1480103,2026,442161.55
1480114,2025,61715.35
1480117,2025,100913.5
1480117,2026,207102.83
1480121,2026,2465.87
1480123,2025,11910.44
1480123,2026,6999.2
1480126,2025,159329.39
1480126,2026,610894.82
1480128,2025,21000.0
1480137,2025,35331.19
1480137,2026,31824.46
1480148,2025,1850.0
1480168,2025,79492.42
1480168,2026,67433.15
1480173,2026,133.72
1480197,2025,48963.33
1480197,2026,909.98
1480256,2025,1205687.58
1480256,2026,209029.09
1480258,2025,140444.95
1480258,2026,209431.7
1480263,2024,34627.46
1480266,2025,148650.0
1480266,2026,52500.0
1480279,2025,8369.69
1480279,2026,2800.0
1480282,2025,112161.55
1480282,2026,523270.01
1480296,2025,491037.42
1480296,2026,462516.87
1480312,2025,387168.04
1480312,2026,38500.0
1480346,2025,56286.83
1480346,2026,118616.0
1480373,2025,26622.3
1480373,2026,58309.32
1480382,2025,50.0
1480404,2025,1054944.16
1480404,2026,17274493.83
1480425,2025,4481778.92
1480425,2026,16134597.95
1480467,2025,827.94
1480471,2025,106394.58
1480471,2026,547166.32
1480521,2025,25000.0
1480522,2025,49410.27
1480522,2026,78547.09
1480528,2025,7900.0
1480528,2026,800.0
1480542,2025,156039.84
1480542,2026,925495.75
1480553,2025,19655.55
1480592,2025,27000.0
1480592,2026,191200.0
1480619,2025,141388.0
1480619,2026,84195.43
1480640,2025,4377.75
1480640,2026,1026.5
1480779,2025,62684.04
1480779,2026,264494.61
1480805,2025,45514.76
1480805,2026,92518.8
1480837,2025,46903.16
1480837,2026,1197.58
1480863,2025,3329.35
1480952,2026,2552.42
1481000,2025,9725.24
1481000,2026,1377.38
1481073,2025,4661.9
1481073,2026,50052.31
1481075,2025,30284.2
1481090,2025,67423.72
1481090,2026,37595.16
1481110,2025,52000.0
1481110,2026,66500.0
1481119,2025,32913.4
1481181,2025,35732.78
1481181,2026,255493.28
1481202,2025,49234.97
1481202,2026,329681.56
1481228,2025,45377.74
1481228,2026,61654.14
1481256,2025,6357287.99
1481256,2026,10323057.85
1481260,2025,18478.3
1481283,2025,36329.42
1481283,2026,2800.0
1481285,2025,16715.41
1481285,2026,19710.66
1481290,2025,16617.34
1481290,2026,43213.87
1481344,2026,1628.24
1481346,2025,2398.92
1481346,2026,5422.48
1481348,2026,4500.0
1481352,2026,10858.64
1481377,2025,26426.61
1481416,2025,7150.0
1481416,2026,135014.16
1481476,2025,500.0
1481476,2026,6490.0
1481478,2025,27143.28
1481478,2026,49346.55
1481485,2025,49500.0
1481540,2025,39200.0
1481572,2026,309.0
1481584,2025,595717.17
1481584,2026,95495.09
1481606,2025,9050.0
1481649,2025,248000.0
1481651,2025,515580.13
1481651,2026,476464.91
1481658,2025,2658.19
1481705,2026,86000.0
1481714,2025,567981.3
1481714,2026,3183924.27
1481744,2025,977.35
1481744,2026,70300.95
1481805,2025,11800.0
1481829,2025,2000.0
1481829,2026,1500.0
1481833,2025,22911.67
1481833,2026,38883.9
1481906,2025,34656.39
1481907,2025,78400.0
1481907,2026,39200.0
1481945,2025,10100.0
1481945,2026,5400.0
1481946,2025,34849.09
1481948,2025,81610.36
1481948,2026,39073.31
1482048,2025,15000.0
1482076,2025,4040.3
1482076,2026,36329.93
1482084,2025,110231.39
1482084,2026,20717.0
1482110,2025,21700.11
1482110,2026,69504.0
1482129,2025,19079.61
1482129,2026,244740.17
1482140,2025,34252.42
1482140,2026,145469.94
1482184,2025,18928.42
1482184,2026,210462.46
1482187,2025,138496.05
1482187,2026,169875.84
1482207,2025,107084.19
1482207,2026,559160.66
1482227,2025,109010.18
1482227,2026,7041.82
1482229,2025,19026.35
1482229,2026,19855.51
1482235,2025,25500.0
1482240,2025,50000.0
1482256,2025,119584.95
1482256,2026,135788.24
1482258,2025,41538.2
1482258,2026,211259.85
1482260,2025,121782.65
1482260,2026,508770.26
1482264,2025,9770.16
1482264,2026,27244.97
1482278,2025,72646.37
1482278,2026,8954.16
1482281,2025,114735.75
1482281,2026,65064.35
1482292,2025,10000.0
1482340,2025,58065.96
1482340,2026,201550.66
1482344,2025,43371.4
1482344,2026,154867.32
1482352,2025,11500.0
1482372,2025,28000.0
1482380,2025,30200.0
1482380,2026,21250.0
1482381,2025,10000.0
1482383,2025,42096.18
1482383,2026,18415.92
1482391,2025,4983.24
1482391,2026,35631.76
1482410,2025,17600.0
1482410,2026,18242.5
1482419,2025,31400.0
1482445,2025,10350.25
1482451,2025,13000.0
1482477,2025,237706.04
1482477,2026,857403.9
1482480,2025,11800.0
1482487,2025,19000.0
1482495,2025,78400.0
1482511,2025,39200.0
1482513,2025,20000.0
1482515,2025,20000.0
1482520,2025,31368.52
1482525,2025,10000.0
1482529,2025,39200.0
1482531,2025,10500.0
1482538,2025,2475.0
1482538,2026,53257.5
1482539,2024,28500.0
1482539,2025,35700.0
1482556,2025,20000.0
1482559,2025,250000.0
1482559,2026,100102.0
1482564,2025,125700.0
1482564,2026,29600.0
1482581,2025,5156.45
1482585,2025,50000.0
1482587,2025,8847.65
1482587,2026,31554.58
1482599,2025,4624.22
1482599,2026,6287.53
1482601,2025,10000.0
1482603,2025,185000.0
1482607,2025,16447.67
1482607,2026,20923.54
1482612,2025,35598.9
1482612,2026,5944.55
1482616,2025,43750.0
1482616,2026,12000.0
1482625,2025,58800.0
1482625,2026,41700.0
1482630,2025,10000.0
1482633,2025,60025.0
1482641,2025,57400.0
1482653,2025,164353.7
1482653,2026,1621359.02
1482678,2025,15000.0
1482682,2025,14028.04
1482682,2026,34204.16
1482688,2025,25000.0
1482695,2025,134890.82
1482695,2026,616851.93
1482705,2025,4497.38
1482705,2026,3050.0
1482724,2025,33250.0
1482737,2025,2000.0
1482738,2025,12100.0
1482742,2025,3000.0
1482742,2026,4000.0
1482745,2025,27500.0
1482746,2025,19000.0
1482749,2025,27500.0
1482770,2025,84200.0
1482770,2026,76000.0
1482793,2025,135400.0
1482793,2026,131000.0
1482797,2025,100000.0
1482798,2025,100000.0
1482798,2026,50000.0
1482803,2025,200400.0
1482803,2026,678400.0
1482821,2025,50000.0
1482823,2025,1050000.0
1482884,2025,83800.0
1482895,2025,279305.01
1482896,2025,60000.0
1482902,2025,3000000.0
1482911,2026,200.0
1482921,2025,14500.0
1482953,2025,277343.1
1482953,2026,767264.77
1483008,2025,325912.08
1483008,2026,20188319.35
1483077,2025,1159.52
1483077,2026,9488.35
1483089,2025,6320.51
1483089,2026,53986.28
1483095,2025,155000.0
1483101,2025,129000.0
1483111,2025,66585.32
1483111,2026,77949.4
1483135,2025,9800.0
1483135,2026,49000.0
1483159,2025,17500.0
1483175,2025,312338.5
1483175,2026,172911.67
1483178,2025,19578270.98
1483186,2025,32500.0
1483186,2026,39200.0
1483199,2025,5919.45
1483211,2025,14000.0
1483227,2025,70000.0
1483242,2025,7950.0
1483248,2026,1190.1
1483251,2025,39200.0
1483280,2025,7418.6
1483280,2026,16012.12
1483303,2025,3050.68
1483303,2026,178279.8
1483305,2025,2191.26
1483305,2026,9698.38
1483315,2025,1850.0
1483315,2026,7564.28
1483326,2025,1870.65
1483326,2026,10073.37
1483390,2025,294723.5
1483390,2026,12375258.86
1483402,2025,4639860.73
1483402,2026,465798.56
1483417,2025,81372.35
1483417,2026,1297001.78
1483431,2025,16480500.0
1483455,2025,135236.8
1483455,2026,12800.0
1483459,2025,2250000.0
1483484,2025,12807.0
1483488,2025,25000.0
1483515,2025,21086.77
1483519,2025,111744.13
1483547,2025,400.0
1483560,2025,23520.49
1483562,2025,3443668.33
1483562,2026,28584542.77
1483570,2025,4500.0
1483601,2025,124795.5
1483603,2026,4945.49
1483621,2025,21159.16
1483621,2026,20332.56
1483627,2025,45936.04
1483627,2026,130353.65
1483630,2025,25000.0
1483647,2025,13000000.0
1483653,2025,20000.0
1483657,2025,4478.0
1483675,2025,162370.01
1483675,2026,86747.64
1483677,2025,2630764.5
1483678,2024,400000.0
1483688,2024,628025.44
1483688,2025,203414.42
1483688,2026,50000.0
1483696,2025,53855.0
1483696,2026,6709.19
1483717,2026,71410.53
1483726,2025,10000.0
1483728,2025,917.25
1483728,2026,2982.4
1483751,2025,4867.19
1483751,2026,467105.88
1483752,2025,10000.0
1483760,2025,900.0
1483760,2026,1367.92
1483764,2025,476523.2
1483792,2026,75.0
1483803,2025,2000000.0
1483803,2026,789200.0
1483806,2025,4108.48
1483806,2026,5760796.6
1483808,2025,26047.74
1483808,2026,135092358.0
1483811,2025,70000.0
1483814,2025,201578.42
1483814,2026,18392.59
1483818,2025,464600.0
1483818,2026,737000.0
1483826,2025,14581.82
1483826,2026,25586.05
1483829,2025,5000.0
1483845,2025,2672.15
1483845,2026,10758.25
1483852,2025,354378.89
1483852,2026,2727.75
1483877,2025,388473.99
1483879,2025,1000.0
1483889,2025,303486.78
1483889,2026,6696302.25
1483891,2025,17507.64
1483893,2025,10240.51
1483893,2026,513444.34
1483895,2026,500.0
1483899,2025,40960.33
1483899,2026,8812.0
1483916,2025,174750.51
1483916,2026,8830.0
1483930,2025,45017.42
1483932,2025,84000.0
1483976,2025,90289.61
1483976,2026,49636.33
1483988,2025,582054.8
1483988,2026,3500.41
1483992,2026,14451.02
1483996,2025,6871.96
1483998,2025,39200.0
1484005,2025,17965.64
1484005,2026,27988.38
1484007,2025,78400.0
1484010,2025,14286.66
1484045,2025,393.0
1484045,2026,14050.0
1484049,2025,105000.0
1484052,2026,68975.99
1484078,2025,302190.3
1484078,2026,105494.96
1484089,2026,5155.0
1484095,2025,29800.0
1484096,2025,42600.0
1484102,2025,44597.12
1484102,2026,8216.98
1484116,2025,55000.0
1484116,2026,60000.0
1484121,2025,17678.0
1484144,2026,54203.41
1484148,2025,4415.47
1484148,2026,57747.07
1484169,2025,3217.0
1484169,2026,191281.06
1484171,2025,1500.0
1484171,2026,1753.29
1484175,2025,101500.0
1484195,2026,14300.0
1484197,2025,37700.0
1484198,2025,65000.0
1484201,2025,1634.68
1484201,2026,5000.0
1484204,2025,10350.86
1484210,2025,100000.0
1484213,2025,2732.19
1484213,2026,5955.03
1484224,2025,10686.72
1484227,2025,100000.0
1484228,2025,100000.0
1484230,2025,49999.0
1484235,2025,869000.0
1484255,2025,2426.5
1484255,2026,43409.18
1484260,2026,5966399.14
1484263,2026,1000.0
1484266,2025,1129439.92
1484266,2026,1654353.46
1484271,2025,2677.92
1484271,2026,37406.75
1484275,2025,10000.0
1484277,2025,10000.0
1484279,2025,10000.0
1484281,2025,30000.0
1484310,2025,3676.96
1484310,2026,338977.22
1484337,2025,2000000.0
1484345,2026,9500.0
1484350,2025,13027.37
1484350,2026,503576.58
1484352,2025,15000.0
1484352,2026,627772.0
1484355,2025,780470.1
1484355,2026,1381033.81
1484357,2025,16000.0
1484374,2025,48307.02
1484374,2026,33764.66
1484417,2025,70000.0
1484424,2025,634985.53
1484428,2025,8770.0
1484428,2026,84747.49
1484438,2025,1124.08
1484438,2026,18939.51
1484449,2025,145000.0
1484456,2025,995000.0
1484476,2025,10866.6
1484479,2025,75000.0
1484495,2025,379317.51
1484495,2026,20318.22
1484507,2025,45000.0
1484509,2025,50006.0
1484532,2025,2573.73
1484546,2025,11800.0
1484577,2025,3181.14
1484612,2025,12600.0
1484629,2025,2050.0
1484629,2026,1275.78
1484678,2025,100000.0
1484709,2025,50000.0
1484715,2025,15000.0
1484731,2025,76129.03
1484731,2026,3865.97
1484739,2025,7119.5
1484739,2026,166208.92
1484744,2025,10000.0
1484746,2025,10000.0
1484746,2026,122000.0
1484749,2025,241663.35
1484749,2026,107812.88
1484785,2026,1535.03
1484798,2025,4424.0
1484798,2026,14273.2
1484813,2025,14629.88
1484825,2026,311.93
1484832,2025,642.35
1484832,2026,10879.4
1484835,2025,4466140.24
1484835,2026,116796790.67
1484843,2025,49000.0
1484853,2025,13500.0
1484853,2026,60068289.53
1484860,2025,20658567.93
1484860,2026,23953721.27
1484899,2026,8500.0
1484944,2025,150000.0
1484959,2025,11002.56
1484959,2026,344026.11
1484966,2025,46364.74
1484966,2026,240547.81
1484978,2025,10000.0
1484988,2025,291349.0
1484996,2025,1043.6
1484996,2026,25739.19
1485004,2025,260.0
1485004,2026,48878.05
1485007,2025,74053.6
1485007,2026,311424.7
1485013,2025,300000.0
1485055,2026,138513.52
1485077,2026,212000.0
1485132,2026,2500.0
1485139,2025,158898.52
1485146,2025,1000.0
1485146,2026,19100.0
1485168,2025,14105.42
1485168,2026,2806697.14
1485173,2026,19676.6
1485203,2025,73614.6
1485203,2026,83646380.36
1485214,2025,806.0
1485214,2026,6111.0
1485228,2026,210781.49
1485267,2026,39200.0
1485273,2025,75000.0
1485278,2026,1648.43
1485309,2026,33997.88
1485321,2025,3870.9
1485321,2026,73241.04
1485342,2025,50000.0
1485342,2026,16300.0
1485349,2026,4305.73
1485351,2026,3346.1
1485354,2025,1873440.09
1485354,2026,17805467.84
1485378,2025,1000000.0
1485383,2025,25000.0
1485389,2025,1778.77
1485389,2026,173019.79
1485447,2025,117000.0
1485456,2025,802.2
1485456,2026,533668.85
1485476,2025,1405.72
1485476,2026,49762.86
1485481,2026,18595.0
1485492,2025,50000.0
1485508,2025,55000.0
1485516,2025,75525.0
1485516,2026,52775.0
1485530,2025,3091.75
1485530,2026,1334450.34
1485542,2026,14712577.44
1485563,2026,77354.78
1485572,2025,100000.0
1485576,2026,10211.0
1485611,2026,824.2
1485620,2025,325000.0
1485622,2025,1000000.0
1485631,2025,20000.0
1485635,2026,15000.0
1485661,2025,50000.0
1485666,2025,450000.0
1485668,2026,3525.0
1485670,2026,141950.15
1485673,2026,37000.0
1485702,2025,300000.0
1485707,2026,14000.0
1485716,2026,6535.17
1485721,2026,1605646.66
1485728,2025,20000.0
1485731,2025,750.0
1485731,2026,25966.21
1485733,2025,1000000.0
1485733,2026,117600.0
1485734,2025,60000.0
1485791,2026,2065606.66
1485796,2026,12174.57
1485807,2026,8750.0
1485832,2025,3622781.86
1485838,2026,124689.94
1485845,2025,166666.0
1485847,2026,19862667.01
1485848,2025,10000.0
1485850,2025,40700.0
1485852,2025,59625.0
1485852,2026,49800.0
1485869,2026,36125.29
1485876,2025,25000.0
1485882,2026,199634.42
1485934,2025,252500.0
1485934,2026,15000.0
1485970,2025,35000.0
1485986,2026,72211.33
1485988,2025,29000.0
1485998,2025,50000.0
1486012,2026,500.0
1486021,2025,100000.0
1486030,2026,701950.0
1486038,2025,71000.0
1486038,2026,40000.0
1486040,2026,4070763.22
1486053,2025,45249.39
1486059,2025,50000.0
1486064,2026,6425693.64
1486067,2025,105000.0
1486092,2025,58505.0
1486102,2025,50000.0
1486106,2025,30000.0
1486111,2025,11800.0
1486111,2026,2500.0
1486123,2026,10959.38
1486136,2026,690.11
1486141,2026,784.6
1486148,2026,15062.5
1486152,2026,176332.46
1486156,2025,60000.0
1486178,2025,50000.0
1486210,2025,285000.0
1486222,2026,44925.97
1486227,2026,785029.95
1486237,2025,60000.0
1486237,2026,50000.0
1486256,2025,12000.0
1486261,2025,35000.0
1486261,2026,35000.0
1486262,2025,100000.0
1486274,2025,174324.0
1486303,2025,200000.0
1486312,2025,350000.0
1486341,2025,50000.0
1486344,2025,210000.0
1486344,2026,50000.0
1486384,2025,8500.0
1486384,2026,1900.0
1486388,2025,278868.04
1486388,2026,51611.7
1486393,2025,18400.0
1486393,2026,22545.0
1486401,2025,290000.0
1486401,2026,100000.0
1486404,2025,18300.0
1486415,2026,20447.69
1486428,2025,25000.0
1486434,2025,1000000.0
1486438,2026,3082789.23
1486442,2026,1064457.94
1486445,2025,10000.0
1486446,2025,10000.0
1486451,2025,39200.0
1486456,2025,39200.0
1486477,2025,500000.0
1486477,2026,250000.0
1486484,2025,125000.0
1486495,2025,10400.0
1486498,2025,21600.0
1486498,2026,39200.0
1486504,2025,185000.0
1486511,2025,550025.0
1486511,2026,200000.0
1486520,2026,738928.37
1486532,2026,175252.79
1486535,2026,64879.16
1486568,2025,100000.0
1486569,2025,250000.0
1486569,2026,700550.0
1486571,2025,60000.0
1486571,2026,25000.0
1486573,2025,100000.0
1486574,2025,100000.0
1486574,2026,20000.0
1486577,2025,120000.0
1486579,2024,16800.0
1486579,2025,190000.0
1486579,2026,36500.0
1486581,2025,250000.0
1486594,2025,42500.0
1486599,2025,34757.96
1486604,2025,100000.0
1486628,2025,18565.01
1486632,2025,160000.0
1486637,2025,25000.0
1486638,2025,25000.0
1486639,2025,25000.0
1486650,2026,452083.96
1486656,2025,25000.0
1486661,2025,20000.0
1486661,2026,150000.0
1486662,2025,267000.0
1486662,2026,355000.0
1486666,2025,3600.0
1486666,2026,56948.0
1486667,2025,40200.0
1486667,2026,39200.0
1486669,2026,256494.55
1486681,2025,50000.0
1486686,2025,991000.0
1486686,2026,940000.0
1486688,2025,150000.0
1486688,2026,50000.0
1486691,2025,100000.0
1486693,2025,75000.0
1486695,2026,50000.0
1486703,2025,11760.73
1486708,2025,50000.0
1486708,2026,25000.0
1486718,2025,10000.0
1486725,2025,57200.0
1486732,2025,175575.0
1486732,2026,50000.0
1486734,2025,100000.0
1486751,2025,25000.0
1486752,2025,15300.0
1486754,2025,11000.0
1486756,2025,11000.0
1486765,2025,40500.0
1486767,2026,470857845.32
1486782,2025,39000.0
1486782,2026,78400.0
1486784,2025,39200.0
1486784,2026,39200.0
1486785,2025,40900.0
1486785,2026,39200.0
1486786,2025,39000.0
1486786,2026,39199.0
1486787,2025,10000.0
1486789,2025,290000.0
1486789,2026,155000.0
1486791,2025,60000.0
1486791,2026,25000.0
1486793,2025,50000.0
1486798,2025,50000.0
1486798,2026,10000.0
1486807,2025,8000000.0
1486808,2025,14800.0
1486808,2026,10000.0
1486813,2025,39200.0
1486824,2025,10000.0
1486837,2025,500000.0
1486840,2025,50025.0
1486843,2025,50000.0
1486843,2026,200000.0
1486846,2025,75000.0
1486858,2026,159043248.72
1486862,2026,168801.65
1486863,2025,50000.0
1486865,2025,50200.0
1486865,2026,50750.0
1486867,2025,25000.0
1486867,2026,15000.0
1486869,2025,41000.0
1486870,2025,89960.0
1486874,2025,450000.0
1486874,2026,500000.0
1486880,2025,120000.0
1486883,2025,450000.0
1486883,2026,100000.0
1486885,2025,50000.0
1486893,2025,25000.0
1486912,2025,10000.0
1486914,2025,31000.0
1486914,2026,15000.0
1486915,2025,40000.0
1486915,2026,25000.0
1486917,2025,450000.0
1486919,2025,19300.0
1486922,2025,58800.0
1486923,2025,30000.0
1486924,2025,45925.0
1486924,2026,70000.0
1486952,2025,52370.0
1486952,2026,36050.4
1486954,2025,16650.0
1486958,2025,25000.0
1486959,2025,652000.0
1486961,2025,26500.0
1486962,2025,13700.0
1486963,2025,54300.0
1486963,2026,25000.0
1486964,2025,14200.0
1486965,2025,238592.11
1486967,2025,375748.74
1486967,2026,150000.0
1486969,2025,2000000.0
1486973,2025,25000.0
1486977,2026,303238.31
1486981,2026,60000.0
1486982,2025,27361.31
1486984,2025,211000.0
1486984,2026,75000.0
1486986,2025,354180.72
1486996,2026,42920.6
1486997,2026,64874.93
1486999,2025,140000.0
1487002,2025,25000.0
1487006,2025,84431.83
1487013,2025,150000.0
1487014,2025,26800.0
1487015,2026,26500.0
1487016,2025,25000.0
1487016,2026,12500.0
1487022,2025,71500.0
1487022,2026,30000.0
1487024,2025,100000.0
1487024,2026,51000.0
1487026,2025,200000.0
1487026,2026,50000.0
1487027,2025,102800.0
1487027,2026,228550.0
1487030,2025,17000.0
1487031,2025,35000.0
1487040,2025,67844.64
1487044,2025,25000.0
1487047,2025,20000.0
1487048,2025,25025.0
1487049,2025,25000.0
1487049,2026,11700.0
1487050,2025,183718.56
1487053,2025,230000.0
1487055,2025,25000.0
1487056,2025,10000.0
1487059,2025,14300.0
1487061,2025,500000.0
1487063,2025,50000.0
1487064,2025,50000.0
1487065,2025,17600.0
1487071,2025,50000.0
1487073,2025,100000.0
1487075,2025,566668.16
1487075,2026,200000.0
1487077,2025,37736.0
1487079,2026,31416.17
1487081,2025,26000.0
1487083,2025,25000.0
1487084,2025,75000.0
1487087,2025,110000.0
1487090,2025,116307.4
1487090,2026,59153.71
1487092,2025,25000.0
1487096,2025,25000.0
1487102,2025,25000.0
1487102,2026,30000.0
1487106,2025,100000.0
1487108,2025,102500.0
1487110,2025,570000.0
1487110,2026,159800.0
1487111,2025,115000.0
1487111,2026,80750.0
1487116,2025,30000.0
1487121,2026,169663.16
1487126,2025,35000.0
1487126,2026,17500.0
1487131,2025,350000.0
1487136,2025,100000.0
1487138,2025,1136600.0
1487138,2026,268600.0
1487140,2025,57619.0
1487142,2025,50000.0
1487144,2026,153936.25
1487146,2025,513000.0
1487146,2026,325000.0
1487147,2025,300000.0
1487150,2025,40000.0
1487152,2025,50000.0
1487154,2025,150000.0
1487155,2025,100000.0
1487156,2025,60000.0
1487162,2026,354277.55
1487186,2025,60000.0
1487191,2026,149729.36
1487200,2025,50000.0
1487200,2026,25000.0
1487226,2025,25000.0
1487258,2026,328400.0
1487269,2025,25000.0
1487272,2026,37706.26
1487276,2025,50000.0
1487288,2026,729624.62
1487295,2026,9245.26
1487305,2025,25000.0
1487310,2026,1051.83
1487312,2026,196334.59
1487345,2026,120900.0
1487349,2026,6275.13
1487363,2026,9746.0
1487375,2025,32000.0
1487379,2026,15000.0
1487391,2025,100000.0
1487395,2026,28500.0
1487418,2026,52129.46
1487425,2026,134942850.08
1487447,2026,13724.96
1487459,2024,38270.0
1487462,2026,58391.69
1487467,2026,191776.23
1487473,2026,10000.0
1487499,2026,50784.72
1487518,2026,40680.66
1487531,2026,899682.97
1487549,2026,244352.27
1487558,2026,1298.69
1487561,2024,24000.0
1487561,2025,10000.0
1487563,2026,2738.78
1487566,2026,3545.69
1487567,2025,100000.0
1487573,2026,66638.13
1487582,2026,15140.86
1487584,2026,81351.88
1487594,2026,44331.51
1487598,2026,867401.92
1487620,2026,203178.26
1487631,2026,22000.0
1487645,2026,21324.36
1487671,2026,68895.49
1487687,2026,337354.75
1487693,2026,8835.72
1487695,2025,25000.0
1487697,2026,875000.0
1487701,2025,384062.16
1487736,2026,116105.53
1487740,2026,377575.53
1487775,2026,29442.69
1487790,2026,40663.0
1487797,2026,22372.01
1487802,2026,10000.0
1487806,2026,145.0
1487817,2026,34065.96
1487832,2026,193060.01
1487834,2026,65450.96
1487837,2026,3555.0
1487854,2026,141041.41
1487867,2025,57000.0
1487871,2026,11900.0
1487873,2025,40000.0
1487873,2026,17500.0
1487878,2026,10000.0
1487915,2026,379853.2
1487927,2026,15123.49
1487936,2026,34848.43
1487942,2026,781732.76
1487948,2026,44852.4
1487952,2026,106981.67
1487955,2026,49964.1
1487970,2025,241432.86
1488006,2026,1568925.71
1488009,2026,3453020.74
1488022,2026,4132.1
1488026,2025,500000.0
1488079,2025,50000.0
1488081,2026,10000.0
1488088,2026,136111.94
1488091,2026,149082.07
1488101,2026,100000.0
1488107,2025,49000.0
1488112,2026,950.0
1488121,2025,165086.0
1488127,2026,76478.45
1488133,2026,18700.0
1488145,2026,7933.97
1488148,2026,57134.36
1488154,2026,2441.86
1488162,2026,13690.18
1488176,2026,8328533.4
1488207,2026,22559.11
1488215,2026,22852.71
1488221,2026,113795.94
1488242,2026,62671.58
1488258,2026,592159.67
1488276,2025,44200.0
1488276,2026,41000.0
1488313,2026,14326.67
1488321,2025,50000.0
1488344,2025,250000.0
1488344,2026,75750.0
1488383,2026,20000.0
1488396,2026,6975.73
1488406,2026,2494138.1
1488414,2026,1098000.0
1488418,2026,205232707.71
1488421,2026,7775250.35
1488423,2026,120876275.96
1488430,2026,47673.4
1488439,2026,64311.61
1488463,2026,78400.0
1488466,2026,39200.0
1488468,2026,39200.0
1488480,2026,1750.0
1488494,2026,31749.5
1488508,2026,38564.31
1488524,2026,9500.0
1488532,2026,6254.34
1488567,2026,45000.0
1488578,2026,60187.82
1488590,2026,1609900.0
1488641,2025,25000.0
1488671,2026,15000.0
1488681,2026,9413.0
1488683,2026,59265.81
1488685,2026,6086706.28
1488719,2026,138726.1
1488721,2025,65023.58
1488732,2026,40366086.95
1488735,2026,78400.0
1488736,2026,78400.0
1488744,2026,2258.93
1488757,2026,16050.0
1488768,2026,175000.0
1488779,2026,2559856.86
1488785,2026,118661.96
1488792,2026,31862.03
1488797,2026,78400.0
1488802,2026,71356.0
1488806,2026,76823.34
1488830,2026,108311.86
1488849,2026,24800.0
1488851,2026,50.0
1488853,2026,1598544.18
1488869,2026,22500.0
1488877,2026,51055.93
1488918,2025,50000.0
1488940,2026,39200.0
1488959,2026,117600.0
1489007,2026,15406.63
1489012,2026,25837.93
1489032,2026,39200.0
1489033,2026,50000.0
1489035,2026,16000.0
1489046,2026,29132.0
1489048,2026,6343.9
1489052,2026,1344205.57
1489060,2026,46125.0
1489061,2026,606600.0
1489062,2025,15000.0
1489069,2026,53700.0
1489089,2026,78400.0
1489112,2026,53200.0
1489134,2025,35000.0
1489136,2026,11800.0
1489143,2026,30000.0
1489144,2026,39200.0
1489147,2026,10000.0
1489151,2025,675194.91
1489151,2026,100000.0
1489166,2026,6208.77
1489177,2026,20839.28
1489208,2026,437313.49
1489249,2026,9180.22
1489255,2026,30186.9
1489267,2026,14000.0
1489273,2026,43808.41
1489281,2026,50000.0
1489284,2026,50000.0
1489359,2026,25432.12
1489365,2026,167583.2
1489372,2026,4818637.16
1489378,2026,15562.5
1489380,2026,10000.0
1489382,2025,22500.0
1489398,2026,374700.62
1489418,2026,763517.65
1489455,2026,6485.7
1489489,2026,117856.4
1489537,2026,288400.0
1489549,2026,723157.4
1489551,2026,90276.32
1489585,2026,26000.0
1489586,2026,26000.0
1489610,2026,37401.0
1489626,2025,50000.0
1489636,2026,34200.0
1489677,2026,229232710.55
1489712,2026,34000.0
1489719,2026,137888.77
1489726,2026,796.28
1489736,2026,3300.0
1489751,2026,39700.0
1489754,2026,11000.0
1489757,2026,10000.0
1489759,2026,10000.0
1489775,2026,40464.92
1489777,2026,18600.0
1489778,2026,96016.2
1489780,2026,50000.0
1489781,2026,12875.0
1489782,2026,10000.0
1489783,2026,40627.1
1489816,2026,18000.0
1489836,2026,78400.0
1489846,2026,3282519.72
1489848,2026,10000.0
1489854,2026,3336903.42
1489858,2026,10000.0
1489865,2026,21353.37
1489873,2026,4324623.04
1489879,2026,25000.0
1489888,2026,25000.0
1489891,2026,69840.0
1489898,2026,26000.0
1489929,2026,2681.37
1489975,2026,27098.42
1489976,2026,25000.0
1489979,2026,1250.0
1490030,2026,1000849.72
1490037,2026,5198.04
1490041,2025,10000.0
1490043,2025,100000.0
1490055,2026,35000.0
1490064,2026,300400.0
1490079,2026,106191.86
1490147,2026,72570.0
1490195,2026,10000.0
1490201,2026,645950.0
1490211,2026,2451198.43
1490247,2026,250000.0
1490268,2026,120.0
1490270,2026,27275000.0
1490276,2025,35000.0
1490317,2026,78400.0
1490334,2026,350.0
1490343,2026,29551170.32
1490349,2026,24000.0
1490356,2026,25000.0
1490357,2026,10000.0
1490358,2026,41200.0
1490359,2026,10000.0
1490361,2026,12500.0
1490368,2026,15000.0
1490394,2026,39200.0
1490405,2026,49000.0
1490406,2026,60800.0
1490407,2026,10000.0
1490411,2026,1564892.63
1490426,2026,5337084.98
1490450,2026,60000.0
1490453,2026,7577.26
1490496,2026,2204963.17
1490499,2026,1978660.29
1490503,2026,1882.33
1490504,2026,10000.0
1490509,2026,2886600.0
1490529,2026,4019.23
1490569,2026,2178227.75
1490585,2026,1000000.0
1490592,2026,78400.0
1490593,2026,13500.0
1490597,2026,39200.0
1490630,2026,50534.39
1490662,2026,89200.0
1490681,2026,1100950.0
1490702,2026,10000.0
1490710,2026,500000.0
1490729,2026,39700.0
1490749,2026,2016.25
1490752,2026,2515221.45
1490753,2025,77000.0
1490778,2026,120100.0
1490783,2026,100000.0
1490803,2026,11600.0
1490814,2026,230400.0
1490817,2026,714750.0
1490839,2026,8770.0
1490865,2026,107920.48
1490885,2026,102380171.0
1490906,2026,19800.0
1490912,2026,21310.72
1490918,2026,88700.0
1490922,2026,62400.0
1490925,2026,10000.0
1490927,2026,80200.0
1490928,2026,11750.0
1490949,2026,800000.0
1490955,2026,3990.14
1490982,2026,897.4
1490990,2026,50000.0
1490996,2026,1556569.31
1491006,2026,10000.0
1491028,2026,1027445.76
1491029,2026,20500.0
1491033,2026,1278129.26
1491061,2026,78400.0
1491070,2026,345498.0
1491080,2026,41200.0
1491096,2026,83400.0
1491108,2026,78400.0
1491113,2026,1278.14
1491117,2026,166600.0
1491118,2026,78400.0
1491120,2026,10000.0
1491121,2026,39200.0
1491130,2026,39200.0
1491138,2026,41000.0
1491144,2026,492094.72
1491150,2026,3309604.9
1491157,2026,39200.0
1491161,2026,184800.0
1491162,2026,67000.0
1491167,2026,78400.0
1491168,2026,18750.0
1491171,2026,12500.0
1491172,2026,24750.0
1491174,2026,400323.73
1491177,2026,164000.0
1491200,2026,1271840.42
1491211,2026,71300.0
1491225,2026,350971.94
1491229,2026,689636.72
1491246,2026,10000.0
1491263,2026,182750.68
1491280,2026,78400.0
1491281,2026,10000.0
1491284,2026,41576.0
1491288,2026,39200.0
1491290,2026,494767.83
1491296,2026,39200.0
1491302,2026,81800.0
1491355,2026,39200.0
1491361,2026,1200.0
1491369,2026,83400.0
1491382,2026,12500.0
1491383,2026,117600.0
1491407,2026,950272.8
1491428,2025,39200.0
1491431,2026,5900.0
1491433,2026,6889863.32
1491448,2026,117600.0
1491458,2026,18.45
1491482,2026,39200.0
1491490,2026,148002.06
1491520,2026,27500.0
1491522,2026,10000.0
1491525,2026,281132.49
1491536,2026,49000.0
1491537,2026,39200.0
1491555,2026,35000.0
1491557,2026,5177483.58
1491581,2026,5000.0
1491589,2026,32525.31
1491592,2026,65346.2
1491594,2026,39200.0
1491595,2026,39200.0
1491596,2026,39200.0
1491604,2026,33500.0
1491616,2026,39200.0
1491617,2026,78400.0
1491623,2026,25000.0
1491625,2026,11500.0
1491636,2026,39200.0
1491685,2026,25000.0
1491699,2026,10000.0
1491700,2026,10000.0
1491701,2026,10000.0
1491706,2026,39200.0
1491709,2026,39200.0
1491712,2026,5000.0
1491713,2026,78400.0
1491718,2026,25000.0
1491719,2026,25000.0
1491732,2026,24999.0
1491746,2026,314000.0
1491748,2026,39200.0
1491754,2026,25000.0
1491755,2026,32900.0
1491756,2026,39200.0
1491757,2026,39200.0
1491758,2026,39200.0
1491771,2026,187700.0
1491786,2026,10000.0
1491788,2026,10000.0
1491789,2026,10000.0
1491796,2026,25000.0
1491797,2026,207550.0
1491798,2026,45750.0
1491799,2026,39200.0
1491802,2026,78400.0
1491803,2026,78400.0
1491804,2026,80200.0
1491808,2026,10000.0
1491812,2026,30000.0
1491813,2026,24000.0
1491814,2026,39200.0
1491815,2026,16000.0
1491817,2026,46500.0
1491824,2026,10000.0
1491833,2026,15734.0
1491834,2026,39200.0
1491835,2026,10000.0
1491840,2026,15000.0
1491841,2026,39200.0
1491843,2026,12500.0
1491852,2026,39200.0
1491880,2026,78400.0
1491881,2026,25000.0
1491902,2026,10500000.0
1491904,2026,86800.0
1491953,2026,35030.0
1492044,2025,50000.0
1492064,2026,20000.0
1492069,2026,25000.0
1492076,2026,127993.23
1492092,2025,386460.54
1492108,2026,289393.76
1492128,2026,1000000.0
1492136,2026,30000.0
1492185,2026,10000.0
1492202,2025,30000.0
1492204,2026,50000.0
1492212,2026,12500.0
1492251,2026,64200.0
1492288,2025,72800.0
1492301,2026,50000.0
1492326,2025,133000.0
1492328,2026,39200.0
1492370,2026,45400.0
1492371,2026,51000.0
1492372,2026,78400.0
1492373,2026,25000.0
1492375,2026,78400.0
1492378,2026,78400.0
1492381,2026,78400.0
1492382,2026,78400.0
1492384,2026,78400.0
1492385,2026,78400.0
1492387,2026,78400.0
1492388,2026,78400.0
1492390,2026,60000.0
1492391,2026,10000.0
1492392,2026,78400.0
1492393,2026,10000.0
1492394,2026,50000.0
1492395,2026,10000.0
1492403,2025,50100.0
1492403,2026,51000.0
1492424,2025,22500.0
1492424,2026,10000.0
1492442,2026,25000.0
1492476,2025,500000.0
1492476,2026,1000000.0
1492497,2026,45700.0
1492515,2026,39200.0
1492541,2026,2000.0
1492644,2026,35000.0
1492648,2026,78400.0
1492693,2026,20000.0
1492704,2026,24300.0
1492713,2026,22000.0
1492718,2026,10000.0
1492743,2026,78400.0
1492759,2026,10000.0
1492778,2026,39200.0
1492793,2026,91524.44
1492812,2026,11915.23
1492906,2026,377308.02
1492942,2026,25000.0
1492943,2026,100000.0
1492945,2026,43400.0
1492970,2026,40000.0
1492986,2026,48338.0
1492987,2026,25000.0
1492993,2026,221382.0
1492995,2026,156800.0
1492999,2026,156800.0
1493008,2026,89215.87
1493009,2026,10000.0
1493022,2026,10000.0
1493088,2026,39200.0
1493120,2026,572903.82
1493122,2026,50000.0
1493149,2026,133593.48
1493153,2026,25000.0
1493155,2026,66795.18
1493160,2026,25000.0
1493179,2026,18000.0
1493184,2026,25000.0
1493185,2026,25000.0
1493190,2026,80000.0
1493203,2026,22500.0
1493210,2026,500000.0
1493212,2026,10000.0
1493218,2026,10000.0
1493304,2026,10000.0
1493305,2026,10000.0
1493306,2026,39000.0
1493324,2026,100000.0
1493358,2026,35000.0
1493372,2025,54000.0
1493374,2026,50000.0
1493376,2026,150000.0
1493380,2026,5000.0
1493417,2026,5000000.0
1493421,2026,200000.0
1493427,2026,15000.0
1493445,2026,15000.0
1493459,2026,174879.12
1493490,2026,60000.0
1493492,2026,131700.0
1493493,2026,500000.0
1493509,2025,20000.0
1493509,2026,20000.0
1493545,2026,250000.0
1493558,2026,401000.0
1493560,2026,78400.0
1493562,2026,27001.0
1493563,2026,100000.0
1493588,2026,50000.0
1493589,2026,50000.0
1493590,2026,10000.0
1493591,2026,25000.0
1493594,2026,23000.0
1493595,2026,20000.0
1493597,2026,11000.0
1493598,2026,125000.0
1493605,2026,100000.0
1493612,2026,242970.58
1493616,2025,139999.0
1493616,2026,46800.0
1493619,2026,10000.0
1493622,2026,35033.25
1493635,2026,200000.0
1493668,2026,16261.75
1493671,2026,16280.62
1493682,2026,22527.16
1493696,2026,30000.0
1493709,2026,78400.0
1493713,2026,51500.0
1493714,2026,39200.0
1493715,2026,230000.0
1493717,2026,78400.0
1493739,2026,360139.67
1493741,2026,177480.0
1493756,2026,78400.0
1493759,2026,78400.0
1493760,2026,78400.0
1493763,2026,23300.0
1493766,2026,11700.0
1493790,2026,300000.0
1493797,2026,25000.0
1493798,2026,828400.0
1493799,2026,178400.0
1493800,2026,1078400.0
1493801,2026,250000.0
1493877,2026,41200.0
1493921,2026,50000.0
1493993,2026,253790.12
1494184,2026,39200.0
1494290,2026,39200.0
1494291,2026,39200.0
1494354,2026,32900.0
1494384,2026,50000.0
1494406,2026,125000.0
1494493,2026,18867.93
1494626,2026,51000.0
1494640,2026,75000.0
1494742,2026,39000.0
1495345,2026,39200.0
1495467,2026,39200.0
1495743,2026,39200.0
1495775,2026,10000.0
1496117,2026,39200.0
1496193,2026,39200.0
1496274,2026,30000.0
1496360,2026,39200.0
478008,2023,1112949.0
478008,2024,2729145.0
478008,2025,3437050.0
478008,2026,4927475.0
478019,2023,186700.0
478019,2024,211100.0
478019,2025,248095.75
478019,2026,47200.0
478036,2023,668624.57
478036,2024,1088000.0
478036,2025,1777000.0
478036,2026,930609.17
478058,2023,19500.0
478058,2024,252500.0
478092,2023,14500.0
478092,2024,14100.0
478092,2025,65000.0
478092,2026,24500.0
478102,2023,497850.57
478102,2024,449914.16
478102,2025,212400.29
478102,2026,134400.0
478104,2023,4277100.0
478104,2024,7467086.12
478104,2025,4801300.0
478104,2026,4491300.0
478128,2023,5118319.53
478128,2024,1262850.0
478128,2025,155387.36
478128,2026,80700.0
478163,2023,2394600.0
478163,2024,4404383.92
478163,2025,2191053.66
478163,2026,18925727.03
478173,2023,5000.0
478175,2023,1040000.0
478175,2024,319700.0
478175,2025,1012600.0
478175,2026,317000.0
478237,2024,38500.0
478237,2025,26000.0
478245,2023,163180.0
478245,2024,157588.0
478245,2025,107700.0
478245,2026,56300.0
478303,2023,1000000.0
478319,2023,12500.0
478337,2023,115850.0
478337,2024,29950.0
478371,2024,16000.0
478377,2026,18532.0
478390,2023,7356180.0
478390,2024,219500.0
478390,2025,172600.0
478393,2024,800000.0
478515,2023,200000.0
478515,2026,500000.0
478535,2023,335788.08
478535,2024,6177632.32
478535,2025,1368145.84
478535,2026,555081.66
478535,2103,5000.0
478557,2023,404490.0
478557,2024,428135.0
478557,2025,315210.0
478557,2026,425752.0
478577,2023,1089322.0
478577,2024,850879.43
478577,2025,358699.0
478577,2026,742960.0
478632,2024,5000000.0
478632,2026,2000000.0
478649,2024,15000.0
478649,2025,10000.0
478676,2023,372600.0
478676,2024,1290450.0
478676,2025,130000.0
478676,2026,160620.0
478707,2023,2521300.0
478707,2024,1202307.0
478707,2025,1070895.0
478707,2026,1089200.0
479062,2024,26104.0
479077,2023,114000.0
479077,2024,570700.0
479077,2026,138818.0
479099,2024,1275885.42
479136,2023,1250000.0
479136,2024,9565060.19
479136,2025,156589.8
479136,2026,200000.0
479137,2024,38545.0
479163,2023,20800.0
479163,2024,214275.0
479163,2025,68750.0
479163,2026,37100.0
479199,2023,12800.0
479199,2024,12800.0
479199,2025,25600.0
479199,2026,12800.0
479259,2023,178808.0
479259,2024,1763314.0
479259,2025,154216.0
479259,2026,120023.0
480017,2024,378500.0
480017,2026,50160.0
480032,2023,24700.0
480032,2024,56250.0
480032,2025,30000.0
480032,2026,81800.0
480050,2023,38981.59
480050,2024,30969.0
480050,2025,30969.0
480050,2026,24480.0
480055,2023,83100.0
480055,2024,161560.0
480055,2025,40365.0
480055,2026,49300.0
480137,2023,107352.0
480137,2024,64322.5
480137,2025,81722.5
480137,2026,13800.0
480166,2024,5197514.14
480166,2026,400000.0
480177,2023,38614.75
480198,2023,15000.0
480198,2024,20000.0
480298,2023,62875.83
480298,2024,495400.0
480298,2025,106003.04
480298,2026,95500.0
480353,2023,67279.04
480353,2024,56800.0
480353,2025,63000.0
480353,2026,85449.0
481035,2023,54000.0
481035,2024,71500.0
481035,2025,34500.0
481035,2026,138500.0
481085,2024,50000.0
481087,2023,13000.0
481087,2024,51500.0
481087,2025,2300.0
481087,2026,117900.0
481150,2024,25411.2
481186,2023,402250.0
481186,2024,208249.0
481186,2025,108700.0
481189,2023,14150.0
481189,2024,47050.0
481212,2023,88900.0
481212,2024,208600.0
482025,2023,199200.0
482025,2024,310000.0
482025,2025,1349200.0
482025,2026,1814200.0
482025,2106,8400.0
482029,2023,232350.0
482029,2024,2141225.0
482029,2025,299898.5
482029,2026,30000.0
482119,2025,10500.0
482119,2026,10000.0
482136,2023,12000.0
482136,2024,10000.0
482136,2025,14000.0
482168,2023,35906.33
482168,2024,26100.0
482168,2025,38800.0
482168,2026,20400.0
482190,2023,189793.0
482190,2024,324174.0
482190,2025,209698.0
482190,2026,166192.0
482209,2023,432650.0
482209,2024,2554853.14
482209,2025,577733.0
482209,2026,438460.0
482246,2023,187600.0
482246,2024,190600.0
482246,2025,214600.0
482246,2026,71300.0
482268,2023,27300.0
482268,2024,28865.0
482268,2025,22000.0
482306,2025,46100.0
482309,2023,30346.0
482309,2024,2433383.0
482309,2025,77945.0
482309,2026,93497.0
482413,2024,76150.0
482424,2024,96248.0
482424,2025,114400.0
482424,2026,29350.0
482501,2023,365900.0
482501,2024,305650.0
482501,2025,314900.0
482501,2026,413000.0
482523,2023,28586.53
482523,2024,5096909.24
482541,2023,38000.0
482541,2024,186478.0
482541,2025,80473.85
482541,2026,126420.85
482619,2023,308700.0
482619,2024,128350.0
482619,2025,75300.0
482619,2026,41500.0
482659,2023,113550.0
482659,2024,39000.0
482659,2025,46000.0
482659,2026,88400.0
482694,2023,31417.32
482694,2024,17190.7
482694,2025,35822.14
482694,2026,134615.34
482703,2023,20233.0
482703,2024,116250.0
482703,2025,59000.0
482703,2026,138400.0
483001,2023,82355.2
483001,2024,168496.72
483001,2025,44386.65
483001,2026,59620.39
483006,2023,50000.0
483006,2024,200000.0
483052,2023,176859.63
483052,2024,146658.0
483052,2025,623748.59
483052,2026,878000.0
483109,2024,73824.0
483109,2025,45900.0
483109,2026,1390.5
483129,2023,25500.0
483129,2024,85250.0
483129,2025,33100.0
483129,2026,36600.0
483150,2024,128700.0
483150,2025,224200.0
483152,2023,1156800.0
483152,2024,302744.99
483152,2025,53300.0
483172,2023,13509.2
483172,2026,46668.75
483196,2023,82600.0
483196,2024,135200.0
483196,2025,87810.35
483224,2024,10000.0
483224,2025,10000.0
484024,2023,566200.0
484024,2024,293100.0
484024,2025,280000.0
484024,2026,326700.0
484085,2024,79300.0
484177,2023,66802.64
484177,2024,18464.94
484177,2025,188829.57
484177,2026,14399.07
484193,2023,65774.02
484193,2024,47589.48
484193,2025,842041.04
484193,2026,65829.97
484207,2023,1461002.98
484207,2024,23517.0
484207,2025,75219.5
484207,2026,38110.97
484209,2023,55459.1
484209,2024,40126.56
484209,2025,2158935.99
484214,2023,1476009.39
484214,2024,34374.48
484214,2025,338812.23
484214,2026,63704.25
484219,2023,102123.76
484234,2023,12000.0
484236,2023,89900.0
484236,2024,229000.0
484236,2025,118500.0
484236,2026,102800.0
484241,2023,68223.89
484241,2024,49362.24
484241,2025,590555.39
484241,2026,52014.61
484253,2026,17000.0
484259,2023,25169.52
484259,2024,18210.96
484259,2025,312944.97
484259,2026,229286.87
484275,2023,86100.0
484275,2024,180100.0
484275,2025,206000.0
484275,2026,40200.0
484277,2023,43420.55
484277,2024,31416.12
484277,2025,106039.4
484277,2026,61242.4
484279,2023,27160.39
484279,2024,19651.44
484279,2025,292233.28
484279,2026,26811.33
484291,2024,150469.81
484298,2023,11459.66
484298,2025,12343.06
484302,2023,31158.28
484302,2024,22543.92
484302,2025,74526.08
484302,2026,169086.27
484308,2023,38284.08
484308,2024,22457.74
484308,2025,30405.77
484340,2023,314500.0
484340,2024,95500.0
484340,2025,154250.48
484340,2026,85000.0
484378,2023,11842.72
484396,2023,94750.0
484425,2023,18503.31
484425,2024,13387.8
484425,2025,161242.59
484425,2026,14480.88
484429,2023,44887.14
484429,2024,32477.28
484429,2025,71923.93
484429,2026,28964.5
484437,2023,26218.99
484437,2024,34000.0
484449,2023,1521351.79
484449,2024,67181.28
484449,2025,879062.47
484449,2026,79565.39
484455,2023,36701.64
484455,2024,26554.68
484455,2025,289036.97
484455,2026,25589.7
484493,2023,20576.0
484493,2024,73392.0
484506,2023,30600.0
484506,2024,18700.0
484506,2025,12592.69
484516,2023,84500.0
484516,2024,68000.0
484516,2025,1123000.0
484516,2026,580000.0
485038,2023,50000.0
485038,2024,21307.0
485038,2025,26165.0
485055,2023,210100.0
485055,2024,66650.0
485055,2025,127700.0
485055,2026,68600.0
485061,2023,98000.0
485061,2024,109000.0
485061,2025,11500.0
485061,2026,10000.0
486004,2023,112100.0
486004,2024,119100.0
486032,2025,12700.0
486046,2023,10324385.1
486046,2024,868750.0
486046,2025,180900.0
486046,2026,353100.0
486053,2026,27500.0
486056,2023,24000.0
486056,2024,24000.0
486056,2025,32000.0
486056,2026,28500.0
486064,2023,218200.0
486064,2024,68000.0
486064,2025,269250.0
486064,2026,33500.0
486066,2025,10030.0
486082,2023,109750.3
486082,2024,206529.58
486082,2025,314482.52
486082,2026,553936.24
486094,2026,400000.0
486117,2023,94000.0
486117,2024,101000.0
486117,2025,99750.0
486117,2026,108500.0
486123,2023,1297316.44
486123,2024,3595286.84
486123,2025,1563211.2
486123,2026,357700.0
486140,2023,113700.0
486140,2024,226100.0
486140,2025,173200.0
486140,2026,122100.0
486161,2023,108500.0
486161,2024,235100.0
486161,2025,145550.0
486161,2026,113800.0
486190,2023,167400.0
486190,2024,167400.0
486190,2025,172499.94
486193,2026,39200.0
486201,2023,500.0
486219,2023,104100.0
486219,2024,139100.0
486219,2025,100000.0
486219,2026,65000.0
486228,2023,18850.0
486228,2024,14800.0
486228,2025,19500.0
486228,2026,19500.0
486259,2024,180000.0
486264,5290,500.0
486291,2023,216000.0
486291,2024,374812.0
486291,2025,1631198.06
486291,2026,46000.0
486310,2023,39000.0
486310,2024,28100.0
486310,2025,77000.0
486330,2023,2660434.92
486330,2024,759971.37
486330,2025,9064693.32
486330,2026,35918858.72
487035,2023,15150.0
487035,2024,25150.0
487035,2025,14100.0
487045,2023,158500.0
487045,2024,3175500.0
487045,2025,33900.0
487067,2023,29100.0
487067,2024,21350.0
487067,2025,18800.0
487067,2026,15550.0
487095,2023,40000.0
487095,2024,52100.0
487095,2025,43000.0
487095,2026,26500.0
487106,2024,950000.0
487139,2024,12500.0
487141,2912,1000.0
487148,2023,10000.0
487211,2025,19600.0
488010,2024,100000.0
488046,2024,2012403.2
488046,2025,64219.92
488101,2024,39566.19
488101,2025,31436.94
488101,2026,10000.0
488123,2023,61500.0
488123,2024,61200.0
488123,2025,39300.0
488123,2026,33000.0
488129,2023,55399.0
488129,2024,49046.15
488129,2025,68220.25
488129,2026,30668.0
488183,2023,5174904.0
488183,2024,2176676.76
488183,2025,2102733.26
488183,2026,99900.0
488197,2023,21000.0
488197,2024,111500.0
488197,2025,100100.0
488197,2026,29075.0
488201,2023,52500.0
488201,2024,44500.0
488201,2025,156600.0
488202,2025,30000.0
488207,2023,200000.0
488235,2023,3728701.55
488235,2024,3060225.9
488235,2025,1845000.0
488235,2026,3909388.0
488240,2023,22650.0
488240,2024,2466124.4
488240,2025,15800.0
488240,2026,25300.0
488252,2025,500000.0
488264,2023,274300.0
488264,2024,143650.0
488264,2025,88500.0
488264,2026,54500.0
489059,2023,1373331.4
489059,2024,672946.68
489059,2025,3808466.16
489059,2026,15420146.88
489064,2025,150000.0
489064,2026,25900.0
489102,2023,20500.0
489102,2024,14850.0
489102,2026,28825.0
489196,2023,13800.0
489196,2024,20700.0
489196,2025,63800.0
489196,2026,43498.0
489222,2023,200000.0
489222,2024,419500.0
489222,2025,209050.0
489222,2026,30500.0
489306,2023,117360.0
489306,2024,858454.84
489319,2023,31750.0
489319,2024,424550.0
489319,2026,15000.0
489321,2088,249.0
489335,2023,36456.67
489335,2024,26377.56
489335,2025,59526.86
489335,2026,24298.81
489355,2023,111367.8
489355,2024,43248.0
489355,2025,53500.0
490008,2024,33000.0
490012,2023,215250.0
490012,2024,161000.0
490012,2025,533650.0
490012,2026,225850.0
490029,2024,100000.0
490033,2023,35000.0
490033,2025,10000.0
490033,2026,49000.0
490042,2023,107750.0
490042,2024,163250.0
490042,2025,18000.0
490042,2026,55955.44
490073,2023,10000.0
490073,2024,7249.0
490073,2025,12250.0
490073,2026,3000.0
490141,2023,30750.0
490141,2024,42000.0
490141,2025,46800.0
490141,2026,24300.0
490148,2024,10000.0
490148,2026,10500.0
490173,2023,27200.0
490173,2024,29700.0
490173,2025,39000.0
490173,2026,30500.0
490190,2023,31688.34
490190,2024,52017.97
490190,2025,54358.07
490190,2026,28903.22
490241,2023,1500.0
490248,2023,197850.0
490248,2024,326998.0
490248,2025,186700.0
490248,2026,32500.0
490321,2024,50000.0
490354,2023,31899.0
490354,2024,13243.0
490358,2023,92598.0
490358,2024,60700.0
490358,2025,71800.0
490394,2023,25000.0
490394,2024,15000.0
490394,2025,5000.0
490394,2026,10000.0
490420,2023,106000.0
490420,2024,117000.0
490420,2025,121000.0
490420,2026,16000.0
491003,2024,50000.0
491023,2023,68237.5
491023,2024,76000.0
491023,2025,177131.0
491023,2026,54500.0
491063,2024,100000.0
491128,2024,20075.5
491138,2023,31000.0
491138,2024,79450.0
491138,2025,57650.0
491138,2026,33400.0
491201,2025,120125.0
491201,2026,28525.0
491212,2023,940698.0
491212,2024,715850.0
491212,2025,345600.0
491212,2026,419323.09
491215,2023,30600.0
491215,2025,24000.0
491250,2024,96500.0
491250,2026,60000.0
491264,2023,19500.0
491264,2024,91950.0
491264,2025,11500.0
491264,2026,35067.15
492005,2024,27200.0
492005,2025,12300.0
492005,2026,17300.0
492016,2023,80550.0
492021,2023,25500.0
492021,2024,112250.0
492021,2025,28910.36
492021,2026,52896.68
492032,2023,134710.33
492032,2024,200108.0
492032,2025,163141.16
492032,2026,126531.69
492044,2023,37300.0
492044,2024,54800.0
492044,2025,40100.0
492056,2023,84250.0
492056,2024,81850.0
492056,2025,26999.0
492056,2026,25000.0
492085,2024,50000.0
492088,2023,480604.79
492088,2024,597733.24
492088,2025,4161361.2
492088,2026,376346.52
492139,2024,82440.0
492139,2025,53000.0
492139,2026,25000.0
492162,2025,10000.0
492162,2026,203000.0
493025,2023,118379.04
493025,2024,119548.4
493025,2025,196513.97
493025,2026,60679.79
493042,2023,25100.0
493042,2024,11000.0
493042,2025,95100.0
493061,2023,15000.0
493061,2025,23000.0
493066,2025,10000.0
493066,2026,10000.0
493117,2024,26000.0
493127,2023,41575.0
493127,2024,30125.0
493127,2025,17275.0
493127,2026,43275.0
493151,2023,1927012.83
493151,2024,612650.0
493151,2025,453200.0
493151,2026,1029700.0
493156,2023,6650.0
493156,2024,32250.0
493156,2026,16300.0
493174,2023,80600.0
493174,2024,621775.57
493174,2025,59660.22
493212,2024,15300.0
493212,2025,11700.0
493212,2026,17000.0
493218,2024,1527500.0
493218,2026,921600.0
493221,2026,550000.0
493236,2024,140100.0
493240,2023,287600.0
493240,2024,4500.0
493240,2025,120479.0
493240,2026,151934.0
493255,2023,30500.0
493255,2024,98999.98
493255,2025,96100.0
493255,2026,42600.0
494002,2026,78400.0
494033,2023,140194.66
494033,2024,269600.0
494033,2025,383336.11
494033,2026,136300.0
494053,2023,237708.62
494053,2024,85994.88
494053,2025,1249242.07
494053,2026,5214912.62
494059,2023,207850.0
494059,2024,191350.0
494059,2025,182800.0
494059,2026,67700.0
494078,2023,28100.0
494078,2024,35600.0
494078,2025,11499.82
494111,2023,650400.0
494111,2024,1842985.28
494111,2025,556800.0
494111,2026,226600.0
494112,2023,715400.0
494112,2024,573110.0
494112,2025,405000.0
494112,2026,224000.0
494112,2105,3000.0
494112,2106,4200.0
494169,2023,2021100.0
494169,2024,-999500.0
494179,2023,25700.0
494196,2023,390384.28
494196,2024,143000.0
494196,2025,980313.41
494196,2026,542665.98
494203,2023,528293.82
494203,2024,521850.0
494203,2025,824810.8
494203,2026,482100.0
494206,2023,148100.0
494206,2024,121000.0
494206,2025,157900.0
494206,2026,173000.0
494211,2023,529625.0
494211,2024,767260.0
494211,2025,673180.0
494211,2026,222500.0
494235,2023,302837.88
494235,2024,349240.0
494235,2025,29660.0
494238,2025,25000.0
494274,2026,32500.0
494275,2023,8749.0
494275,2024,490298.0
494275,2025,371650.0
494275,2026,22900.0
494306,2023,473900.0
494306,2024,796485.0
494306,2025,432216.56
494306,2026,361900.0
494307,2023,18200.0
494307,2024,11000.0
494307,2026,39200.0
494310,2023,111600.0
494310,2024,234500.0
494310,2025,755943.34
494310,2026,503400.0
494345,2023,112200.0
494345,2024,6099800.0
494345,2025,1294000.0
494345,2026,1894990.72
495034,2024,59648.0
495034,2026,65000.0
495040,2023,210600.0
495040,2024,299350.0
495040,2025,184599.0
495040,2026,51147.0
495040,2028,4000.0
495056,2026,78400.0
495086,2024,356333.33
495093,2023,109000.0
495093,2024,114600.0
495093,2025,121600.0
495093,2026,101100.0
495100,2023,19100.0
495100,2024,30000.0
495100,2025,116500.0
495100,2026,17500.0
495140,2023,50209.93
495140,2024,10000.0
495150,2023,31250.0
495150,2024,75500.0
495150,2025,162500.0
495150,2026,325000.0
495189,2023,150100.0
495189,2024,6891703.23
495189,2025,182078.0
495189,2026,2797514.61
495192,2026,50000.0
495198,2023,153500.0
495198,2024,200500.0
495198,2025,251000.0
495198,2026,300000.0
495230,2023,1070000.0
495230,2024,2063671.64
495230,2025,697213.2
495230,2026,609100.0
495236,2023,171400.0
495236,2024,253600.0
495236,2025,128300.0
495236,2026,81000.0
495274,2023,32000.0
495274,2024,34400.0
495274,2026,97500.0
495275,2025,73600.0
495275,2026,102400.0
496004,2024,220000.0
496008,2023,70000.0
496008,2024,225834.0
496008,2025,107000.0
496008,2026,145200.0
496018,2023,20161.3
496018,2024,12098.0
496018,2025,6500.0
496018,2204,5000.0
496025,2025,25000.0
496051,2023,1052425.0
496051,2024,2453698.0
496051,2025,1368609.0
496051,2026,1877200.0
496052,2023,1325000.0
496052,2024,3612340.0
496052,2025,324800.0
496052,2026,968000.0
496065,2024,627500.0
496065,2025,155000.0
496065,2026,31700.0
496085,2023,18200.0
496085,2025,19600.0
496128,2023,513100.0
496128,2024,379000.0
496128,2025,690191.89
496128,2026,301339.19
496171,2023,40000.0
496171,2025,21500.0
496172,2023,36400.0
496173,2023,48000.0
496173,2024,52000.0
496173,2025,93083.62
496173,2026,79300.0
496201,2025,100000.0
496219,2023,38215.05
496219,2024,47435.93
496219,2025,281564.98
496219,2026,11000.0
496265,2023,278900.0
496265,2024,237200.0
496265,2025,214500.0
496265,2026,108300.0
496270,2024,20000.0
496303,2025,54300.0
496329,2025,355000.0
496329,2026,4000.0
496330,2023,142550.0
496330,2024,170350.0
496330,2025,167600.0
496330,2026,251900.0
496348,2023,141000.0
496348,2024,707001.0
496348,2025,64300.0
496348,2026,119300.0
496364,2026,250000.0
496373,2023,170700.0
496373,2024,105000.0
496373,2025,119600.0
496480,2023,306400.0
496480,2024,317350.0
496480,2025,63000.0
496480,2026,83400.0
496484,2024,36400.0
496493,2024,505500.0
496493,2026,11500000.0
496499,2026,42200.0
496555,2023,13150.0
496555,2024,28000.0
496555,2025,10000.0
496555,2026,15000.0
497005,2025,39200.0
497006,2023,23340.95
497006,2024,153733.05
497006,2025,168410.81
497006,2026,49559.66
497013,2025,5000000.0
497013,2026,13538995.78
497048,2023,20100.0
497051,2024,1000000.0
497108,2023,32500.0
497108,2024,130500.0
497108,2025,129500.0
497108,2026,118000.0
497121,2024,137422.22
497121,2025,319200.0
497121,2026,296751.74
497142,2023,203781.38
497142,2024,162923.51
497142,2025,429927.99
497142,2026,8208670.74
497207,2023,7600.0
497207,2024,113000.0
497207,2025,5250.0
497207,2026,20000.0
497231,2023,80883.0
497231,2024,266425.75
497231,2025,184308.0
497231,2026,105900.0
497242,2023,88000.0
497266,2025,23000.0
497266,2026,6000.0
497302,2023,31547.0
497302,2024,55942.0
497302,2025,33349.0
497302,2026,24048.0
497318,2025,16450.0
497381,2102,25000.0
497390,2024,439000.0
497390,2025,2000.0
497390,2026,20000.0
497421,2023,92000.0
497421,2024,86500.0
497421,2025,223600.0
497421,2026,85000.0
497471,2026,10000.0
497492,2023,88000.0
497501,2024,134000.0
497518,2023,1443371.2
497518,2024,505899.23
497518,2025,626603.12
497518,2026,305171.1
497574,2023,20000.0
497574,2024,22000.0
497574,2025,12600.0
497580,2023,295000.0
497580,2024,273000.0
497580,2025,321600.0
497596,2023,120787.21
497596,2024,87393.36
497596,2025,1103579.02
497596,2026,4199311.53
498001,2023,159519.75
498001,2024,108953.0
498002,2023,215700.0
498002,2024,550000.0
498002,2025,87800.0
498002,2026,32500.0
498003,2023,82500.0
498003,2024,438000.0
498003,2026,25000.0
498004,2024,15852.0
498008,2023,10000.0
498008,2024,55000.0
498012,2023,51500.0
498012,2024,16510.0
498016,2023,4126688.0
498016,2024,314998.0
498016,2025,159017.4
498016,2026,616300.0
498019,2152,100.0
498025,2026,79400.0
498041,2023,22200.0
498046,2024,146000.0
498046,2025,25000.0
498046,2026,100000.0
498071,2023,1054100.0
498071,2024,1464710.0
498071,2025,1249600.0
498071,2026,2679300.0
498167,2024,13800.0
498438,2025,15000.0
498438,2026,20000.0
498448,2023,46400.0
498448,2024,215000.0
498448,2025,10000.0
498470,2026,78400.0
498479,2023,468600.0
498479,2024,220375.0
498479,2025,332600.0
498479,2026,208200.0
498501,2025,5000000.0
498501,2026,19600.0
498509,2023,38750.0
498509,2024,60219.99
498509,2025,34085.26
498509,2026,42200.0
498550,2023,311900.0
498550,2024,67500.0
498550,2025,343500.0
498550,2026,29200.0
498556,2023,45950.0
498556,2024,19100.0
498720,2023,3310100.0
498720,2024,14696800.0
498720,2025,1427100.0
498720,2026,1929600.0
498738,2024,39442.37
498738,2025,26000.0
498742,2023,20343.0
498756,2025,132700.0
499004,2023,10000.0
499047,2023,134500.0
499047,2024,265300.0
499047,2025,242088.7
499047,2026,4852668.06
499117,2023,10000.0
499123,2024,57420.1
499123,2025,10000.0
499123,2026,26993.98
499124,2023,56487.3
499124,2026,20800.0
499138,2024,11984.0
499143,2110,10000.0
499148,2023,50000.0
499148,2024,315000.0
499148,2025,10000.0
499148,2026,32500.0
499176,2024,13900.0
499176,2026,11500.0
499186,2023,18500.0
499186,2024,29400.0
499186,2025,71100.0
499186,2026,36900.0
499196,2024,28000.0
499203,2023,36400.0
499213,2023,45200.0
499213,2024,662349.0
499213,2025,76000.0
499213,2026,61600.0
499236,2024,500000.0
499247,2024,82000.0
499251,2023,3338200.0
499251,2024,164800.0
499251,2025,6219700.0
499251,2026,1246900.0
499292,2023,62400.0
499292,2024,183200.0
499292,2108,7300.0
499303,2025,151000.0
499303,2026,30000.0
499334,2025,32200.0
499334,2026,15000.0
499346,2024,10000.0
499355,2025,83980.0
499376,2024,19550.0
499376,2025,35025.79
499385,2024,69000.0
499391,2023,46708.37
499417,2023,28308.0
499417,2024,4209678.21
499417,2025,36573.0
499417,2026,748339.0
499420,2023,26100.0
499420,2024,52300.0
499420,2025,52373.0
499420,2026,13315.0
499433,2023,45000.0
499433,2024,13000.0
499440,2024,13350.0
499440,2025,26650.0
499440,2026,14598.0
499457,2023,14153.0
499457,2024,34368.0
499457,2025,28270.0
499457,2026,24440.0
499462,2024,15500.0
499466,2023,194000.0
499466,2024,180500.0
499466,2025,201500.0
499466,2026,171500.0
499501,2023,190196.0
499501,2024,237238.0
499501,2025,241231.2
499501,2026,109998.0
499507,2023,18250.0
499507,2025,10000.0
499507,2026,49600.0
499507,2040,10000.0
499507,2109,500.0
499509,2024,11500.0
499523,2023,53039.0
499523,2024,79083.0
499523,2025,28531.0
499533,2026,78400.0
499651,2023,242000.0
499651,2024,56000.0
499651,2025,71000.0
499651,2026,38500.0
499663,2023,27720.0
499663,2024,64960.0
499663,2025,10440.0
499664,2025,27500.0
499665,2023,20000.0
499665,2025,151000.0
499665,2026,20000.0
499684,2023,15000.0
499684,2024,85000.0
499684,2026,20000.0
499686,2023,40000.0
499686,2024,15843.53
499686,2025,20000.0
499686,2026,15900.0
499716,2023,22100.0
499716,2024,341100.0
499716,2025,73900.0
499716,2026,25000.0
499740,2026,79097.85
499769,2023,519292.0
499769,2024,179302.0
499769,2025,11908.0
499769,2026,145049.4
499780,2023,49000.0
499780,2024,123000.0
499780,2025,123800.0
499780,2026,93800.0
499794,2024,45700.0
499794,2025,22750.0
499812,2023,259085.0
499812,2024,4005343.31
499812,2025,1717196.0
499812,2026,1532068.0
499834,2023,127700.0
499834,2025,85000.0
499839,2025,58900.0
499839,2026,39200.0
499866,2025,2500.0
499875,2023,10499.0
499875,2024,14999.99
499875,2026,50000.0
499880,2023,36100.0
741436,2023,118000.0
741436,2024,124000.0
741436,2025,24100.0
741436,2026,8000.0
741452,2023,7692.5
741452,2024,337852.52
741452,2025,169914.18
741452,2026,442692.97
741504,2023,1123622.78
741504,2024,2023735.97
741504,2025,6364660.48
741504,2026,1760481.1
741543,2023,16437.04
741543,2024,410946.16
741543,2025,47777.23
741543,2026,24374.43
741598,2023,2257.9
741598,2024,7252.45
741598,2025,12001.2
741598,2026,27851.78
741618,2023,8137.0
741618,2024,95553.29
741618,2025,47367.4
741618,2026,61276.57
741623,2023,926650.0
741623,2024,1540155.25
741623,2025,1924583.62
741623,2026,809450.0
741639,2023,8250.0
741639,2024,61000.0
741639,2025,25922.0
741639,2026,30950.0
741639,8202,1000.0
741658,2023,19969.86
741658,2024,38896.27
741658,2025,20933.67
741658,2026,24843.68
741666,2023,32512134.45
741666,2024,154182136.33
741666,2025,35789196.1
741666,2026,17251840.2
741732,2025,1910.75
741732,2026,200.0
741733,2023,428167.89
741733,2024,2420106.44
741733,2025,446557.18
741733,2026,824219.14
741752,2023,3387.94
741752,2024,14039.5
741752,2025,28978.64
741752,2026,3950.94
741793,2023,30333.88
741793,2024,9317.39
741793,2025,18251.8
741793,2026,25854.34
741816,2023,149337.79
741816,2024,432167.71
741816,2025,331993.82
741816,2026,605890.7
741817,2023,19642.39
741817,2024,52028.87
741817,2025,53482.05
741817,2026,16117.69
741857,2023,3089848.76
741857,2024,5986425.5
741857,2025,1495112.32
741857,2026,1997479.38
741886,2023,82003.27
741886,2024,261038.93
741886,2025,327118.82
741886,2026,1152370.95
741900,2023,6900.0
741900,2024,34540.42
741900,2026,10433.14
741906,2023,5236985.6
741906,2024,18247459.23
741906,2025,8493628.25
741906,2026,1722105.91
741906,2412,1654.5
741921,2023,241019.43
741921,2024,250254.52
741921,2025,94608.84
741921,2026,43766.07
741925,2023,17691.89
741925,2024,153975.05
741925,2025,37518.89
741925,2026,29956.27
741941,2023,2380240.0
741941,2024,10542730.8
741941,2025,587706.0
741941,2026,3784565.36
741949,2023,1772054.71
741949,2024,2851595.05
741949,2025,2309563.62
741949,2026,507765.66
741985,2023,7921.33
741985,2024,911459.24
741985,2025,9906.71
741985,2026,2746.41
741996,2023,35396.45
741996,2024,69089.56
741996,2025,68237.92
741996,2026,14884.02
742005,2023,59043.75
742005,2024,909135.46
742005,2025,146952.68
742005,2026,78604.97
742006,2023,505597.26
742006,2024,3608815.76
742006,2025,473724.01
742006,2026,2215745.32
742008,2023,814350.83
742008,2024,190514.19
742008,2025,125992.04
742008,2026,308287.54
742051,2023,272748.86
742051,2024,12920176.22
742051,2025,1312102.26
742051,2026,1459536.41
742080,2023,31944.26
742080,2024,97864.1
742080,2025,72154.4
742080,2026,15338.89
742088,2023,1158257.01
742088,2024,10435013.83
742088,2025,1767790.59
742088,2026,1544333.28
742088,2914,598.66
742091,2023,171414.1
742091,2024,236628.39
742091,2025,106822.0
742091,2026,22698.36
742145,2023,33519.29
742145,2024,33568.54
742145,2025,57881.85
742145,2026,13694.8
742165,2023,-5335.0
742165,2024,52129.61
742165,2025,341.19
742176,2023,44835.98
742176,2024,35722.82
742176,2025,48853.95
742176,2026,17162.06
742204,2023,264953.35
742204,2024,1013000.0
742204,2025,49550.0
742227,2025,50.0
742227,2026,366600.0
742230,2023,36948.7
742230,2024,62278.73
742230,2025,24067.52
742230,2026,21218.47
742264,2023,2880.0
742264,2024,40186.04
742264,2025,5507.14
742264,2026,975.0
742270,2023,5428.01
742270,2024,12248.79
742270,2025,19311.42
742270,2026,13660.98
742282,2023,250.0
742282,2024,500.0
742328,2023,13163.35
742328,2024,48405.81
742328,2025,7999.91
742328,2026,439.04
742344,2023,33615.26
742344,2024,31035.83
742344,2025,68938.31
742344,2026,25424.2
742371,2024,35404.17
742371,2025,10876.45
742371,2026,24681.92
742391,2023,7138.97
742391,2024,22919.15
742391,2025,28497.28
742391,2026,3808.0
742417,2023,28155.43
742417,2024,83192.03
742417,2025,45827.2
742417,2026,27408.49
742422,2023,1611932.0
742422,2024,1255104.0
742422,2025,1038504.0
742422,2026,483502.0
742470,2023,12338.43
742470,2024,31194.23
742470,2025,15559.0
742470,2026,20451.42
742472,2023,12366.13
742472,2024,9997.33
742472,2025,18241.32
742472,2026,16761.22
742474,2023,154690.62
742474,2024,1463674.14
742474,2025,448496.55
742474,2026,43030.14
742500,2023,151970.35
742500,2024,361909.59
742500,2025,287311.65
742500,2026,562473.8
742537,2023,36875.47
742537,2024,202572.06
742537,2025,51480.11
742537,2026,99572.78
742552,2023,49671.3
742552,2024,1040098.25
742552,2025,125465.26
742552,2026,119074.88
742617,2023,2497464.74
742617,2024,2681860.94
742617,2025,1786662.62
742617,2026,1812896.41
742694,2023,315000.0
742694,2024,441000.0
742694,2025,206600.0
742694,2026,100600.0
742827,2025,2750.0
742855,2023,3129708.02
742855,2024,8862020.48
742855,2025,2699100.89
742855,2026,8837571.66
742921,2023,24545.23
742921,2024,74102.23
742986,2023,120971.0
742986,2024,161877.03
742986,2025,289593.27
742986,2026,47753.41
742993,2023,218300.0
742993,2024,603460.0
742993,2025,226800.0
742993,2026,297250.0
742993,2029,250.0
742993,2181,492000.0
743030,2023,126649.0
743030,2024,578564.0
743030,2025,352350.0
743030,2026,464647.59
743094,2023,468397.77
743094,2024,4337350.88
743094,2025,647255.22
743094,2026,1479523.98
743103,2023,123658.28
743103,2024,101979.0
743103,2025,74432.17
743103,2026,54597.3
743107,2023,1240900.0
743107,2024,1127600.0
743107,2025,1450200.0
743107,2026,2661500.0
743175,2023,27197.9
743175,2024,89603.78
743175,2025,171048.3
743175,2026,91315.9
743201,2023,3568.1
743201,2024,159.93
743255,2023,111431.89
743255,2024,196180.15
743255,2025,113356.93
743255,2026,113628.24
743270,2023,16967.69
743270,2024,15528.36
743270,2025,23537.71
743270,2026,12746.69
743365,2023,107853.03
743365,2024,86854.06
743365,2025,71601.85
743365,2026,32991.2
743460,2023,592.37
743460,2024,2937.81
743460,2025,1965.59
743460,2026,567.5
743461,2023,15319.44
743461,2024,88239.69
743461,2025,91216.96
743461,2026,58726.73
743486,2024,1410.77
743486,2025,0.0
743492,2023,21000.0
743492,2024,166000.0
743492,2025,273400.0
743492,2026,35600.0
743501,2023,4061300.0
743501,2024,15619574.31
743501,2025,3408466.12
743501,2026,1565700.0
743530,2023,6086.81
743530,2024,4174.8
743530,2025,21073.41
743530,2026,18327.18
743579,2024,1203707.75
743579,2025,509349.55
743579,2026,3391054.9
743614,2023,71045.04
743614,2024,168786.25
743614,2025,175190.51
743614,2026,193768.79
743618,2023,137128.78
743618,2024,373204.02
743641,2023,29500.0
743641,2024,65530.0
743641,2025,35000.0
743641,2026,23140.0
743787,2023,18900.0
743787,2024,246700.0
743787,2025,648900.0
743787,2026,84800.0
743794,2023,1338084.8
743794,2024,1382853.4
743794,2025,484798.42
743794,2026,879484.4
743865,2023,5208.89
743865,2024,22873.1
743865,2025,4057.93
743865,2026,1828.57
743895,2023,1348346.85
743895,2024,1238203.39
743895,2025,1476481.2
743895,2026,1828672.5
743897,2023,8520.0
743897,2024,155820.0
743897,2025,79827.72
743897,2026,14400.0
743910,2023,70382.29
743910,2024,1217940.35
743910,2025,94481.8
743959,2023,946052.06
743959,2024,1260595.41
743959,2025,919341.92
743959,2026,928841.13
744025,2024,1905.0
744058,2023,3780671.5
744058,2024,10395627.82
744058,2025,4396751.6
744058,2026,5484804.48
744129,2023,14297.8
744129,2024,11398.32
744129,2025,15792.85
744129,2026,31741.7
744181,2023,675.0
744181,2024,600.0
744181,2025,5250.0
744181,2026,1500.0
744194,2023,5764.48
744194,2024,80116.85
744194,2025,46080.3
744194,2026,24151.3
744488,2024,88481.17
744488,2025,15342.03
744488,2026,32066.44
744554,2023,2700.0
744554,2024,1144220.16
744554,2025,6381.84
744554,2026,1004229.53
744558,2023,72845.0
744558,2024,677000.0
744558,2025,47455.0
744558,2026,501000.0
744617,2023,131272.69
744617,2024,73000.0
744692,2023,14000.0
744692,2024,16000.0
744692,2025,2000.0
744692,2026,17500.0
744768,2023,14425.06
744768,2024,9324.97
744768,2025,4700.0
744768,2026,3500.0
744817,2023,70700.0
744817,2024,380500.0
744817,2025,38100.0
744817,2026,306700.0
744844,2023,5300.0
744844,2024,48600.0
744844,2025,40000.0
744844,2026,37800.0
744844,9201,700.0
745208,2023,2571854.34
745208,2024,6745789.68
745208,2025,3016457.36
745208,2026,2003713.4
745604,2023,1529600.0
745604,2024,1261000.0
745604,2025,2643800.0
745604,2026,194000.0
745724,2023,12500.0
745724,2024,25500.0
745724,2025,2500.0
745724,2026,13500.0
745825,2023,326050.0
745825,2024,428500.0
745825,2025,238700.0
745825,2026,125200.0
745838,2023,2851.1
745838,2024,7000.0
745838,2025,2050.0
745838,2026,6500.0
745910,2023,103600.0
745910,2024,194600.0
745910,2025,140000.0
745910,2026,76000.0
745932,2023,216595.82
745932,2024,221162.8
745932,2025,90210.0
745932,2026,92845.0
746162,2023,18897.24
746162,2024,490350.23
746162,2025,113836.43
746162,2026,200315.49
746189,2023,121195.0
746189,2024,170000.0
746189,2025,54400.0
746189,2026,122000.0
746194,2023,281400.0
746194,2024,12050.0
746194,2025,21500.0
746194,2026,6000.0
746220,2023,4231.0
746220,2024,10590.8
746220,2025,30018.64
746220,2026,706.6
746229,2023,32803.8
746229,2024,67380.56
746229,2025,47290.28
746239,2023,63120.34
746373,2023,6500.0
746373,2024,17025.0
746497,2023,3000.0
746497,2024,24300.0
746497,2025,41000.0
746497,2026,18400.0
746499,2023,10066.77
746499,2024,16038.26
746499,2025,14403.61
746499,2026,15763.01
746875,2023,266582.51
746875,2024,426324.94
746875,2025,290069.61
746875,2026,180792.27
747101,2023,6248.23
747101,2024,31127.85
747101,2025,64725.96
747101,2026,29347.86
747152,2023,66230.0
747152,2024,440080.0
747152,2025,94700.0
747152,2026,163800.0
747153,2023,47766.38
747153,2024,215343.22
747153,2025,115755.39
747153,2026,77407.32
747285,2023,1104010.0
747285,2024,4986941.62
747285,2025,936450.0
747285,2026,2701465.0
760225,2023,2025853.68
760225,2024,3195597.9
760225,2025,2406819.68
760225,2026,1974488.56
760231,2023,1826647.4
760231,2024,4232038.64
760231,2025,1714628.57
760231,2026,2819031.6
760359,2023,160884.45
760359,2024,249160.09
760359,2025,64100.0
760359,2026,99500.0
760458,2023,225995.43
760458,2024,251353.32
760458,2025,127803.21
760458,2026,134911.92
760553,2023,95086.7
760553,2024,39325.47
760553,2025,34509.87
760553,2026,9516.42
760715,2023,1153132.0
760715,2024,2615122.0
760715,2025,1196700.0
760715,2026,713500.0
760715,3012,2000.0
760790,2023,2000.0
760790,2024,25500.0
760790,2025,5900.0
760790,2026,6000.0
760808,2023,213946.0
760808,2024,757589.85
760808,2025,208025.34
760808,2026,740278.33
760851,2023,26000.0
760851,2024,94500.0
760851,2025,18672.99
760851,2026,15460.18
760914,2023,46050.0
760914,2024,380975.0
760914,2025,216250.0
760914,2026,46000.0
760934,2023,50.0
760951,2023,191056.0
760951,2024,833800.0
760951,2025,136800.0
760951,2026,310900.0
760960,2023,1028795.1
760960,2024,1239747.95
760960,2025,473451.67
760960,2026,423640.06
760980,2023,411795.86
760980,2024,108400.0
760980,2025,113600.0
760980,2026,48600.0
760981,2023,606116.99
760981,2024,524017.44
760981,2025,1361854.39
760981,2026,407066.03
760982,2023,239233.01
760982,2024,295974.56
760982,2025,175309.56
760982,2026,143550.0
761004,2023,115800.0
761004,2024,73300.0
761004,2025,147300.0
761004,2026,77800.0
761010,2023,203204.47
761010,2024,655773.42
761010,2025,623697.07
761010,2026,2282149.21
761012,2023,204500.0
761012,2024,324063.05
761012,2025,241734.05
761012,2026,354498.1
761035,2023,31428.49
761035,2024,92627.53
761035,2025,70089.66
761035,2026,82554.36
761070,2023,118600.0
761070,2024,109000.0
761070,2025,46000.0
761070,2026,75400.0
761092,2023,54061.12
761092,2024,75134.4
761092,2025,37125.0
761092,2026,37907.12
761102,2023,32121.7
761102,2024,261557.39
761102,2025,15116.59
761102,2026,81460.76
761128,2023,1467293.83
761128,2024,5139295.58
761128,2025,899630.8
761128,2026,231856.49
761167,2023,2900.0
761167,2024,105380.12
761167,2025,4309.58
761167,2026,31777.94
761244,2023,78414.05
761244,2024,100893.71
761244,2025,88775.83
761244,2026,48542.17
761357,2023,379452.98
761357,2024,282278.07
761357,2025,177900.0
761357,2026,145500.0
761414,2023,59395.26
761414,2024,198274.72
761414,2025,100659.67
761414,2026,31278.57
761428,2023,20851.22
761428,2024,991337.65
761428,2025,43336.91
761428,2026,76175.24
761431,2023,1320.4
761431,2024,390.0
761431,2025,557.0
761431,2026,551.0
761432,2023,3800.0
761432,2024,4000.0
761432,2025,500.0
761432,2026,1000.0
761432,2201,1134.59
761432,2920,400.0
761452,2023,17380.68
761452,2024,103024.42
761452,2025,95580.4
761452,2026,58328.35
761465,2023,88065.72
761465,2024,178736.13
761465,2025,12994.52
761465,2026,6438.4
761487,2023,196800.0
761487,2024,182000.0
761487,2025,174600.0
761487,2026,63600.0
770272,2023,6500.0
770272,2024,9000.0
770272,2025,9750.0
770272,2026,3000.0
770310,2025,48160.25
770873,2023,121274.9
770873,2024,223769.22
770873,2025,190161.2
770873,2026,111025.46
770923,2023,500.0
770923,2024,11229.87
770923,2026,10413.7
770995,2023,89900.0
770995,2024,265700.0
770995,2025,39800.0
770995,2026,106700.0
771044,2023,244500.0
771044,2024,255550.0
771044,2025,172500.0
771044,2026,310700.0
771066,2023,5346.0
771066,2024,10753.0
771066,2025,24556.0
771066,2026,4378.0
771171,2023,134270.58
771171,2024,126335.42
771171,2025,126218.08
771171,2026,90685.72
771276,2023,42176.39
771276,2024,6530.25
771276,2025,32103.72
771276,2026,53928.98
771333,2023,143000.0
771333,2024,67000.0
771333,2025,54000.0
771333,2026,51000.0
771461,2023,5724.88
771461,2024,3094.64
771461,2026,1849.88
771500,2023,139000.0
771500,2024,98600.0
771500,2025,80800.0
771500,2026,60500.0
771623,2023,1807.35
771623,2024,1698.47
771623,2025,1673.75
771623,2026,860.5
771677,2023,1975.0
771677,2024,28587.5
771677,2025,5159.87
780079,2023,240480.87
780079,2024,200435.48
780079,2025,167945.33
780079,2026,60040.99
780657,2023,1875363.01
780657,2024,14077949.82
780657,2025,15323177.61
780657,2026,3578854.75
781341,2024,24062.63
781341,2025,18723.14
781341,2026,3795.64
781470,2023,47948.86
781470,2024,148558.28
781470,2025,17571.88
781470,2026,275274.14
781626,2023,49250.0
781626,2024,293350.0
781626,2025,144450.0
781626,2026,187085.4
781984,2023,7058.67
781984,2024,162141.22
781984,2025,13163.77
781984,2026,60945.78
782021,2023,163237.32
782021,2024,291112.07
782021,2025,261456.14
782021,2026,207254.01
782117,2023,12282.16
782117,2024,12267.62
782143,2023,337245.24
782143,2024,407193.76
782143,2025,342940.5
782143,2026,458075.5
782174,2023,2.21
782200,2023,22004059.36
782200,2024,8395848.84
782200,2025,26038669.87
782200,2026,757212.64
782211,2023,13417.16
782211,2024,14404.5
782211,2025,4531.22
782211,2026,31350.35
782240,2023,277276.24
782240,2024,1308750.84
782240,2025,89628.0
782240,2026,756046.13
782257,2023,690713.94
782257,2024,2357774.02
782349,2024,1500.0
782349,2025,25000.0
782349,2026,65000.0
782376,2023,7314.14
782376,2024,8733.09
782376,2025,7789.82
782376,2026,1760.04
782481,2023,162900.0
782481,2024,167298.0
782481,2025,146054.88
782481,2026,73031.0
782491,2023,100443.21
782491,2024,65800.0
782491,2025,47600.0
782491,2026,50000.0
782560,2023,964319.41
782560,2024,20681492.66
782560,2025,2886167.3
782560,2026,19525753.72
782601,2023,92382.14
782601,2024,51062.18
782601,2025,83649.86
782601,2026,13119.13
782630,2024,17490.2
782630,2025,1000.0
790281,2023,5524.28
790281,2024,3963.37
790281,2025,8114.2
790281,2026,4386.54
790318,2023,1015227.36
790318,2024,2155425.48
790318,2025,816476.31
790318,2026,412697.95
790378,2023,2248.55
790378,2024,1730.0
790378,2025,1610.0
790378,2026,1070.0
790420,2023,4500.0
790420,2024,18629.87
790420,2026,4320.0
790454,2023,69436.4
790454,2024,160300.0
790454,2025,39984.94
790454,2026,57429.0
790461,2023,3169914.42
790461,2024,3532156.24
790461,2025,2080778.12
790461,2026,67500.0
790500,2025,560.0
790539,2023,13600.0
790539,2024,25244.0
790539,2025,18450.0
790539,2026,6850.0
790599,2106,972.0
790689,2023,87551.75
790689,2024,108117.46
790689,2025,84195.15
790689,2026,56334.5
790703,2023,8000.0
790703,2024,16000.0
790703,2025,32000.0
790703,2026,15800.0
790725,2023,1000.0
790725,2024,1400.0
790725,2026,6000.0
790729,2023,88114.16
790762,2023,18274.79
790762,2024,18667.5
790762,2025,21754.64
790762,2026,9021.35
790773,2023,902220.13
790773,2024,2094418.79
790773,2025,2051891.21
790773,2026,753396.53
790860,2023,63938.84
790860,2024,56996.55
790860,2025,30866.02
790860,2026,8285.81
791057,2025,2500.0
791058,2023,50079.36
791058,2024,42246.54
791058,2025,34821.87
791058,2026,26040.02
791360,2023,5423.0
791360,2024,1622.24
791492,2023,22554.01
791492,2024,117108.0
791492,2025,65455.0
791587,2023,16500.0
791587,2024,20842.48
791587,2025,9771.24
791587,2026,6142.48
791662,2023,4445.15
791662,2024,50298.7
791662,2025,11771.42
791662,2026,13587.83
791819,2023,5314.81
791819,2024,25065.75
791819,2025,11294.34
791819,2026,7873.82
791828,2023,57438.74
791828,2024,33440.2
791828,2025,55665.91
791828,2026,14863.72
791961,2024,41000.0
800304,2023,2050.0
800304,2025,6000.0
800304,2026,7500.0
800697,2023,90632.15
800697,2024,164676.27
800697,2025,101566.42
800697,2026,36700.0
801164,2023,15050.0
801164,2024,52000.0
801164,2025,87237.15
801205,2023,1800.0
801205,2024,9000.0
801218,2023,99810.0
801218,2024,77885.0
801218,2025,71000.0
801218,2026,18200.0
801434,2024,11000.0
801434,2026,51800.0
801447,2023,112609.44
801447,2024,168289.28
801447,2025,52794.11
801447,2026,76660.17
801508,2023,7650.0
801508,2024,6800.0
801508,2025,11247.98
801508,2026,4225.0
801523,2023,2900.0
801523,2024,15636.0
801551,2023,1812.0
801551,2024,4425.0
801551,2025,1040.0
801551,2026,200.0
801777,2023,165084.55
801777,2024,147351.97
801777,2025,156737.09
801777,2026,151479.9
801778,2111,500.0
801778,2201,2000.0
801804,2024,199367.9
801837,2023,1988.14
801837,2024,55511.64
801893,2023,141206.6
801893,2024,98891.64
801893,2025,186174.81
801893,2026,82174.6
801945,2023,284697.82
801945,2024,203679.85
801945,2025,160149.65
801945,2026,134740.12
802001,2023,1332842.56
802001,2024,2991817.95
802001,2025,1696584.19
802001,2026,1214000.0
802010,2023,56839.69
802010,2024,155849.28
802010,2025,25101.27
802010,2026,24000.75
802088,2023,19000.0
802088,2024,122000.0
802088,2025,107600.0
802088,2026,7000.0
802109,2023,1800.0
802109,2024,750.0
802120,2023,9800.0
802120,2024,29300.0
802120,2025,8800.0
802120,2026,16600.0
802171,2023,16500.0
802171,2024,37000.0
802171,2025,43000.0
802171,2026,14000.0
810163,2023,10509520.7
810163,2024,92167142.14
810163,2025,45028592.72
810163,2026,4123205.21
810183,2023,1000.0
810183,2024,21500.0
810183,2025,1000.0
810183,2026,30000.0
810263,2024,30271.17
810370,2023,24590.9
810370,2024,16646.33
810430,2023,39727.96
810430,2024,133206.4
810430,2025,68346.0
810430,2026,50248.0
810437,2023,1182450.0
810437,2024,2408890.0
810437,2025,196650.0
810437,2026,498469.95
810710,2023,71659.35
810710,2024,159941.38
810710,2025,154804.25
810710,2026,42182.4
810802,2023,76400.0
810802,2024,1137500.0
810802,2025,38946.81
810802,2026,9500.0
810830,2023,5420572.61
810830,2024,8650875.35
810830,2025,4982532.69
810830,2026,2429110.3
810957,2023,15000.0
810957,2024,39698.0
810957,2025,7300.0
810957,2026,43600.0
811267,2026,102900.82
811300,2023,189344.57
811300,2024,176361.04
811300,2025,320621.83
811300,2026,127151.5
811596,2023,33279.08
811596,2024,50728.68
811596,2025,37022.53
811596,2026,4794.45
811735,2023,287883.09
811735,2024,273059.92
811735,2025,77625.66
811735,2026,176801.75
820082,2023,1050.0
820082,2024,45140.0
820165,2023,140980.05
820165,2024,294227.11
820165,2025,41251.07
820165,2026,64492.79
820784,2024,305693.21
820784,2025,66114.37
820784,2026,100922.58
822029,2023,124218.72
822029,2024,391279.41
822029,2025,162071.0
822029,2026,251554.51
822138,2023,57507.9
822138,2024,161748.23
822138,2025,193630.72
822138,2026,48701.21
822188,2024,14750.0
822188,2025,10943.0
822188,2026,31650.0
822237,2023,111670.73
822237,2024,156443.88
822237,2025,125773.53
822237,2026,142950.0
822268,2023,625.0
822268,2024,500.0
822367,2023,1685.75
822367,2024,1645.8
822367,2025,1676.08
822367,2026,860.5
822448,2023,2150.0
822448,2024,24929.22
822448,2025,3570.0
822448,2026,101500.0
822501,2023,1208741.45
822501,2024,3471315.1
822501,2025,1722010.86
822501,2026,1423965.82
822532,2024,5500.0
822532,2026,16000.0
822554,2023,576792.29
822554,2024,1063363.75
822554,2025,857622.0
822554,2026,308216.49
822669,2023,50.0
822669,2024,11000.0
822680,2023,7126.73
822680,2024,1068826.92
822680,2025,76015.57
822680,2026,35921.44
822725,2023,549690.0
822725,2024,1207120.0
822725,2025,359550.0
822725,2026,659380.0
822768,2023,4500.0
822768,2024,79090.0
822768,2025,3630.0
822768,2026,600.0
822774,2023,179591.06
822774,2024,253593.87
822774,2025,198497.79
822774,2026,94401.59
822777,2023,29300.0
822777,2024,13300.0
822777,2025,2950.0
822777,2026,16350.0
822974,2023,83462.34
822974,2024,47585.66
822974,2025,88656.89
822974,2026,12020.51
830002,2023,57231.41
830002,2024,121994.31
830002,2025,40093.08
830002,2026,30881.0
830078,2023,740093.0
830078,2024,608597.02
830078,2025,351200.0
830078,2026,696634.6
830272,2023,12021.05
830272,2024,117088.61
830272,2025,60372.62
830272,2026,56805.83
830341,2023,199790.89
830341,2024,151344.31
830341,2025,154788.28
830341,2026,44794.9
830349,2023,2632290.43
830349,2024,5478577.53
830349,2025,4119160.75
830349,2026,2638679.8
830563,2023,10000.0
830563,2024,9100.0
830606,2024,6000.0
831498,2023,12369.6
831498,2024,6934.01
831498,2025,44748.0
831498,2026,1524.0
831628,2023,1574290.15
831628,2024,3650357.51
831628,2025,3533200.0
831628,2026,834000.0
831693,2023,159242.26
831693,2024,568188.64
831693,2025,348422.43
831693,2026,90907.69
840144,2023,9573.86
840144,2024,15664.11
840144,2025,5000.0
840144,2026,3000.0
840154,2023,149238.05
840154,2024,369384.77
840154,2025,259300.0
840154,2026,5300.0
840228,2024,1500.0
840228,2025,21000.0
840228,2026,40000.0
840409,2024,12800.0
840409,2025,49994.06
840409,2026,9000.0
840819,2023,485481.04
840819,2024,2526771.65
840837,2023,1000.0
840837,2024,1000.0
840975,2023,167914.64
840975,2024,161983.81
840975,2025,101764.41
840975,2026,16125.37
841118,2023,50831.79
841118,2024,187547.28
841118,2025,74255.34
841118,2026,20500.0
841203,2023,5858.54
841203,2024,4364.88
841203,2025,6063.06
841203,2026,682.44
841219,2023,47036.83
841219,2024,4549.02
841219,2025,1628.4
841330,2024,140200.0
841330,2025,22000.0
841330,2026,9800.0
841447,2023,815.62
841447,2024,2423.57
841447,2025,2344.38
841447,2026,513.14
841491,2023,1967.06
841491,2024,1500.0
841499,2023,4000.0
841499,2024,367951.14
841499,2025,282766.34
841499,2026,30593.67
841499,2028,400.0
841600,2023,1996.44
841600,2024,1882.0
841600,2025,500.0
841621,2023,56507.98
841621,2024,69202.25
841621,2025,70429.87
841621,2026,49627.31
841652,2023,50.0
841652,2024,12050.0
841652,2025,6050.0
841672,2023,5550.0
841672,2024,12766.2
841672,2025,825.0
841672,2026,2214.54
841864,2023,8100.0
841864,2024,72930.0
841864,2025,6095.0
841864,2026,24230.0
841877,2023,1143.0
841877,2024,480.0
841877,2025,470.0
841877,2026,140.0
842008,2023,5338.23
842008,2024,8000.0
842008,2025,124000.0
842008,2026,1246.38
842018,2026,81026.75
842149,2023,6812.35
842149,2024,14888.22
842149,2025,14155022.67
842149,2026,2379629.74
842151,2023,2641000.33
842151,2024,3603645.99
842151,2025,2158430.75
842151,2026,2738402.96
850007,2023,2602028.1
850007,2024,3634784.95
850007,2025,2455057.62
850007,2026,3824696.75
850048,2023,64137.65
850048,2024,41560.0
850048,2025,1250.0
850048,2026,11200.0
850048,3008,400.0
850089,2024,4020.68
850089,2025,3037.07
850089,2026,3615.74
850169,2023,2000.0
850169,2024,56768.94
850169,2025,11800.0
850288,2023,470589.56
850288,2024,1443432.04
850288,2025,171874.46
850288,2026,201938.42
850321,2023,52653.41
850321,2024,101679.58
850321,2025,63517.22
850321,2026,25356.0
850335,2023,31050.0
850335,2024,15300.0
850335,2025,0.0
850335,2026,3300.0
850381,2023,1789773.35
850381,2024,2087489.82
850381,2025,1669342.76
850381,2026,788933.77
850439,2023,8001.96
850439,2024,7736.08
850439,2025,6238.78
850439,2026,1704.35
850523,2024,39240.0
850523,2025,3550.0
850523,2026,79805.0
850568,2023,1000.0
850568,2024,249.0
850613,2023,19400.0
850613,2024,16500.0
850665,2023,226719.28
850665,2024,374146.84
850665,2025,321198.3
850665,2026,207940.66
851452,2023,400711.04
851452,2024,483044.6
851452,2025,176618.38
851452,2026,151505.7
851621,2023,152821.72
851621,2024,724069.0
851621,2025,418761.44
851621,2026,427310.02
851683,2023,3778.81
851683,2024,4288.24
851683,2025,3600.25
851683,2026,1731.1
851706,2023,170297.2
851706,2024,107127.5
851706,2025,111061.9
851706,2026,113055.45
860346,2023,19564.0
860346,2024,44922.0
860346,2025,13444.0
860346,2026,6426.0
860692,2023,243671.16
860692,2024,120752.65
860692,2025,120950.0
860692,2026,120196.38
860849,2023,11200.0
860849,2024,3348.0
860849,2025,1550.0
860849,2026,400.0
860894,2023,222880.0
860894,2024,66412.21
860894,2026,198000.0
860994,2023,539.45
861050,2023,2650.0
861050,2024,219015.0
861050,2025,140920.72
861050,2026,114452.45
861134,2023,3332.0
861134,2024,500.0
861134,2025,728.37
861134,2026,360.0
861160,2023,22622.0
861160,2024,127094.47
861160,2025,28902.35
861160,2026,122841.1
861299,2023,18580.0
861299,2024,44327.0
861299,2025,27030.0
861299,2026,11651.0
861332,2023,39662.0
861332,2024,211694.75
861332,2025,99402.75
861332,2026,66785.97
861377,2023,36300.0
861377,2024,37000.0
861377,2025,41900.0
861377,2026,8000.0
861405,2023,2046.0
861405,2024,27476.44
861405,2025,1244.4
861405,2026,17263.78
861445,2023,13251.55
861445,2024,148029.99
861445,2025,22665.57
861445,2026,88889.2
861517,2023,8230.0
861517,2024,110184.0
861517,2025,76013.0
861517,2026,121381.0
861540,2023,11639.75
861540,2024,2398.15
861540,2025,2560.23
861540,2026,1630.0
861577,2023,20286.0
861577,2024,27500.0
861577,2025,25540.0
861577,2026,8093.92
861767,2023,738092.6
861767,2024,3395455.93
861767,2025,1218970.06
861767,2026,671805.14
862034,2023,24310.0
862034,2024,41972.36
862034,2025,14000.0
862034,2026,7000.0
862085,2023,121260.0
862085,2024,179300.0
862085,2025,12000.0
862085,2026,107460.0
862309,2023,3000.0
862309,2024,22070.3
862309,2025,2436.5
862309,2026,24742.1
862331,2024,7000.0
870009,2023,11885.12
870009,2024,1707.13
870009,2025,60487.8
870009,2026,10199.25
870122,2023,106219.08
870122,2024,161586.5
870122,2025,69649.86
870122,2026,121796.33
870129,2023,50000.0
870129,2024,55000.0
870135,2024,3778.08
870135,2025,8212.24
870135,2026,2292.46
870166,2023,2448.18
870166,2024,33750.25
870166,2025,61630.62
870166,2026,8038.7
870169,2023,8803755.62
870169,2024,10732467.14
870169,2025,2660789.77
870169,2026,4721185.0
870271,2023,1726.9
870271,2024,5192.25
870271,2025,1888.54
870271,2026,8197.94
870281,2023,16000.0
870331,2023,9000.0
870331,2024,3000.0
870331,2025,50.0
870331,2026,27800.0
870367,2023,9036.7
870367,2025,1062.7
870432,2024,2000.0
870432,2025,3000.0
870598,2023,162991.69
870598,2024,132122.95
870598,2025,102880.0
870598,2026,38960.0
870601,2023,53542.17
870601,2024,70000.0
870601,2025,42000.0
870601,2026,56300.0
870669,2023,61332.09
870669,2024,42040.51
870777,2023,53000.0
870777,2024,226470.0
870777,2025,17350.0
870777,2026,2000.0
870983,2023,1507554.0
870983,2024,38393163.58
870983,2025,254821.2
870983,2026,2002599.0
870990,2023,50767.7
870990,2024,58019.74
870990,2025,16839.81
870990,2026,13051.4
871053,2023,162230.34
871053,2024,1615177.3
871053,2025,305261.44
871053,2026,100568.15
871521,2023,3500.0
871521,2024,5750.0
871521,2025,1500.0
871521,2026,500.0
871554,2023,28400.0
871554,2024,54750.0
871554,2025,2500.0
871554,2026,9300.0
871625,2023,133100.4
871625,2024,74648.13
871625,2025,36696.35
871625,2026,32346.2
880212,2023,7686756.6
880212,2024,30707652.02
880212,2025,21522412.96
880212,2026,11201272.49
880433,2023,16980.47
880433,2024,12313.57
880433,2025,9862.38
880433,2026,3674.13
880500,2023,15879.57
880500,2024,2000.0
880500,2025,21500.0
880500,2026,15000.0
880590,2023,10962.53
880590,2024,16341.6
880590,2025,17962.24
880590,2026,24404.38
880824,2023,13476.16
880824,2024,17688.06
880824,2025,34248.01
880824,2026,39496.68
880873,2023,497350.0
880873,2024,13767383.92
880873,2025,20308504.15
880873,2026,26929250.0
880912,2023,45900.93
880912,2024,30448.92
880969,2023,695874.45
880969,2024,594525.82
880969,2025,591076.03
880969,2026,458861.94
881008,2023,12091.04
881008,2024,21001.85
881008,2025,4732.47
881008,2026,1099.74
881014,2023,207496.73
881014,2024,340564.76
881014,2025,164968.1
881014,2026,277151.1
881022,2023,104546.0
881022,2024,107836.33
881022,2025,111013.88
881022,2026,90910.36
881029,2023,474546.47
881029,2024,664892.89
881029,2025,3412943.79
881029,2026,106189.34
881248,2023,26000.0
881248,2024,5507594.0
881248,2025,2447550.0
881248,2026,2371600.0
881463,2024,300.0
881714,2023,500.0
881714,2024,250.0
881714,2025,1250.0
881748,2024,11900.0
881748,2025,5500.0
882070,2023,194200.0
882070,2024,394870.92
882070,2025,107430.0
882070,2026,11750.0
882070,2106,15000.0
882070,2201,2000.0
882292,2023,294673.91
882292,2024,257681.83
882292,2025,73156.92
882292,2026,44467.22
882509,2023,31742.71
882509,2024,998894.79
882509,2025,48843.33
882509,2026,20464.92
890053,2023,96680.72
890053,2024,206487.38
890053,2025,125280.36
890053,2026,211000.0
890106,2023,6380870.79
890106,2024,20310396.86
890106,2025,5043742.84
890106,2026,9043028.43
890111,2023,2378.9
890111,2024,103433.66
890111,2025,2420.39
890111,2026,161868.86
890112,2023,17323.03
890112,2024,54310.8
890112,2025,69245.39
890112,2026,39356.36
890152,2023,287624.97
890152,2024,380659.67
890152,2025,310359.75
890152,2026,330215.42
890194,2023,742900.84
890194,2024,2212143.83
890194,2025,1949667.74
890194,2026,2628037.17
890198,2023,144553.88
890198,2024,4227337.95
890222,2023,61000.0
890222,2024,88000.0
890222,2025,26000.0
890231,2023,174201.78
890231,2024,404795.0
890231,2025,8000.0
890231,2026,33000.0
890268,2023,947868.59
890268,2024,1076380.97
890268,2025,596923.09
890268,2026,524207.14
890418,2023,6874.27
890439,2023,20000.0
890439,2024,7508.0
890439,2025,4000.0
890439,2026,20000.0
890440,2023,58984.0
890440,2024,110456.0
890440,2025,172604.0
890440,2026,383000.0
890464,2026,10000.0
890465,2026,12000.0
890466,2023,96247.6
890466,2024,204970.69
890466,2025,371764.06
890466,2026,369029.2
890483,2023,905738.97
890483,2024,759130.78
890483,2025,937441.5
890483,2026,652003.0
890540,2023,3393.72
890593,2023,76580.0
890593,2024,171571.0
890593,2025,22433.31
890593,2026,14126.35
890605,2023,24165.91
890605,2024,64268.49
890605,2025,51355.53
890605,2026,16995.17
890773,2023,5500.0
890773,2024,4500.0
890773,2025,26500.0
890865,2023,38044.36
890865,2024,62970.0
890865,2025,74940.0
890865,2026,26110.0
890900,2023,2050.0
890900,2024,17140.04
890900,2025,1500.0
890900,2026,6617.68
890906,2023,171301.03
890906,2024,122092.25
890906,2025,301261.25
890906,2026,62339.36
890947,2023,2179707.71
890947,2024,3273150.12
890947,2025,2177264.39
890947,2026,1429489.85
890972,2023,7944.56
890972,2024,16975.2
890972,2025,1500.0
890972,2026,500.0
891124,2023,1100304.68
891124,2024,1152505.42
891124,2025,470128.81
891124,2026,334932.1
891143,2023,130267.99
891143,2024,144204.53
891143,2025,91886.39
891143,2026,105134.44
891390,2023,339547.26
891390,2024,260968.8
891390,2025,271063.25
891390,2026,68444.29
891394,2023,23425.0
891394,2024,53250.0
891394,2025,26000.0
891394,2026,15750.0
891395,2023,5400.0
891395,2024,27946.47
891395,2025,9250.0
891395,2026,10000.0
891396,2023,2750.0
891396,2024,39390.0
891396,2025,5000.0
891396,2026,9800.0
891397,2023,12000.0
891397,2024,84992.21
891397,2025,24000.0
891397,2026,18500.0
891398,2023,1250.0
891398,2024,2720.0
891398,2025,300.0
891398,2026,1300.0
891398,2106,250.0
891399,2023,2750.0
891399,2024,57000.0
891399,2025,23500.0
891399,2026,27750.0
891400,2023,120.0
891400,2024,15719.51
891400,2025,4800.0
891400,2026,6500.0
891401,2023,275.0
891401,2024,5500.0
891401,2025,70.0
891401,2026,2000.0
891402,2023,8300.0
891402,2024,22811.0
891402,2025,22500.0
891402,2026,9500.0
891403,2023,8250.0
891403,2024,28510.0
891403,2025,18700.0
891403,2026,20580.0
891894,2023,14000.0
891894,2024,26000.0
891894,2025,30500.0
891894,2026,70000.0
891968,2023,5000.0
891968,2024,10400.0
891968,2025,5000.0
891968,2026,4750.0
892160,2024,2540.65
892177,2023,199002.58
892177,2024,171682.2
892177,2025,56410.52
892177,2026,9540.27
900161,2023,186383.0
900161,2024,480964.0
900161,2025,341800.0
900161,2026,516490.0
901032,2023,132152.96
901032,2024,23349.75
901032,2025,12949.74
901313,2023,301822.33
901313,2024,314807.64
901313,2025,191329.05
901313,2026,34864.27
901351,2023,196865.36
901351,2024,400591.62
901351,2025,93777.15
901351,2026,168874.27
901366,2023,1261.7
901366,2024,1559.42
901366,2025,62063.62
901366,2026,48518.28
901422,2023,262892.48
901491,2023,50.0
901491,2024,14107.38
901491,2025,11794.05
901491,2026,24858.2
901643,2023,89087.65
901643,2024,197604.85
901643,2025,157358.27
901643,2026,166316.36
901643,2102,250.0
901743,2023,32050.0
901743,2024,31000.0
901743,2025,30000.0
901743,2026,29000.0
901751,2023,79050.57
901751,2024,66046.5
901751,2025,80778.9
901751,2026,24600.0
901889,2023,66000.0
901889,2024,46000.0
901889,2025,96000.0
901889,2026,46600.0
902202,2023,202325.0
902202,2024,2495142.98
902202,2025,190930.94
902202,2026,1144000.0
902325,2023,7800.0
902325,2024,20720.0
902325,2025,1500.0
902325,2026,12900.0
902565,2023,449288.0
902565,2024,249386.0
902565,2025,166028.0
902565,2026,142400.0
902629,2023,2289.75
902629,2024,15874.22
902629,2025,350.0
902629,2026,3600.0
902738,2023,75649.64
902738,2024,726357.86
902738,2025,218875.27
902738,2026,1401930.97
902770,2023,2714012.98
902770,2024,3215185.91
902770,2025,4427718.49
902770,2026,1590568.5
902797,2023,54988.14
902797,2024,74490.0
902797,2025,6710.0
902797,2026,4440.0
903125,2023,2757.24
903125,2024,17776.53
910164,2024,2900.0
910256,2023,96016.31
910256,2024,884009.2
910256,2025,58099.07
910256,2026,310278.82
910414,2023,82099.36
910414,2024,2614968.35
910414,2025,51009.18
910414,2026,74026.42
910475,2023,354240.0
910475,2024,396975.0
910475,2025,182750.0
910475,2026,84000.0
910629,2023,121069.1
910629,2024,102687.34
910629,2025,12592.05
910629,2026,120950.89
910643,2024,3500.0
910643,2025,1500.0
910688,2024,1000.0
910688,2025,1500.0
910874,2023,619651.56
910874,2024,824948.58
910874,2025,950726.72
910874,2026,548970.59
911046,2023,39750.0
911046,2024,29250.0
911046,2025,25750.0
911046,2026,31000.0
911127,2023,1709.75
911127,2024,681.89
911127,2025,657.86
911127,2026,328.38
911329,2024,20830.24
911467,2023,50.0
911531,2023,1108.0
911607,2023,3716.0
911607,2024,157502.0
911607,2025,44717.04
911607,2026,6108.0
911819,2023,122614.08
911819,2024,17731177.43
911819,2025,876446.44
911819,2026,97798903.02
911856,2023,100050.0
911856,2024,60000.0
911856,2025,78000.0
911856,2026,43500.0
911908,2023,1000210.1
911908,2024,833374.86
911908,2025,1046529.09
911908,2026,382503.27
920780,2023,276843.58
920780,2024,276448.39
920780,2025,257446.56
920780,2026,126378.31
920927,2023,16100.0
920927,2024,102800.0
920927,2025,15150.0
920927,2026,44112.0
921188,2023,91148.47
921188,2024,131641.32
921188,2025,200809.39
921188,2026,22453.79
921242,2023,134441.8
921242,2024,204446.0
921242,2025,42300.0
921242,2026,253295.0
921297,2023,6473.9
921297,2024,27502.63
921297,2025,7113.72
921297,2026,12308.8
921488,2023,400.0
921488,2024,15347.25
921488,2025,16050.0
921488,2026,20000.0
921655,2023,38463.34
921655,2024,75433.34
921655,2025,37000.0
921655,2026,33000.0
921730,2023,111630.0
921730,2024,418599.0
921730,2025,80981.0
921730,2026,185024.0
921909,2023,12802.87
921909,2024,23082.06
921909,2025,22759.62
921909,2026,5876.03
922117,2023,5850.98
922117,2024,8068.04
922117,2025,8371.65
922117,2026,5005.5
922441,2024,500.0
922454,2025,101963.24
922454,2026,90111.31
923014,2024,13500.56
923014,2025,12113.2
923140,2023,440396.34
923140,2024,656230.15
923140,2025,842151.0
923140,2026,67000.0
923177,2023,9500.0
923177,2024,19500.0
923177,2025,19000.0
923177,2026,7500.0
923445,2023,220476.46
923445,2024,169428.34
923445,2025,136186.1
923445,2026,62689.92
923507,2023,508788.41
923507,2024,1063753.62
923507,2025,415590.16
923507,2026,444433.42
930003,2023,6000.0
930003,2024,103989.06
930003,2026,1500.0
930174,2023,78300.0
930174,2024,69800.0
930174,2025,106300.0
930174,2026,31000.0
930184,2023,23905.39
930184,2024,24643.95
930184,2025,157632.2
930184,2026,6000.0
930532,2023,13062.91
930532,2024,844033.1
930532,2025,155161.39
930532,2026,7504.35
930708,2023,1174.5
930708,2024,3650.0
930766,2024,15000.0
930781,2023,472.6
930791,2023,88118.22
930974,2023,3935.0
930974,2024,1458.0
930974,2025,14770.0
930974,2026,244017.81
931318,2024,750.0
931447,2023,300471.44
931447,2024,6190068.15
931447,2025,1713520.87
931447,2026,6489899.03
931704,2026,100000.0
931973,2023,6000.0
931973,2024,13900.0
931973,2025,8000.0
931973,2026,6000.0
932047,2024,10768.06
932047,2025,2643.11
932047,2026,6377.36
932068,2023,9550.0
932068,2024,34100.0
932068,2026,9475.74
932096,2024,263853.87
940569,2023,703.9
940569,2024,12478.5
940569,2025,110.1
940569,2026,3000.0
940871,2023,25204.42
940871,2024,999937.89
940871,2025,43729.09
940871,2026,23406.85
941564,2023,6194.63
941564,2024,5938.33
941564,2025,222.44
941597,2024,400000.0
941831,2025,100000.0
941865,2024,5000.0
941930,2023,10.0
941930,2024,24500.0
942154,2025,999.0
942245,2024,348.59
942245,2025,22967.76
942245,2026,9230.83
942524,2023,93700.0
942524,2024,170900.0
942524,2025,52800.0
942524,2026,88300.0
943044,2023,29283.0
943044,2024,20500.0
943044,2025,24400.0
943044,2026,41000.0
943100,2023,4706.18
943100,2024,6358.12
943100,2025,3204.15
943103,2023,69150.0
943103,2024,77000.0
943103,2025,46200.0
943103,2026,22000.0
943220,2023,8827.81
943220,2024,3650.45
943220,2025,6366.65
943220,2026,797.6
943521,2023,61297.1
943521,2024,102799.32
943521,2025,131864.32
943521,2026,4408.94
943526,2023,34998.0
943526,2024,312400.0
943526,2025,30800.0
943712,2023,10200.0
943712,2024,74800.0
943712,2025,5800.0
950005,2025,9500.0
950005,2026,2700.0
950089,2023,71946.8
950089,2024,17035.09
950089,2025,10539.0
950089,2026,27530.0
950352,2023,305516.93
950352,2024,1783954.78
950352,2025,1188110.19
950352,2026,1052141.75
950393,2023,23550.0
950393,2024,337000.0
950393,2025,39800.0
950393,2026,24500.0
950426,2023,1353.0
950426,2024,14000.0
950426,2025,8859.0
950468,2023,2975.5
950468,2024,2276.17
950468,2025,1013.0
950468,2026,688.0
950520,2023,56866.3
950520,2024,290429.6
950520,2025,9900.75
950520,2026,256385.7
950530,2023,89.33
950530,2025,250.0
950541,2023,391677.16
950541,2024,435409.48
950541,2025,284951.83
950541,2026,682064.08
950663,2023,156200.0
950663,2024,247300.0
950663,2025,130000.0
950663,2026,15000.0
950663,2102,2500.0
950674,2023,1296022.82
950674,2024,1958308.19
950674,2025,524240.14
950674,2026,1669874.73
950767,2023,1785.87
950767,2024,5063.06
950767,2025,55145.56
950767,2026,15827.4
950845,2105,2500.0
950925,2023,207734.5
950925,2024,5421051.75
951402,2023,51000.0
951402,2024,120500.0
951402,2025,103800.0
951402,2026,99895.3
951712,2025,2500.0
951774,2024,1050.0
951774,2026,2000.0
951998,2024,7808.77
951998,2025,55850.56
951998,2026,11703.0
952071,2023,23050.0
952071,2024,25041.92
952071,2025,21156.75
952071,2026,5212.7
952148,2024,169900.0
960015,2023,1406.79
960015,2024,200.0
960015,2025,150.0
960015,2026,1861.18
960450,2023,19727.9
960450,2024,138157.48
960532,2023,1033825.0
960532,2024,1737525.0
960532,2025,113550.0
960532,2026,4730475.34
960734,2023,69848.6
960734,2024,262415.85
960734,2025,90945.31
960734,2026,10610.5
960772,2023,725063.63
960772,2024,1329838.83
960772,2025,289620.0
960772,2026,898371.69
960881,2024,272691.15
960881,2025,55667.02
960881,2026,23470.79
960891,2023,202000.0
960891,2024,140500.0
960891,2025,235400.0
960891,2026,121200.0
960895,2023,533043.3
960895,2024,16558820.96
960895,2025,1216920.0
960895,2026,11530630.97
961067,2024,50000.0
961067,2025,409.4
961067,2026,44600.0
961083,2023,34476.14
961083,2024,36421.17
961083,2025,38317.26
961083,2026,19878.95
961174,2023,15000.0
961174,2024,45539.18
961174,2025,3108.52
961174,2026,4000.0
961877,2023,750.0
961877,2024,1867.99
961877,2025,1079.9
961877,2026,375.0
962367,2023,775977.28
962367,2024,884357.71
962367,2025,807572.99
962367,2026,161419.11
962793,2026,571.4
962809,2023,73900.0
962809,2024,1055349.0
962809,2025,330900.0
962809,2026,312510.0
962871,2023,44040.48
962913,2023,37766.84
962913,2024,79410.5
962913,2025,45311.0
962913,2026,21800.0
962938,2023,50.0
962938,2024,691244.66
962971,2024,96312.13
962971,2025,23216.85
962971,2026,17532.35
963026,2023,991986.02
963026,2024,36151111.59
963026,2025,2895216.76
963026,2026,26797805.73
963088,2023,191898.46
963088,2024,255906.1
963088,2025,220197.18
963088,2026,22038.45
970224,2025,36880.91
970224,2026,3336.5
970225,2023,11000.0
970225,2024,420000.0
970230,2023,1871.75
970230,2024,52023.68
970230,2025,1587.7
970230,2026,874.5
970275,2024,983928.62
970275,2026,185000.0
970375,2023,695425.0
970375,2024,422680.25
970375,2025,591925.0
970375,2026,462600.0
970546,2023,13550.0
970546,2024,9500.0
970546,2025,10980.0
970546,2026,18200.0
970770,2024,9200.0
970787,2023,19071.98
970787,2024,48524.55
970787,2025,12142.85
970787,2026,8253.3
970849,2023,59536.14
970849,2024,35000.0
970849,2025,196788.83
970849,2026,207783.71
970861,2023,85000.0
970861,2024,887340.1
970861,2025,249401.05
970861,2026,120000.0
970884,2024,13000.0
970884,2026,11000.0
970941,2023,109100.0
970941,2024,94400.0
970941,2025,66900.0
970941,2026,61800.0
971350,2023,7040.0
971350,2024,8692.5
971350,2025,10300.0
971350,2026,4550.0
971482,2023,328.0
971482,2024,41208.46
971482,2025,2005.74
971482,2026,1900.0
971616,2023,578372.81
971616,2024,2203049.14
971616,2025,108821.01
971616,2026,86743.45
971911,2023,224856.23
971911,2024,321281.84
971911,2025,244042.5
971911,2026,86407.66
971956,2023,2444.32
971956,2024,1844.95
971956,2025,27454.48
972015,2023,640706.72
972015,2024,373826.56
972015,2025,272437.26
972015,2026,123018.66
972023,2024,13926.0
972023,2025,60.0
972104,2023,3125095.97
972104,2024,8410841.84
972104,2025,1964062.0
972104,2026,79856.0
980020,2023,763116.01
980020,2024,21353553.67
980020,2025,102434.04
980020,2026,1290216.79
980162,2023,4568139.53
980162,2024,7182147.65
980162,2025,627223.65
980162,2026,4460797.64
980228,2023,9236.46
980228,2024,12349.27
980228,2025,12909.5
980228,2026,677083.5
980331,2023,106600.0
980331,2024,271000.0
980331,2025,11800.0
980422,2023,122310.0
980422,2024,536000.0
980422,2025,228700.0
980422,2026,134200.0
980470,2023,233349.65
980470,2024,1586358.26
980470,2025,167903.43
980470,2026,375284.03
980478,2023,26714.28
980478,2024,6284358.99
980478,2025,24732.66
980478,2026,7877.49
980730,2024,1463.39
980730,2025,13075.05
980730,2026,19284.0
981076,2023,188600.0
981076,2024,1153112.43
981076,2025,170600.0
981076,2026,131800.0
981243,2023,2400.0
981243,2024,2400.0
981243,2025,2400.0
981243,2026,1200.0
981293,2025,9000000.0
981333,2023,37232.5
981333,2024,74145.0
981333,2025,50170.0
981333,2026,44800.0
981455,2023,11000.0
981455,2024,255000.0
981455,2025,225000.0
981455,2026,132400.0
981457,2023,1100.0
981457,2024,2700.0
981457,2026,3000.0
981457,2102,210.0
981470,2023,76228.94
981470,2024,155874.98
981470,2025,93912.06
981470,2026,48715.2
981553,2023,10930.51
981553,2024,10016.82
981553,2025,85889.32
981553,2026,11104.18
981585,2023,281730.0
981585,2024,891431.72
981585,2025,577964.92
981585,2026,852000.0
981697,2023,272355.0
981697,2024,715975.0
981697,2025,534350.0
981697,2026,737000.0
981723,2023,11461.89
981723,2024,6066.01
981723,2025,3384.5
981723,2026,3270.4
981859,2024,16960.0
981859,2025,15985.18
981859,2026,3556.15
982163,2024,1080.0
982163,2025,3100.0
982163,2026,1500.0
982683,2026,157000.0
982768,2023,1000.0
982768,2024,3854.9
982768,2025,2200.0
982768,2026,2000.0
983310,2023,23788.22
983310,2024,45773.94
983310,2025,28663.05
983310,2026,36336.4
983494,2023,24396.02
983494,2024,13564.64
983494,2025,8232.85
983494,2026,30288.58
990058,2023,224126.87
990058,2024,347494.56
990058,2025,277818.75
990058,2026,212090.32
990208,2023,76000.0
990208,2024,159300.0
990208,2025,32300.0
990208,2026,48900.0
990321,2023,94000.0
990321,2024,60500.0
990321,2025,50000.0
990321,2026,60000.0
990462,2023,462557.42
990462,2024,292532.11
990462,2025,151037.02
990462,2026,57391.32
990463,2023,246612.37
990463,2024,1315688.94
990463,2025,252521.98
990463,2026,162556.5
990613,2023,1134.34
990613,2024,9.78
990629,2023,98100.0
990629,2024,196000.0
990629,2025,51500.0
990680,2024,153300.0
990741,2023,107755.6
990741,2024,177143.45
990741,2025,282733.44
990741,2026,172892.13
990861,2023,4872.53
990861,2024,133561.57
990861,2025,67700.29
990861,2026,43890.47
991028,2024,1075.0
991028,2025,3050.0
991225,2023,188252.0
991225,2024,302567.0
991225,2025,184545.0
991225,2026,73249.0
991330,2023,6177.38
991330,2024,160065.53
991330,2025,7953.06
991330,2026,12628.15
991800,2023,13154914.02
991800,2024,2985899.65
991800,2025,7310666.14
991800,2026,17269011.54
992074,2023,485759.34
992074,2024,883384.65
992074,2025,659250.74
992074,2026,536333.27
992303,2023,352719.34
992303,2024,153378.89
992303,2025,191743.41
992303,2026,137526.73
992324,2023,117499.0
992324,2024,93949.0
992324,2025,66800.0
992324,2026,14500.0
