filer_id,year,total_expenditure
19981400058,2023,6372.09
19981400058,2024,1300.0
19981400058,2025,10900.0
19981400058,2026,1400.0
19991200038,2022,14507.5
19991200038,2023,62572.5
19991200038,2024,95851.0
19991200038,2025,158448.31
19991200038,2026,107613.0
19991400001,2022,-1650.0
19991400001,2023,28125.0
19991400001,2024,21525.0
19991400001,2025,1800.0
19991400001,2026,38275.0
19991400008,2024,12549.77
19991400009,2022,-395.0
19991400009,2023,60.0
19991400009,2024,6135.0
19991400009,2025,60.0
19991400009,2026,8194.36
19991400016,2023,600.0
19991400016,2024,8550.0
19991400017,2024,20699.8
19991400017,2025,4482.48
19991400017,2026,32600.0
19991400020,2023,1596.12
19991400020,2024,12814.12
19991400020,2025,10396.07
19991400020,2026,16871.48
19991400021,2022,15.0
19991400021,2023,171.0
19991400021,2024,180.0
19991400021,2025,180.0
19991400021,2026,105.0
19991400022,2022,19700.0
19991400022,2024,40974.0
19991400022,2025,22069.06
19991400022,2026,11920.0
19991400025,2020,-400.0
19991400025,2022,10000.0
19991400025,2023,7650.0
19991400025,2024,21288.12
19991400025,2025,23725.0
19991400025,2026,41250.0
19991400026,2023,18775.0
19991400026,2024,28775.0
19991400026,2025,1450.0
19991400026,2026,24300.0
19991400027,2023,10800.0
19991400027,2024,13150.0
19991400027,2025,13050.0
19991400027,2026,12150.0
19991400032,2023,3350.0
19991400032,2024,1673.38
19991400032,2025,20000.0
19991400032,2026,15200.0
19991400034,2022,-200.0
19991400034,2023,206.27
19991400034,2024,4076.54
19991400034,2025,0.78
19991400034,2026,106.86
19991400039,2022,2.5
19991400039,2023,30.0
19991400039,2024,12127.5
19991400039,2025,60.0
19991400039,2026,10205.0
19991400043,2023,900.0
19991400043,2024,1200.0
19991400043,2025,2322.15
19991400043,2026,3838.1
19991400047,2023,3150.0
19991400047,2024,26850.0
19991400047,2026,2300.0
19991400053,2024,3737.38
19991400053,2026,1450.0
19991400059,2023,44270.0
19991400059,2024,25400.0
19991400059,2025,33180.0
19991400059,2026,6775.0
19991400063,2022,-400.0
19991400063,2026,8200.0
19991400064,2023,-200.0
19991400064,2024,12100.0
19991400075,2023,19000.0
19991400075,2024,80849.97
19991400075,2025,7000.0
19991400075,2026,48250.0
19991400077,2023,7600.0
19991400077,2024,13650.0
19991400077,2025,6120.8
19991400077,2026,2650.0
19991400081,2023,100363.16
19991400081,2024,12475.0
19991400081,2025,13000.0
19991400081,2026,500.0
19991400083,2022,800.48
19991400083,2023,33250.0
19991400083,2024,13975.0
19991400083,2025,25300.0
19991400083,2026,11475.0
19991400091,2024,5900.0
19991400091,2025,250.0
19991400091,2026,3350.0
19991400093,2023,-1300.0
19991400093,2024,8775.0
19991400093,2025,500.0
19991400093,2026,400.0
19991400094,2023,0.0
19991400095,2022,3.0
19991400095,2023,15136.0
19991400095,2024,57586.0
19991400095,2025,48039.02
19991400095,2026,15846.0
19991400097,2022,1500.0
19991400097,2023,371.12
19991400102,2023,550.0
19991400102,2024,900.0
19991400102,2026,175.0
19991400110,2022,0.0
19991400110,2023,27775.0
19991400110,2024,30990.05
19991400110,2025,39755.0
19991400110,2026,17875.0
19991400115,2023,66.0
19991400115,2024,132.0
19991400115,2025,142.07
19991400115,2026,48.0
19991400118,2022,-389.2
19991400118,2023,6298.18
19991400118,2024,20891.65
19991400118,2025,21658.86
19991400118,2026,19818.99
19991400136,2023,42650.0
19991400136,2024,44000.0
19991400136,2025,48150.0
19991400136,2026,51000.0
19991400160,2023,1000.0
19991400160,2024,1009.52
19991400160,2025,900.0
19991400165,2023,8464.13
19991400165,2024,12458.97
19991400165,2025,1519.36
19991400165,2026,1196.52
19991400197,2024,2900.0
19991400237,2023,-400.0
19991400237,2024,15250.0
19991400237,2025,-900.0
19991400274,2022,127.93
19991400274,2023,6165.14
19991400274,2024,2874.98
19991400274,2025,942.1
19991400274,2026,6923.2
19991400280,2022,6.99
19991400280,2023,-332.39
19991400280,2024,3706.59
19991400285,2024,6000.36
19991400285,2026,4075.0
19991400287,2022,12.0
19991400287,2023,3572.0
19991400287,2024,58620.0
19991400287,2025,2750.0
19991400287,2026,44500.0
19991400336,2024,1859.0
19991400336,2026,200.0
19991400346,2024,4846.62
19991400348,2022,1197.0
19991400348,2024,2809.5
19991400348,2025,1497.0
19991400348,2026,144.0
19991400367,2023,1611.11
19991400367,2024,16715.71
19991400367,2025,5638.31
19991400367,2026,10179.78
19991400368,2024,3050.0
19991400368,2025,-225.0
19991400402,2023,130.0
19991400403,2023,1154.6
19991400403,2024,9742.3
19991400403,2025,1300.0
19991400403,2026,500.0
19991400406,2023,15500.0
19991400406,2024,2050.0
19991400406,2025,21400.0
19991400406,2026,4450.0
19991400408,2023,625.0
19991400408,2024,2000.0
19991400408,2025,50.0
19991500001,2022,20599.45
19991500001,2023,213006.77
19991500001,2024,342802.29
19991500001,2025,243001.09
19991500001,2026,246187.34
19991500003,2022,-117.99
19991500003,2023,55.56
19991500003,2024,942.18
19991500003,2025,927.64
19991500003,2026,597.66
19991500004,2022,500.0
19991500004,2023,34666.71
19991500004,2024,55888.68
19991500004,2025,52837.57
19991500004,2026,21903.28
19991500006,2023,8.9
19991500006,2024,5.86
19991500072,2022,400.0
19991500072,2023,14839.03
19991500072,2024,22525.73
19991500072,2025,21253.39
19991500072,2026,91976.22
20001400076,2023,2500.0
20001400076,2024,41625.0
20001400076,2025,1175.0
20001400076,2026,11100.0
20001400413,2022,-320.0
20001400413,2023,110.0
20001400413,2024,5735.0
20001400413,2025,630.0
20001400413,2026,101.0
20001400421,2022,8.0
20001400421,2023,107.75
20001400421,2024,82.18
20001400421,2025,39.95
20001400421,2026,2.08
20001400425,2022,126.04
20001400425,2023,5004.39
20001400425,2024,6084.49
20001400425,2025,8.32
20001400425,2026,265.9
20001400427,2022,159.0
20001400427,2023,742.28
20001400427,2024,8899.89
20001400427,2025,627.2
20001400427,2026,7729.87
20005990050,2023,18981.3
20005990050,2024,23657.65
20005990050,2025,25006.83
20005990050,2026,23000.0
20005990056,2022,13.43
20005990056,2023,142.9
20005990056,2024,4205.51
20005990056,2025,120.0
20005990056,2026,4819.13
20005990116,2024,5200.0
20005990116,2026,5250.0
20015990124,2022,-1200.0
20015990124,2023,32407.0
20015990124,2024,35444.72
20015990124,2025,22825.0
20015990124,2026,36525.0
20023651277,2022,675.0
20023651277,2023,700.0
20023651277,2024,950.0
20023651277,2025,256.87
20025606447,2022,10.0
20025606447,2023,4270.0
20025606447,2024,11148.75
20025606447,2025,2180.0
20025606447,2026,75.0
20025800034,2023,1443.82
20025800034,2024,1300.0
20025800034,2025,1241.89
20025800034,2026,1218.11
20025800179,2023,5000.0
20025800179,2025,3300.0
20025800193,2023,-200.0
20025800193,2024,9375.0
20025800193,2026,8075.0
20025800219,2022,15.35
20025800219,2023,174.65
20025800219,2024,6101.8
20025800219,2025,120.0
20025800219,2026,2531.53
20025990252,2024,250.0
20025990266,2023,187500.0
20025990266,2024,26900.0
20025990266,2025,130969.45
20025990266,2026,18600.0
20033651304,2023,100.0
20033651304,2024,2250.0
20033651304,2025,50.0
20033651304,2026,500.0
20033651351,2023,11350.0
20033651351,2024,29700.0
20033651351,2025,9800.0
20033651351,2026,19800.0
20033651407,2023,29400.0
20033651407,2024,200650.0
20033651407,2025,29075.0
20033651407,2026,185500.0
20035620502,2023,8000.0
20035620502,2024,199133.3
20035620502,2025,17600.0
20035620502,2026,23100.0
20035620571,2022,25.0
20035620571,2023,31050.0
20035620571,2024,173700.05
20035620571,2025,65250.0
20035620571,2026,144075.0
20035620586,2022,241.5
20035620586,2023,1996.01
20035620586,2024,260.82
20035620586,2026,0.0
20035620591,2024,-3200.0
20035620591,2025,5950.0
20035620680,2024,645.5
20035620680,2025,82.5
20035620680,2026,5000.0
20035620741,2024,17400.0
20035620741,2025,21000.0
20035620741,2026,13033.0
20035620759,2022,-386.0
20035620759,2023,3425.0
20035620759,2024,10400.0
20035620759,2025,-200.0
20035620759,2026,900.0
20035620797,2024,250.0
20035620865,2022,6217.13
20035620865,2024,43020.44
20035620865,2025,5.0
20035620865,2026,40417.96
20035620934,2024,14450.0
20035620934,2025,2500.0
20035620934,2026,48575.0
20035621465,2023,500.0
20035621465,2024,60100.0
20035621465,2025,19500.0
20035621465,2026,36900.0
20035621566,2022,10.0
20035621566,2023,120.0
20035621566,2024,15458.25
20035621566,2025,204.0
20035621566,2026,3075.0
20035621593,2023,-1000.0
20035621593,2024,19225.0
20035621593,2025,8500.0
20035621593,2026,15025.0
20035621605,2023,4150.0
20035621605,2024,10950.0
20035621605,2025,3150.0
20035621605,2026,14175.0
20035621984,2023,12200.0
20035621984,2024,31650.0
20035621984,2025,5200.0
20035621984,2026,12500.0
20035622106,2025,369.03
20035622676,2023,535191.66
20035622676,2024,102500.0
20035622676,2025,569721.36
20035622676,2026,109225.0
20035623259,2023,123150.0
20035623259,2024,551705.0
20035623259,2025,34250.0
20035623259,2026,576950.0
20035624475,2023,10000.0
20035624475,2024,0.0
20035624475,2025,16057.8
20035625259,2023,1000.0
20035625259,2024,23239.85
20035625259,2025,8000.0
20035625259,2026,10800.0
20035625260,2022,75.0
20035625260,2023,900.0
20035625260,2024,240990.0
20035625260,2025,32134.15
20035625483,2023,52850.0
20035625483,2024,18325.0
20035625483,2025,67750.0
20035625483,2026,4600.0
20045627142,2021,2.04
20045627142,2022,2.5
20045627142,2023,1275.64
20045627142,2024,6182.52
20045627142,2025,143.0
20045627142,2026,4521.38
20045627341,2023,14635.0
20045627341,2024,50765.0
20045627341,2025,10250.0
20045627341,2026,19575.0
20045636646,2022,-300.0
20045636646,2023,140.0
20045636646,2024,3240.0
20045636646,2025,220.0
20045636646,2026,2100.0
20045640324,2023,500.0
20045640324,2024,34650.0
20045640324,2025,-1700.0
20045640324,2026,10350.0
20045641666,2024,8000.0
20045641666,2025,20500.0
20045644883,2024,5050.0
20045644883,2025,-350.0
20045644883,2026,5800.0
20045644949,2023,1500.0
20045644949,2024,16500.0
20045644949,2025,12500.0
20045644949,2026,12250.0
20045645963,2023,66000.0
20045645963,2024,98000.0
20045645963,2025,123000.0
20045645963,2026,75550.0
20045646497,2020,216.94
20045646497,2021,1474.36
20045646497,2022,1717.62
20045646497,2025,2664.18
20045646497,2026,3036.23
20045646652,2022,-555.0
20045646652,2023,1175.0
20045646652,2024,22100.0
20045646652,2025,5725.0
20045647437,2022,200.0
20045647437,2023,2433.32
20045647437,2024,6400.0
20045647437,2025,8200.45
20045648949,2023,450.0
20045648949,2024,200.0
20045649118,2024,19000.0
20045649118,2025,1500.0
20045649118,2026,6000.0
20045649828,2023,9150.0
20045649828,2024,850.0
20045649828,2026,1450.0
20045651614,2024,8050.0
20045653064,2025,1000.0
20045653064,2026,2000.0
20045654094,2023,11031.64
20045654094,2024,5360.0
20045654094,2025,9900.0
20045654094,2026,336.0
20045655089,2024,3504.41
20045655089,2025,-100.0
20045655772,2023,30850.0
20045655772,2024,2100.0
20045655772,2025,20000.0
20045655772,2026,10000.0
20055605666,2022,12.0
20055605666,2023,55.85
20055605666,2024,12.0
20055605666,2025,6018.0
20055607620,2024,9700.0
20055607620,2025,4750.0
20055607620,2026,15000.0
20055608438,2023,1000.0
20055615874,2022,78.76
20055615874,2023,45325.63
20055615874,2024,67368.92
20055615876,2022,2575.9
20055615876,2023,41268.67
20055615876,2024,66192.54
20055615876,2025,66681.34
20055615876,2026,26137.13
20055616313,2022,28.95
20055616313,2023,-442.23
20055616630,2022,449.4
20055616630,2023,336.15
20055616630,2024,471.8
20055616630,2025,179.28
20055617263,2023,41840.13
20055617263,2024,6200.0
20055617263,2025,55117.8
20055618161,2022,1179.62
20055618161,2023,1907.86
20055618161,2024,1033.48
20055618161,2026,1.98
20055618564,2023,11307.0
20055618564,2024,2000.0
20055618564,2025,17600.02
20055618564,2026,500.0
20055620104,2023,999.04
20055620104,2025,3676.95
20055620104,2026,3776.01
20055620368,2023,254.99
20055620368,2024,12874.72
20055620368,2025,739.45
20055620368,2026,7569.52
20055621090,2023,2000.0
20055621091,2023,10000.0
20055621091,2024,4950.0
20055621091,2025,1500.0
20055621626,2023,285.72
20055621626,2024,700.0
20055621626,2025,97.0
20055621626,2026,3180.94
20055621637,2024,186.37
20055621637,2025,30.0
20055621637,2026,175.0
20055622122,2022,1024.03
20055622122,2023,25951.93
20055622122,2024,100218.08
20055622122,2025,46410.92
20055622122,2026,36175.83
20055622529,2021,39.0
20055622529,2022,978.94
20055622529,2023,36751.94
20055622529,2024,40090.19
20055622529,2025,31389.75
20055622529,2026,25196.13
20055623739,2022,2043.82
20055623739,2023,44696.05
20055623739,2024,35403.65
20055623739,2025,5216.43
20055623739,2026,16657.1
20055624004,2024,10122.85
20055624030,2022,0.0
20055624030,2023,400.0
20055624060,2023,2104.53
20055624060,2024,23229.58
20055624060,2025,2714.38
20055624060,2026,5295.78
20055624062,2023,17.92
20055624062,2024,8847.4
20055624062,2025,44.8
20055624062,2026,1197.4
20055624124,2022,1913.74
20055624124,2023,34006.47
20055624124,2024,41048.02
20055624124,2025,42238.84
20055624124,2026,40068.59
20055624311,2022,15.96
20055624311,2023,12279.29
20055624311,2024,37266.78
20055624311,2025,15045.01
20055624311,2026,9731.8
20055624312,2022,175.0
20055624312,2023,2158.72
20055624312,2024,11884.8
20055624312,2025,4998.39
20055624312,2026,3644.31
20055624467,2024,250.0
20055624467,2025,-250.0
20055624768,2022,614.37
20055624768,2023,3664.05
20055624768,2024,27609.96
20055624768,2025,5685.57
20055624768,2026,4029.52
20055624842,2022,398.88
20055624842,2023,38184.61
20055624842,2024,86432.17
20055624842,2025,43272.8
20055624842,2026,25794.16
20055625165,2024,750.0
20055625224,2024,31800.0
20055625224,2026,18100.0
20055625227,2023,4798.76
20055625227,2024,12272.4
20055625227,2025,23363.09
20055625227,2026,3431.14
20055625238,2022,104.0
20055625238,2023,8410.42
20055625238,2024,11191.05
20055625238,2025,4218.75
20055625238,2026,4503.56
20055625276,2023,5036.79
20055625276,2024,12225.98
20055625276,2025,4899.01
20055625276,2026,11019.58
20065600150,2022,7222.99
20065600150,2023,97630.45
20065600150,2024,165944.12
20065600150,2025,99261.26
20065600150,2026,34891.5
20065600152,2022,1609.49
20065600152,2023,27428.81
20065600152,2024,91379.98
20065600152,2025,30112.34
20065600501,2023,7109.19
20065600501,2024,22719.76
20065600501,2025,6172.91
20065600501,2026,8218.84
20065600716,2022,6702.27
20065600716,2023,33680.76
20065600716,2024,85700.15
20065600716,2025,62345.72
20065600716,2026,26681.74
20065600756,2022,79.48
20065600756,2023,3169.69
20065600756,2024,11579.78
20065600756,2025,5781.25
20065600756,2026,3939.91
20065601098,2023,160.0
20065601098,2024,335.62
20065601098,2026,320.0
20065601163,2022,1105.74
20065601163,2023,44585.76
20065601163,2024,63895.34
20065601163,2025,29163.2
20065601163,2026,21150.53
20065601547,2022,-450.61
20065601547,2023,20329.82
20065601547,2024,96316.36
20065601547,2025,18505.4
20065601547,2026,5042.05
20065610216,2023,138.95
20065610216,2024,9099.22
20065610216,2025,1663.03
20065610216,2026,4450.09
20065610306,2022,6495.59
20065610306,2023,29493.57
20065610306,2024,164137.59
20065610306,2025,36160.73
20065610306,2026,40041.4
20065610453,2026,53.64
20065610799,2022,140.41
20065610799,2023,4180.09
20065610799,2024,9589.91
20065610799,2025,12772.1
20065610799,2026,4544.38
20065610806,2022,549.78
20065610806,2023,4313.12
20065610806,2024,2436.32
20065610806,2025,5064.24
20065610806,2026,34552.72
20065611065,2022,527.26
20065612169,2023,420.83
20065612169,2024,12069.57
20065612169,2025,304.0
20065612169,2026,328.0
20065612622,2023,621.37
20065612622,2024,23745.79
20065612622,2025,8726.76
20065612622,2026,5352.82
20065612684,2022,1013.1
20065612684,2023,9235.62
20065612684,2024,46329.77
20065612684,2025,30357.07
20065612684,2026,9850.51
20065613042,2021,0.0
20065613042,2022,375.3
20065613042,2023,47935.34
20065613042,2024,72924.97
20065613042,2025,884.14
20065613269,2022,501.11
20065613269,2023,9760.11
20065613269,2024,17003.47
20065613269,2025,8072.25
20065613269,2026,16993.25
20065613343,2021,6741.67
20065613343,2022,10753.63
20065613343,2023,15802.5
20065613343,2024,12968.86
20065613343,2025,23981.58
20065613343,2026,7960.72
20065613344,2022,128.37
20065613344,2023,14953.51
20065613344,2024,13676.7
20065613344,2025,28437.17
20065613344,2026,3738.86
20065613497,2023,1192.63
20065613497,2024,14157.6
20065613497,2025,2363.12
20065613497,2026,8922.56
20065614002,2026,1043.81
20065614327,2022,75.0
20065614327,2023,26514.41
20065614327,2024,43910.67
20065614327,2025,20250.47
20065614327,2026,31626.07
20065614364,2023,5213.08
20065614364,2024,6302.72
20065614364,2025,3349.78
20065614364,2026,5555.91
20065614373,2023,25.0
20065614915,2026,57.5
20065616839,2024,495.51
20065616839,2025,112.94
20065616839,2026,70.0
20065617075,2023,50.0
20065617075,2024,1283.72
20065617075,2025,740.73
20065617075,2026,64.0
20065617438,2022,0.79
20065617438,2023,4067.76
20065617438,2024,51041.33
20065617438,2025,26140.94
20065617438,2026,20545.46
20065617557,2025,466.67
20065617557,2026,809.0
20065617560,2023,165.93
20065617560,2024,1868.66
20065617560,2025,638.69
20065617560,2026,474.94
20065618517,2023,389.75
20065618517,2024,1421.23
20065618517,2025,2330.28
20065618517,2026,4015.71
20065619483,2022,1958.4
20065619483,2023,6487.89
20065619483,2024,25306.35
20065619483,2025,5420.15
20065619483,2026,7585.55
20065619641,2002,5.0
20065619641,2023,20448.82
20065619641,2024,22104.15
20065619641,2025,15344.99
20065619641,2026,6980.74
20065619733,2022,437.13
20065619733,2023,18161.92
20065619733,2024,32214.62
20065619733,2025,18219.92
20065619733,2026,10401.13
20065621350,2020,1058.5
20065621350,2023,14034.12
20065621350,2024,7874.17
20065621350,2025,4785.65
20065621350,2026,3014.44
20065621463,2022,24.26
20065621463,2023,4361.59
20065621463,2024,21573.16
20065621463,2025,8980.39
20065621463,2026,12423.11
20065622555,2026,4791.74
20065622569,2001,120.87
20065622569,2021,3818.94
20065622569,2022,6479.11
20065622569,2023,22573.01
20065622569,2024,42422.88
20065622569,2025,22938.28
20065622569,2026,31534.67
20065624222,2020,26658.8
20065624222,2021,27327.71
20065624222,2022,84727.16
20065624222,2023,179209.15
20065624222,2024,109921.83
20065624222,2025,61605.35
20065624222,2026,70166.67
20065624258,2022,1861.85
20065624258,2023,60451.09
20065624258,2024,98801.05
20065624258,2025,67798.02
20065624258,2026,51040.75
20065625538,2014,841.5
20065625538,2023,8717.78
20065625538,2024,21589.64
20065625538,2025,9704.0
20065625538,2026,2497.88
20065625931,2022,990.0
20065625931,2023,6202.3
20065625931,2024,17629.19
20065625931,2025,6040.5
20065625931,2026,3289.51
20065630731,2021,604.24
20065630731,2022,152.89
20065630731,2023,4669.51
20065630731,2024,34296.68
20065630731,2025,13447.86
20065630731,2026,19951.92
20065631049,2023,2500.0
20065631049,2024,19000.0
20065631049,2025,5000.0
20065631851,2022,1380.59
20065631851,2023,25476.05
20065631851,2024,39376.28
20065631851,2025,26299.09
20065631851,2026,21953.59
20065635732,2022,480.0
20065635732,2024,615.46
20065635732,2026,642.0
20065636367,2022,277.7
20065636367,2023,16301.6
20065636367,2024,72041.08
20065636367,2025,20780.2
20065636367,2026,21453.85
20065636706,2023,626.87
20065636706,2024,5185.56
20065636706,2025,3566.75
20065636706,2026,189.52
20065637564,2025,7.72
20065638573,2021,371.7
20065638573,2022,110.08
20065638573,2023,328.22
20065638573,2024,143.21
20065638588,2023,2784.44
20065638588,2024,1746.92
20065638588,2025,400.0
20065638588,2026,1183.0
20065638688,2023,1262.0
20065638688,2024,8851.35
20065638688,2025,889.28
20065638688,2026,2824.04
20065639314,2022,339.0
20065639314,2023,5696.57
20065639314,2024,17341.07
20065639314,2025,7153.13
20065639314,2026,2942.15
20065639357,2023,7156.47
20065639357,2024,20763.65
20065639357,2025,18634.34
20065639357,2026,8737.38
20065639381,2023,2842.15
20065639381,2024,2158.32
20065639381,2025,2973.25
20065639381,2026,1222.03
20065639615,2022,52.5
20065639615,2023,5963.73
20065639615,2024,37961.12
20065639615,2025,5959.4
20065639615,2026,29890.62
20065639671,2023,3000.0
20065639671,2024,2000.0
20065640034,2022,28.24
20065640034,2023,5848.98
20065640034,2024,17002.24
20065640034,2025,2118.13
20065640864,2022,116.25
20065640864,2023,47571.79
20065640864,2024,97879.93
20065640864,2025,11222.71
20065640864,2026,10896.16
20065640925,2024,512.75
20065640925,2026,396.55
20065641070,2022,126.0
20065641070,2023,85.6
20065641070,2024,1494.5
20065641070,2025,265.9
20065641070,2026,127.5
20065641110,2022,-194.26
20065641110,2023,4353.18
20065641110,2024,12571.62
20065641110,2025,88.0
20065641110,2026,3077.4
20065641124,2022,595.75
20065641124,2023,311.48
20065641124,2024,4280.56
20065641124,2025,333.4
20065641124,2026,11.95
20065641518,2023,394.77
20065642243,2023,34.0
20065642243,2024,34.0
20065642243,2025,10.0
20065642243,2026,147.65
20065642576,2023,10975.0
20065642576,2024,13775.0
20065642576,2025,-2525.0
20065642576,2026,36100.0
20065642825,2022,4.81
20065642825,2023,117611.29
20065642825,2024,90834.07
20065642825,2025,98802.9
20065642825,2026,74902.17
20065643454,2023,24770.0
20065643454,2024,14550.0
20065643454,2025,39675.0
20065643454,2026,3025.0
20065643489,2022,0.0
20065643489,2023,3659.84
20065643489,2024,24362.58
20065643489,2025,7974.02
20065643489,2026,13580.69
20065644680,2026,1093.6
20065644718,2025,145.43
20065644911,1998,49.5
20065644911,2013,445.0
20065644911,2014,-1445.0
20065644911,2015,1000.0
20065644911,2016,43.11
20065644911,2017,-10831.6
20065644911,2022,16768.35
20065644911,2023,51684.51
20065644911,2024,48848.1
20065644911,2025,29170.8
20065644911,2026,25139.66
20065645008,2022,4564.65
20065645008,2023,106315.79
20065645008,2024,151823.7
20065645008,2025,123517.83
20065645008,2026,114113.92
20065645194,2022,2662.61
20065645194,2023,79355.05
20065645194,2024,105229.99
20065645194,2025,77464.15
20065645194,2026,32800.44
20065645386,2026,86.88
20065645582,2021,0.0
20065645582,2022,0.0
20065645582,2023,6301.36
20065645582,2024,13559.99
20065645582,2025,6764.11
20065645582,2026,4366.12
20065645586,2022,2415.4
20065645586,2023,19580.65
20065645586,2024,26424.85
20065645586,2025,13098.36
20065645586,2026,11069.62
20065645966,2023,26325.0
20065645966,2024,32150.0
20065645966,2025,35800.0
20065645966,2026,43150.0
20065646080,2026,130.0
20065646282,2022,173.2
20065646282,2023,9134.42
20065646282,2024,46515.67
20065646282,2025,13007.62
20065646282,2026,8478.6
20065647278,2023,718.33
20065647278,2024,1196.85
20065647278,2025,1595.38
20065647278,2026,1827.23
20075614158,2023,100.0
20075614158,2024,1500.0
20075614158,2025,50.0
20075614158,2026,1100.0
20075615133,2025,50.0
20075619016,2022,42.0
20075619016,2023,168.0
20075619016,2024,168.0
20075619016,2025,168.0
20075619016,2026,84.0
20075619133,2023,52334.53
20075619133,2024,9058.18
20075619133,2025,38679.18
20075619791,2023,495.16
20075621295,2023,164.14
20075624120,2022,3600.0
20075624120,2023,188342.23
20075624120,2024,4628864.87
20075624120,2025,206977.25
20075624120,2026,507466.61
20075626307,2022,150.0
20075626307,2024,8573.0
20075626307,2025,1011.11
20075626307,2026,4364.67
20075635216,2021,770.0
20075635216,2022,2897.32
20075635216,2023,7324.68
20075635216,2024,19501.84
20075635216,2025,10496.69
20075635216,2026,8345.98
20075640066,2022,568.43
20075640066,2023,62623.17
20075640066,2024,87918.22
20075640066,2025,31864.92
20075640066,2026,17017.63
20075643302,2023,102900.0
20075643302,2024,267500.0
20075643302,2025,56000.0
20075643302,2026,135000.0
20085601634,2025,1500.0
20085602910,2023,107000.0
20085602910,2024,76250.0
20085602910,2025,155725.0
20085602910,2026,84550.0
20085603243,2024,954.22
20085603884,2024,500.0
20085603884,2026,27.98
20085603958,2024,3624.04
20085604578,2023,159.55
20085604578,2024,6575.0
20085605166,2022,2675.0
20085605166,2023,12500.0
20085605166,2024,12116.0
20085605166,2025,8000.0
20085605404,2023,6300.0
20085605404,2024,1825.0
20085605404,2026,250.0
20085614540,2024,918.8
20085616106,2025,54800.5
20085617217,2024,1200.0
20085617217,2026,5250.0
20085621234,2022,2100.0
20085621234,2023,2956.24
20085621234,2024,918.83
20085621234,2025,4480.76
20085621924,2022,3267.73
20085621924,2023,92524.48
20085621924,2024,127602.89
20085621924,2025,57919.77
20085621924,2026,49589.95
20085623830,2023,260.02
20085623830,2024,1045.82
20085623830,2025,5.91
20085623830,2026,16.35
20085630312,2024,510.0
20085630312,2025,2500.0
20085630312,2026,150.0
20085631093,2023,0.79
20085631093,2024,1164.66
20085631093,2025,960.97
20085631093,2026,666.01
20085634620,2023,1000.0
20085634620,2024,6350.0
20085634620,2025,900.0
20085634620,2026,15700.0
20085634789,2024,10000.0
20085634789,2025,1000.0
20085634789,2026,500.0
20085638407,2023,725.0
20085638407,2024,877.23
20085638407,2025,2079.99
20085638407,2026,287.13
20095609248,2023,422.25
20095609248,2024,58614.27
20095609248,2025,-1976.0
20095609248,2026,5105.54
20095611552,2022,800.0
20095611552,2023,11153.12
20095611552,2024,15076.02
20095611552,2025,-1175.0
20095611552,2026,84.0
20095611633,2025,937.0
20095613512,2026,10.0
20095616502,2023,1800.0
20095616502,2024,3038.65
20095616502,2025,341.0
20095616502,2026,3155.0
20095618448,2023,624.14
20095618901,2022,-1980.0
20095618901,2023,864.72
20095618901,2024,20689.64
20095618901,2025,7789.84
20095618901,2026,5024.75
20095619234,2022,4000.0
20095619234,2024,33550.0
20095619234,2025,400.0
20095619234,2026,21800.0
20095620454,2023,10000.0
20095620454,2024,82000.0
20095620454,2025,28750.0
20095620454,2026,11000.0
20095621098,2024,432.0
20095621098,2025,778.5
20095621098,2026,702.0
20095621102,2021,5487.83
20095621102,2022,12819.37
20095621102,2023,2921.2
20095621102,2024,24929.35
20095621102,2025,12154.92
20095621102,2026,9698.65
20095621364,2025,2037.18
20095621535,2023,1550.0
20095621535,2024,10600.0
20095621535,2026,200.0
20095622155,2023,1100.0
20095622264,2022,9313.51
20095622264,2023,124915.38
20095622264,2024,214925.12
20095622264,2025,188598.88
20095622264,2026,123636.2
20105016972,2026,25.0
20105017082,2025,3379.0
20105017082,2026,270.0
20105017118,2022,94.21
20105017118,2023,2102.78
20105017118,2024,15266.19
20105017118,2025,1556.22
20105017118,2026,5605.1
20105017124,2026,86.49
20105017128,2026,707.5
20105017138,2026,280.0
20105017145,2023,9000.0
20105017174,2026,975.41
20105017461,2024,500.0
20105017472,2023,830.0
20105017472,2024,1323.66
20105017494,2026,488.34
20105017798,2023,509.65
20105017798,2024,2632.6
20105017798,2025,2160.3
20105017798,2026,796.66
20105017985,2025,176.12
20105017985,2026,14819.26
20105018068,2023,10.0
20105018068,2024,10.0
20105018068,2025,67.54
20105018182,2022,5.0
20105018182,2023,1257.44
20105018182,2024,4732.96
20105018182,2025,966.39
20105018182,2026,1954.6
20105018281,2024,4500.0
20105018281,2025,200.0
20105018281,2026,1400.0
20105018308,2023,11230.41
20105018308,2024,16522.67
20105018308,2025,12832.12
20105018308,2026,5655.42
20105018317,2023,1750.0
20105018317,2024,2450.0
20105018317,2025,1400.0
20105018317,2026,7798.0
20105018343,2022,6000.0
20105018343,2023,6000.0
20105018343,2024,99400.0
20105018343,2025,11000.0
20105018343,2026,7200.0
20105018344,2024,65400.0
20105018393,2023,71050.0
20105018393,2024,179131.64
20105018393,2025,613549.89
20105018393,2026,2590741.9
20105018394,2023,6440.0
20105018394,2024,51100.0
20105018394,2026,38650.0
20105018408,2022,198.34
20105018408,2023,18178.75
20105018408,2024,29838.36
20105018408,2025,13788.9
20105018408,2026,13485.12
20105018431,2024,5950.0
20105018431,2026,450.0
20105018436,2023,3837.39
20105018436,2024,4350.87
20105018436,2025,5750.4
20105018436,2026,3357.98
20105018449,2022,1512.0
20105018449,2023,75.0
20105018449,2024,116172.6
20105018449,2025,1025.0
20105018449,2026,57525.0
20105018462,2024,8000.0
20105018462,2025,5000.0
20105018462,2026,520.31
20105018490,2022,12500.0
20105018490,2023,19696.0
20105018490,2024,0.0
20105018490,2025,22367.44
20105018508,2023,999.26
20105018508,2024,3703.92
20105018508,2025,1770.97
20105018508,2026,3172.13
20105018537,2023,636.55
20105018537,2024,5483.41
20105018537,2025,1812.68
20105018537,2026,2824.5
20105018552,2023,800.0
20105018552,2025,726.82
20105018554,2024,4413.34
20105018554,2025,3250.15
20105018554,2026,1247.49
20105018569,2023,110.66
20105018773,2026,1000.0
20105018781,2024,5275.0
20105018781,2026,1425.0
20105018797,2023,2250.0
20105018797,2024,6300.0
20105018797,2025,6575.0
20105018797,2026,8550.0
20115019005,2023,209.3
20115019189,2023,650.0
20115019189,2024,327079.25
20115019189,2025,725.0
20115019189,2026,112786.37
20115019192,2023,121629.84
20115019192,2024,361194.84
20115019192,2025,1066.38
20115019192,2026,137456.83
20115022038,2025,593.97
20115022056,2023,400.0
20115022056,2025,10.0
20115022056,2026,769.4
20115022340,2023,3493.64
20115022563,2023,10.0
20115022802,2024,31970.0
20115022802,2026,750.0
20115022847,2022,-200.0
20115022847,2023,650.0
20115022847,2024,2600.0
20115022847,2025,1400.0
20115022847,2026,2300.0
20115022889,2022,100.0
20115022889,2024,5564.74
20115022889,2025,5777.37
20115022889,2026,1673.12
20115022964,2023,5000.0
20115022964,2024,582500.0
20115022964,2025,10000.0
20115022964,2026,13000.0
20115023002,2023,4996.69
20125023080,2024,64.25
20125023144,2023,583.51
20125023185,2017,1100.0
20125023185,2018,310.05
20125023210,2022,206.0
20125023210,2023,9113.03
20125023210,2024,21672.97
20125023240,2024,4758.34
20125023561,2024,2069.1
20125023568,2023,513.59
20125024655,2022,25.3
20125024655,2023,31.6
20125024655,2024,15205.71
20125024655,2025,761.4
20125024655,2026,15212.01
20125024694,2024,881.0
20125024840,2023,6400.0
20125024840,2024,2250.0
20125024840,2025,3500.0
20125024847,2025,350.0
20125024847,2026,808.6
20125024852,2023,2800.0
20125024852,2024,3700.0
20125024852,2025,3300.0
20125024853,2023,1393.05
20125024889,2026,15939.72
20125024912,2023,1800.0
20125024912,2024,800.0
20125024912,2025,800.0
20125024931,2022,200.0
20125024931,2023,460.0
20125024931,2024,1022.53
20125024931,2025,115.55
20125024943,2024,1000.0
20125024958,2022,401.15
20125024958,2023,33201.66
20125024958,2024,51113.26
20125024958,2025,35727.88
20125024958,2026,13485.82
20125024972,2022,-2000.0
20125024972,2024,10.0
20125024972,2026,6283.34
20125024976,2022,9.09
20125024976,2023,9.48
20125024976,2025,1396.77
20125024985,2024,96000.0
20125024985,2025,7500.0
20125024985,2026,44000.0
20125025009,2023,3384.0
20125025015,2022,700.0
20125025015,2024,5000.0
20125025055,2022,-800.0
20125025055,2023,3515.0
20125025055,2024,12977.61
20125025055,2025,459.77
20125025055,2026,16880.0
20125025076,2022,2219.77
20125025076,2023,8652.7
20125025076,2024,4388.81
20125025088,2022,277.25
20125025088,2023,104467.09
20125025088,2024,87303.28
20125025088,2025,18791.82
20125025088,2026,13673.87
20125025119,2022,150.0
20125025119,2024,900.0
20125025119,2026,2000.0
20125025120,2023,800.0
20125025120,2024,7100.0
20125025120,2025,3214.0
20125025164,2023,3000.0
20125025164,2024,116625.0
20125025164,2025,7350.0
20125025164,2026,281775.0
20125025181,2024,608792.51
20125025181,2025,7030.0
20125025181,2026,282540.0
20125025195,2023,2162.68
20125025195,2024,2574.91
20125025195,2025,981.31
20125025195,2026,3780.03
20125025197,2022,2.0
20125025197,2023,2284.0
20125025197,2024,46.73
20125025199,2023,8825.0
20125025199,2024,16925.0
20125025199,2025,14000.0
20125025199,2026,10000.0
20125025200,2023,150.0
20125025214,2024,129186.0
20135025270,2023,25825.0
20135025270,2024,17550.0
20135025270,2025,22350.0
20135025270,2026,-750.0
20135025296,2023,8500.0
20135025296,2024,25.0
20135025399,2023,5875.0
20135025399,2024,8100.0
20135025399,2025,6075.0
20135025399,2026,2475.0
20135025405,2022,4600.0
20135025405,2023,12202.59
20135025405,2024,6500.0
20135025405,2025,11350.0
20135025405,2026,19500.0
20135025472,2024,8126.62
20135025524,2025,2.5
20135025539,2022,3918.83
20135025539,2023,5872.74
20135025539,2024,667.26
20135025539,2025,425.19
20135025539,2026,1412.62
20135025549,2022,4420.98
20135025549,2023,6570.37
20135025549,2024,15406.54
20135025556,2023,26.0
20135025556,2024,86706.15
20135025556,2025,70.4
20135025556,2026,37989.0
20135025559,2022,3931.5
20135025559,2023,4227.35
20135025559,2024,1825.0
20135025559,2025,1366.67
20135025577,2023,509.62
20135025590,2020,22.82
20135025590,2021,263.47
20135025590,2022,341.9
20135025590,2023,78.67
20135025590,2024,246.25
20135025590,2025,575.0
20135025590,2026,3.5
20135025598,2022,-800.0
20135025598,2023,2325.0
20135025598,2024,14950.0
20135025598,2025,1325.0
20135025598,2026,18975.0
20135025599,2013,10.76
20135025599,2023,3800.0
20135025599,2026,3820.16
20135025604,2022,18.0
20135025604,2023,96.0
20135025604,2024,106.05
20135025604,2025,93.28
20135025639,2024,98500.0
20135025639,2025,4550.0
20135025639,2026,7225.0
20135025655,2023,140.31
20135025694,2025,217.89
20135025749,2024,842.79
20135025749,2025,-25.0
20135025749,2026,916.02
20135025812,2025,7725.17
20135025886,2026,57.5
20135026353,2023,26500.0
20135026353,2024,8525.0
20135026353,2025,16500.0
20135026353,2026,37600.0
20135026354,2024,4050.0
20135026454,2022,1864.94
20135026454,2023,1864.94
20135026485,2023,2575.0
20135026485,2024,2650.0
20135026485,2025,460.0
20135026485,2026,1550.0
20135026507,2023,900.0
20135026507,2024,1150.0
20135026507,2025,500.0
20135026507,2026,1450.0
20135026515,2015,10.0
20135026515,2020,220.23
20135026532,2023,7100.0
20135026532,2025,2500.0
20135026572,2024,1000.0
20135026572,2025,500.0
20135026572,2026,3304.56
20135026579,2020,-13266.0
20135026579,2022,5601.65
20135026579,2023,26218.96
20135026583,2022,57.03
20135026583,2023,185.6
20135026596,2022,-400.0
20135026596,2023,30825.0
20135026596,2024,33175.0
20135026596,2025,27925.0
20135026596,2026,29725.0
20145026615,2023,513.59
20145026627,2023,48.64
20145026662,2023,8828.07
20145026690,2026,528.32
20145026709,2022,3600.0
20145026709,2023,3367058.5
20145026709,2024,2311666.78
20145026709,2025,11350.0
20145026709,2026,12556.5
20145026714,2026,159.85
20145026715,2026,158.85
20145026794,2018,165.95
20145026794,2020,400.0
20145026794,2023,861.96
20145026809,2026,163.73
20145026814,2022,4.0
20145026814,2023,731.69
20145026861,2023,15612.61
20145026933,2023,1155.74
20145026974,2023,1596.51
20145027287,2023,1187.28
20145027289,2026,153.0
20145027528,2024,460.0
20145027528,2025,25.0
20145028083,2026,1025.78
20145028117,2024,2920.92
20145028134,2020,1745.4
20145028134,2021,1099.46
20145028134,2022,2822.8
20145028160,2023,4857.51
20145028160,2024,2752.54
20145028234,2022,1243.36
20145028253,2022,20.0
20145028253,2023,579.0
20145028253,2024,110020.0
20145028280,2022,-400.0
20145028280,2024,3875.0
20145028296,2025,1000.0
20145028296,2026,459.11
20145028319,2023,-1200.0
20145028319,2026,4522.0
20145028320,2026,409.24
20145028344,2026,4950.0
20145028358,2023,5000.0
20145028358,2024,30775.0
20145028358,2025,7800.0
20145028358,2026,18825.0
20145028363,2023,1000.0
20145028363,2024,9450.0
20145028363,2026,900.0
20145028450,2023,5000.0
20145028450,2024,0.0
20145028450,2025,29225.0
20145028450,2026,24000.0
20145028456,2024,5292.5
20145028456,2026,450.0
20145028461,2023,3521.58
20145028461,2024,1684.21
20145028461,2025,1119.21
20145028462,2024,1450.0
20145028462,2025,5000.0
20145028502,2023,3875.0
20145028505,2022,73428.12
20145028505,2023,1510.0
20145028505,2024,2185.0
20145028505,2025,1435.0
20145028505,2026,660.0
20145028508,2023,7100.0
20145028508,2024,7000.0
20145028508,2025,28000.0
20145028508,2026,10000.0
20145028539,2023,5925.0
20145028539,2024,7450.0
20145028539,2025,3100.0
20145028588,2023,2150.0
20145028588,2024,45233.58
20145028588,2025,5.0
20145028588,2026,5.0
20145028630,2024,4934289.69
20145028638,2023,4500.0
20145028638,2024,10375.0
20145028638,2025,21425.0
20145028638,2026,8550.0
20145028661,2014,50.0
20145028661,2022,500.0
20145028661,2023,6575.0
20145028661,2024,1400.0
20145028663,2022,1072.42
20145028663,2023,4895.33
20145028663,2024,7029.68
20145028663,2025,14808.02
20145028663,2026,8955.2
20145028678,2023,3445.0
20145028678,2024,1200.0
20145028678,2025,1500.0
20145028678,2026,2400.0
20145028708,2018,50.0
20145028708,2022,2.5
20145028708,2023,6029.0
20145028708,2024,18550.0
20145028708,2025,1500.0
20145028708,2026,10500.0
20145028753,2023,500.0
20145028772,2023,-150.0
20145028772,2024,3205.0
20145028772,2025,5283.56
20145028772,2026,1950.0
20155028813,2022,49.19
20155028813,2023,919.43
20155028817,2022,214.99
20155028817,2023,1268.07
20155028817,2024,6640.24
20155028817,2025,734.0
20155028838,2024,4506.33
20155028856,2022,7833.98
20155028856,2023,19764.36
20155028856,2024,7813.71
20155028864,2021,83.82
20155028864,2022,12568.82
20155028864,2023,29588.17
20155028873,2022,6802.99
20155028940,2026,39496.98
20155028942,2022,36.0
20155028942,2023,135.5
20155028942,2024,105.0
20155028942,2025,8520.35
20155028955,2023,8.52
20155028955,2024,2000.0
20155028955,2025,923.73
20155028969,2017,3200.0
20155028969,2024,5461.33
20155028969,2025,200.0
20155028969,2026,1620.73
20155028995,2022,1000.0
20155028995,2023,40.6
20155028995,2024,4900.0
20155028995,2026,2814.76
20155028999,2022,-10.0
20155028999,2023,1441.0
20155028999,2024,4801.0
20155028999,2025,-329.0
20155028999,2026,5052.0
20155029015,2022,400.0
20155029015,2023,806.2
20155029026,2024,65509.9
20155029026,2025,280.0
20155029027,2023,146.69
20155029027,2024,912.41
20155029053,2026,1817.53
20155029083,2022,5.99
20155029083,2023,286.99
20155029083,2024,73.88
20155029083,2025,75.5
20155029083,2026,39.0
20155029126,2022,2.0
20155029126,2023,4291.25
20155029126,2024,223459.64
20155029126,2025,6516.4
20155029126,2026,864.09
20155029131,2023,264.0
20155029152,2022,228.1
20155029152,2023,9467.67
20155029152,2024,8205.94
20155029211,2022,-1845.51
20155029211,2023,29262.16
20155029243,2023,4928.2
20155029243,2024,400.0
20155029243,2025,8250.0
20155029243,2026,1000.0
20155029301,2022,-350.0
20155029301,2023,3876.7
20155029301,2024,4660.71
20155029488,2023,304.05
20155029488,2024,298.05
20155029488,2025,8693.19
20155029488,2026,226.07
20155029760,2020,4897.0
20155029760,2022,8931.16
20155029760,2023,4058.89
20155029812,2015,1257.25
20155029820,2022,-292.12
20155029820,2023,882.34
20155029820,2024,690.0
20155029868,2023,7531.4
20155029868,2024,21292.07
20155029868,2025,95.0
20155029868,2026,346.05
20155030008,2022,84.1
20155030008,2023,1747.05
20155030008,2024,8778.73
20155030008,2025,1753.64
20155030008,2026,2748.0
20155030015,2022,9.0
20155030015,2023,6766.88
20155030015,2024,11289.73
20155030015,2025,6580.52
20155030015,2026,6047.08
20155030026,2023,10132.96
20155030026,2024,4150.0
20155030026,2025,5450.0
20165030080,2023,893.98
20165030080,2024,580.99
20165030080,2025,275.6
20165030101,2024,315.11
20165030112,2022,3068.24
20165030112,2023,2566.0
20165030122,2024,3844.97
20165030151,2018,2.0
20165030151,2022,2.0
20165030151,2023,208.31
20165030241,2016,-1049.08
20165030269,2024,1139.01
20165030418,2024,12025.47
20165030418,2025,1000.0
20165030418,2026,2836.56
20165030497,2024,535.72
20165030521,2023,983.03
20165030706,2024,971.58
20165031196,2022,8.0
20165031196,2023,718.0
20165031196,2024,641.95
20165031247,2022,150.0
20165031308,2024,10872.0
20165031308,2026,1180.32
20165031316,2023,787.99
20165031320,2022,10.0
20165031320,2023,30105.75
20165031447,2023,729.0
20165031447,2024,518.0
20165031447,2025,625.55
20165031447,2026,1751.43
20165031468,2024,500.0
20165031468,2026,725.0
20165031523,2024,100.0
20165031523,2026,262.18
20165031530,2024,15765.79
20165031547,2023,100.0
20165031547,2024,800.0
20165031547,2025,2050.0
20165031547,2026,280.0
20165031557,2023,166.17
20165031557,2024,130.19
20165031557,2025,4422.77
20165031567,2016,11.34
20165031572,2022,83.1
20165031572,2023,4162.82
20165031575,2023,1234.77
20165031575,2024,7533.53
20165031604,2022,18.25
20165031604,2023,2306.51
20165031604,2024,298.78
20165031604,2025,206.58
20165031604,2026,1350.0
20165031608,2023,347.61
20165031743,2019,0.0
20165031743,2020,200.0
20165031743,2023,680.18
20165031745,2022,-400.0
20165031745,2025,473.16
20165031794,2023,467.81
20165031795,2021,1140.12
20165031795,2022,1064.12
20165031795,2023,11554.42
20165031795,2024,9925.0
20165031795,2025,6100.0
20165031795,2026,2500.0
20165031804,2023,-1600.0
20165031804,2024,8100.0
20165031804,2025,-450.0
20165031828,2024,6500.0
20165031833,2026,450.0
20165031834,2024,100.0
20165031839,2023,460.66
20165031839,2024,50.0
20165031856,2024,39.6
20165031859,2024,10050.0
20165031859,2025,-475.0
20165031859,2026,9375.0
20165031866,2023,1360.0
20165031866,2024,1300.0
20165031866,2025,400.0
20165031866,2026,147.19
20165031876,2023,8975.0
20165031876,2024,8150.0
20165031876,2025,4200.0
20165031876,2026,1000.0
20175031886,2023,134.0
20175031886,2024,1057.93
20175031887,2023,3537.53
20175031887,2024,15718.08
20175031887,2025,9646.34
20175031887,2026,1027.52
20175031894,2024,58700.0
20175031911,2023,39.6
20175031913,2023,9282.58
20175031914,2017,24.26
20175031914,2018,5140.55
20175031914,2019,27506.03
20175032017,2017,3416.14
20175032054,2022,1500.0
20175032054,2023,2.3
20175032054,2024,3263.8
20175032054,2025,4.6
20175032054,2026,3000.0
20175032059,2022,31490.59
20175032059,2023,15504.45
20175032059,2024,13973.23
20175032059,2025,11797.23
20175032059,2026,2441.62
20175032061,2022,2.0
20175032061,2023,979.16
20175032061,2024,3892.78
20175032061,2025,91.0
20175032081,2022,12.0
20175032081,2023,18259.21
20175032081,2024,31378.56
20175032081,2025,173338.29
20175032083,2017,-172.5
20175032083,2018,-30.54
20175032086,2023,1500.0
20175032086,2025,13695.1
20175032086,2026,440740.82
20175032100,2022,55.02
20175032100,2023,937.72
20175032107,2022,99.67
20175032107,2023,5059.72
20175032139,2022,106311.11
20175032139,2023,-35078.42
20175032139,2024,93533.5
20175032139,2025,67466.9
20175032139,2026,27753.96
20175032169,2022,39992.41
20175032184,2026,50.0
20175032206,2023,204.0
20175032206,2025,149.3
20175032206,2026,5216.88
20175032212,2022,800.16
20175032212,2023,9225.75
20175032212,2024,245.99
20175032212,2025,246.53
20175032212,2026,-450.85
20175032217,2022,10300.79
20175032217,2023,20525.87
20175032234,2023,3003.59
20175032234,2024,16006.25
20175032238,2022,2.0
20175032238,2023,6427.4
20175032238,2024,10456.28
20175032238,2025,8124.0
20175032238,2026,8826.56
20175032250,2018,1016.14
20175032250,2023,2097.5
20175032253,2023,12922.35
20175032261,2023,53.7
20175032264,2023,4000.0
20175032264,2024,3800.0
20175032264,2025,-875.0
20175032290,2022,100.0
20175032290,2024,989.81
20175032290,2025,242.5
20175032297,2023,1050.85
20175032349,2023,47.4
20175032362,2022,8.0
20175032362,2023,11442.32
20175032362,2024,14210.15
20175032362,2025,44685.66
20175032362,2026,16399.11
20175032401,2023,650.0
20175032401,2024,5225.0
20175032401,2025,2996.0
20175032452,2013,1000.0
20175032452,2022,1700.0
20175032452,2023,4560.14
20175032452,2024,12368.9
20175032452,2025,9412.98
20175032452,2026,6202.14
20175032453,2023,600.0
20175032453,2024,4175.0
20175032455,2023,500.0
20175032455,2024,291.0
20175032466,2026,1925.0
20175032483,2023,8118.67
20175032483,2024,4350.0
20175032483,2025,12500.0
20175032483,2026,500.0
20175032522,2023,900.0
20175032522,2024,6441.48
20175032522,2025,3125.0
20175032522,2026,1775.69
20175032530,2022,351.96
20175032530,2023,19865.7
20175032530,2024,18188.18
20175032530,2025,1572.73
20175032530,2026,8.0
20175032549,2022,2196.0
20175032610,2026,111.39
20175032625,2023,10.18
20175032637,2023,5027.13
20175032637,2024,13051.74
20175032637,2025,3830.57
20175032637,2026,1082.82
20175032720,2024,20.0
20175032720,2025,400.0
20175032722,2026,36.73
20175032767,2022,1657.56
20175032767,2023,2855.86
20175032767,2024,4547.44
20175032767,2025,11046.23
20175032767,2026,47111.66
20175032866,2022,845.66
20175032866,2023,1583.47
20175032866,2024,2459.68
20175032866,2025,3106.59
20175032866,2026,13625.57
20175032867,2021,291.08
20175032867,2025,2326.52
20175033164,2018,397.0
20175033164,2023,538.09
20175033175,2022,3490.07
20175033175,2023,46.34
20175033175,2025,30.65
20175033183,2022,250.0
20175033183,2023,2716.28
20175033183,2024,4255.74
20175033183,2025,326.63
20175033183,2026,1513.55
20175033187,2022,10.0
20175033187,2023,61.06
20175033218,2023,1763.04
20175033236,2024,321.07
20175033243,2017,-642.13
20175033243,2018,-100.0
20175033243,2019,-202.36
20175033243,2020,477.71
20175033243,2022,164.46
20175033243,2023,204.25
20175033243,2024,13798.86
20175033256,2022,54.65
20175033256,2023,26948.32
20175033256,2024,1121.33
20175033256,2025,501.54
20175033260,2022,200.0
20175033260,2023,3085.0
20175033260,2024,8015.0
20175033260,2025,-625.0
20175033278,2023,1700.0
20175033278,2024,2525.0
20175033279,2022,1333.37
20175033279,2023,959.69
20175033284,2020,-10338.79
20175033284,2021,10338.79
20175033284,2023,6670.14
20175033333,2023,4446.06
20175033333,2024,1500.0
20175033333,2025,3188.99
20175033343,2022,482.56
20175033343,2023,5835.51
20175033343,2024,53623.45
20175033343,2025,21442.45
20175033350,2023,200.0
20175033350,2024,5625.0
20175033350,2025,5175.0
20175033372,2022,10005.41
20175033372,2023,60541.46
20175033372,2024,76794.58
20175033372,2025,71722.12
20175033372,2026,70870.59
20175033375,2019,236.0
20175033375,2020,236.0
20175033375,2021,236.0
20175033375,2022,272.0
20175033375,2023,272.0
20175033375,2024,296.0
20175033375,2025,286.42
20175033375,2026,500.0
20175033376,2023,2.45
20175033385,2018,1820.12
20175033393,2023,519.12
20175033394,2022,2818.35
20175033394,2025,2818.35
20175033419,2026,49.0
20175033421,2022,2.0
20175033421,2023,2721.82
20175033421,2024,4704.25
20175033421,2025,920.67
20185033431,2026,810.68
20185033454,2022,100.59
20185033454,2023,1407.83
20185033454,2024,10.96
20185033454,2025,588.84
20185033454,2026,20531.08
20185033468,2022,360.85
20185033468,2023,8266.03
20185033468,2024,12383.37
20185033468,2025,11706.4
20185033468,2026,3613.51
20185033501,2022,2096.35
20185033501,2023,150.0
20185033525,2022,-4025.0
20185033525,2023,5096.9
20185033540,2023,50.0
20185033540,2024,42300.0
20185033540,2025,23330.49
20185033540,2026,20586.5
20185033550,2026,3668.22
20185033554,2026,760.77
20185033577,2018,1462.79
20185033581,2026,47.02
20185033614,2022,-4341.6
20185033614,2023,1753.31
20185033614,2024,794.39
20185033614,2025,197.98
20185033614,2026,558.33
20185033620,2025,139.25
20185033620,2026,998.76
20185033624,2022,3350.0
20185033624,2023,1901.13
20185033624,2024,20529.15
20185033624,2025,22744.31
20185033678,2024,1800.0
20185033678,2025,6350.0
20185033705,2026,0.9
20185033731,2001,-108.0
20185033731,2022,138.16
20185033731,2023,3625.26
20185033731,2024,33418.9
20185033731,2025,6172.09
20185033731,2026,1237.74
20185033742,2026,39.86
20185033748,2022,2.0
20185033748,2023,512.0
20185033748,2024,18.4
20185033748,2025,333.52
20185033748,2026,531.73
20185033767,2026,499.45
20185033783,2022,248.24
20185033783,2023,4167.92
20185033815,2018,42.49
20185033815,2020,0.99
20185033815,2022,1610.44
20185033815,2023,7570.56
20185033815,2024,9155.03
20185033815,2025,33985.59
20185033839,2018,1447.7
20185033854,2022,160.12
20185033854,2023,9364.51
20185033854,2024,4538.19
20185033854,2025,4981.18
20185033854,2026,2781.43
20185033882,2025,645.0
20185033882,2026,1200.0
20185033897,2023,729.84
20185033911,2022,99.99
20185033911,2023,255.75
20185033911,2025,38.38
20185033911,2026,879.99
20185033932,2026,31.22
20185033934,2022,3664.69
20185033934,2023,820.5
20185033934,2024,117.0
20185033934,2025,212.0
20185033934,2026,284.61
20185033957,2023,1346.86
20185034065,2026,29.05
20185034115,2023,200.0
20185034115,2024,650.0
20185034115,2025,1250.0
20185034115,2026,4628.44
20185034117,2024,367.78
20185034152,2024,195.86
20185034489,2025,780.11
20185034526,2025,214.4
20185034636,2023,13007.59
20185034636,2024,7233.0
20185034636,2025,21459.73
20185034636,2026,11683.29
20185035041,2023,2068.06
20185035041,2024,137231.38
20185035041,2025,6405.9
20185035041,2026,131048.0
20185035168,2023,450.0
20185035168,2024,5235.98
20185035168,2025,4846.0
20185035191,2023,80672.36
20185035191,2024,334641.52
20185035191,2025,183.78
20185035191,2026,43915.07
20185035297,2022,50.0
20185035297,2023,272.2
20185035359,2023,8699.55
20185035359,2024,60152.93
20185035359,2025,35026.83
20185035365,2018,31.99
20185035394,2022,714.0
20185035394,2023,23302.07
20185035394,2024,804075.5
20185035394,2025,-2525.27
20185035394,2026,391281.26
20185035406,2018,755.01
20185035427,2022,4.0
20185035427,2024,1031.95
20185035438,2021,102.19
20185035444,2023,4151.73
20185035478,2024,2300.0
20185035478,2025,500.0
20185035493,2022,-1250.0
20185035493,2023,1900.0
20185035493,2024,24925.0
20185035493,2025,4050.0
20185035493,2026,4950.0
20185035503,2024,392000.0
20185035505,2022,3017.0
20185035505,2023,13829.74
20185035505,2024,338627.34
20185035505,2025,27156.0
20185035505,2026,56636.0
20185035508,2024,8000.0
20185035508,2025,2500.0
20185035520,2024,500.15
20185035523,2026,9000.0
20185035529,2020,3.5
20185035529,2022,18.0
20185035529,2023,118.0
20185035529,2024,153.0
20185035529,2025,120.0
20185035529,2026,2605.42
20185035543,2022,294.54
20185035543,2023,2326.99
20185035543,2024,4370.79
20185035543,2025,3705.5
20185035543,2026,7987.64
20185035551,2022,83.85
20185035551,2023,928.82
20185035551,2024,6184.15
20185035551,2025,3773.29
20185035551,2026,3949.19
20185035552,2023,5125.0
20185035552,2024,28074.76
20185035552,2025,12997.37
20185035552,2026,13275.0
20185035553,2023,10700.0
20185035553,2024,10900.0
20185035553,2025,9438.84
20185035553,2026,4650.0
20185035583,2023,382.94
20185035583,2024,9600.0
20185035583,2026,6000.0
20185035610,2022,2165.48
20185035610,2023,61.1
20185035804,2019,78.22
20185035804,2020,297.34
20185035804,2021,4.0
20185035804,2022,1706.01
20185035804,2023,24.0
20185035804,2024,16.0
20185035804,2025,226.63
20185035804,2026,40.0
20185035865,2022,118.8
20185035865,2024,4224.3
20185035865,2025,357.94
20185035865,2026,911.72
20185036152,2024,1000.0
20185036153,2023,625.0
20185036153,2025,625.0
20185036153,2026,625.0
20185036159,2020,-1170.0
20185036159,2022,359.75
20185036159,2023,10265.35
20185036159,2024,47111.34
20185036159,2025,8274.06
20185036160,2022,197.0
20185036160,2023,26608.6
20185036161,2022,24056.35
20185036161,2023,110949.62
20185036161,2024,99637.66
20185036166,2023,925.0
20185036166,2024,1863.89
20185036166,2025,1806.93
20185036166,2026,2480.61
20185036167,2022,1077.0
20185036167,2023,3112.0
20185036167,2024,2635.66
20185036167,2025,1806.0
20185036169,2022,5003.82
20185036169,2023,13027.45
20185036169,2024,21056.1
20185036169,2025,17138.75
20185036169,2026,10142.95
20185036173,2022,17082.12
20185036173,2023,16104.34
20185036179,2020,22.4
20185036179,2022,138.0
20185036179,2023,11930.74
20185036179,2024,80506.43
20185036179,2025,711.6
20185036194,2023,33.34
20185036194,2024,2075.95
20185036194,2025,940.28
20185036194,2026,1656.94
20185036196,2022,0.7
20185036196,2023,29.38
20185036196,2024,16.8
20185036196,2025,9.8
20195036204,2023,5613.17
20195036204,2024,52710.18
20195036204,2025,2449.99
20195036205,2023,1605.26
20195036205,2024,1601.57
20195036205,2025,4683.62
20195036205,2026,3306.25
20195036217,2022,250.0
20195036217,2023,15838.72
20195036217,2024,760.46
20195036217,2025,2500.0
20195036226,2021,72.0
20195036226,2022,72.0
20195036226,2023,72.0
20195036226,2024,3121.46
20195036226,2025,903.08
20195036233,2022,589.02
20195036233,2023,10352.62
20195036233,2024,16001.25
20195036233,2025,68828.5
20195036257,2022,237.83
20195036257,2023,1302.25
20195036257,2024,4557.86
20195036257,2025,3776.56
20195036257,2026,1015.92
20195036271,2025,143.5
20195036287,2023,40.0
20195036287,2024,130.0
20195036302,2022,136.46
20195036302,2023,1639.35
20195036302,2024,8768.87
20195036302,2025,1331.8
20195036315,2022,400.0
20195036315,2023,84.71
20195036315,2024,10836.43
20195036315,2025,3102.21
20195036324,2022,350.0
20195036324,2023,9197.17
20195036328,2023,156011.82
20195036333,2022,615.0
20195036333,2023,8862.49
20195036333,2024,2928.41
20195036333,2025,14780.13
20195036339,2019,184.86
20195036339,2020,5097.08
20195036339,2021,180.0
20195036339,2022,150.0
20195036348,2020,82.92
20195036348,2021,36.98
20195036353,2023,1105.96
20195036353,2024,832.0
20195036353,2025,15970.88
20195036356,2022,2.0
20195036356,2023,247.15
20195036356,2024,24.0
20195036356,2025,484.83
20195036356,2026,358.83
20195036358,2022,31057.78
20195036358,2023,19702.44
20195036358,2024,47614.86
20195036358,2025,10837.32
20195036358,2026,20170.13
20195036359,2022,2477.0
20195036359,2023,1968.0
20195036359,2024,122810.21
20195036362,2022,-426.0
20195036362,2023,1579.87
20195036362,2024,1402.52
20195036362,2025,138.0
20195036375,2019,225.0
20195036375,2023,539.63
20195036375,2024,1703.91
20195036383,2024,25439.48
20195036383,2025,140.0
20195036384,2023,24.85
20195036384,2024,2969.52
20195036384,2025,182.76
20195036395,2023,750.0
20195036395,2024,5700.0
20195036395,2026,450.0
20195036421,2020,100.0
20195036424,2023,1.28
20195036424,2024,20183.06
20195036424,2025,1248.79
20195036428,2024,1488.29
20195036444,2022,49.23
20195036444,2023,880.59
20195036444,2024,142191.06
20195036444,2025,2027.59
20195036444,2026,1651.89
20195036457,2023,10114.32
20195036457,2024,6029.66
20195036457,2025,7581.0
20195036457,2026,4150.0
20195036459,2023,150.0
20195036459,2024,84669.7
20195036460,2023,3350.0
20195036460,2024,6504.01
20195036460,2025,4500.69
20195036460,2026,8928.95
20195036468,2023,5006.8
20195036468,2024,53892.13
20195036477,2024,591.52
20195036481,2022,-2000.0
20195036481,2023,8578.53
20195036481,2024,69040.9
20195036481,2025,63177.35
20195036495,2022,2609.07
20195036495,2023,16498.53
20195036504,2022,20.0
20195036504,2023,38.0
20195036507,2022,402.0
20195036507,2023,4368.8
20195036507,2024,6599.0
20195036507,2025,5699.0
20195036507,2026,910.0
20195036526,2023,626.64
20195036531,2024,4919.8
20195036531,2025,3100.0
20195036531,2026,750.0
20195036534,2023,261.52
20195036536,2022,-326.79
20195036536,2024,4750.0
20195036536,2025,1450.0
20195036536,2026,3150.0
20195036537,2023,2030.0
20195036537,2024,11300.0
20195036537,2025,1230.0
20195036537,2026,2950.0
20195036540,2022,6.0
20195036540,2023,11875.69
20195036540,2024,40164.38
20195036548,2022,348.82
20195036548,2023,3647.71
20195036548,2024,88124.83
20195036548,2025,1727.51
20195036548,2026,502.31
20195036563,2020,1472.55
20195036563,2021,129.88
20195036563,2022,128.9
20195036563,2023,50.0
20195036572,2022,46.98
20195036572,2023,215.0
20195036572,2024,250.0
20195036574,2024,120.0
20195036574,2025,90.0
20195036581,2024,2081.31
20195036589,2023,513.08
20195036589,2024,50.0
20195036599,2023,10419.01
20195036604,2022,3534.0
20195036604,2023,158977.86
20195036604,2024,346349.88
20195036606,2022,1863.36
20195036606,2023,9192.79
20195036606,2024,5281.0
20195036606,2025,10343.25
20195036606,2026,5260.0
20195036615,2022,2.0
20195036615,2023,23063.25
20195036641,2019,5301.51
20195036641,2020,700.0
20195036641,2021,5650.0
20195036650,2024,14500.46
20195036650,2025,9780.32
20195036657,2023,599.67
20195036666,2025,98.47
20195036676,2024,675.18
20195036700,2024,400.0
20195036700,2026,99.79
20195036717,2023,1315.45
20195036740,2022,16822.32
20195036740,2023,119.88
20195036740,2024,28110.9
20195036740,2025,10741.54
20195036740,2026,11906.54
20195036746,2023,353.2
20195036748,2023,660.0
20195036762,2023,420.0
20195036764,2022,13300.0
20195036764,2023,1300.0
20195036764,2025,150.0
20195036766,2022,1143.5
20195036766,2023,5120.11
20195036766,2024,121784.83
20195036766,2025,12055.68
20195036766,2026,5093.83
20195036781,2022,28992.58
20195036781,2023,837.64
20195036781,2024,19452.87
20195036781,2025,9317.68
20195036781,2026,12935.14
20195036796,2023,-200.0
20195036796,2024,3300.0
20195036796,2025,1500.0
20195036796,2026,2900.0
20195036879,2023,592.05
20195036881,2019,35.59
20195036882,2023,2099.15
20195036916,2023,675.0
20195036970,2023,10.0
20195036975,2023,1603.24
20195036978,2022,9.6
20195036978,2023,13137.38
20195037005,2024,1726.46
20195037102,2022,1695.0
20195037102,2023,8543.05
20195037102,2024,5845.66
20195037102,2025,15029.48
20195037203,2023,55.0
20195037203,2024,55.0
20195037203,2025,55.0
20195037203,2026,20.0
20195037359,2023,1113.0
20195037359,2024,1125.0
20195037359,2025,627.5
20195037359,2026,3900.0
20195037449,2022,5350.0
20195037449,2023,107000.0
20195037449,2024,48325.0
20195037449,2025,55800.0
20195037449,2026,81750.0
20195037524,2022,517.25
20195037524,2023,6477.32
20195037524,2024,8949.51
20195037524,2025,23088.08
20195037668,2022,4669.0
20195037668,2023,6140.71
20195037668,2024,44259.69
20195037668,2025,21513.58
20195037668,2026,6128.27
20195037672,2022,1543.73
20195037672,2023,-2224.55
20195037672,2024,197.99
20195037700,2023,5587.91
20195037700,2024,19295.2
20195037700,2025,400.0
20195037701,2023,2000.0
20195037701,2026,4000.0
20195037702,2020,4994.2
20195037702,2021,0.0
20195037702,2023,5712.72
20195037702,2024,61743.74
20195037702,2025,23.21
20195037704,2022,3105.04
20195037704,2023,24887.56
20195037704,2024,4806.28
20195037704,2025,20520.0
20195037704,2026,3.0
20195037722,2023,70521.46
20195037726,2024,50.0
20195037768,2024,7650.0
20195037778,2022,3105.04
20195037778,2023,155551.28
20195037778,2024,250812.89
20195037778,2025,97731.07
20195037778,2026,3.0
20195037784,2022,290.16
20195037784,2023,1859.16
20195037785,2020,283.95
20195037785,2021,30.0
20195037785,2022,9.0
20195037785,2023,3.0
20195037785,2024,2372.84
20195037797,2022,173.0
20195037797,2023,5283.01
20195037797,2024,79465.39
20195037797,2025,1924.78
20195037807,2022,35.05
20195037807,2023,3880.01
20195037807,2024,7943.0
20195037807,2025,3516.75
20195037810,2022,77.98
20195037810,2023,904.68
20195037810,2024,91709.54
20195037810,2025,1892.52
20195037820,2020,1069.1
20195037820,2021,690.0
20195037820,2022,439.31
20195037821,2022,7943.16
20195037821,2023,19011.61
20195037821,2024,91465.28
20195037821,2025,42976.06
20195037821,2026,17638.48
20195037823,2023,162.0
20195037825,2024,1989.75
20195037840,2023,46.42
20195037840,2024,45259.16
20195037840,2025,17.82
20195037842,2023,1556.1
20195037842,2024,301.5
20195037842,2025,3531.25
20195037842,2026,857.5
20195037846,2022,5025.0
20195037846,2023,2704.0
20195037846,2024,558984.8
20195037846,2025,109697.96
20195037846,2026,68013.33
20195037847,2022,1574.41
20195037847,2023,12479.79
20195037847,2024,151425.67
20195037847,2025,3877.56
20195037851,2024,2580.0
20195037853,2023,0.0
20195037863,2022,1879.54
20195037863,2023,13503.35
20195037863,2024,25532.57
20195037863,2025,17549.66
20195037863,2026,10416.67
20195037868,2023,377.9
20195037868,2024,450.0
20195037868,2025,650.0
20195037868,2026,45.0
20195037872,2023,3967.59
20195037874,2020,2253.45
20195037874,2021,2325.26
20195037874,2023,2875.51
20195037883,2023,4556.41
20195037884,2020,109.03
20195037884,2024,1000.0
20195037887,2022,2.0
20195037887,2023,2676.16
20195037887,2024,622.64
20195037887,2025,2930.86
20195037887,2026,4318.1
20195037888,2022,-5420.02
20195037888,2023,7630.87
20195037888,2024,45494.53
20205037904,2024,4498.5
20205037907,2024,200.0
20205037908,2023,100.0
20205037908,2024,0.0
20205037908,2025,20.0
20205037911,2022,-15682.61
20205037912,2022,162.0
20205037912,2023,48.0
20205037912,2024,247.47
20205037932,2023,175.98
20205037959,2024,85.0
20205037964,2024,1908.39
20205037971,2024,888.96
20205037975,2020,257.04
20205037975,2022,6.0
20205037975,2023,338.17
20205037975,2024,17099.91
20205037993,2020,161.85
20205037993,2024,3256.16
20205038018,2024,183.43
20205038021,2023,50.0
20205038021,2024,300.0
20205038027,2024,985.54
20205038043,2024,694.25
20205038054,2024,153.6
20205038057,2024,4611.04
20205038072,2024,2934.68
20205038080,2021,2459.99
20205038087,2020,2254.46
20205038104,2022,10.0
20205038104,2023,216.0
20205038104,2024,154.0
20205038104,2025,168.0
20205038104,2026,113.5
20205038111,2024,3522.36
20205038122,2024,761.97
20205038131,2023,175.27
20205038131,2024,13170.22
20205038131,2025,306.21
20205038136,2022,26250.0
20205038136,2023,33925.0
20205038136,2024,22200.0
20205038136,2025,47575.0
20205038136,2026,20225.0
20205038140,2022,10.0
20205038140,2023,120.0
20205038140,2024,1559.93
20205038163,2022,874.27
20205038163,2023,3508.44
20205038163,2024,124060.98
20205038163,2025,10552.02
20205038163,2026,53800.8
20205038173,2024,59.5
20205038185,2022,611.3
20205038185,2023,5198.56
20205038185,2024,50.0
20205038185,2025,2932.83
20205038185,2026,60.0
20205038200,2022,21.3
20205038206,2022,88.1
20205038206,2023,1755.96
20205038206,2024,65.0
20205038255,2023,350.0
20205038255,2024,5524.53
20205038497,2022,549.44
20205038497,2023,661.24
20205038497,2024,3581.26
20205038611,2023,0.0
20205038952,2023,18.0
20205038952,2024,4010.07
20205038952,2026,1562.34
20205039019,2022,-350.0
20205039019,2023,7240.16
20205039019,2024,7656.97
20205039019,2025,13175.0
20205039019,2026,7000.0
20205039040,2023,417.34
20205039040,2024,702.25
20205039040,2025,618.19
20205039056,2023,2775.0
20205039056,2024,9272.48
20205039056,2025,7355.31
20205039056,2026,3937.0
20205039249,2025,29063.48
20205039249,2026,2476.72
20205039265,2022,2.0
20205039265,2023,337.85
20205039265,2024,3502.36
20205039265,2025,3715.62
20205039265,2026,12607.22
20205039269,2022,4.0
20205039269,2023,1090.03
20205039279,2024,29.46
20205039280,2022,175.87
20205039280,2023,55062.49
20205039280,2024,51074.03
20205039280,2025,28205.65
20205039280,2026,1489.82
20205039287,2022,-600.0
20205039287,2023,6850.0
20205039287,2024,5700.0
20205039287,2025,0.0
20205039287,2026,15500.0
20205039288,2024,652.93
20205039293,2023,400.0
20205039293,2024,8436.93
20205039293,2025,6552.24
20205039293,2026,6403.95
20205039298,2024,1004.25
20205039301,2025,10.0
20205039301,2026,450.0
20205039304,2024,29.2
20205039309,2023,2.3
20205039309,2024,2050.4
20205039309,2025,2.3
20205039309,2026,90.0
20205039310,2023,276.13
20205039334,2025,2650.32
20205039342,2024,2615.1
20205039343,2024,2407.52
20205039357,2022,1010.0
20205039357,2023,2334.51
20205039357,2024,1885.86
20205039357,2026,5422.9
20205039396,2022,4.0
20205039396,2023,126.0
20205039396,2024,1500.25
20205039396,2025,18.75
20205039401,2023,2202.97
20205039423,2024,5270.33
20205039425,2024,750.0
20205039426,2024,60.0
20205039436,2023,600.0
20205039436,2024,4200.0
20205039436,2025,-200.0
20205039436,2026,800.0
20205039484,2023,625.0
20205039484,2024,100.0
20205039484,2025,725.0
20205039521,2023,10.0
20205039521,2024,546.66
20205039522,2024,300.99
20205039522,2025,439.71
20205039524,2020,358.3
20205039529,2025,500.0
20205039529,2026,232.55
20205039613,2022,20.0
20205039613,2023,130.0
20205039613,2024,298.63
20205039620,2024,20247.5
20205039620,2025,1289.62
20205039659,2022,2.0
20205039659,2023,474.0
20205039659,2024,1524.0
20205039659,2025,30.0
20205039659,2026,15.0
20205039660,2021,115.0
20205039660,2022,91.0
20205039660,2024,1187160.2
20205039660,2025,92.32
20205039660,2026,20.0
20205039684,2021,120.99
20205039813,2022,8781.67
20205039815,2024,647.5
20205039820,2022,0.0
20205039820,2023,4680.37
20205039820,2024,66264.47
20205039820,2026,6514.37
20205039821,2022,17.0
20205039821,2023,2718.0
20205039821,2024,1489.0
20205039821,2025,1516.0
20205039821,2026,1474.73
20205039851,2024,73.62
20205039851,2025,15.02
20205039881,2023,1300.0
20205039881,2024,800.0
20205039882,2023,100.0
20205039882,2024,2052.0
20205039882,2025,1871.65
20205039882,2026,1397.54
20205039885,2022,600.0
20205039885,2023,454.0
20205039885,2024,11486.48
20205039885,2025,2754.28
20205039885,2026,3200.0
20205039886,2022,10.0
20205039886,2023,310.0
20205039886,2024,6700.85
20205039886,2025,484.42
20205039889,2023,8729.5
20205039889,2024,20972.47
20205039891,2024,182.62
20205039893,2022,5350.0
20205039893,2023,132236.87
20205039913,2022,5138.35
20205039915,2022,33164.98
20205039915,2023,7835.78
20205039915,2024,52919.95
20205039915,2025,19726.41
20205039915,2026,59166.0
20205039916,2025,1450.0
20205039916,2026,2132.76
20205039917,2024,450.0
20205039917,2026,50.0
20205039923,2023,1500.0
20205039923,2024,2000.0
20205039923,2025,1250.0
20205039923,2026,9500.0
20205039924,2023,9422.67
20205039924,2024,10559.04
20205039924,2025,12537.0
20205039924,2026,20855.13
20205039950,2023,2.18
20205039950,2024,297.63
20205039950,2025,15.34
20205039952,2020,39733.68
20205039954,2024,1000.0
20205039974,2022,2.0
20205039974,2023,66007.04
20205039974,2024,124107.21
20205039974,2025,64337.51
20205039974,2026,43760.62
20205039975,2022,7840.5
20205039975,2023,235689.19
20205039975,2024,3298681.11
20205039975,2025,265510.51
20205039975,2026,497171.18
20205039982,2023,900.0
20205039986,2023,2156.0
20205039986,2024,4273.75
20205039986,2025,4761.23
20205039986,2026,5006.3
20205039990,2022,0.99
20205039990,2023,28.71
20205039990,2024,2083.16
20205039990,2025,-103.82
20205039990,2026,171.71
20205039996,2022,19912.64
20205039996,2023,8880.53
20205039996,2024,49379.24
20205039996,2025,12667.95
20205039996,2026,24335.91
20205039999,2022,47.7
20205039999,2023,729.88
20205039999,2024,289.58
20205039999,2025,902.0
20205039999,2026,15071.75
20215040005,2022,302.14
20215040005,2023,877.64
20215040008,2022,29.29
20215040008,2023,226.87
20215040008,2024,118.66
20215040008,2025,150.0
20215040008,2026,6.27
20215040012,2024,2000.0
20215040012,2025,6000.0
20215040016,2022,212.56
20215040016,2023,295.66
20215040016,2026,1713.23
20215040025,2022,1363.26
20215040042,2023,354.0
20215040042,2024,10.0
20215040042,2025,120.0
20215040042,2026,820.4
20215040050,2021,-14.25
20215040050,2022,2955.19
20215040054,2021,183.8
20215040063,2023,709.22
20215040066,2023,2738.6
20215040105,2022,1200.0
20215040105,2023,4800.0
20215040109,2023,1750.0
20215040109,2024,3775.0
20215040109,2025,3650.0
20215040109,2026,2600.0
20215040110,2022,633.72
20215040110,2023,12189.49
20215040110,2024,13431.31
20215040110,2025,19580.16
20215040110,2026,9417.86
20215040116,2022,1264.4
20215040116,2023,443.7
20215040116,2024,396.0
20215040116,2025,3808.21
20215040116,2026,17247.22
20215040119,2025,7673.11
20215040119,2026,147.0
20215040123,2022,2522.51
20215040123,2023,4178.75
20215040123,2024,22628.76
20215040123,2025,7193.91
20215040123,2026,14270.2
20215040126,2022,102.75
20215040126,2023,1759.23
20215040126,2024,1554.86
20215040126,2025,1775.14
20215040126,2026,23102.56
20215040129,2025,1340.95
20215040133,2026,701.5
20215040137,2026,57.5
20215040138,2023,100.0
20215040138,2024,24.0
20215040138,2025,209.0
20215040138,2026,130.02
20215040140,2025,32.51
20215040146,2025,681.57
20215040151,2022,2370.77
20215040156,2022,6.0
20215040156,2023,1469.29
20215040156,2024,344.86
20215040156,2025,1068.55
20215040163,2023,115871.34
20215040163,2024,26367.91
20215040163,2025,142987.03
20215040163,2026,18153.59
20215040177,2023,2660.86
20215040177,2024,100.0
20215040177,2025,4311.43
20215040184,2022,2325.79
20215040184,2023,210.0
20215040184,2024,2078.0
20215040184,2025,846.29
20215040184,2026,5883.04
20215040190,2023,2190.71
20215040192,2022,20.0
20215040192,2023,1175.05
20215040192,2024,11484.77
20215040192,2025,2126.36
20215040192,2026,5691.21
20215040195,2023,900.84
20215040195,2024,427.48
20215040195,2025,12413.03
20215040197,2025,14853.1
20215040197,2026,6222.31
20215040198,2026,83.76
20215040213,2023,755.0
20215040213,2024,80.0
20215040215,2023,532.8
20215040219,2022,293.17
20215040219,2023,200.0
20215040219,2024,150.0
20215040219,2025,37142.01
20215040225,2023,98.36
20215040227,2023,529.9
20215040227,2026,2830.0
20215040228,2021,8457.4
20215040234,2022,12.0
20215040234,2023,6488.27
20215040235,2021,-287.57
20215040235,2022,6.0
20215040235,2023,1091.6
20215040235,2024,624.0
20215040235,2025,1863.47
20215040237,2022,12.0
20215040237,2023,798.0
20215040237,2024,648.0
20215040237,2025,4319.95
20215040239,2021,-42.34
20215040239,2022,12.0
20215040239,2023,1115.6
20215040239,2024,648.09
20215040239,2025,3364.35
20215040251,2021,755.73
20215040251,2022,1041.98
20215040251,2023,3643.72
20215040251,2024,1984.87
20215040251,2025,1573.53
20215040251,2026,-725.0
20215040255,2022,256.17
20215040255,2023,134.2
20215040257,2026,89.75
20215040260,2022,2600.61
20215040264,2021,6009.49
20215040264,2023,250.0
20215040275,2023,292.98
20215040275,2024,344.22
20215040275,2025,95.88
20215040293,2021,19.66
20215040293,2023,1930.06
20215040293,2024,1445.28
20215040305,2022,35.69
20215040305,2023,500.0
20215040305,2025,3837.22
20215040305,2026,15661.78
20215040311,2022,14.0
20215040311,2023,7177.75
20215040311,2024,615.37
20215040311,2025,1369.37
20215040311,2026,4721.76
20215040321,2022,27.68
20215040321,2023,6.56
20215040339,2021,72.0
20215040339,2022,260.0
20215040339,2023,471.51
20215040339,2024,10.0
20215040345,2022,287.84
20215040359,2025,898.36
20215040368,2023,872.62
20215040370,2023,1185.57
20215040379,2022,907.57
20215040379,2023,386.21
20215040379,2025,5320.54
20215040395,2025,670.54
20215040396,2023,19380.92
20215040398,2023,40.81
20215040404,2021,-856.42
20215040428,2025,59.6
20215040523,2023,174.85
20215040523,2024,231.25
20215040523,2025,10886.93
20215040542,2025,272.78
20215040553,2021,1750.0
20215040553,2022,1100.0
20215040554,2025,1547.63
20215040601,2022,-5451.52
20215040601,2023,213.74
20215040601,2024,1441.44
20215040601,2025,1809.55
20215040601,2026,939.79
20215040607,2025,260.53
20215040619,2024,2500.35
20215040619,2025,5325.75
20215040619,2026,50.0
20215040637,2022,250.0
20215040637,2024,68.0
20215040640,2022,8090.0
20215040640,2024,25.0
20215040651,2024,428.75
20215040680,2023,52.0
20215040695,2023,5897.02
20215040695,2024,2785.96
20215040695,2025,857.31
20215040695,2026,145.18
20215040726,2021,20.0
20215040726,2022,50.0
20215040726,2024,50.0
20215040731,2022,116.07
20215040731,2023,519.73
20215040731,2024,695.02
20215040731,2025,44082.44
20215040731,2026,531.8
20215040758,2023,76.0
20215040758,2024,1364.6
20215040758,2025,2326.0
20215040758,2026,1888.07
20215040759,2022,5.4
20215040766,2025,171.0
20215040796,2021,1.94
20215040796,2023,7331.18
20215040811,2025,4066.98
20215040828,2021,616.62
20215040828,2022,94.4
20215040833,2022,4684.95
20215040874,2025,3350.0
20215040901,2023,4400.0
20215040901,2024,7700.0
20215040901,2025,6762.0
20215040901,2026,9450.0
20215040902,2023,297.59
20215040905,2022,4.0
20215040905,2025,3378.88
20215040905,2026,300.0
20215040914,2024,90000.0
20215040914,2025,112051.9
20215040914,2026,15000.0
20215040915,2026,75.0
20215040919,2023,827.97
20215040938,2024,70.0
20215040949,2022,323.0
20215040949,2023,4569.0
20215040949,2024,11738.0
20215040949,2025,22818.0
20215040949,2026,112250.0
20215040964,2023,10.0
20215040964,2024,3300.0
20215040967,2025,675.92
20215040971,2022,606.06
20215040971,2023,-2755.49
20215040978,2022,24.0
20215040978,2023,658.8
20215040978,2024,536.2
20215040979,2024,496.0
20215040979,2025,872.0
20215040979,2026,800.0
20215040980,2023,460.0
20215040980,2024,800.0
20215040980,2025,472.0
20215040980,2026,460.0
20215040983,2022,702.0
20215040983,2023,172.0
20215040983,2024,6891.8
20215040983,2025,3176.0
20215040983,2026,360.0
20215040995,2023,1808.18
20215040995,2025,258.08
20215040995,2026,12666.8
20215041017,2026,291.33
20215041040,2021,20.0
20215041040,2022,304.87
20215041218,2023,666.56
20215041242,2023,1870.83
20215041242,2026,2463.56
20215041299,2021,106.98
20215041332,2021,1076.71
20215041332,2023,13567.21
20215041407,2021,194.14
20215041475,2023,95.54
20215041479,2022,147.0
20215041479,2023,703.0
20215041484,2022,255.71
20215041484,2023,9204.65
20215041578,2022,4.14
20215041581,2023,649.92
20215041581,2024,46316.85
20215041582,2022,-50.0
20215041582,2023,2789.19
20215041584,2023,28606.37
20215041604,2022,544.21
20215041604,2023,1991.85
20215041604,2024,196602.12
20215041604,2025,5369.42
20215041604,2026,19088.34
20215041612,2023,1006.15
20215041614,2024,625.0
20215041616,2022,203.99
20215041616,2025,100.0
20215041616,2026,1404.24
20215041617,2022,70.5
20215041620,2022,10.0
20215041620,2023,41633.05
20215041620,2024,114596.24
20215041620,2025,19910.0
20215041620,2026,172588.7
20215041627,2024,9.0
20215041632,2025,50.0
20215041648,2022,188.17
20215041648,2023,467.25
20215041648,2024,1012.16
20215041649,2022,92.77
20215041649,2023,12434.21
20215041649,2024,10711.46
20215041649,2025,3341.63
20215041649,2026,782.98
20215041689,2022,478.89
20215041689,2023,1136.75
20215041689,2024,2602.43
20215041689,2025,1098.23
20215041695,2023,9215.78
20215041695,2024,248.0
20215041696,2023,1050.0
20215041696,2024,6589.0
20215041696,2025,15181.0
20215041696,2026,13870.46
20215041698,2022,24449.51
20215041698,2023,4206.55
20215041698,2024,7015.96
20215041698,2025,4518.07
20215041698,2026,21723.54
20215041699,2024,14000.0
20215041699,2025,15000.0
20215041699,2026,28200.0
20215041703,2022,429.44
20215041703,2023,2768.81
20215041703,2024,938.75
20215041703,2025,16167.34
20215041703,2026,36561.98
20215041709,2022,45.99
20215041709,2023,5505.43
20215041713,2025,1676.57
20215041713,2026,365.63
20215041715,2022,500.0
20215041715,2023,4070.0
20215041715,2024,1670.0
20215041715,2025,6704.29
20215041715,2026,3050.0
20215041722,2022,8496.56
20215041722,2023,6284.0
20215041722,2024,3096.49
20215041722,2025,8713.23
20215041722,2026,49797.12
20215041725,2023,3784.79
20215041725,2024,50.0
20215041725,2026,4976.93
20215041728,2022,10.0
20215041728,2023,1295.5
20215041728,2024,353.0
20215041728,2025,173.56
20215041732,2023,1509.62
20215041736,2022,4413.42
20215041748,2023,3100.0
20215041748,2024,4150.0
20215041748,2025,3600.0
20215041750,2022,11654.9
20215041750,2023,32640.94
20215041750,2024,5853.44
20215041750,2025,7286.64
20215041750,2026,13550.24
20215041751,2022,51.33
20215041751,2023,7493.01
20215041751,2024,6315.67
20215041754,2023,500.0
20215041754,2024,1299.9
20215041754,2025,0.04
20215041756,2022,2113.8
20215041756,2023,7169.44
20215041756,2024,127318.08
20215041756,2025,6090.2
20215041756,2026,21192.31
20215041761,2022,1861.35
20215041761,2023,20807.45
20215041761,2024,68880.42
20215041761,2025,30538.4
20215041761,2026,5623.17
20215041763,2022,13007.28
20215041763,2023,8005.09
20215041763,2024,54300.92
20215041763,2025,1242.09
20215041763,2026,30580.18
20215041764,2022,262.48
20215041764,2023,5859.99
20215041764,2024,3259.42
20215041764,2025,2940.21
20215041764,2026,13072.72
20215041765,2022,5961.63
20215041765,2023,8275.46
20215041765,2024,149885.57
20215041765,2025,9464.6
20215041765,2026,6144.81
20215041766,2022,6503.37
20215041766,2023,6441.64
20215041766,2024,116256.75
20215041766,2025,39549.75
20215041767,2022,28234.81
20215041767,2023,15622.0
20215041767,2024,428.83
20215041768,2023,900.0
20215041768,2024,1425.0
20215041768,2025,750.0
20215041768,2026,500.0
20215041771,2022,2301.11
20215041771,2023,3221.38
20215041771,2024,5798.07
20215041776,2022,2333.37
20215041777,2021,32.48
20215041777,2022,397.15
20215041777,2023,5829.76
20215041777,2024,56537.56
20215041786,2022,1035.0
20215041786,2023,652.87
20215041789,2023,1803.34
20215041790,2023,1720.0
20215041790,2024,7216.33
20215041792,2022,443.39
20215041792,2023,4062.15
20215041792,2024,9228.02
20215041792,2025,5670.18
20215041792,2026,14385.82
20215041793,2022,290.09
20215041793,2023,260.86
20215041793,2024,276.0
20215041793,2025,668.0
20215041793,2026,27471.04
20215041797,2022,27629.32
20215041797,2023,10020.31
20215041797,2024,49393.73
20215041797,2025,14243.56
20215041797,2026,19659.94
20215041799,2022,8.66
20215041799,2023,6.72
20215041799,2024,51.11
20215041799,2025,15.46
20215041799,2026,2806.23
20215041802,2022,18408.51
20215041802,2023,18996.45
20215041804,2022,16006.76
20215041804,2023,16943.41
20215041804,2024,23945.57
20215041804,2025,5908.9
20215041807,2022,1216.99
20215041807,2023,575.43
20215041807,2024,122.78
20215041807,2025,206.0
20215041807,2026,396.0
20215041810,2022,321.13
20215041810,2023,4815.17
20215041810,2024,99347.78
20215041810,2025,1785.3
20215041810,2026,5580.34
20215041812,2022,5793.18
20215041812,2023,2594.01
20215041812,2024,201199.91
20215041812,2025,11967.21
20215041812,2026,119062.92
20215041820,2023,450.0
20215041820,2026,10000.0
20215041823,2021,94.0
20215041823,2022,5104.1
20215041823,2023,7314.01
20215041823,2024,2998.87
20215041823,2025,50.0
20215041824,2022,6418.43
20215041824,2023,690.01
20215041826,2022,23761.99
20215041826,2023,15048.4
20215041826,2024,84247.08
20215041830,2022,1733.3
20215041830,2023,40465.15
20215041842,2025,96.0
20215041851,2026,160.81
20225041863,2022,547.02
20225041863,2026,103.71
20225041864,2026,865.52
20225041868,2023,2272.16
20225041868,2024,100.0
20225041868,2025,391.69
20225041868,2026,5237.59
20225041870,2022,133.81
20225041870,2023,13586.13
20225041870,2024,8342.86
20225041870,2025,13704.18
20225041870,2026,11999.48
20225041871,2023,2115.5
20225041871,2024,22967.33
20225041871,2025,21297.8
20225041871,2026,15513.52
20225041872,2022,0.0
20225041872,2023,1748.0
20225041872,2024,12023.52
20225041872,2025,2317.97
20225041872,2026,5335.23
20225041881,2022,19575.3
20225041881,2023,7959.63
20225041881,2024,11667.27
20225041891,2022,6018.8
20225041891,2023,3240.08
20225041891,2024,160507.23
20225041891,2025,6678.37
20225041891,2026,40742.46
20225041899,2023,6.0
20225041899,2024,21000.0
20225041906,2022,304.05
20225041906,2023,8599.02
20225041908,2022,1249.65
20225041908,2023,4962.75
20225041908,2024,2690.55
20225041908,2025,2496.2
20225041908,2026,230.63
20225041912,2023,4055.35
20225041912,2024,12966.25
20225041917,2022,-34.0
20225041917,2023,-1796.18
20225041920,2022,500.0
20225041920,2025,2482.53
20225041920,2026,126.72
20225041922,2026,1124.56
20225041933,2023,9771.99
20225041935,2022,60.0
20225041935,2023,168.12
20225041937,2022,-690.0
20225041943,2023,12380.71
20225041943,2024,127648.77
20225041943,2025,7305.59
20225041943,2026,4375.78
20225041947,2022,6010.0
20225041947,2023,2312.98
20225041947,2024,120.0
20225041947,2025,3562.5
20225041952,2026,150.0
20225041959,2022,734.59
20225041959,2023,3000.92
20225041959,2024,239845.66
20225041959,2025,2798.83
20225041959,2026,7358.52
20225041965,2023,100.0
20225041970,2023,1071.6
20225041970,2024,1649.54
20225041970,2025,76.0
20225041970,2026,6.0
20225041978,2022,2874.22
20225041985,2022,17322.58
20225041985,2023,4129.7
20225041985,2024,24435.46
20225041985,2025,3770.28
20225041985,2026,4348.76
20225041987,2022,5.53
20225041987,2023,1148.81
20225041988,2023,28.7
20225041990,2022,545.0
20225041990,2023,604.75
20225041990,2024,7214.4
20225041990,2025,1808.73
20225041990,2026,1055.0
20225041994,2023,4606.42
20225041996,2026,174.83
20225042008,2022,0.4
20225042008,2023,161.76
20225042008,2024,2371.16
20225042008,2025,679.0
20225042008,2026,100.0
20225042016,2025,102.2
20225042016,2026,1575.74
20225042018,2022,2643.32
20225042018,2023,2699.88
20225042018,2024,65589.31
20225042018,2025,816.23
20225042018,2026,11527.47
20225042019,2026,1625.03
20225042030,2023,4.0
20225042033,2022,1487.81
20225042033,2023,1509.33
20225042033,2024,5000.0
20225042033,2026,12824.12
20225042035,2022,-1180.14
20225042035,2023,44.0
20225042035,2024,1048.0
20225042035,2025,10360.61
20225042038,2022,1364.26
20225042038,2023,126.35
20225042052,2022,204.5
20225042052,2023,6363.77
20225042052,2024,2689.34
20225042052,2025,2407.88
20225042055,2024,494.8
20225042063,2022,11485.34
20225042063,2024,11485.34
20225042068,2022,-83.0
20225042072,2022,575.0
20225042074,2023,5800.0
20225042082,2022,92.65
20225042082,2023,3293.4
20225042092,2022,69.44
20225042092,2023,30.0
20225042115,2022,10.0
20225042115,2023,186.65
20225042122,2024,20.0
20225042122,2025,90.0
20225042123,2024,20.0
20225042123,2025,100.0
20225042123,2026,4575.8
20225042128,2023,6995.77
20225042128,2025,6.71
20225042129,2023,36.88
20225042129,2026,68.66
20225042134,2026,486.95
20225042136,2023,1531.77
20225042136,2024,5751.52
20225042136,2026,1500.0
20225042144,2022,3240.14
20225042144,2023,3104.5
20225042144,2024,4744.09
20225042153,2024,50.0
20225042153,2026,3586.52
20225042165,2022,281.45
20225042165,2023,11236.71
20225042167,2022,1064.0
20225042167,2023,221.48
20225042174,2022,-1861.82
20225042174,2023,2987.51
20225042179,2022,543.88
20225042179,2023,435.39
20225042181,2022,733.67
20225042181,2023,378.42
20225042185,2022,2801.57
20225042185,2023,5340.47
20225042185,2024,77674.84
20225042185,2025,980.0
20225042185,2026,1643.07
20225042186,2023,50.0
20225042191,2026,712.15
20225042194,2022,692.7
20225042194,2023,5408.97
20225042195,2022,797.0
20225042195,2023,7713.24
20225042195,2024,8710.09
20225042195,2025,2583.59
20225042195,2026,4415.15
20225042213,2023,695.75
20225042213,2024,15249.36
20225042215,2023,494.02
20225042217,2023,4143.19
20225042220,2022,100.0
20225042220,2023,2842.2
20225042225,2022,1952.75
20225042225,2023,497.74
20225042225,2024,615.0
20225042225,2025,626.0
20225042225,2026,64194.95
20225042242,2023,395.35
20225042243,2022,112.1
20225042243,2023,357.35
20225042261,2022,292.0
20225042261,2023,8451.32
20225042261,2024,103446.75
20225042261,2025,1580.0
20225042266,2026,3513.15
20225042302,2022,2736.77
20225042303,2022,0.0
20225042303,2023,506.83
20225042309,2022,-166.75
20225042313,2025,1162.0
20225042321,2023,2301.15
20225042324,2023,271.79
20225042328,2026,38.18
20225042332,2022,200.0
20225042334,2023,3239.82
20225042337,2023,1700.0
20225042337,2025,121.21
20225042341,2023,50.0
20225042341,2024,1492.07
20225042350,2022,1534.38
20225042350,2023,23308.41
20225042360,2026,1209.51
20225042363,2022,0.99
20225042363,2023,309.63
20225042365,2022,378.72
20225042365,2023,12818.47
20225042365,2024,72345.97
20225042365,2025,824.26
20225042370,2022,575.0
20225042386,2022,486.73
20225042386,2023,2049.48
20225042386,2024,9502.4
20225042386,2025,6153.08
20225042407,2023,1163.28
20225042407,2025,765.13
20225042421,2023,517.55
20225042436,2022,140.0
20225042439,2022,912.22
20225042451,2022,50.0
20225042451,2023,2200.0
20225042451,2024,7950.0
20225042451,2025,3000.0
20225042452,2023,403.18
20225042452,2024,904898.48
20225042452,2026,1522412.93
20225042455,2022,11.05
20225042457,2022,239.29
20225042461,2026,128.88
20225042472,2025,968.4
20225042484,2022,10.0
20225042484,2023,13480.52
20225042484,2024,352.0
20225042484,2025,167.98
20225042487,2022,16497.39
20225042487,2023,10204.58
20225042487,2024,49470.93
20225042487,2025,30924.4
20225042497,2023,182.2
20225042507,2022,60.0
20225042508,2022,7.88
20225042508,2023,1468.03
20225042525,2026,502.21
20225042526,2022,1.3
20225042526,2023,1820.24
20225042526,2024,551.74
20225042526,2025,228.06
20225042526,2026,53.76
20225042527,2024,164.36
20225042531,2023,1173.98
20225042546,2022,2000.0
20225042546,2023,762.53
20225042552,2022,-72.26
20225042552,2023,412.99
20225042582,2024,20.25
20225042597,2023,174.3
20225042597,2024,290.0
20225042620,2021,2819.21
20225042620,2022,342.64
20225042663,2025,1014.53
20225042668,2023,20.0
20225042668,2025,2328.98
20225042668,2026,32595.56
20225042695,2023,505.18
20225042695,2024,1203.72
20225042695,2025,1570.41
20225042763,2025,7826.85
20225042764,2025,7565.4
20225042782,2022,2550.86
20225042786,2026,577.29
20225042812,2022,209.8
20225042812,2023,186.6
20225042918,2022,8.82
20225042918,2023,262.0
20225042918,2024,10291.89
20225042935,2023,683.8
20225042936,2023,20.17
20225042936,2024,365.11
20225042951,2024,125.0
20225042952,2024,50.0
20225042976,2023,2094.44
20225042981,2022,1467.95
20225042981,2023,1922.04
20225042981,2024,126819.13
20225042981,2025,1467.7
20225042981,2026,6951.97
20225042991,2025,297.45
20225043001,2022,8667.79
20225043001,2023,1056.0
20225043002,2024,875.0
20225043005,2022,2636.2
20225043013,2024,56.7
20225043026,2023,209.3
20225043028,2023,22.0
20225043028,2026,1862.46
20225043035,2022,1931.0
20225043035,2023,645.61
20225043035,2024,16125.33
20225043035,2025,1250.0
20225043035,2026,45407.03
20225043051,2023,167.54
20225043052,2023,1288.0
20225043052,2024,24167.73
20225043052,2025,2891.5
20225043052,2026,956.0
20225043054,2023,895.97
20225043055,2022,12.0
20225043055,2024,9.74
20225043059,2023,137.12
20225043059,2024,19948.17
20225043059,2025,623.13
20225043059,2026,539.83
20225043061,2026,1415.0
20225043062,2023,261.82
20225043063,2026,116.5
20225043066,2026,265.95
20225043071,2022,226.45
20225043071,2024,50.0
20225043071,2025,1556.35
20225043073,2022,796.16
20225043073,2023,3428.0
20225043082,2022,3910.49
20225043087,2022,93.0
20225043087,2023,1105.61
20225043087,2024,13756.39
20225043087,2025,1091.11
20225043087,2026,736.58
20225043091,2022,55.0
20225043091,2023,689.13
20225043092,2023,5.0
20225043094,2022,420.0
20225043095,2022,1.98
20225043095,2023,2411.32
20225043095,2024,10280.14
20225043095,2025,6090.62
20225043095,2026,7041.0
20225043098,2022,-665.59
20225043098,2023,531.08
20225043101,2022,417.06
20225043101,2023,451.74
20225043108,2023,3227.0
20225043112,2022,500.0
20225043112,2023,6200.0
20225043112,2024,859109.42
20225043112,2025,255179.52
20225043112,2026,950121.72
20225043118,2024,1446.41
20225043119,2022,7849.19
20225043119,2023,3949.91
20225043119,2024,42240.54
20225043119,2025,18798.52
20225043121,2022,1847.79
20225043127,2023,668.0
20225043129,2023,3020.0
20225043129,2024,3260.0
20225043129,2025,3020.0
20225043129,2026,750.0
20225043130,2023,3000.0
20225043130,2024,3250.0
20225043130,2025,3020.0
20225043130,2026,750.0
20225043132,2023,3000.0
20225043132,2024,7263.44
20225043132,2025,3020.0
20225043132,2026,-750.0
20225043160,2022,10.0
20225043160,2023,588.38
20225043161,2023,12003.3
20225043161,2024,365929.7
20225043161,2025,49825.0
20225043161,2026,28271.31
20225043168,2024,580.67
20225043169,2023,100.0
20225043169,2024,327240.0
20225043169,2026,40001.5
20225043170,2023,50.0
20225043175,2024,56962.33
20225043179,2022,38846.94
20225043179,2023,31353.82
20225043179,2024,8600.79
20225043179,2025,13134.11
20225043188,2023,422.97
20225043192,2022,-734.27
20225043192,2023,5.02
20225043194,2023,1.04
20225043194,2025,500.0
20225043196,2022,17500.0
20225043205,2022,906.95
20225043205,2023,3585.65
20225043205,2024,2471.23
20225043208,2022,507.91
20225043217,2026,482.9
20225043219,2023,50.0
20225043226,2023,36.0
20225043226,2024,40.0
20225043229,2022,-400.0
20225043229,2025,1037.14
20225043237,2022,-97.44
20225043237,2023,214880.98
20225043237,2024,317760.79
20225043237,2025,263.8
20225043240,2023,2.0
20225043240,2024,50.0
20225043240,2025,98.0
20225043243,2023,1400.0
20225043243,2024,11225.44
20225043243,2025,7350.0
20225043243,2026,4251.67
20225043247,2026,8722.4
20225043252,2022,89.96
20225043252,2023,551137.19
20225043252,2024,15029.0
20225043258,2023,-2350.0
20225043258,2024,6075.0
20225043258,2025,1000.0
20225043258,2026,4050.0
20225043259,2026,2083.03
20225043270,2022,18.0
20225043270,2023,1773.98
20225043270,2024,3669.08
20225043271,2022,2800.0
20225043271,2023,5500.0
20225043271,2024,13916.8
20225043271,2025,10067.8
20225043271,2026,1950.0
20225043274,2022,26.08
20225043274,2023,9461.83
20225043274,2024,6003.47
20225043274,2025,4689.49
20225043274,2026,1967.11
20225043278,2023,1191.96
20225043278,2024,3678.3
20225043280,2023,2360.98
20225043317,2023,1200.0
20225043317,2024,725.0
20225043317,2025,725.0
20225043317,2026,50.0
20225043354,2022,30.18
20225043356,2023,205.72
20225043359,2022,92.0
20225043359,2023,445.63
20225043359,2024,2072.97
20225043359,2025,106.0
20225043359,2026,852.22
20225043361,2022,-73.65
20225043361,2023,8182.69
20225043361,2024,143274.64
20225043361,2025,26710.4
20225043405,2022,11750.0
20225043405,2023,2500.0
20225043405,2024,31981.2
20225043405,2026,558.81
20225043418,2023,157.71
20225043420,2023,-500.0
20225043420,2024,4475.0
20225043420,2026,3000.0
20225043428,2022,38531.93
20225043428,2023,40437.6
20225043428,2024,99544.11
20225043428,2025,27736.72
20225043428,2026,19659.61
20225043429,2022,4736.47
20225043429,2023,1838.77
20225043433,2023,783.51
20225043435,2022,-516.01
20225043435,2023,5600.52
20225043435,2024,56.78
20225043439,2022,130.0
20225043439,2023,1695.9
20225043439,2024,22.0
20225043440,2023,882.2
20225043441,2022,5711.55
20225043441,2023,1349.72
20225043447,2023,1406.84
20225043447,2024,671.98
20225043447,2025,1135.0
20225043451,2023,116000.0
20225043453,2022,316.97
20225043457,2022,121.87
20225043457,2023,326.45
20225043470,2023,1895.7
20225043481,2022,5.0
20225043481,2023,4761.83
20225043481,2024,285.18
20225043483,2022,117.84
20225043483,2023,632.23
20225043484,2023,4198.78
20225043485,2026,326.32
20225043486,2023,0.73
20225043490,2026,35.21
20225043496,2022,250.0
20225043496,2023,49571.82
20225043498,2022,6492.3
20225043498,2023,777.97
20225043534,2023,81.81
20225043554,2026,76257.68
20225043557,2023,50.0
20225043559,2022,2100.0
20225043564,2022,82.42
20225043564,2023,6848.89
20225043564,2024,2932.04
20225043565,2022,32.08
20225043565,2023,57.93
20225043565,2024,2291.02
20225043585,2026,10000.0
20225043587,2024,230.0
20225043720,2023,25.0
20225043758,2023,1239.0
20225043758,2024,99727.76
20225043788,2024,4000.0
20225043849,2023,107.68
20225043890,2022,378.32
20225043890,2023,1694.88
20225043890,2024,3661.32
20225043890,2025,2259.13
20225043890,2026,11628.29
20225043893,2022,4800.0
20225043893,2024,17600.0
20225043893,2025,9000.0
20225043893,2026,1450.0
20225043900,2022,12.0
20225043900,2023,5700.0
20225043900,2024,1080.0
20225043904,2023,1956.0
20225043905,2022,5.0
20225043905,2023,35555.2
20225043905,2024,833.67
20225043905,2025,39058.35
20225043905,2026,675.94
20225043909,2022,46.83
20225043909,2023,2138.98
20225043909,2024,1863.57
20225043912,2023,25632.58
20225043912,2024,6287.0
20225043912,2025,73616.04
20225043912,2026,126631.66
20225043919,2023,95.05
20225043920,2022,20.0
20225043920,2023,240.0
20225043920,2024,2076.0
20225043920,2025,-588.0
20225043920,2026,208.0
20225043924,2022,3512.0
20225043924,2023,4052.0
20225043924,2024,2846.0
20225043929,2023,94972.02
20225043929,2024,109658.5
20225043929,2025,135404.0
20225043929,2026,3328.87
20225043933,2024,225.51
20225043933,2025,13.2
20225043935,2023,4169.1
20225043935,2024,5185.5
20225043935,2025,1212.0
20225043935,2026,-700.0
20225043944,2024,3017.8
20225043944,2025,4.0
20225043944,2026,3621.74
20225043945,2023,0.0
20225043980,2022,41.48
20225043980,2023,16720.38
20225043980,2024,55367.57
20225043980,2025,19530.61
20225043980,2026,9050.47
20225043981,2022,420.84
20225043981,2023,15077.55
20225043983,2023,4250.0
20225043983,2024,1500.0
20225044063,2023,10725.16
20225044063,2024,61086.64
20225044063,2025,10265.3
20225044063,2026,7472.56
20225044065,2022,55.92
20225044065,2023,3867.08
20225044097,2022,35.6
20225044097,2023,10760.88
20225044097,2024,159002.36
20225044097,2025,6637.21
20225044097,2026,637.21
20225044099,2023,4678.03
20225044099,2024,24287.83
20225044099,2025,12513.8
20225044099,2026,7723.15
20225044106,2024,8348.66
20225044106,2025,1670.85
20225044106,2026,6061.28
20225044115,2023,1521.13
20225044115,2024,4825.05
20225044115,2025,1548.64
20225044115,2026,1635.0
20225044116,2022,250.0
20225044116,2023,14619.8
20225044118,2023,2384.8
20225044118,2024,3822.0
20225044118,2025,1101.0
20225044118,2026,5510.0
20225044131,2025,455.77
20225044198,2025,144.96
20225044205,2023,6308.32
20225044205,2024,88066.86
20225044205,2025,19076.84
20225044205,2026,22345.98
20235044207,2023,1148.91
20235044207,2024,59726.03
20235044207,2025,5396.08
20235044207,2026,4045.46
20235044212,2023,8812.19
20235044212,2024,1384.8
20235044214,2023,4459.71
20235044214,2024,26898.63
20235044214,2025,3500.25
20235044214,2026,119.84
20235044240,2023,18268.02
20235044273,2023,24194.79
20235044273,2024,176228.33
20235044273,2025,13413.96
20235044273,2026,11806.99
20235044274,2023,2361.78
20235044276,2023,9306.82
20235044276,2024,8154.94
20235044276,2025,3061.98
20235044276,2026,1684.31
20235044278,2023,2177.33
20235044278,2024,282.62
20235044280,2023,14315.05
20235044280,2024,100478.84
20235044324,2023,303.42
20235044324,2024,20235.92
20235044324,2025,118.92
20235044324,2026,80.01
20235044325,2023,19.99
20235044327,2023,7192.87
20235044327,2024,124517.93
20235044327,2025,23989.43
20235044327,2026,6682.17
20235044330,2023,192.64
20235044331,2023,7929.44
20235044332,2023,91139.61
20235044332,2024,1306788.17
20235044332,2025,273101.63
20235044332,2026,274426.94
20235044333,2023,766.98
20235044333,2024,150.0
20235044338,2023,112.98
20235044338,2024,4432.59
20235044338,2025,2040.0
20235044338,2026,4281.97
20235044339,2023,27262.61
20235044339,2024,3221.28
20235044341,2023,7242.25
20235044341,2024,14004.39
20235044342,2023,2083.01
20235044342,2024,10943.58
20235044345,2023,7441.78
20235044345,2024,270.72
20235044346,2023,261.87
20235044353,2023,2886.48
20235044368,2023,875.0
20235044377,2023,1329.93
20235044379,2023,466.44
20235044382,2023,219.29
20235044385,2023,170.3
20235044386,2023,102.04
20235044386,2025,332.43
20235044387,2023,92.36
20235044388,2023,93.58
20235044424,2023,2527.72
20235044425,2023,3457.08
20235044425,2024,6.0
20235044459,2023,481.8
20235044465,2023,691.34
20235044474,2024,9542.96
20235044487,2023,190.0
20235044489,2023,662.16
20235044502,2023,668.11
20235044507,2023,731.98
20235044543,2023,1795.98
20235044543,2025,592.29
20235044571,2023,871.22
20235044571,2024,94.15
20235044582,2023,74.73
20235044609,2023,7402.66
20235044617,2023,137.15
20235044627,2023,420.32
20235044628,2023,334.0
20235044632,2023,345.98
20235044640,2023,915.6
20235044641,2023,398.28
20235044671,2023,735.22
20235044672,2023,735.22
20235044673,2023,1091.33
20235044676,2023,2203.48
20235044732,2023,28194.76
20235044732,2024,6366.31
20235044732,2026,150.0
20235044738,2023,2696.03
20235044742,2023,220.66
20235044744,2023,8933.71
20235044744,2024,203.76
20235044745,2023,136.4
20235044745,2024,1822.29
20235044745,2025,17.45
20235044767,2023,1159.7
20235044776,2023,334.33
20235044778,2023,7524.66
20235044778,2024,270.5
20235044778,2025,24.0
20235044778,2026,12.0
20235044780,2023,178.88
20235044788,2023,16000.0
20235044789,2023,16000.0
20235044790,2023,5437.82
20235044790,2024,3334.8
20235044803,2023,1381.22
20235044814,2023,513.59
20235044822,2023,281.8
20235044827,2023,23600.94
20235044827,2024,97760.98
20235044827,2025,4767.59
20235044932,2023,436.45
20235045000,2023,1000.2
20235045000,2024,6792.92
20235045001,2023,1073.4
20235045001,2024,1230.37
20235045011,2023,418.69
20235045116,2023,436.42
20235045204,2023,238.0
20235045224,2023,6953.35
20235045271,2023,6860.04
20235045271,2024,74.87
20235045286,2023,100.0
20235045299,2023,446.0
20235045300,2023,13910.88
20235045300,2024,152889.47
20235045300,2025,15304.23
20235045300,2026,21113.09
20235045301,2023,15038.22
20235045301,2024,137964.49
20235045303,2023,3592.07
20235045303,2024,631.41
20235045324,2023,1312.72
20235045336,2023,651.91
20235045345,2023,36507.67
20235045345,2024,67.33
20235045346,2023,14122.9
20235045346,2024,55669.52
20235045346,2025,12390.7
20235045346,2026,11348.31
20235045348,2023,7933.14
20235045349,2023,686.42
20235045352,2023,364.37
20235045352,2024,50.0
20235045358,2023,19598.54
20235045358,2024,509.79
20235045359,2023,18000.0
20235045361,2023,1712.59
20235045362,2023,2410.75
20235045374,2023,53.88
20235045374,2024,4501.74
20235045374,2025,206.7
20235045378,2023,1318.33
20235045379,2023,1063.37
20235045379,2024,31837.22
20235045379,2025,50.0
20235045382,2023,243.99
20235045382,2024,757.12
20235045389,2024,5.91
20235045389,2025,1900.61
20235045390,2023,3586.61
20235045390,2024,18956.95
20235045391,2023,12.0
20235045393,2023,24.6
20235045396,2023,17217.33
20235045397,2023,8060.43
20235045397,2024,300.0
20235045398,2023,113.0
20235045399,2023,19714.39
20235045399,2024,104815.0
20235045400,2023,467.8
20235045400,2024,6992.46
20235045400,2025,1558.0
20235045400,2026,331.74
20235045406,2023,16015.55
20235045407,2023,178.79
20235045408,2023,276.0
20235045410,2023,33173.55
20235045410,2024,257.0
20235045411,2023,27428.55
20235045411,2024,1401.21
20235045414,2023,178.79
20235045416,2023,3585.0
20235045417,2023,17655.0
20235045418,2023,2001.94
20235045419,2023,10339.96
20235045422,2023,117.2
20235045424,2023,664.1
20235045425,2023,20746.55
20235045431,2023,7604.58
20235045431,2024,594.0
20235045432,2023,49970.5
20235045432,2024,300034.0
20235045432,2025,-14.0
20235045433,2023,13474.43
20235045434,2023,12679.19
20235045434,2024,15581.48
20235045434,2025,15804.57
20235045434,2026,31794.65
20235045437,2023,5904.47
20235045438,2023,20439.18
20235045439,2023,1609.7
20235045442,2023,21641.19
20235045442,2024,88979.6
20235045442,2025,46703.0
20235045442,2026,25226.81
20235045443,2023,92337.86
20235045443,2024,2466516.75
20235045443,2025,237688.56
20235045443,2026,193173.73
20235045446,2023,2498.14
20235045446,2024,1073.86
20235045451,2023,12007.59
20235045452,2023,34568.37
20235045452,2024,538.58
20235045454,2023,2190.12
20235045454,2024,53.82
20235045456,2023,16633.99
20235045456,2024,2105.27
20235045459,2023,6485.33
20235045459,2024,97882.23
20235045459,2025,1379.27
20235045464,2023,27457.82
20235045465,2023,24039.29
20235045466,2023,24195.71
20235045467,2023,327.11
20235045468,2023,134403.31
20235045468,2024,642.0
20235045470,2023,12.0
20235045472,2023,33025.43
20235045472,2024,700.34
20235045475,2023,6160.43
20235045475,2024,24011.88
20235045477,2023,864.11
20235045478,2023,30995.55
20235045478,2024,9405.9
20235045479,2023,17622.93
20235045479,2024,24.0
20235045479,2025,62.0
20235045482,2023,69.8
20235045482,2024,10653.81
20235045482,2025,1629.55
20235045482,2026,7485.0
20235045484,2023,4252.0
20235045484,2024,8515.88
20235045484,2025,579.86
20235045486,2023,522.44
20235045486,2024,1439.3
20235045487,2023,60702.4
20235045487,2025,24150.14
20235045487,2026,1500.0
20235045488,2023,30175.0
20235045489,2023,21832.02
20235045489,2024,7.91
20235045491,2023,915.48
20235045492,2023,8713.12
20235045493,2023,34662.8
20235045494,2023,31046.0
20235045495,2023,16560.91
20235045495,2024,179914.01
20235045495,2025,820.5
20235045495,2026,1029.59
20235045497,2023,192.62
20235045498,2023,3805.32
20235045498,2024,-682.0
20235045498,2025,2100.78
20235045501,2023,10989.96
20235045502,2023,36147.51
20235045502,2024,-1167.55
20235045503,2023,19004.86
20235045505,2023,6256.58
20235045505,2024,75511.76
20235045505,2025,297.75
20235045510,2023,23054.36
20235045510,2024,226.0
20235045512,2023,18218.85
20235045512,2024,667.0
20235045514,2023,18861.93
20235045514,2024,5639.89
20235045517,2023,4442.28
20235045517,2024,120962.16
20235045518,2023,26260.7
20235045518,2024,74338.76
20235045520,2023,22299.89
20235045520,2024,67610.6
20235045520,2025,24221.8
20235045520,2026,18970.47
20235045522,2023,247.97
20235045522,2024,857.38
20235045525,2023,2699.24
20235045527,2023,69.8
20235045527,2024,7487.0
20235045527,2025,3565.06
20235045527,2026,2600.0
20235045529,2023,3892.82
20235045530,2020,14.99
20235045530,2023,4805.08
20235045530,2025,17.66
20235045531,2023,19.8
20235045531,2024,812.0
20235045531,2025,12.0
20235045532,2023,3373.76
20235045532,2024,16.0
20235045532,2025,6172.7
20235045535,2023,19.8
20235045535,2024,1998.6
20235045535,2025,756.6
20235045537,2023,2763067.45
20235045537,2024,320.53
20235045538,2023,11946.21
20235045540,2023,9567.09
20235045540,2024,22002.17
20235045540,2025,8616.34
20235045540,2026,8176.93
20235045542,2023,843.72
20235045542,2024,1856.28
20235045544,2023,3420.47
20235045544,2024,2595.88
20235045546,2023,4013.81
20235045546,2024,36259.73
20235045546,2025,166.92
20235045547,2023,2893.34
20235045552,2023,6303.64
20235045555,2023,900000.0
20235045558,2023,31761.16
20235045558,2024,103843.21
20235045559,2023,12218.72
20235045559,2024,8851.45
20235045560,2023,8086.55
20235045562,2023,4155.22
20235045562,2024,15982.88
20235045564,2024,317.32
20235045564,2026,1292.05
20235045565,2023,9436.91
20235045565,2025,557.59
20235045567,2023,2958.97
20235045568,2023,4549.55
20235045568,2024,3872.38
20235045572,2024,13700.0
20235045573,2023,1863.83
20235045574,2023,23416.15
20235045574,2024,1683.85
20235045575,2023,1311.62
20235045575,2024,12906.73
20235045575,2025,329.42
20235045576,2023,11252.73
20235045576,2024,1284.74
20235045577,2023,2014900.0
20235045578,2023,2088.66
20235045578,2024,1.34
20235045579,2023,310517.13
20235045579,2025,75.0
20235045580,2023,11914.58
20235045582,2023,26042.31
20235045582,2024,150.0
20235045584,2023,5000.0
20235045584,2024,54000.0
20235045584,2025,5000.0
20235045585,2023,12607.2
20235045585,2024,180899.46
20235045585,2025,7671.52
20235045585,2026,3942.5
20235045587,2023,27484.54
20235045587,2024,66014.2
20235045587,2025,1110.62
20235045590,2023,4429.92
20235045590,2024,4547.6
20235045592,2023,262.19
20235045593,2023,8044.0
20235045595,2023,109849.02
20235045595,2024,3601.98
20235045596,2023,26546.17
20235045596,2024,507205.49
20235045598,2023,4900.0
20235045600,2023,31896.39
20235045600,2024,715.97
20235045603,2023,0.0
20235045604,2023,15762.89
20235045604,2024,4819.11
20235045605,2023,15014.38
20235045605,2024,104.52
20235045606,2023,10543.6
20235045606,2024,73728.68
20235045609,2023,12524.48
20235045610,2023,48695.89
20235045610,2024,4119.15
20235045610,2025,7151.08
20235045612,2023,7135.34
20235045613,2023,760.87
20235045613,2024,1982.12
20235045613,2025,4491.84
20235045613,2026,290.18
20235045614,2023,9649.6
20235045615,2023,33.17
20235045616,2023,527.79
20235045616,2024,6075.12
20235045617,2023,22871.0
20235045619,2023,15163.73
20235045619,2024,2153.27
20235045620,2023,101460.0
20235045621,2023,3171.78
20235045621,2024,1681.03
20235045622,2023,11977.53
20235045624,2023,23555.38
20235045624,2024,195273.62
20235045626,2023,11015.0
20235045627,2023,7401.0
20235045633,2023,8528.3
20235045633,2024,121506.48
20235045635,2023,7486.7
20235045635,2024,24240.94
20235045637,2023,17957.73
20235045637,2025,1978.27
20235045638,2023,32501.36
20235045639,2023,11244.43
20235045639,2024,17874.45
20235045641,2023,31604.0
20235045642,2023,1000.0
20235045642,2024,50.0
20235045642,2026,50.0
20235045644,2024,50.0
20235045644,2026,3050.0
20235045648,2023,141.82
20235045650,2023,31875.0
20235045653,2023,63933.23
20235045653,2024,1914.77
20235045654,2023,5211.4
20235045654,2024,5242.49
20235045654,2025,22725.0
20235045654,2026,2840.0
20235045655,2023,424.78
20235045656,2023,235.0
20235045659,2023,7789.43
20235045659,2024,183.36
20235045659,2025,1000.0
20235045661,2023,12130.63
20235045665,2023,95.0
20235045666,2023,61955.7
20235045666,2024,739.68
20235045666,2025,1609.61
20235045669,2023,4517.6
20235045670,2023,32495.27
20235045673,2023,8514.53
20235045675,2023,1500.0
20235045675,2025,100.0
20235045676,2023,5398.88
20235045676,2024,65376.1
20235045679,2023,1214.4
20235045679,2024,22366.68
20235045680,2023,1562.07
20235045680,2025,342.93
20235045681,2023,20381.03
20235045684,2023,425.0
20235045685,2023,4893.13
20235045687,2023,7155.28
20235045687,2024,2500.0
20235045688,2023,420.23
20235045691,2023,17177.08
20235045695,2023,3495.5
20235045695,2024,56174.5
20235045696,2023,12.17
20235045698,2023,21975.23
20235045698,2024,30.0
20235045702,2023,691.59
20235045703,2023,41905.65
20235045703,2024,1200.0
20235045710,2023,404917.25
20235045712,2023,862.2
20235045712,2024,87.8
20235045714,2023,1800.0
20235045714,2024,5400.0
20235045714,2025,-1800.0
20235045720,2023,6822.41
20235045720,2024,17867.07
20235045720,2025,9110.9
20235045720,2026,1397.33
20235045723,2023,725.45
20235045723,2024,106171.17
20235045723,2025,51894.18
20235045725,2023,1068.09
20235045726,2023,5258.46
20235045728,2023,4268.0
20235045732,2023,4581.92
20235045733,2023,1285.7
20235045734,2023,11017.13
20235045735,2023,3565.08
20235045735,2024,32654.92
20235045737,2023,56.05
20235045737,2024,5135.07
20235045737,2025,12334.6
20235045737,2026,13381.93
20235045738,2023,675.0
20235045738,2024,775.0
20235045740,2024,5077.3
20235045740,2025,2322.0
20235045740,2026,8170.45
20235045744,2023,12946.75
20235045744,2024,781.33
20235045744,2025,22156.91
20235045744,2026,812.03
20235045748,2023,500.0
20235045751,2023,628.48
20235045751,2025,773.97
20235045756,2023,11149.42
20235045756,2024,59596.78
20235045762,2023,744.57
20235045762,2024,242.89
20235045763,2023,33536.83
20235045766,2023,7546.21
20235045767,2023,3659.4
20235045774,2023,300.0
20235045775,2023,3597.3
20235045775,2024,35131.19
20235045777,2022,100.0
20235045777,2023,8084.4
20235045777,2025,1720.6
20235045778,2023,2751.68
20235045779,2023,1570.77
20235045779,2024,43499.82
20235045779,2025,265.43
20235045782,2023,8156.2
20235045782,2024,648.76
20235045786,2023,15111.0
20235045792,2023,8826.25
20235045796,2023,201.25
20235045797,2023,1205.61
20235045800,2023,13633.72
20235045800,2024,35.43
20235045801,2023,18.99
20235045811,2023,2153.03
20235045815,2023,2881.75
20235045819,2023,925.0
20235045820,2023,69419.31
20235045820,2024,1579.96
20235045820,2025,617.77
20235045825,2023,3205.69
20235045825,2024,178.8
20235045826,2023,420.0
20235045828,2023,1295.0
20235045830,2023,1180.81
20235045834,2023,19413.07
20235045834,2025,723.86
20235045837,2023,3553.6
20235045838,2023,11250.0
20235045839,2023,9635.46
20235045839,2024,50.0
20235045841,2023,2665.0
20235045842,2023,3611.23
20235045843,2023,1575.0
20235045846,2023,26.4
20235045856,2023,3943.93
20235045857,2023,1430264.03
20235045857,2024,30129.5
20235045857,2025,1541798.66
20235045857,2026,-2237.1
20235045860,2023,257.0
20235045860,2024,2445.0
20235045863,2025,581.05
20235045866,2023,424.3
20235045872,2023,864.7
20235045872,2024,195.3
20235045876,2023,683.22
20235045876,2024,50.0
20235045877,2023,17085.0
20235045879,2022,472.05
20235045879,2023,4553.24
20235045880,2023,3133.0
20235045887,2023,2727.51
20235045887,2024,1067.0
20235045891,2023,13172.99
20235045892,2023,1983.91
20235045894,2023,9882.94
20235045894,2025,512.0
20235045895,2023,943.7
20235045900,2023,359.89
20235045912,2023,997.73
20235045914,2023,13674.0
20235045916,2023,1649.09
20235045920,2023,228.05
20235045920,2024,42103.95
20235045922,2023,2762.48
20235045922,2024,50.0
20235045942,2023,2443.67
20235045945,2016,16.0
20235045945,2024,20417.46
20235045945,2025,329.49
20235045946,2023,4645.18
20235045946,2024,835.67
20235045950,2023,19496.4
20235045951,2023,854.93
20235045952,2023,273.36
20235045954,2023,772.31
20235045954,2024,228.92
20235045954,2025,215.72
20235045954,2026,2.49
20235045960,2023,574.24
20235045966,2023,599.67
20235045967,2023,1822.28
20235045968,2023,138.66
20235045979,2023,554.21
20235045980,2023,4746.97
20235045981,2023,857.32
20235045981,2024,132060.35
20235045986,2023,3907.8
20235045988,2023,644.31
20235045989,2023,26664.22
20235045989,2024,38835.78
20235045992,2023,2288.73
20235045993,2023,217.06
20235046005,2023,5145.74
20235046005,2024,1588.58
20235046006,2023,12.6
20235046012,2023,3561.04
20235046015,2023,27.48
20235046027,2023,3985.93
20235046027,2024,3.0
20235046030,2023,6926.47
20235046030,2024,1800.0
20235046039,2023,285.0
20235046044,2023,256.52
20235046050,2023,243.0
20235046063,2023,14653.67
20235046063,2025,356.13
20235046064,2023,4321.38
20235046075,2023,2029.99
20235046080,2023,4345.0
20235046083,2023,4185.67
20235046083,2024,72865.07
20235046085,2023,2700.0
20235046086,2023,1168.7
20235046087,2023,675.0
20235046088,2023,871.12
20235046090,2023,6349.18
20235046093,2023,1087.44
20235046100,2023,7492.41
20235046111,2023,818.14
20235046113,2023,14.6
20235046113,2024,208.0
20235046113,2025,624.0
20235046113,2026,360.0
20235046115,2023,1264.67
20235046120,2023,1727.91
20235046122,2023,5047.69
20235046122,2024,172400.81
20235046122,2025,2325.42
20235046122,2026,783.53
20235046124,2023,24609.89
20235046126,2023,2421.2
20235046126,2024,75177.07
20235046126,2025,30695.72
20235046126,2026,10735.23
20235046130,2023,904.4
20235046130,2024,417.98
20235046130,2025,550.0
20235046133,2023,244.37
20235046139,2023,338.33
20235046145,2023,4150.0
20235046146,2023,2116.05
20235046146,2024,216230.11
20235046146,2025,10425.39
20235046146,2026,7227.44
20235046160,2023,1307.0
20235046160,2024,23.0
20235046162,2023,9539.07
20235046163,2023,18.99
20235046173,2023,1676.0
20235046175,2023,32087.68
20235046175,2024,140776.29
20235046177,2023,419.75
20235046178,2023,419.75
20235046179,2023,419.75
20235046196,2023,29451.18
20235046196,2024,7808.82
20235046212,2023,13297.44
20235046212,2026,45.0
20235046216,2024,733.06
20235046220,2023,417.8
20235046220,2024,5103.46
20235046220,2025,1127.29
20235046220,2026,2988.64
20235046222,2023,2012.79
20235046229,2023,340.93
20235046230,2023,7295.79
20235046230,2024,4654.21
20235046231,2023,280.56
20235046233,2023,2392.51
20235046234,2023,48182.37
20235046234,2024,166.23
20235046258,2023,685.34
20235046259,2023,1500.0
20235046268,2023,725.19
20235046268,2024,3940.47
20235046269,2023,3009.62
20235046271,2023,1389.46
20235046272,2023,5894.92
20235046273,2023,1543.04
20235046273,2024,46.96
20235046303,2023,3951.23
20235046303,2024,96718.13
20235046331,2023,291.28
20235046333,2023,31570.0
20235046337,2023,2780.13
20235046359,2023,5487.04
20235046359,2024,132.96
20235046418,2022,4.54
20235046418,2023,27196.35
20235046429,2023,822.09
20235046429,2024,36360.98
20235046429,2025,12240.95
20235046429,2026,19697.94
20235046431,2023,151.5
20235046454,2023,8257.04
20235046457,2023,4315.38
20235046457,2024,4913.61
20235046457,2025,693.05
20235046489,2023,1250.0
20235046501,2023,2018.36
20235046507,2023,1310.61
20235046507,2024,2094.39
20235046508,2023,8730.46
20235046517,2023,166001.0
20235046544,2023,3459.9
20235046545,2023,3099.08
20235046545,2024,0.92
20235046546,2023,2922.12
20235046547,2023,1334.72
20235046548,2023,207.33
20235046550,2023,123.48
20235046552,2024,250.96
20235046555,2024,578.04
20235046556,2023,4164.56
20235046556,2024,50.0
20235046556,2025,1937.88
20235046558,2023,100.0
20235046562,2023,56062.43
20235046562,2024,4.0
20235046563,2023,1411.16
20235046564,2023,4590.32
20235046564,2024,9460.07
20235046567,2023,3606.4
20235046567,2024,99195.65
20235046567,2025,2356.23
20235046568,2023,4287.95
20235046568,2024,92745.74
20235046568,2025,1543.0
20235046576,2023,802.38
20235046577,2023,1440.0
20235046578,2023,3225.0
20235046580,2023,1981.06
20235046581,2023,1430.5
20235046581,2024,47210.31
20235046581,2025,1165.93
20235046581,2026,32.49
20235046585,2023,15.0
20235046586,2023,973.05
20235046590,2023,586176.25
20235046590,2025,45101.4
20235046596,2023,100.0
20235046596,2024,3059.51
20235046597,2023,6385.0
20235046598,2023,920000.0
20235046599,2024,675.0
20235046601,2023,405.39
20235046601,2024,33087.81
20235046601,2025,9045.96
20235046601,2026,22654.76
20235046603,2023,1582.54
20235046603,2024,118804.86
20235046603,2025,2557.01
20235046603,2026,24343.21
20235046604,2023,447.65
20235046605,2023,3756.3
20235046605,2024,20365.86
20235046607,2023,10863.37
20235046607,2024,54831.82
20235046607,2025,4821.31
20235046609,2023,8.0
20235046609,2024,23353.55
20235046619,2023,605.63
20235046619,2024,131314.22
20235046619,2025,1527.95
20235046619,2026,667.13
20235046621,2023,20205.16
20235046623,2023,256.73
20235046623,2026,1515.82
20235046624,2023,166631.42
20235046626,2023,174.2
20235046627,2023,1848.52
20235046628,2024,3363.11
20235046628,2025,486.0
20235046628,2026,265.0
20235046630,2023,407.5
20235046633,2023,976.94
20235046633,2024,142633.66
20235046633,2025,4137.52
20235046633,2026,21647.99
20235046635,2024,2476.33
20235046636,2023,6123.82
20235046637,2023,3079.36
20235046637,2024,83138.38
20235046637,2025,446.38
20235046639,2023,4300.0
20235046639,2024,12865.7
20235046642,2023,78.0
20235046644,2023,6839.1
20235046644,2024,95921.87
20235046644,2025,1811.73
20235046644,2026,1214.39
20235046646,2024,2422.04
20235046652,2023,19.8
20235046652,2024,2520.21
20235046652,2025,8460.36
20235046652,2026,2632.62
20235046655,2023,2756.71
20235046655,2024,164910.29
20235046655,2025,11653.25
20235046655,2026,9383.66
20235046656,2023,209.5
20235046656,2024,6874.0
20235046656,2025,2450.4
20235046656,2026,2262.58
20235046657,2023,680.32
20235046657,2024,3316390.34
20235046657,2025,12542.08
20235046662,2023,1322.48
20235046662,2024,8708.86
20235046662,2025,15458.59
20235046662,2026,9516.16
20235046663,2023,2135.53
20235046663,2024,1997.23
20235046663,2025,22.19
20235046664,2023,597892.58
20235046664,2024,8826380.06
20235046664,2025,40660.23
20235046667,2023,626.81
20235046667,2024,42890.03
20235046668,2024,15002.46
20235046668,2026,11000.0
20235046669,2023,382.0
20235046669,2024,10587.2
20235046669,2025,5.01
20235046671,2023,45965.91
20235046671,2024,595461.6
20235046671,2025,1146.13
20235046671,2026,219.55
20235046672,2023,869.77
20235046672,2024,1299.52
20235046678,2023,62.9
20235046678,2024,72982.95
20235046678,2025,2126.75
20235046678,2026,3652.27
20235046679,2024,53456.38
20235046680,2024,20961.79
20235046680,2025,4124.77
20235046683,2023,6750.0
20235046685,2024,1123.58
20235046686,2024,16784.08
20235046687,2023,39.22
20235046687,2024,16307.78
20235046688,2024,1504.31
20235046690,2023,874.14
20235046690,2024,8135.3
20235046692,2023,1028.48
20235046692,2024,162892.37
20235046692,2025,11993.59
20235046700,2023,74.7
20235046700,2024,1148.58
20235046700,2025,624.18
20235046701,2023,711.88
20235046701,2024,3690.63
20235046703,2023,611.05
20235046703,2024,116217.17
20235046704,2023,21.45
20235046704,2024,54.93
20235046705,2023,322.0
20235046706,2023,706.9
20235046706,2024,16564.51
20235046706,2025,310.61
20235046708,2024,85217.77
20235046710,2023,220.8
20235046710,2024,1109.14
20235046711,2024,556.11
20235046712,2024,2370.0
20235046714,2023,33.4
20235046714,2024,18114.43
20235046716,2024,964.21
20235046718,2023,3059.24
20235046718,2024,60133.41
20235046721,2023,2129.25
20235046721,2024,76900.57
20235046724,2023,86.9
20235046724,2024,40002.73
20235046724,2025,3080.29
20235046724,2026,30539.5
20235046726,2023,173.28
20235046726,2024,55936.75
20235046726,2025,7549.11
20235046726,2026,11933.64
20235046727,2023,730.44
20235046727,2024,50025.04
20235046730,2023,2060.0
20235046730,2024,101241.01
20235046731,2024,43730.0
20235046733,2024,67.28
20235046736,2023,418.92
20235046736,2024,1790.73
20235046737,2023,96.82
20235046737,2024,38384.38
20235046739,2023,99.69
20235046739,2024,3068.17
20235046741,2023,857.96
20235046741,2024,16462.23
20235046741,2025,4988.39
20235046741,2026,4805.24
20235046742,2023,1700.0
20235046742,2024,333.71
20235046744,2024,8026.58
20235046745,2023,862.5
20235046745,2024,123.21
20235046746,2023,144.64
20235046747,2023,188.0
20235046747,2024,208696.37
20235046747,2025,8455.28
20235046747,2026,2831.99
20235046748,2023,4000.0
20235046750,2023,8255.23
20235046750,2024,12024.87
20235046751,2024,1758.86
20235046753,2024,10222.02
20235046755,2024,243040.0
20235046756,2024,352040.0
20235046757,2024,1321.34
20235046757,2025,3000.0
20235046757,2026,1209.54
20235046758,2023,196.83
20235046758,2024,16242.16
20235046759,2024,293.86
20235046761,2024,2094.54
20235046762,2023,310.69
20235046762,2024,4556.79
20235046762,2025,75.6
20235046764,2023,468.28
20235046767,2024,32197.0
20235046768,2024,590.69
20245046782,2024,102692.1
20245046785,2024,22235.15
20245046786,2023,91.92
20245046786,2024,981.89
20245046787,2024,1330.93
20245046788,2024,1363.69
20245046789,2024,451.08
20245046791,2024,30025.3
20245046794,2024,47130.44
20245046798,2024,2931.76
20245046798,2025,238.68
20245046799,2024,13248.54
20245046800,2024,770.0
20245046803,2023,54.5
20245046803,2024,55.6
20245046803,2026,57.5
20245046805,2024,4070.0
20245046807,2024,346.66
20245046808,2024,7166.95
20245046808,2025,644.31
20245046808,2026,3834.72
20245046811,2024,5041.25
20245046812,2024,32040.99
20245046812,2025,75.28
20245046814,2023,405.0
20245046814,2024,12415.82
20245046816,2021,7.71
20245046816,2024,19530.66
20245046818,2024,39731.34
20245046818,2025,6464.22
20245046818,2026,8977.0
20245046821,2024,17.8
20245046823,2024,30024.28
20245046824,2024,3769.26
20245046825,2024,29.73
20245046828,2024,32252.11
20245046828,2025,75.0
20245046829,2024,4902.65
20245046829,2025,4544.56
20245046829,2026,2261.93
20245046830,2024,1285.82
20245046831,2024,3843.19
20245046834,2024,35032.45
20245046834,2025,273.03
20245046836,2024,45807.7
20245046837,2024,36476.66
20245046840,2024,5056.31
20245046845,2024,3383.76
20245046847,2024,6166.14
20245046849,2024,9970.74
20245046849,2025,395.86
20245046849,2026,1163.95
20245046850,2024,100091.67
20245046851,2024,21654.65
20245046851,2025,29.72
20245046858,2024,12112.0
20245046860,2024,2094761.5
20245046861,2024,13773.58
20245046862,2024,16014.23
20245046863,2024,9231.53
20245046866,2024,10905.21
20245046866,2025,628.11
20245046868,2024,3719.26
20245046869,2024,3052.1
20245046871,2024,3620.92
20245046873,2024,21221.92
20245046874,2024,4204.86
20245046875,2024,7214.15
20245046875,2025,313.65
20245046877,2024,1693.03
20245046878,2024,33582.19
20245046879,2024,267203.89
20245046880,2025,550.0
20245046881,2024,11799.67
20245046885,2024,23032.52
20245046886,2024,4716.87
20245046892,2024,63503.53
20245046895,2024,1119.89
20245046900,2024,699.19
20245046900,2025,377.25
20245046901,2024,47803.62
20245046905,2024,0.0
20245046910,2024,31.26
20245046911,2024,1421.15
20245046912,2024,52.0
20245046921,2024,17641.17
20245046923,2024,2319.79
20245046923,2025,30.0
20245046924,2024,5890.81
20245046924,2025,324.11
20245046925,2024,70593.95
20245046925,2025,60.1
20245046926,2024,12513.57
20245046928,2024,45440.59
20245046928,2025,4706.31
20245046930,2024,2000.0
20245046932,2024,103352.7
20245046932,2025,838.16
20245046932,2026,70.0
20245046934,2024,13470.97
20245046938,2024,10478.8
20245046940,2024,53210.49
20245046942,2024,1000.0
20245046945,2024,14725.33
20245046945,2025,355.52
20245046946,2024,18393598.19
20245046946,2025,85671.81
20245046948,2024,1892.42
20245046948,2025,602.35
20245046949,2024,75.0
20245046950,2024,19628.22
20245046950,2025,198.78
20245046951,2024,3433.55
20245046951,2025,199.5
20245046951,2026,2.6
20245046952,2024,45911.02
20245046952,2025,18152.04
20245046952,2026,77166.91
20245046953,2024,3580.65
20245046953,2025,2641.56
20245046953,2026,1354.94
20245046955,2024,11059.01
20245046955,2025,1584.81
20245046956,2024,993.0
20245046957,2024,377.19
20245046959,2024,55.57
20245046961,2024,50.0
20245046961,2025,-50.0
20245046961,2026,20.0
20245046963,2025,3037.66
20245046963,2026,4552.2
20245046967,2024,38348.53
20245046970,2024,1639.04
20245046974,2024,37475.0
20245046974,2025,2672.0
20245046974,2026,610.0
20245046979,2024,2923.69
20245046979,2025,6472.59
20245046979,2026,3786.64
20245046981,2024,50.0
20245046983,2024,920.53
20245046984,2024,1449.27
20245046985,2024,903625.29
20245046986,2024,647.44
20245046987,2024,1795.0
20245046988,2024,24874.64
20245046988,2025,278.77
20245046989,2024,680.0
20245046991,2024,410.62
20245046993,2024,111.2
20245046995,2024,4972.5
20245046996,2023,4.94
20245046996,2024,6335.63
20245046996,2025,173.43
20245046998,2024,200.0
20245047001,2024,3416.99
20245047001,2025,185.92
20245047002,2024,1048.71
20245047003,2024,6987.16
20245047003,2025,437.5
20245047008,2024,306011.34
20245047013,2024,18811.53
20245047015,2024,1084.66
20245047021,2024,560.0
20245047022,2024,23001.0
20245047025,2024,6349.16
20245047029,2024,576.61
20245047030,2023,3178.0
20245047030,2024,1593898.0
20245047031,2024,11235.62
20245047032,2024,122458.26
20245047033,2024,2257.2
20245047035,2024,100.0
20245047036,2024,23921.43
20245047038,2024,7979.46
20245047047,2024,599.06
20245047052,2024,1031.46
20245047052,2025,8.0
20245047054,2024,0.0
20245047055,2024,35989.78
20245047056,2024,33455.0
20245047057,2024,133454.92
20245047057,2025,4817.6
20245047057,2026,618.3
20245047061,2024,55875.15
20245047064,2024,853.63
20245047066,2024,4568.34
20245047067,2024,1876.56
20245047068,2024,1744.0
20245047071,2024,693.31
20245047072,2024,14852.08
20245047072,2025,237.48
20245047073,2024,3813.15
20245047073,2025,912.44
20245047073,2026,1878.08
20245047076,2024,175.43
20245047078,2024,17090.42
20245047079,2023,52.0
20245047079,2024,33717.11
20245047079,2025,921.12
20245047080,2024,3990.15
20245047081,2024,66.4
20245047087,2024,17603.05
20245047088,2024,2620.0
20245047090,2024,12670.87
20245047092,2024,3112.74
20245047095,2024,6205.49
20245047097,2024,1501.12
20245047098,2024,31.29
20245047101,2024,8167.92
20245047101,2025,1207.18
20245047101,2026,327.5
20245047102,2024,341.92
20245047105,2024,0.0
20245047106,2024,8568.6
20245047106,2025,14.0
20245047108,2024,6041.08
20245047112,2024,12220.0
20245047113,2024,3745.96
20245047114,2024,6034.18
20245047115,2024,521.94
20245047116,2024,85.0
20245047117,2024,3791.31
20245047118,2024,858.87
20245047119,2024,4313.75
20245047121,2024,13151.42
20245047121,2025,473.13
20245047121,2026,456.0
20245047123,2024,1805.0
20245047127,2024,179.46
20245047128,2024,2274.23
20245047129,2024,59.47
20245047132,2024,7190.94
20245047132,2025,2139.77
20245047132,2026,7047.39
20245047134,2024,2021.03
20245047134,2025,800.0
20245047136,2024,774896.67
20245047137,2024,9528.72
20245047138,2024,4702.72
20245047139,2024,18830.39
20245047140,2024,580.0
20245047144,2024,0.0
20245047145,2024,31720.76
20245047146,2024,249.67
20245047148,2024,6513.82
20245047150,2024,54743.12
20245047151,2024,6793.58
20245047159,2024,5800.0
20245047162,2024,57.24
20245047165,2024,35.96
20245047168,2024,65111.97
20245047169,2024,64796.56
20245047170,2024,888.14
20245047175,2024,4732.93
20245047175,2025,135.0
20245047178,2024,16533.0
20245047180,2024,11128.82
20245047180,2025,9415.92
20245047180,2026,6673.14
20245047182,2024,1937.56
20245047182,2025,1262.44
20245047184,2024,7162.22
20245047185,2024,4813.24
20245047186,2024,682.09
20245047188,2024,28389.09
20245047189,2024,400.0
20245047190,2024,14255.8
20245047190,2025,125.77
20245047191,2024,4405.23
20245047192,2024,19164.07
20245047193,2024,3890.36
20245047194,2024,4700.0
20245047197,2024,968.17
20245047198,2024,192.0
20245047205,2024,0.0
20245047206,2024,79453.08
20245047206,2025,2677.43
20245047207,2024,6743.44
20245047207,2025,10.0
20245047208,2024,16917.0
20245047209,2024,1701.35
20245047212,2024,509.0
20245047213,2024,482.18
20245047213,2025,416.82
20245047220,2024,398.56
20245047223,2024,114727.41
20245047225,2024,12109.58
20245047227,2024,1827.33
20245047233,2024,432.4
20245047236,2024,32061.94
20245047238,2024,4365.72
20245047240,2024,6188.08
20245047242,2024,27059.44
20245047244,2024,14654.13
20245047244,2025,380.87
20245047245,2024,204.0
20245047249,2024,457925.0
20245047250,2024,70500.0
20245047251,2024,1719.56
20245047252,2024,4803.34
20245047252,2025,319.34
20245047252,2026,56.99
20245047254,2024,7811.98
20245047254,2025,2824.46
20245047256,2024,3724.99
20245047256,2025,74.0
20245047258,2024,27214.63
20245047258,2025,568.12
20245047260,2024,10520.74
20245047263,2024,1505.87
20245047264,2024,100.0
20245047265,2024,2001.57
20245047266,2024,7868.73
20245047268,2024,1645.66
20245047270,2024,2347.25
20245047271,2024,16432.73
20245047272,2024,7950.0
20245047273,2024,2987.9
20245047274,2024,216478.47
20245047275,2024,18948.57
20245047278,2024,4623.54
20245047288,2024,2286.63
20245047292,2024,71840.94
20245047292,2025,72.0
20245047295,2024,3868.68
20245047295,2026,21848.1
20245047297,2024,295.74
20245047300,2024,75.21
20245047301,2024,180.38
20245047303,2024,17.8
20245047303,2025,32.2
20245047305,2024,5027.66
20245047306,2024,2525.14
20245047308,2024,2888.3
20245047309,2024,27733.08
20245047311,2024,38.75
20245047315,2024,313.68
20245047318,2024,72.0
20245047321,2024,11590.1
20245047322,2024,41079.02
20245047323,2024,3196.0
20245047324,2024,26637.85
20245047324,2025,986.31
20245047325,2024,3074.17
20245047326,2024,27183.78
20245047328,2024,42976.12
20245047330,2024,431.21
20245047330,2025,104.61
20245047332,2024,15762.2
20245047334,2024,494.62
20245047335,2024,5996.4
20245047340,2024,6984.63
20245047341,2024,2222.92
20245047341,2025,153.08
20245047343,2024,7764.39
20245047346,2024,959.99
20245047348,2024,5956.16
20245047349,2024,2104.3
20245047349,2025,58.25
20245047349,2026,8.0
20245047353,2024,1547.0
20245047354,2024,1525.0
20245047357,2024,18373.01
20245047359,2024,4900.0
20245047360,2024,950.0
20245047361,2024,231343.0
20245047361,2025,102.0
20245047361,2026,142.0
20245047362,2024,16293.91
20245047362,2025,36.0
20245047362,2026,2492.47
20245047364,2024,713560.58
20245047364,2025,14012.0
20245047364,2026,35.0
20245047367,2024,98613.77
20245047370,2024,135028.74
20245047370,2026,771.26
20245047371,2024,212982.86
20245047371,2025,900.0
20245047371,2026,28875.0
20245047374,2024,10686.0
20245047376,2024,5020.54
20245047377,2024,963.21
20245047380,2024,4408.46
20245047380,2025,486.26
20245047382,2024,6684.2
20245047382,2025,387.32
20245047383,2024,1348.65
20245047384,2024,146.96
20245047385,2024,983.72
20245047388,2024,670326.85
20245047389,2025,1015.0
20245047391,2024,36802.8
20245047392,2024,10700.0
20245047394,2024,5000.0
20245047394,2025,-225.0
20245047394,2026,725.0
20245047395,2025,37.25
20245047396,2024,1763.36
20245047397,2024,887785.79
20245047398,2024,4317.22
20245047398,2025,49834.39
20245047398,2026,38178.0
20245047399,2024,13109.96
20245047399,2025,2701.62
20245047399,2026,182.0
20245047401,2024,2611.33
20245047401,2025,38.0
20245047401,2026,190.88
20245047403,2024,21120.0
20245047405,2024,503.98
20245047406,2024,1488395.0
20245047408,2024,209514.26
20245047408,2025,1000.0
20245047409,2024,253532.53
20245047409,2025,285684.0
20245047409,2026,2420.26
20245047410,2024,394019.56
20245047411,2024,957.99
20245047411,2025,101.0
20245047411,2026,442.56
20245047412,2024,1130.67
20245047417,2024,213346.25
20245047417,2025,1000.0
20245047418,2024,110.13
20245047419,2024,6785.02
20245047422,2024,175001.89
20245047425,2024,50.0
20245047426,2024,134571.63
20245047426,2025,20.0
20245047426,2026,17955.14
20245047427,2024,15144.1
20245047431,2024,1233.71
20245047432,2024,9500.0
20245047433,2024,655190.3
20245047433,2025,9460.0
20245047433,2026,2194.7
20245047434,2024,23958.47
20245047438,2024,1144.0
20245047438,2025,155.9
20245047438,2026,10.2
20245047441,2024,136.5
20245047445,2024,2858.61
20245047446,2024,507748.76
20245047446,2025,11001.26
20245047447,2024,9600.0
20245047448,2024,22600.0
20245047448,2026,6175.0
20245047449,2024,3145.0
20245047450,2024,57.76
20245047450,2025,1400.99
20245047450,2026,1020.0
20245047451,2024,124.86
20245047452,2024,1230310.7
20245047452,2025,893.0
20245047452,2026,72.0
20245047453,2024,4012.0
20245047455,2024,0.0
20245047456,2024,89012.35
20245047456,2025,3484.33
20245047461,2024,271515.0
20245047464,2024,67.11
20245047465,2024,5.02
20245047468,2024,682.46
20245047469,2024,3506.97
20245047470,2024,728.64
20245047470,2025,6974.94
20245047470,2026,1656.58
20245047473,2024,97671.43
20245047473,2025,553.57
20245047479,2024,117.8
20245047479,2025,18.0
20245047479,2026,14.2
20245047480,2024,17.8
20245047480,2025,6272.0
20245047480,2026,1070.0
20245047482,2026,15000.0
20245047483,2024,1143.74
20245047492,2024,8188.73
20245047495,2024,137.97
20245047497,2024,377.55
20245047497,2025,114.08
20245047497,2026,183.0
20245047501,2024,107014.6
20245047501,2025,3985.4
20245047502,2024,9.88
20245047502,2025,15069.2
20245047502,2026,2559.0
20245047503,2024,143.15
20245047504,2024,11053.8
20245047507,2024,1211.02
20245047509,2024,1003.77
20245047511,2024,84945.17
20245047511,2025,5776.01
20245047526,2024,5770.34
20245047529,2024,1185.84
20245047530,2024,33719.07
20245047530,2025,117.19
20245047532,2024,29696.16
20245047532,2025,1169.57
20245047532,2026,366.49
20245047533,2024,85725.0
20245047534,2024,3588.46
20245047535,2024,190.53
20245047537,2024,66.0
20245047539,2024,8848.29
20245047540,2024,21604.55
20245047540,2025,26.82
20245047544,2024,506.53
20245047544,2025,438.14
20245047544,2026,922.73
20245047547,2024,1977.01
20245047550,2024,2980.46
20245047551,2024,900.0
20245047552,2024,26.96
20245047552,2026,16.73
20245047554,2024,507113.25
20245047554,2025,7886.75
20245047555,2024,7883.84
20245047561,2024,15.05
20245047561,2025,400.0
20245047562,2024,118465.0
20245047563,2025,2710.44
20245047563,2026,1318.82
20245047569,2024,65000.0
20245047569,2025,28036.25
20245047569,2026,60427.76
20245047570,2024,545.83
20245047574,2024,116673.92
20245047575,2024,1218271.28
20245047575,2025,57381.1
20245047575,2026,50.0
20245047576,2024,41857.71
20245047576,2025,2117.12
20245047579,2024,6914.75
20245047581,2024,17202.41
20245047581,2025,50.0
20245047582,2024,9367.81
20245047583,2024,711.86
20245047583,2025,7291.82
20245047583,2026,3440.85
20245047585,2024,94638.27
20245047585,2025,30.69
20245047586,2024,85000.0
20245047587,2024,3810.95
20245047589,2024,1005.0
20245047589,2025,505.9
20245047589,2026,1.5
20245047591,2024,107906.9
20245047593,2024,23441.3
20245047593,2025,608.7
20245047597,2024,2992.0
20245047597,2025,4259.0
20245047598,2024,4015.49
20245047598,2025,1984.51
20245047606,2024,14045.5
20245047606,2025,480.0
20245047606,2026,6158.7
20245047607,2024,4923853.2
20245047607,2025,5436.0
20245047607,2026,1004.01
20245047608,2024,161000.0
20245047609,2024,11555.51
20245047609,2025,20.0
20245047609,2026,1527.49
20245047610,2024,20.44
20245047610,2025,338.66
20245047610,2026,40.0
20245047611,2025,137.0
20245047611,2026,38.0
20245047612,2024,25622.6
20245047612,2025,13547.4
20245047613,2024,49750.0
20245047614,2024,4325.0
20245047615,2024,7332.34
20245047615,2025,50.0
20245047619,2024,255465.0
20245047620,2024,42200.0
20245047641,2025,1500.0
20245047641,2026,2675.0
20245047642,2024,99004.23
20245047642,2025,160736.91
20245047644,2023,368750.0
20245047644,2024,17593.76
20245047645,2024,3541.33
20245047645,2025,7699.11
20245047645,2026,6525.68
20245047648,2024,19240.74
20245047648,2025,6549.26
20245047654,2024,17.8
20245047655,2024,1538.04
20245047655,2025,500.0
20245047656,2024,6516.74
20245047660,2024,6448.81
20245047660,2025,351.37
20245047661,2024,17.8
20245047661,2026,2375.0
20245047662,2026,138.68
20245047663,2024,660164.8
20245047663,2026,500.0
20245047664,2024,941107.33
20245047664,2025,158.0
20245047664,2026,10.0
20245047665,2024,50.0
20245047669,2023,20700.0
20245047669,2024,79383.95
20245047669,2025,29916.05
20245047691,2024,10716.45
20245047691,2025,436.14
20245047691,2026,5272.41
20245047692,2024,21656.0
20245047692,2025,50.0
20245047693,2024,15040.0
20245047706,2024,7356.84
20245047707,2024,97128.23
20245047709,2024,680.0
20245047710,2024,262.51
20245047710,2025,16417.27
20245047710,2026,12.56
20245047711,2024,1281.06
20245047711,2025,4723.85
20245047711,2026,12050.82
20245047717,2024,12217.36
20245047722,2024,1870.0
20245047784,2026,657.77
20245047793,2024,1265.42
20245047821,2024,209032.22
20245047821,2025,30820.0
20245047821,2026,1500.0
20245047822,2024,10297.84
20245047824,2024,74625.02
20245047826,2024,1904.0
20245047826,2025,18.0
20245047826,2026,2708.0
20245047827,2024,29756.95
20245047828,2024,600.0
20245047829,2024,5967.93
20245047860,2024,518.8
20245047860,2025,608.0
20245047860,2026,3260.0
20245047862,2024,42502.41
20245047864,2024,23691.25
20245047864,2025,7850.0
20245047864,2026,1.98
20245047865,2024,450.0
20245047867,2025,23.47
20245047867,2026,3561.69
20245047868,2024,496420.0
20245047869,2024,5325.0
20245047870,2024,10000.0
20245047871,2024,2800.0
20245047873,2024,983815.25
20245047873,2025,2121.75
20245047879,2024,1098.0
20245047883,2024,12584.39
20245047884,2024,1391.2
20245047885,2024,4950.0
20245047887,2024,13642.0
20245047887,2025,208.0
20245047888,2024,7483.93
20245047889,2024,52052.0
20245047890,2024,10.5
20245047890,2025,4.0
20245047890,2026,40.0
20245047893,2024,17.8
20245047893,2025,7.2
20245047895,2024,15.31
20245047895,2025,1456.0
20245047897,2024,3825.0
20245047897,2025,10000.0
20245047897,2026,6800.0
20245047903,2025,783.36
20245047906,2024,17.8
20245047906,2025,1602.0
20245047906,2026,2162.0
20245047908,2025,77.4
20245047909,2025,106.1
20245047911,2024,31.2
20245047911,2025,1579.3
20245047911,2026,5326.78
20245047913,2024,218.0
20245047915,2024,2887.36
20245047915,2025,84566.05
20245047915,2026,37078.41
20245047916,2025,4648.0
20245047916,2026,1183.79
20245047919,2024,3.95
20245047919,2025,467.93
20245047919,2026,202031.12
20245047920,2024,17.8
20245047920,2025,602.0
20245047920,2026,3010.0
20245047926,2024,12.0
20245047926,2025,129.0
20245047926,2026,139.0
20245047928,2024,22.0
20245047928,2025,377.42
20245047928,2026,1460.0
20245047929,2024,69.79
20245047929,2025,31425.57
20245047929,2026,31795.57
20245047932,2025,1362.87
20245047932,2026,2311.12
20245047934,2025,680.77
20255047938,2025,5325.74
20255047938,2026,9722.65
20255047940,2025,3493.22
20255047940,2026,15501.52
20255047943,2025,191.95
20255047943,2026,2150.0
20255047944,2025,1092404.07
20255047944,2026,6029915.35
20255047947,2025,21247.75
20255047948,2025,3791.66
20255047948,2026,37609.18
20255047949,2025,99418.72
20255047949,2026,128896.12
20255047952,2025,41458.38
20255047952,2026,2998.1
20255047953,2025,4699.35
20255047953,2026,2483.0
20255047957,2025,719.19
20255047957,2026,1190.81
20255047962,2025,127004.44
20255047962,2026,137530.44
20255047965,2025,9184.04
20255047965,2026,11136.49
20255047966,2025,5073.42
20255047966,2026,9232.8
20255047968,2025,26549.13
20255047968,2026,35451.77
20255047971,2025,11686.27
20255047971,2026,7304.99
20255047973,2025,370.9
20255047974,2025,222.04
20255047974,2026,12.87
20255047975,2025,1256.63
20255047975,2026,8.0
20255047976,2025,31640.21
20255047977,2025,15883.24
20255047977,2026,50.0
20255047979,2025,5198.28
20255047982,2025,325.0
20255047986,2025,1000.97
20255047986,2026,3605.73
20255047987,2025,6477.82
20255047987,2026,207.0
20255047988,2025,6513.99
20255047988,2026,1411.28
20255047989,2025,138.23
20255047989,2026,45.0
20255047990,2025,692.78
20255047993,2025,9314.95
20255047999,2025,900.0
20255048002,2025,575.29
20255048004,2025,32887.0
20255048005,2025,34500.0
20255048007,2025,13658.92
20255048007,2026,21837.7
20255048008,2025,326493.12
20255048008,2026,876973.14
20255048009,2025,95544.09
20255048010,2025,2354.19
20255048012,2025,978.55
20255048012,2026,30.0
20255048014,2025,42377.88
20255048014,2026,2782.11
20255048015,2025,60074.74
20255048019,2025,52831.83
20255048024,2025,3801.17
20255048024,2026,1247.82
20255048051,2025,1346.73
20255048052,2025,644.96
20255048055,2025,6616.44
20255048055,2026,425.0
20255048059,2025,550.0
20255048060,2025,3688.0
20255048061,2025,659.0
20255048063,2025,576.26
20255048063,2026,198.74
20255048066,2025,4675.0
20255048068,2025,3540.09
20255048068,2026,17377.91
20255048075,2024,29.0
20255048075,2025,353.13
20255048078,2025,360.42
20255048096,2025,3300.71
20255048096,2026,3548.43
20255048097,2025,21493.29
20255048097,2026,45336.03
20255048099,2025,61.03
20255048101,2025,2114.96
20255048143,2025,725.94
20255048144,2025,182.01
20255048160,2025,145.47
20255048162,2025,343.35
20255048164,2025,182.75
20255048165,2025,314.08
20255048226,2025,20858.84
20255048228,2025,242.31
20255048233,2025,416.25
20255048241,2025,14385.7
20255048241,2026,71.9
20255048243,2025,942.7
20255048244,2025,420.0
20255048247,2025,511.73
20255048250,2025,216.0
20255048258,2025,177.5
20255048259,2025,534.39
20255048261,2025,136.1
20255048263,2025,1866.21
20255048276,2025,175.09
20255048284,2025,2414.23
20255048286,2025,1205.2
20255048287,2025,2633.0
20255048289,2025,2751.14
20255048291,2025,371.79
20255048293,2025,1122.54
20255048294,2025,665.35
20255048301,2025,356.56
20255048304,2025,281.79
20255048317,2025,295.82
20255048327,2025,5.36
20255048351,2025,8757.43
20255048352,2025,599.34
20255048354,2025,2184.85
20255048384,2025,1215.43
20255048396,2025,3930.41
20255048424,2025,110447.42
20255048424,2026,48.0
20255048425,2025,3599.57
20255048425,2026,13625.0
20255048426,2025,883.47
20255048427,2025,1109.74
20255048435,2025,9153.76
20255048527,2025,3665.3
20255048528,2025,3111.28
20255048528,2026,290.66
20255048536,2025,11972.36
20255048536,2026,18579.47
20255048546,2025,1080.68
20255048550,2025,677.76
20255048560,2025,2079.3
20255048579,2025,829.89
20255048580,2025,735.0
20255048592,2025,11028.97
20255048592,2026,29365.46
20255048596,2025,7314.73
20255048596,2026,1902.26
20255048659,2025,3459.04
20255048682,2025,469.35
20255048689,2025,323.08
20255048715,2025,13269.87
20255048721,2025,63009.03
20255048721,2026,1204.39
20255048730,2025,409.06
20255048733,2025,96.49
20255048735,2026,385.51
20255048736,2025,2739.6
20255048737,2025,14.1
20255048738,2025,416258.51
20255048738,2026,1662175.52
20255048740,2025,1316.45
20255048740,2026,3752.88
20255048742,2025,334.64
20255048747,2025,11969.15
20255048747,2026,42232.53
20255048749,2025,456.43
20255048750,2025,1015.03
20255048752,2025,456.43
20255048825,2025,5175.31
20255048825,2026,19803.26
20255048869,2025,2284.59
20255048906,2025,1050.0
20255048909,2025,1893380.6
20255048909,2026,4084154.98
20255048920,2025,1754.3
20255048920,2026,8395.7
20255048958,2025,53650.37
20255048958,2026,101572.7
20255048960,2025,150.0
20255048996,2025,78927.78
20255048996,2026,135125.33
20255049017,2025,6379.11
20255049017,2026,52513.89
20255049051,2025,304190.89
20255049051,2026,11115776.08
20255049088,2025,25.0
20255049088,2026,129.5
20255049097,2026,554.5
20255049106,2025,29290.89
20255049106,2026,6384.98
20255049123,2025,3066.09
20255049123,2026,33.91
20255049124,2025,53.23
20255049124,2026,2264.2
20255049125,2025,1444.02
20255049158,2025,2352.87
20255049158,2026,8048.86
20255049172,2025,68736.48
20255049172,2026,58.88
20255049200,2025,191.18
20255049200,2026,3814.95
20255049202,2025,33900.0
20255049203,2025,3793.49
20255049203,2026,150.0
20255049208,2025,8550.0
20255049208,2026,48411.92
20255049209,2025,12584.0
20255049215,2025,75.0
20255049215,2026,20.0
20255049217,2025,14239.0
20255049220,2025,18277.83
20255049222,2025,135038.0
20255049225,2025,1317.15
20255049225,2026,3121.02
20255049226,2025,6916.04
20255049226,2026,617.67
20255049227,2025,14760.41
20255049228,2026,1010.0
20255049230,2025,354705.62
20255049230,2026,617012.95
20255049232,2025,2059.43
20255049232,2026,2239.42
20255049233,2025,32542.3
20255049233,2026,623.69
20255049235,2026,3622.19
20255049238,2025,6073.04
20255049238,2026,19983.16
20255049240,2025,11965.52
20255049240,2026,87916.74
20255049241,2025,40.0
20255049245,2025,19924.82
20255049246,2025,24151.1
20255049248,2025,69313.25
20255049248,2026,313.0
20255049268,2025,10366.99
20255049268,2026,596.73
20255049274,2025,-0.0
20255049275,2025,9590.0
20255049276,2025,5315.29
20255049276,2026,6896.74
20255049278,2025,17147.54
20255049279,2025,624.27
20255049281,2025,13863.44
20255049281,2026,1482.2
20255049285,2025,35224.11
20255049288,2025,1628.85
20255049288,2026,109.82
20255049289,2025,9461.75
20255049289,2026,2004.08
20255049313,2025,12947.07
20255049313,2026,10429.2
20255049322,2025,307.02
20255049323,2025,565.8
20255049323,2026,4297.28
20255049324,2025,15025.0
20255049325,2025,15025.0
20255049327,2025,14016.96
20255049327,2026,386.98
20255049328,2025,6482.8
20255049328,2026,3849.2
20255049330,2025,136.0
20255049330,2026,1355.0
20255049331,2025,17279.0
20255049339,2025,9421.98
20255049339,2026,1253.02
20255049373,2025,4165.5
20255049373,2026,13409.98
20255049401,2025,14096.11
20255049401,2026,75327.12
20255049403,2025,16000.48
20255049405,2025,18004.95
20255049405,2026,119265.05
20255049406,2025,15088.86
20255049406,2026,368.99
20255049408,2025,17111.98
20255049408,2026,32554.78
20255049417,2025,186349.7
20255049417,2026,860692.94
20255049431,2025,6008.08
20255049434,2025,48987.06
20255049434,2026,746145.57
20255049435,2025,10662.79
20255049435,2026,28205.79
20255049490,2025,1658.27
20255049490,2026,1211.85
20255049492,2025,537.65
20255049494,2025,17176.76
20255049494,2026,1833.33
20255049502,2025,5840.43
20255049502,2026,130.0
20255049515,2025,19628.1
20255049515,2026,396.0
20255049516,2025,32594.59
20255049516,2026,281.0
20255049519,2025,18965.67
20255049546,2025,11600.21
20255049546,2026,22603.92
20255049558,2025,702.44
20255049558,2026,240.18
20255049560,2025,5661.51
20255049560,2026,139.03
20255049564,2025,113.13
20255049571,2025,169.39
20255049582,2025,818905.0
20255049619,2025,19209.61
20255049619,2026,581.64
20255049709,2025,51412.35
20255049711,2025,7337.0
20255049712,2025,0.0
20255049713,2025,8213.54
20255049713,2026,9204.28
20255049715,2025,8829.05
20255049716,2025,2234.53
20255049716,2026,2374.47
20255049717,2025,485.1
20255049717,2026,84.0
20255049719,2025,13407.22
20255049720,2025,1225.0
20255049720,2026,590.34
20255049722,2025,5904.68
20255049722,2026,98863.25
20255049726,2025,23495.0
20255049727,2025,96.18
20255049728,2025,1014.71
20255049728,2026,362.64
20255049731,2025,4777.14
20255049731,2026,278.5
20255049733,2025,80239.94
20255049735,2025,50000.0
20255049736,2025,4592.4
20255049736,2026,50.0
20255049740,2025,655.18
20255049742,2025,1220.0
20255049744,2025,5033.68
20255049744,2026,12653.93
20255049745,2025,397.19
20255049746,2025,122.25
20255049748,2025,3252.28
20255049748,2026,460.25
20255049752,2025,3156.9
20255049752,2026,2096.57
20255049753,2025,7036.26
20255049753,2026,7223.03
20255049754,2025,3016.34
20255049754,2026,16158.47
20255049755,2025,5012.08
20255049755,2026,1617.91
20255049761,2025,2058.86
20255049761,2026,6312.48
20255049763,2025,79687.02
20255049763,2026,1462.6
20255049764,2025,8872.34
20255049764,2026,94475.8
20255049765,2025,26670.86
20255049765,2026,31.54
20255049766,2025,1993.39
20255049766,2026,265.04
20255049768,2025,6648.02
20255049768,2026,66385.06
20255049769,2025,4866.05
20255049770,2026,18300.0
20255049771,2025,20537.49
20255049772,2025,1450.0
20255049791,2025,9760.43
20255049793,2025,3312.0
20255049795,2025,6016.38
20255049795,2026,103394.27
20255049797,2025,3438.18
20255049797,2026,43697.36
20255049798,2025,1000.0
20255049799,2025,17093.57
20255049800,2025,16264.84
20255049802,2025,34991.79
20255049802,2026,2220.18
20255049804,2025,34883.35
20255049804,2026,206.0
20255049806,2025,877.7
20255049807,2025,163514.08
20255049807,2026,5935.92
20255049809,2025,1390.47
20255049809,2026,96422.4
20255049812,2025,1992.85
20255049812,2026,738.15
20255049813,2025,552.19
20255049813,2026,2994.29
20255049814,2025,2611.6
20255049814,2026,3525.0
20255049816,2025,8001.8
20255049818,2025,408.0
20255049818,2026,883.5
20255049819,2025,28382.89
20255049819,2026,764.66
20255049821,2025,28345.58
20255049821,2026,764.65
20255049823,2025,38874.66
20255049823,2026,2343.4
20255049825,2025,28288.95
20255049825,2026,764.66
20255049827,2025,1150.0
20255049829,2006,25.0
20255049829,2025,10144.25
20255049829,2026,1409.0
20255049833,2025,6954.15
20255049834,2025,1553.36
20255049834,2026,22978.97
20255049835,2025,2497.95
20255049835,2026,50.0
20255049836,2025,83204.21
20255049836,2026,367685.75
20255049838,2025,4341.68
20255049841,2025,8461.61
20255049842,2025,419.01
20255049842,2026,3388.95
20255049844,2025,24408.42
20255049845,2025,7926.92
20255049845,2026,9294.99
20255049846,2025,6295.5
20255049846,2026,3974.5
20255049848,2025,44236.12
20255049849,2025,1489.83
20255049849,2026,2622.01
20255049856,2025,8066.11
20255049860,2025,2693.55
20255049860,2026,42.32
20255049862,2025,11020.0
20255049876,2025,72.3
20255049876,2026,3450.0
20255049893,2025,7458.59
20255049904,2025,4253.58
20255049904,2026,22723.19
20255049905,2025,4398.33
20255049917,2025,1176.82
20255049917,2026,15912.78
20255049919,2025,70208.86
20255049919,2026,85.0
20255049921,2025,101.85
20255049921,2026,1663.42
20255049922,2025,14849.1
20255049922,2026,163.44
20255049990,2025,35440.12
20255049990,2026,1646119.88
20255050031,2026,684.7
20255050072,2025,3384.37
20255050074,2025,250.0
20255050074,2026,900.0
20255050075,2025,88.0
20255050078,2025,17645.16
20255050080,2025,31802.97
20255050080,2026,1571.01
20255050085,2025,550.59
20255050085,2026,1044.6
20255050086,2025,11350.0
20255050087,2025,697.3
20255050087,2026,27.7
20255050088,2025,3517.95
20255050109,2025,2274.3
20255050109,2026,5500.0
20255050124,2025,12.68
20255050142,2025,1450.0
20255050163,2025,2730.06
20255050163,2026,600.94
20255050168,2025,9431.67
20255050168,2026,273.73
20255050189,2025,23972.17
20255050189,2026,233.58
20255050234,2025,921.15
20255050235,2025,37148.83
20255050236,2025,4400.0
20255050237,2026,9900.0
20255050245,2025,14643.16
20255050246,2025,1074.29
20255050271,2025,1736.1
20255050271,2026,15780.3
20255050274,2025,1500.33
20255050275,2025,18370.37
20255050275,2026,53.43
20255050276,2025,6766.36
20255050298,2025,673.26
20255050298,2026,14302.75
20255050318,2025,4101.18
20255050324,2025,33004.64
20255050324,2026,464.35
20255050325,2025,224.0
20255050326,2025,2180.97
20255050326,2026,3419.03
20255050327,2025,164.65
20255050328,2025,4953.96
20255050329,2025,31008.59
20255050330,2025,10582.59
20255050330,2026,145.0
20255050331,2025,4490.59
20255050333,2025,70.0
20255050337,2025,60406.5
20255050341,2025,10151.99
20255050342,2025,318.03
20255050357,2025,12567.37
20255050359,2025,1885.48
20255050359,2026,84236.69
20255050363,2025,44953.36
20255050367,2025,907.07
20255050369,2025,357.5
20255050370,2025,9955.12
20255050370,2026,103.48
20255050372,2025,3876.39
20255050372,2026,17698.11
20255050376,2025,70.77
20255050380,2025,6747.0
20255050386,2025,774.55
20255050390,2025,9939.0
20255050395,2025,2501.24
20255050396,2025,842.82
20255050398,2025,8943.8
20255050398,2026,656.2
20255050405,2025,1276.11
20255050406,2025,64.95
20255050407,2025,13800.0
20255050414,2025,6412.51
20255050415,2025,686.13
20255050415,2026,2571.17
20255050417,2025,5018.52
20255050417,2026,70301.25
20255050419,2025,7071.0
20255050426,2025,107.82
20255050426,2026,858.73
20255050431,2025,6775.0
20255050432,2025,338122.24
20255050441,2025,1892.34
20255050441,2026,195.0
20255050446,2025,8792.78
20255050446,2026,144.0
20255050448,2025,3066.06
20255050448,2026,18861.16
20255050453,2026,69504.37
20255050461,2025,1230.12
20255050466,2025,286.0
20255050469,2025,1414.83
20255050474,2025,5246.0
20255050475,2025,975.57
20255050478,2025,43.0
20255050479,2025,7082.6
20255050480,2025,506.0
20255050481,2025,511.49
20255050481,2026,391.19
20255050482,2025,2374.51
20255050483,2025,1657.71
20255050483,2026,50.0
20255050484,2025,11913.23
20255050485,2025,7196.43
20255050485,2026,1703.43
20255050491,2025,26.0
20255050493,2025,11510.99
20255050494,2025,251.16
20255050495,2025,1111.37
20255050497,2025,815.75
20255050502,2025,4025.0
20255050503,2025,697.67
20255050503,2026,283.35
20255050505,2025,220.19
20255050506,2025,75.0
20255050511,2025,2948.6
20255050512,2025,5473.95
20255050523,2025,390.57
20255050525,2025,3065.23
20255050525,2026,6956.07
20255050527,2025,215.0
20255050543,2025,4000.0
20255050544,2025,11525.0
20255050546,2025,231.49
20255050550,2025,5759.66
20255050551,2026,5001.25
20255050569,2025,3325.0
20255050579,2025,79.0
20255050586,2025,23459.1
20255050586,2026,990.9
20255050587,2025,11.63
20255050587,2026,300.0
20255050589,2025,12228.0
20255050590,2025,1512.0
20255050602,2025,163.19
20255050611,2025,786.54
20255050612,2025,245.45
20255050619,2025,1793.84
20255050621,2020,1170.0
20255050621,2025,17195.29
20255050623,2025,363233.11
20255050628,2025,584.41
20255050637,2025,1680.95
20255050637,2026,50.0
20255050640,2026,4157.15
20255050642,2025,4059.48
20255050642,2026,6300.5
20255050644,2025,5737.56
20255050646,2025,3542.32
20255050647,2026,450.0
20255050649,2025,4893.57
20255050649,2026,35767.59
20255050651,2025,1865.03
20255050654,2025,992.47
20255050654,2026,18220.45
20255050655,2025,1450.0
20255050661,2025,1839.4
20255050663,2025,1640.71
20255050666,2025,5654.41
20255050666,2026,46148.57
20255050672,2025,463.31
20255050675,2025,1405.0
20255050684,2025,75.9
20255050688,2025,701.02
20255050689,2025,6615.16
20255050689,2026,181.93
20255050691,2025,433.53
20255050691,2026,93.17
20255050711,2025,62754.97
20255050715,2025,43950.0
20255050719,2025,200.0
20255050721,2025,22000.0
20255050722,2025,60172.24
20255050724,2025,7735.0
20255050726,2025,8500.0
20255050747,2025,889.98
20255050749,2025,108.0
20255050752,2025,6388.64
20255050754,2025,1824.3
20255050754,2026,2024.3
20255050755,2025,763.1
20255050756,2025,5075.25
20255050758,2025,155.26
20255050761,2025,700.69
20255050763,2025,112.56
20255050765,2025,7173.16
20255050765,2026,70378.85
20255050775,2025,108311.94
20255050775,2026,577409.46
20255050791,2025,1981.8
20255050813,2025,64987.64
20255050815,2025,237.78
20255050817,2025,1183.61
20255050817,2026,1212.3
20255050818,2025,600.0
20255050830,2025,5148.0
20255050830,2026,16705.73
20255050831,2025,7890.86
20255050831,2026,5051.25
20255050852,2025,5435.2
20255050852,2026,562.89
20255050938,2025,457.96
20255050946,2025,10659.84
20255050948,2025,624.08
20255050955,2025,2225.49
20255050955,2026,2653.09
20255050956,2025,168.96
20255050956,2026,706.03
20255050979,2025,525.0
20255050980,2025,6766.39
20255051017,2025,350.0
20255051018,2025,2822.1
20255051018,2026,15256.48
20255051022,2025,3108.0
20255051022,2026,66.0
20255051047,2025,570.0
20255051047,2026,175.15
20255051051,2025,498.3
20255051051,2026,2929.43
20255051052,2025,21185.29
20255051052,2026,28716.62
20255051053,2025,850.96
20255051053,2026,3400.5
20255051076,2025,43399.89
20255051076,2026,19720.69
20255051080,2025,192.16
20255051080,2026,253.33
20255051082,2025,128345.14
20255051082,2026,110.0
20255051083,2024,8086.0
20255051085,2026,0.0
20255051086,2025,9.95
20255051086,2026,266.25
20255051088,2025,11000.0
20255051092,2025,704.69
20255051092,2026,0.31
20255051093,2025,258.24
20255051094,2025,57.5
20255051095,2026,123.75
20255051099,2025,10173.5
20255051100,2025,57.5
20255051100,2026,481.8
20255051102,2025,865927.64
20255051102,2026,2512.0
20255051103,2025,885.0
20255051106,2025,2339.75
20255051106,2026,33990.73
20255051108,2025,1175.0
20255051108,2026,-450.0
20255051109,2025,1000.0
20255051110,2025,300.0
20255051110,2026,2967.16
20255051111,2025,11823.25
20255051111,2026,181.05
20255051113,2025,17114.5
20255051113,2026,2331.52
20255051114,2025,210642.4
20255051119,2025,37624.03
20255051119,2026,23447.65
20255051120,2024,1200.0
20255051120,2025,9909.2
20255051121,2025,5200.06
20255051126,2025,172.46
20255051127,2025,2540.0
20255051127,2026,2402.05
20255051129,2025,21.0
20255051131,2025,1405.11
20255051131,2026,21626.89
20255051133,2025,1037.3
20255051135,2025,60521.32
20255051135,2026,4872.62
20255051136,2025,279581.19
20255051136,2026,3251857.69
20255051137,2025,761.44
20255051138,2025,147.0
20255051140,2026,2917.92
20255051143,2025,848.41
20255051143,2026,4818.36
20255051144,2025,500.0
20255051144,2026,7365.74
20255051145,2025,2895.92
20255051145,2026,59670.41
20255051146,2025,20811.59
20255051148,2025,6883.19
20255051148,2026,48507.04
20255051150,2025,24.3
20255051150,2026,50.0
20255051151,2025,4252.24
20255051152,2025,268.38
20255051152,2026,650.0
20255051153,2025,12676.43
20255051154,2025,346.82
20255051155,2025,186.5
20255051155,2026,16669.67
20255051157,2025,782.23
20255051158,2025,753.94
20255051158,2026,15670.02
20255051159,2025,123348.6
20255051164,2026,120.09
20255051165,2025,172.46
20255051167,2025,1000.0
20255051171,2025,316.15
20255051171,2026,1698.07
20255051173,2026,129.48
20255051177,2025,179.34
20255051177,2026,4829.5
20255051178,2025,115000.0
20255051178,2026,-1651.4
20255051182,2025,5650.93
20255051182,2026,128273.88
20255051183,2026,90545.88
20255051184,2025,2072.32
20255051187,2025,2067.61
20255051187,2026,779.03
20255051188,2025,212.0
20255051193,2025,1723.04
20255051193,2026,28197.75
20255051194,2025,39.99
20255051194,2026,2261.05
20255051195,2025,169.0
20255051195,2026,2245.17
20255051197,2025,7295.33
20255051197,2026,73468.8
20255051205,2025,2153.0
20255051206,2025,132.26
20255051206,2026,1817.7
20255051207,2026,3364.77
20255051208,2025,1250.0
20255051208,2026,450.0
20255051209,2025,7150.0
20255051209,2026,1675.0
20255051215,2025,235.07
20255051215,2026,13850.44
20255051217,2025,24.18
20255051219,2025,2373.49
20255051219,2026,32177.71
20255051220,2025,2097.7
20255051220,2026,14296.98
20255051222,2025,40.17
20255051223,2025,35.8
20255051223,2026,2858.91
20255051224,2025,35.0
20255051224,2026,3954.98
20255051225,2025,2682.57
20255051225,2026,10572.37
20255051226,2025,750.0
20255051231,2025,1961.01
20255051231,2026,4458.91
20255051232,2025,416.9
20255051232,2026,54.8
20255051233,2025,13.83
20255051233,2026,10755.75
20255051234,2025,2951.63
20255051234,2026,60939.62
20255051237,2025,2426.49
20255051237,2026,8320.02
20255051240,2026,457.29
20255051242,2025,529.36
20255051242,2026,6851.83
20255051243,2025,754.89
20255051243,2026,6025.77
20255051246,2025,1358.4
20255051246,2026,25676.4
20255051247,2025,749.42
20255051247,2026,963.0
20255051248,2026,1573.03
20255051249,2026,6375.6
20255051250,2026,7383.57
20255051251,2026,526.78
20255051253,2025,1801.75
20255051253,2026,6715.16
20255051255,2025,1760.94
20255051255,2026,4536.92
20255051262,2025,1158.12
20255051262,2026,18497.63
20255051265,2025,4751.33
20255051265,2026,16269.85
20255051266,2026,50.0
20255051267,2025,1655.0
20255051267,2026,14256.29
20255051268,2025,21.25
20255051269,2026,534385.77
20255051270,2025,85.92
20255051270,2026,1970.69
20255051273,2026,2281.58
20255051275,2026,21216.9
20255051277,2025,338.42
20255051277,2026,3676.58
20255051278,2025,600.0
20255051278,2026,1597.53
20255051280,2025,105.0
20255051282,2025,557.0
20255051282,2026,9843.67
20255051285,2025,12.56
20255051286,2026,5036.0
20255051292,2025,419098.81
20255051292,2026,1616843.83
20255051295,2026,7329.82
20255051297,2026,548.26
20255051304,2026,149.05
20255051308,2025,260.37
20255051308,2026,923.87
20255051309,2026,3669.22
20255051313,2025,233.54
20255051313,2026,19961.13
20255051315,2026,2270.78
20255051317,2025,15.0
20255051317,2026,38802.28
20255051318,2025,553.4
20255051319,2025,2600.0
20255051319,2026,30415.4
20255051320,2025,1190.2
20255051320,2026,1819.91
20255051321,2025,201.69
20255051321,2026,18426.14
20255051322,2025,1725.96
20255051322,2026,3601.41
20255051324,2026,33168.12
20255051327,2026,2138.01
20255051328,2025,447.4
20255051328,2026,6114.66
20255051331,2026,111909.5
20255051334,2026,903.39
20255051335,2025,749.93
20255051335,2026,15619.01
20255051338,2025,49.64
20255051339,2025,234.74
20255051339,2026,827.42
20255051343,2025,62.85
20255051343,2026,108984.01
20255051344,2025,553.4
20255051344,2026,7092.49
20255051345,2026,11158.27
20255051350,2026,2930.29
20255051351,2026,1383.58
20255051353,2026,29540.03
20255051354,2026,171.76
20255051358,2026,411.57
20255051359,2025,1040.64
20255051359,2026,114303.31
20255051361,2025,100.0
20255051361,2026,22786.3
20255051363,2026,5191.12
20255051365,2025,305.84
20255051365,2026,67481.69
20255051367,2026,275.77
20255051370,2026,3966.5
20255051371,2025,0.0
20255051371,2026,9984.03
20255051372,2026,20.0
20255051375,2025,10.0
20255051375,2026,1078695.34
20255051376,2026,1000.0
20255051379,2025,12.19
20255051379,2026,13438.04
20255051381,2026,6552.68
20265051387,2026,4657.85
20265051389,2026,2431.15
20265051391,2026,6436.79
20265051393,2026,292185.0
20265051395,2026,44468.49
20265051397,2026,94529.92
20265051399,2026,9022.11
20265051400,2025,234.0
20265051400,2026,6005.43
20265051401,2026,8603.88
20265051403,2026,88130.11
20265051405,2026,6546.28
20265051407,2025,10.46
20265051407,2026,693.27
20265051409,2025,84.18
20265051409,2026,818.06
20265051412,2026,40789.28
20265051413,2026,1160.29
20265051415,2026,695.92
20265051416,2026,853.73
20265051419,2026,6.5
20265051420,2026,4714.03
20265051424,2026,37033.18
20265051427,2026,102.04
20265051429,2026,74.63
20265051430,2026,271977.61
20265051434,2026,959.33
20265051435,2026,629.32
20265051437,2026,1136.74
20265051438,2026,37044.6
20265051439,2026,4586.75
20265051441,2026,808.18
20265051445,2026,365.52
20265051446,2026,149.0
20265051450,2026,1123.97
20265051451,2026,719.85
20265051455,2026,805.62
20265051456,2026,2288.87
20265051457,2026,2873.26
20265051459,2025,375.34
20265051459,2026,1409.91
20265051462,2026,4931.51
20265051463,2026,1798.38
20265051466,2026,23.6
20265051467,2026,25684.47
20265051469,2026,2792.48
20265051473,2026,12928.35
20265051475,2026,34061.59
20265051479,2026,1540.0
20265051482,2026,110.53
20265051483,2026,30609.56
20265051484,2026,992.86
20265051528,2026,1982.09
20265051529,2026,57.5
20265051530,2026,1913.89
20265051535,2026,450.0
20265051537,2026,3388.04
20265051538,2026,500.0
20265051539,2026,1145.06
20265051541,2026,618.0
20265051542,2026,442.56
20265051544,2026,6126.72
20265051546,2026,1155.52
20265051548,2026,4386.73
20265051549,2026,806.81
20265051552,2025,2261.9
20265051552,2026,1527.15
20265051554,2026,532.85
20265051557,2026,1942.16
20265051558,2026,81.5
20265051559,2026,5793.79
20265051561,2026,57.5
20265051563,2025,120.0
20265051563,2026,2752.88
20265051564,2026,4999.21
20265051567,2026,22.3
20265051568,2026,841.79
20265051569,2026,2980794.73
20265051572,2026,1070.85
20265051575,2026,232.0
20265051577,2026,833.0
20265051578,2026,789.19
20265051580,2026,7327.07
20265051584,2026,8420.4
20265051585,2026,6082.1
20265051588,2026,20160.19
20265051593,2026,2625.0
20265051594,2026,20000.0
20265051595,2026,188.48
20265051596,2026,1476.9
20265051598,2026,185.99
20265051599,2026,14093.47
20265051602,2026,9288.58
20265051605,2026,4998.56
20265051610,2026,258.69
20265051612,2026,2521.81
20265051614,2026,19705.72
20265051616,2026,1242.38
20265051619,2026,2156.63
20265051623,2026,2579.9
20265051625,2026,22.3
20265051632,2026,1260.02
20265051638,2026,2122.78
20265051639,2026,29630.81
20265051640,2026,1473.32
20265051642,2026,692206.41
20265051644,2026,270.9
20265051645,2026,0.0
20265051646,2026,885.4
20265051648,2026,26.99
20265051649,2026,579.8
20265051650,2025,12.19
20265051650,2026,334.72
20265051655,2026,4666513.81
20265051658,2026,194.22
20265051664,2026,301.95
20265051666,2026,19050.61
20265051667,2026,381.01
20265051668,2026,58529.13
20265051670,2026,46189.92
20265051673,2026,48.74
20265051675,2026,1081.79
20265051677,2026,334934.48
20265051679,2026,1605.42
20265051682,2026,7221.3
20265051684,2026,589.45
20265051685,2026,7016.11
20265051687,2026,3470.39
20265051688,2026,989.58
20265051690,2026,12314.55
20265051692,2026,1298.03
20265051693,2026,1543.86
20265051697,2026,1139.36
20265051701,2026,34860.02
20265051704,2026,1170.65
20265051705,2026,3553.4
20265051706,2026,4349.78
20265051711,2026,76.0
20265051713,2026,1419.06
20265051715,2026,1240.09
20265051717,2026,440.0
20265051718,2025,4.3
20265051718,2026,7539.56
20265051721,2026,4678.75
20265051729,2026,550.46
20265051732,2026,815.0
20265051734,2026,961.86
20265051735,2026,46489.0
20265051738,2026,218.87
20265051741,2026,3873.83
20265051743,2026,1143.79
20265051745,2026,133.13
20265051748,2026,1487.86
20265051753,2026,7692.49
20265051756,2026,861.44
20265051759,2026,243175.0
20265051760,2026,169.96
20265051762,2026,192.24
20265051764,2026,3603.98
20265051765,2026,50773.4
20265051766,2026,6028.4
20265051767,2026,10384.69
20265051768,2026,4570.0
20265051773,2026,52225.91
20265051774,2026,1489.93
20265051775,2026,6305.64
20265051776,2026,914.45
20265051778,2026,296.63
20265051781,2026,768.15
20265051783,2026,26678.24
20265051786,2026,4545.05
20265051813,2026,912.48
20265051817,2026,1851.83
20265051818,2026,7767.61
20265051822,2026,7683.7
20265051824,2026,2515.06
20265051826,2026,700.0
20265051827,2026,34.81
20265051828,2026,3448.29
20265051829,2026,1884.36
20265051836,2026,581.18
20265051839,2026,2344.86
20265051840,2026,8708.96
20265051841,2026,895.37
20265051842,2026,5541.31
20265051850,2026,150.0
20265051859,2026,562.95
20265051860,2026,815.0
20265051861,2026,493.99
20265051862,2026,118.8
20265051863,2026,2741.8
20265051868,2026,165.07
20265051870,2026,3589.1
20265051871,2026,599.13
20265051875,2026,820.06
20265051876,2026,1416.45
20265051878,2026,57.5
20265051879,2026,3966.83
20265051881,2026,4731.81
20265051884,2026,129.82
20265051885,2026,18034.96
20265051886,2026,4151.77
20265051887,2026,4497.38
20265051891,2026,1845.3
20265051894,2026,1102.5
20265051913,2026,737.34
20265051914,2026,299.6
20265051916,2026,10326.95
20265051918,2026,2257.25
20265051920,2026,393.55
20265051926,2026,808.33
20265051927,2025,27.3
20265051927,2026,797.94
20265051928,2026,229.64
20265051931,2026,4145.47
20265051935,2026,638.65
20265051936,2026,2625.59
20265051937,2026,3910.47
20265051939,2026,213.68
20265051940,2026,55901.33
20265051948,2026,13.19
20265051950,2026,3742.0
20265051952,2026,4933.97
20265051953,2026,2175.0
20265051959,2026,99.74
20265051964,2026,1587.12
20265051965,2026,50.0
20265051966,2026,50.0
20265051969,2026,414.06
20265051970,2026,6676.14
20265051971,2026,384.3
20265051972,2026,1624.29
20265051973,2026,8900.41
20265051974,2026,748.59
20265051975,2026,19.45
20265051976,2026,1360.68
20265051977,2026,3351.36
20265051979,2026,130.33
20265051980,2026,590.24
20265051981,2026,46.46
20265051982,2026,174.3
20265051983,2026,5339.36
20265051985,2026,18515.0
20265051986,2026,1949.79
20265051987,2026,939.1
20265051989,2026,362.32
20265051990,2026,282.98
20265051992,2026,42.86
20265051993,2026,2802.11
20265051994,2026,239.86
20265051997,2026,18799.68
20265051999,2026,353.11
20265052000,2026,1022.89
20265052002,2026,91.54
20265052010,2026,96940.0
20265052012,2026,3691.11
20265052013,2026,1432020.7
20265052016,2026,523.42
20265052017,2026,52.25
20265052020,2026,1466.88
20265052022,2026,1041.64
20265052025,2026,7815.16
20265052027,2026,5316.37
20265052028,2026,9562.0
20265052029,2026,11629.49
20265052030,2026,15.75
20265052032,2026,630.33
20265052035,2026,1019.22
20265052037,2026,8966.28
20265052038,2026,28.6
20265052040,2026,2817.54
20265052044,2026,222.83
20265052048,2026,2115.82
20265052051,2026,1651143.5
20265052054,2026,214.23
20265052055,2026,480.09
20265052058,2026,1642.33
20265052059,2026,11131.65
20265052063,2026,186.9
20265052065,2026,3736.55
20265052067,2025,32.0
20265052068,2026,1131.25
20265052070,2026,395.0
20265052072,2026,150.0
20265052075,2026,16650.79
20265052081,2026,10.46
20265052086,2026,10290.15
20265052087,2026,2675.0
20265052088,2026,1701.65
20265052089,2026,12.83
20265052090,2026,11.45
20265052096,2026,694.99
20265052097,2026,165909.5
20265052101,2026,1350000.0
20265052105,2026,10000.0
20265052108,2026,18563.27
20265052113,2026,720000.0
20265052114,2026,3242.31
20265052115,2026,296474.2
20265052116,2026,182157.99
20265052122,2026,1103.52
20265052123,2026,643.71
20265052125,2026,912.1
20265052126,2026,227343.2
20265052127,2026,338000.0
20265052129,2026,375365.67
20265052130,2026,1429.5
20265052131,2026,76156.75
20265052133,2026,87750.0
20265052134,2026,77862.0
20265052137,2026,495096.01
20265052138,2026,3420.56
20265052142,2026,262509.2
20265052144,2026,128.79
20265052145,2026,343.2
20265052147,2026,817.0
20265052148,2026,10.0
20265052149,2026,4550.0
20265052152,2026,61.18
20265052153,2026,44917.07
20265052159,2026,336.21
20265052160,2026,51748.91
20265052162,2026,4249.13
20265052164,2026,285318.03
20265052169,2026,580490.18
20265052170,2026,1725.0
20265052171,2026,1650.46
20265052173,2026,22311.52
20265052176,2026,965.51
20265052181,2026,39.77
20265052183,2026,2223.27
20265052184,2026,1233.0
20265052190,2026,1467034.78
20265052193,2026,2564.31
20265052197,2026,20.0
20265052199,2026,346.44
20265052201,2026,643.73
20265052203,2026,711.59
20265052205,2026,273.78
20265052209,2026,1000.0
20265052210,2026,159.53
20265052211,2026,263.52
20265052213,2026,37269.0
20265052214,2026,1809.58
20265052217,2026,340.49
20265052219,2026,307.88
20265052224,2026,1450.0
20265052230,2026,3873.96
20265052234,2026,286.92
20265052239,2026,750.0
20265052246,2026,250010.0
20265052247,2026,57730.0
20265052249,2026,1900.0
20265052253,2026,1802.02
20265052259,2026,29.26
20265052266,2026,1.98
20265052268,2026,0.0
20265052270,2026,35238.0
20265052271,2026,500.0
20265052275,2026,505.0
20265052276,2026,4725.0
20265052277,2026,698.65
20265052280,2026,50.0
20265052287,2026,2137.18
20265052304,2026,11.85
20265052305,2026,5.19
20265052319,2025,400.0
20265052319,2026,3075.09
20265052322,2026,97.0
20265052324,2026,59.12
20265052329,2026,1436.55
20265052333,2026,450.0
20265052336,2026,76.87
20265052338,2026,13000.79
20265052340,2026,31486.0
20265052342,2026,750.0
20265052349,2026,10307.14
20265052351,2026,1242.2
20265052385,2026,49.12
20265052391,2026,68.6
20265052393,2026,867.36
20265052417,2026,57028.0
