filer_cpf_id,year,total_expenditure
10128,2023,8624.23
10128,2024,66655.51
10128,2025,4193.05
10128,2026,23271.01
10176,2023,15766.0
10176,2024,19373.58
10176,2025,93919.91
10176,2026,52113.84
10234,2023,9015.0
10234,2024,8635.0
10234,2025,7996.0
10234,2026,9850.0
10250,2023,112.5
10250,2024,180.0
10250,2025,180.0
10250,2026,120.0
10303,2024,15220.71
10320,2023,24421.18
10320,2024,40728.4
10320,2025,29744.2
10320,2026,61406.92
10328,2023,22884.5
10328,2024,24904.99
10328,2025,26766.69
10328,2026,16167.38
10383,2023,60.0
10383,2024,40.0
10383,2025,25.0
10383,2026,5.0
10389,2024,20.0
10585,2023,1498.13
10585,2024,3550.0
10585,2025,356.73
10595,2023,60489.89
10595,2024,43207.27
10595,2025,57944.48
10595,2026,39115.79
10598,2023,2860.14
10598,2024,2453.72
10598,2025,2503.54
10598,2026,870.41
10608,2023,4242.63
10608,2024,37625.67
10608,2025,4750.38
10608,2026,16094.24
10609,2023,2172.65
10609,2024,32363.0
10609,2025,20634.24
10633,2023,11554.89
10633,2024,32870.63
10633,2025,44418.86
10633,2026,165878.37
10681,2023,1687.0
10681,2024,3668.0
10681,2025,2600.0
10681,2026,2412.83
10698,2023,883.93
10725,2023,4483.74
10725,2024,23062.15
10725,2025,853.0
10848,2024,5440.21
10866,2023,42025.04
10866,2024,43130.97
10866,2025,41718.45
10866,2026,23852.65
10911,2023,4879.94
10911,2024,40.0
10911,2025,6.0
10924,2023,116559.51
10924,2024,642.16
10933,2023,37488.93
10933,2024,25150.0
10933,2025,8650.0
10933,2026,6744.14
11034,2023,302471.88
11034,2024,1020221.51
11034,2025,674611.72
11034,2026,1611150.42
11035,2023,435730.72
11035,2024,744644.34
11035,2025,617074.1
11035,2026,1016262.27
11071,2023,225.0
11071,2024,25905.0
11071,2025,5685.0
11071,2026,9280.0
11102,2023,3400.0
11102,2024,5160.45
11102,2025,9601.45
11102,2026,5332.0
11111,2025,71.73
11111,2026,20.0
11119,2023,14299.32
11119,2024,10182.44
11119,2025,15551.32
11119,2026,13051.25
11155,2023,46155.89
11155,2024,68348.62
11155,2025,19357.48
11155,2026,867.78
11323,2023,856.83
11413,2023,146266.4
11413,2024,65007.83
11413,2025,106695.44
11413,2026,63286.95
11448,2023,23538.13
11448,2024,17076.59
11448,2025,23530.46
11448,2026,21378.0
11466,2023,14530.53
11466,2024,9399.19
11466,2025,2053.2
11466,2026,1322.18
11519,2023,6757.9
11519,2024,8019.18
11519,2025,6405.76
11519,2026,4308.38
11651,2023,69297.85
11651,2024,69296.99
11651,2025,71325.41
11651,2026,51727.36
11677,2023,46077.51
11677,2024,16961.1
11677,2025,15945.76
11677,2026,5239.96
11698,2023,12614.12
11698,2024,26169.49
11698,2025,17143.69
11698,2026,10855.22
11699,2023,4305.82
11699,2024,2664.0
11699,2025,3231.33
11699,2026,1814.0
11702,2023,1224.41
11702,2024,2913.86
11702,2025,2824.86
11702,2026,2833.23
11723,2024,6000.0
11723,2025,5000.0
11824,2023,236.0
11824,2024,333.0
11824,2025,336.0
11824,2026,224.0
11853,2023,43028.97
11853,2024,23000.0
11853,2025,15477.97
11853,2026,10595.33
11859,2023,5971.28
11859,2024,12195.76
11859,2025,5999.42
11859,2026,3929.71
11916,2023,38130.89
11916,2024,63641.51
11916,2025,59050.13
11916,2026,28230.77
11996,2023,26150.92
12008,2023,1978.86
12008,2024,11113.27
12008,2025,7959.39
12008,2026,5730.68
12009,2023,2739.45
12009,2024,8126.36
12023,2023,956.25
12023,2024,0.01
12103,2023,8294.16
12103,2024,14869.66
12122,2023,202531.71
12122,2024,309770.05
12122,2025,210892.95
12122,2026,131484.04
12169,2023,7193.88
12169,2024,142309.46
12169,2025,4159.49
12169,2026,2519.33
12171,2023,35609.25
12171,2024,1487.16
12171,2025,46308.24
12171,2026,24367.08
12222,2023,3700.91
12242,2023,21294.08
12242,2024,3109.91
12242,2025,4659.01
12242,2026,6843.78
12247,2023,87230.63
12247,2024,85670.93
12247,2025,56756.02
12247,2026,24261.1
12314,2023,29235.16
12314,2024,62912.92
12314,2025,52713.35
12314,2026,44246.29
12372,2023,9442.74
12372,2024,7379.97
12372,2025,18001.83
12372,2026,1960.0
12427,2023,132.81
12507,2023,4950.0
12507,2024,490.0
12507,2025,1090.0
12507,2026,490.0
12533,2023,2353.45
12533,2024,2310.93
12533,2025,2368.5
12533,2026,1837.5
12534,2023,43252.42
12534,2024,68063.03
12534,2025,38169.09
12534,2026,26010.43
12538,2023,6649.59
12538,2024,6541.0
12538,2025,8641.94
12538,2026,1575.18
12557,2023,2710.6
12557,2024,250.0
12557,2025,659.46
12557,2026,276.56
12563,2023,2400.0
12563,2024,2720.04
12563,2025,444.0
12563,2026,5844.88
12576,2023,5744.22
12576,2024,10493.0
12576,2025,66313.0
12582,2023,235.0
12582,2024,21556.3
12582,2025,350.0
12582,2026,50.0
12600,2023,12783.18
12600,2024,11733.88
12600,2025,12450.94
12600,2026,17664.79
12643,2023,405.25
12643,2024,460.36
12643,2025,3226.4
12650,2023,141955.33
12650,2024,157840.57
12650,2025,173950.55
12650,2026,143780.19
12681,2023,3000.0
12681,2024,738.33
12681,2025,6545.2
12681,2026,6800.0
12686,2023,7020.39
12686,2024,18250.12
12715,2025,12705.38
12719,2023,3225.88
12719,2024,6821.18
12719,2025,1005.75
12719,2026,6000.0
12730,2023,17495.4
12730,2024,75465.35
12730,2025,25027.43
12730,2026,12389.64
12735,2023,7675.73
12735,2024,11105.37
12735,2025,12434.04
12735,2026,12882.95
12781,2023,1900.0
12781,2024,435.0
12870,2023,6852.56
12870,2024,4920.07
12870,2025,10108.99
12870,2026,2541.28
12877,2023,2279.6
12877,2024,932.29
12877,2025,26467.33
12877,2026,62537.1
12889,2023,47828.33
12889,2024,58612.35
12889,2025,54910.57
12889,2026,124483.78
12892,2023,136123.51
12892,2024,38643.07
12892,2025,32635.04
12892,2026,20493.87
12894,2023,8191.91
12894,2024,34859.86
12894,2025,11663.25
12894,2026,45871.51
12909,2023,60668.72
12909,2024,2277.95
12909,2025,28110.61
12909,2026,866.84
12941,2023,1698.98
12941,2024,45.0
12942,2023,7249.12
12942,2024,3214.07
12942,2025,5953.43
12942,2026,2517.0
12978,2023,145643.39
12978,2024,176407.15
12978,2025,198397.67
12978,2026,196240.94
13045,2023,56741.05
13045,2024,65649.2
13045,2025,71086.67
13045,2026,65255.41
13052,2025,5.0
13052,2026,200.0
13089,2023,759.0
13089,2024,1300.0
13089,2025,650.0
13089,2026,300.0
13110,2023,8950.44
13110,2024,29458.03
13110,2025,6479.84
13110,2026,18987.36
13173,2023,612423.78
13173,2024,693184.64
13173,2025,679555.61
13173,2026,754731.99
13179,2023,360.73
13179,2024,450.91
13187,2023,571464.93
13187,2024,51866.46
13187,2025,46388.2
13187,2026,13337.31
13194,2023,94503.5
13194,2024,20807.13
13194,2025,88284.59
13194,2026,19900.75
13203,2023,26198.16
13217,2023,20706.98
13232,2023,378.0
13232,2024,55.0
13232,2025,60.0
13232,2026,1630.0
13237,2023,7571.67
13237,2024,13578.9
13237,2025,14697.06
13239,2025,139344.43
13239,2026,16569.38
13244,2024,304.49
13244,2025,216.24
13244,2026,105.23
13245,2023,5101.35
13256,2023,470842.64
13256,2024,197193.27
13256,2025,122534.36
13256,2026,91564.71
13269,2023,29830.63
13269,2024,36596.72
13269,2025,29525.93
13269,2026,17684.36
13279,2023,96.0
13279,2024,100.0
13279,2025,105.0
13283,2025,23099.46
13283,2026,1233.18
13284,2023,29413.64
13284,2024,33555.32
13284,2025,26692.59
13284,2026,23418.48
13286,2023,505.0
13286,2025,75.0
13286,2026,600.0
13294,2023,31706.6
13294,2024,193538.26
13294,2025,34250.8
13294,2026,13001.73
13312,2024,18507.53
13312,2025,254.0
13324,2023,760.0
13324,2024,620.0
13324,2025,2620.06
13324,2026,3306.0
13331,2023,52556.78
13331,2024,6271.61
13331,2025,97.5
13331,2026,65.16
13426,2023,74.0
13426,2024,9897.13
13426,2025,133.0
13426,2026,24.0
13431,2023,1222.81
13431,2024,10098.17
13431,2025,5845.25
13431,2026,5492.1
13460,2023,2274.1
13483,2023,3581.19
13483,2024,993.54
13483,2025,467.0
13483,2026,100.0
13510,2023,16223.0
13510,2024,1925.28
13510,2025,9863.8
13510,2026,782.81
13514,2023,1409.53
13560,2024,48336.35
13560,2025,317.08
13560,2026,100.0
13568,2023,15.0
13568,2025,5.0
13568,2026,20.0
13569,2023,248.57
13576,2023,7965.33
13576,2024,29262.71
13576,2025,1147.06
13578,2023,53952.46
13578,2024,69774.25
13578,2025,56231.41
13578,2026,29562.71
13579,2023,1275.5
13579,2024,43248.29
13596,2025,1421.26
13597,2023,40031.28
13597,2024,40902.09
13597,2025,41020.66
13597,2026,25531.21
13617,2023,9225.32
13617,2024,8617.61
13617,2025,4281.0
13617,2026,2110.0
13627,2023,22087.05
13627,2024,55084.73
13627,2025,13112.8
13627,2026,6820.45
13637,2023,1535.74
13645,2023,38816.35
13645,2024,93430.55
13645,2025,20107.62
13645,2026,12683.32
13651,2023,45306.11
13651,2024,122316.27
13651,2025,40530.95
13651,2026,28756.14
13663,2023,18639.66
13663,2024,3420.55
13663,2025,16785.37
13663,2026,2869.54
13664,2023,1933.92
13664,2025,8.78
13675,2023,2685.0
13675,2024,375.0
13675,2025,494.88
13675,2026,79.92
13681,2023,47949.9
13681,2024,54351.82
13681,2025,65828.39
13681,2026,42985.55
13720,2023,961.28
13720,2024,1031.77
13724,2023,64162.47
13724,2024,93628.13
13724,2025,79929.73
13724,2026,55037.93
13726,2023,5452.05
13726,2024,5514.13
13726,2025,8682.03
13726,2026,1877.95
13731,2023,5327.87
13736,2023,80029.04
13736,2024,268024.05
13736,2025,58751.31
13736,2026,218402.99
13758,2023,333696.35
13758,2024,423606.4
13758,2025,648113.42
13758,2026,275752.63
13783,2023,48541.4
13783,2024,10683.51
13783,2025,52595.75
13783,2026,1988.73
13785,2023,2208.47
13785,2024,5975.48
13785,2025,1325.48
13785,2026,767.48
13786,2023,85.0
13808,2023,14485.14
13808,2024,19579.87
13808,2025,24112.19
13808,2026,19582.6
13811,2023,70369.96
13811,2024,68460.95
13811,2025,83123.7
13811,2026,94932.1
13816,2023,564.8
13816,2024,455.62
13816,2025,800.0
13816,2026,100.0
13828,2023,319.99
13828,2024,565.95
13828,2025,354.99
13828,2026,522.76
13843,2023,55902.01
13843,2024,20010.6
13843,2025,561.0
13843,2026,1482.67
13858,2023,13270.71
13858,2024,14317.83
13858,2025,14279.52
13858,2026,10983.79
13863,2023,226984.52
13863,2024,375933.43
13863,2025,843487.08
13863,2026,77929.95
13863,2222,34.0
13873,2024,6101.0
13873,2025,786.0
13878,2023,16252.12
13878,2024,20588.34
13878,2025,16348.97
13878,2026,13261.74
13888,2023,760.46
13888,2024,100.0
13888,2025,300.0
13888,2026,163.0
13899,2023,965070.83
13899,2024,167347.69
13899,2025,282291.14
13899,2026,155641.02
13910,2023,17052.46
13910,2024,120.0
13910,2025,1076.39
13916,2023,13995.58
13916,2024,21939.65
13916,2025,21585.67
13916,2026,6892.63
13923,2024,35392.75
13923,2025,75.0
13923,2026,67610.23
13936,2023,5518.0
13936,2024,6025.69
13936,2025,6658.58
13936,2026,25531.04
13938,2023,7137.71
13938,2024,18551.4
13938,2025,6550.8
13938,2026,4229.52
13946,2023,34167.84
13946,2024,44320.38
13946,2025,51786.56
13946,2026,170746.36
13951,2023,16566.43
13951,2024,36818.22
13951,2025,35037.73
13951,2026,29402.44
13953,2023,8763.61
13953,2024,1942.56
13953,2025,5989.36
13953,2026,1629.92
14018,2024,12119.52
14018,2025,1094.34
14091,2023,430.61
14091,2024,458.36
14091,2025,381.76
14091,2026,175.0
14092,2023,34020.76
14092,2024,16795.6
14092,2025,925.04
14128,2024,163041.42
14141,2023,377.73
14141,2024,25.0
14141,2025,60.0
14141,2026,40.0
14156,2024,2665.11
14156,2026,289.86
14168,2023,18096.71
14168,2024,27823.16
14168,2025,19509.95
14168,2026,7766.74
14179,2023,11831.33
14179,2024,2759.0
14179,2025,12732.26
14179,2026,40.0
14188,2023,66457.93
14188,2024,69261.29
14188,2025,55238.26
14188,2026,27175.98
14191,2023,144.0
14191,2024,90.0
14208,2023,27387.22
14208,2024,17961.92
14208,2025,5082.21
14208,2026,3795.72
14210,2023,126.64
14210,2024,1289.02
14210,2025,749.25
14232,2023,5618.88
14232,2024,28417.84
14232,2025,11235.79
14232,2026,18809.27
14233,2023,7183.31
14233,2024,15883.85
14233,2025,4805.35
14233,2026,11453.78
14248,2023,2585.87
14248,2024,233.53
14248,2025,8022.95
14258,2023,13074.61
14258,2024,105632.44
14258,2025,19015.91
14258,2026,20418.59
14260,2023,5000.0
14260,2024,16124.62
14260,2025,17835.55
14265,2023,2984.87
14265,2024,10347.09
14265,2025,5139.28
14265,2026,2018.0
14315,2024,50.0
14329,2023,182985.77
14329,2024,1721.02
14329,2025,1017.44
14329,2026,546.84
14370,2023,307.8
14370,2024,4587.93
14371,2023,500.0
14371,2024,317.9
14371,2025,2445.4
14371,2026,481.0
14382,2024,68121.08
14382,2025,1334.5
14385,2023,85950.5
14385,2024,87363.04
14385,2025,99881.07
14385,2026,80508.97
14391,2023,100968.08
14391,2024,58735.0
14391,2025,64661.41
14391,2026,39636.74
14392,2023,22180.17
14392,2024,7263.3
14392,2025,13540.36
14392,2026,6161.11
14410,2023,5696.39
14410,2024,28506.22
14410,2025,2335.47
14415,2024,376.53
14418,2024,5327.93
14418,2025,10.0
14418,2026,210.87
14426,2023,4225.0
14426,2024,4081.87
14442,2023,250.0
14442,2025,200.0
14442,2026,278.0
14444,2023,900.0
14444,2024,1100.0
14444,2025,9000.0
14444,2026,625.5
14448,2023,5875.78
14454,2023,57596.73
14454,2024,60159.93
14454,2025,263401.75
14454,2026,537592.41
14464,2023,75898.42
14464,2024,12010.91
14464,2025,700.0
14464,2026,400.0
14466,2023,39198.94
14468,2023,2533.38
14468,2024,1042.02
14468,2025,591.41
14468,2026,11849.81
14482,2023,44141.48
14482,2024,6748.51
14482,2025,465.0
14482,2026,6700.0
14504,2025,5250.35
14504,2026,10374.3
14507,2023,650.0
14507,2024,800.0
14507,2025,900.0
14507,2026,434.0
14518,2023,4967.63
14518,2024,13936.03
14518,2025,5661.47
14518,2026,1645.12
14521,2023,3733.32
14521,2024,2705.93
14521,2025,5606.02
14521,2026,1191.37
14532,2023,21913.04
14532,2024,53174.96
14532,2025,25268.11
14532,2026,17032.26
14535,2024,12.45
14543,2023,5068.33
14543,2024,7599.97
14543,2025,4896.57
14543,2026,4034.25
14561,2023,3352.23
14561,2024,19566.51
14571,2023,3589.52
14571,2024,491.02
14571,2025,1226.28
14571,2026,137.76
14589,2023,5106.69
14589,2024,819.15
14589,2025,2533.76
14589,2026,745.0
14593,2023,3475.45
14593,2024,29787.19
14593,2025,768.31
14665,2023,66065.23
14665,2024,14498.76
14665,2025,74646.81
14665,2026,211.77
14667,2023,10315.94
14667,2024,300.0
14667,2025,11017.85
14668,2023,23508.91
14668,2024,24717.44
14668,2025,20643.36
14668,2026,109846.13
14680,2023,9111.58
14680,2024,44235.99
14680,2025,21442.45
14680,2026,20266.58
14681,2023,41820.77
14681,2024,28551.7
14681,2025,30476.89
14681,2026,26028.11
14683,2023,1055.3
14684,2023,260654.58
14684,2024,1710.13
14687,2023,43376.13
14687,2024,4299.95
14687,2025,62342.28
14687,2026,3750.34
14713,2023,29666.6
14713,2024,34190.27
14713,2025,26895.59
14713,2026,74845.94
14738,2023,8507.64
14738,2024,9059.31
14738,2025,11058.29
14738,2026,9128.36
14743,2023,1369.67
14743,2024,596.57
14743,2025,3167.0
14743,2026,4319.43
14757,2023,71409.07
14757,2024,101593.38
14757,2025,31178.84
14757,2026,12675.07
14762,2023,2901.48
14762,2024,516.95
14763,2023,10517.12
14763,2024,14565.18
14763,2025,19961.52
14763,2026,12364.82
14770,2023,46352.18
14770,2024,44328.73
14770,2025,40058.14
14770,2026,24171.86
14771,2023,207882.4
14771,2024,137203.01
14771,2025,395.63
14771,2026,251466.33
14776,2023,67033.36
14776,2024,60011.04
14776,2025,55329.41
14776,2026,57088.01
14781,2023,6092.75
14781,2024,2903.09
14781,2025,4533.73
14781,2026,394.38
14796,2023,31417.32
14796,2024,42370.01
14796,2025,25260.61
14796,2026,22502.38
14798,2023,22846.21
14798,2024,3627.37
14798,2025,2959.56
14798,2026,1682.0
14807,2023,103024.34
14807,2024,18515.49
14807,2025,11818.73
14807,2026,12392.23
14814,2023,39902.43
14814,2024,54938.98
14814,2025,47309.44
14814,2026,32685.52
14815,2023,1020.25
14815,2024,14588.72
14815,2025,1390.61
14815,2026,669.29
14816,2023,11028.25
14816,2024,2811.0
14816,2025,3961.0
14816,2026,300.0
14821,2023,6.0
14821,2024,69895.95
14821,2025,1965.51
14822,2023,24849.58
14822,2024,23127.17
14822,2025,14895.41
14822,2026,9965.07
14831,2023,1689.73
14831,2024,1181.18
14831,2025,1109.1
14831,2026,13028.61
14834,2024,15.0
14835,2023,10.0
14854,2023,3577.0
14854,2024,1190.0
14854,2025,3914.38
14854,2026,390.0
14860,2025,10053.61
14860,2026,15.0
14876,2024,3926.24
14876,2025,500.0
14877,2023,350.0
14877,2024,300.0
14877,2025,140.0
14881,2023,1356.13
14881,2024,356.3
14881,2025,7223.5
14885,2023,157.88
14885,2024,6059.45
14885,2025,30.98
14897,2023,122.63
14902,2023,326467.68
14902,2024,392059.36
14902,2025,410541.11
14902,2026,252175.27
14907,2023,18714.51
14907,2024,20226.34
14907,2025,8675.0
14907,2026,6.0
14926,2023,11017.45
14926,2024,4632.97
14926,2025,25940.26
14926,2026,4271.17
14934,2023,123356.16
14934,2024,24360.74
14934,2025,84902.89
14934,2026,25544.46
14955,2023,134133.75
14957,2023,5328.81
14957,2024,5462.16
14957,2025,3340.68
14957,2026,23413.92
14975,2023,31742.64
14975,2024,63550.56
14975,2025,57786.64
14975,2026,31597.67
14990,2023,1000.0
14990,2024,2200.0
15005,2023,22625.4
15005,2024,2564.47
15005,2025,51.41
15006,2023,39321.16
15006,2024,73115.91
15006,2025,53661.57
15006,2026,31974.02
15011,2023,117245.2
15011,2024,75016.24
15011,2025,26017.86
15011,2026,18741.98
15012,2023,21690.63
15012,2024,120960.02
15012,2025,10535.63
15012,2026,11989.6
15015,2023,17777.51
15015,2024,16117.24
15015,2025,64312.37
15017,2023,6792.92
15018,2023,419.28
15018,2024,419.45
15018,2025,7657.72
15018,2026,279.4
15019,2023,56354.56
15019,2024,2802.75
15019,2025,358.06
15021,2023,10336.78
15021,2024,10518.1
15021,2025,7191.98
15021,2026,4643.59
15025,2023,11176.54
15025,2024,37273.52
15025,2025,19850.6
15025,2026,7853.25
15031,2023,189293.49
15031,2024,113819.08
15031,2025,103693.2
15031,2026,73727.62
15045,2023,0.97
15051,2023,74706.95
15051,2024,50536.07
15051,2025,46187.39
15051,2026,29139.76
15052,2023,13380.03
15055,2023,4783.35
15055,2024,10259.46
15055,2025,3705.69
15055,2026,189.94
15057,2023,36218.7
15057,2024,51721.91
15057,2025,16291.01
15059,2023,21002.46
15059,2024,2360.45
15059,2025,4659.7
15059,2026,1572.4
15060,2023,32343.55
15060,2024,32366.48
15060,2025,34185.14
15060,2026,18945.05
15061,2023,15711.88
15061,2024,7953.03
15061,2025,10800.0
15061,2026,167.74
15063,2023,18908.31
15063,2024,50179.25
15063,2025,30244.32
15063,2026,15501.56
15065,2024,23645.98
15066,2023,47692.41
15066,2024,8026.57
15066,2025,2134.44
15066,2026,324.0
15071,2023,9947.14
15071,2024,4169.81
15071,2025,3874.28
15071,2026,910.63
15082,2023,3138.27
15082,2024,2041.24
15082,2025,23871.17
15082,2026,853.98
15084,2023,169168.09
15084,2024,175176.46
15084,2025,172261.09
15084,2026,419381.3
15089,2023,2737.41
15089,2024,11393.33
15089,2025,52485.09
15092,2023,14391.17
15092,2025,8349.18
15092,2026,950.0
15093,2023,24709.21
15093,2024,51683.52
15093,2025,29977.24
15107,2023,8551.54
15107,2024,21407.52
15107,2025,36869.6
15107,2026,93479.54
15109,2023,383.18
15109,2024,451.0
15109,2025,105.19
15109,2026,113003.11
15114,2023,70.99
15114,2024,35.0
15114,2025,60.0
15114,2026,40.0
15123,2023,36301.33
15123,2024,43356.36
15123,2025,28821.59
15123,2026,44915.63
15128,2023,1562.05
15128,2024,1736.61
15128,2025,2350.5
15128,2026,74301.29
15129,2023,10654.23
15129,2024,5381.88
15129,2025,7447.45
15129,2026,5436.54
15131,2023,109.45
15131,2024,119.4
15131,2025,896.57
15132,2023,211.95
15132,2024,250.0
15132,2025,650.0
15142,2023,3013.57
15142,2024,29172.1
15142,2025,2796.26
15142,2026,1401.54
15158,2023,20621.79
15158,2024,15248.53
15158,2025,11795.13
15158,2026,11894.45
15168,2025,548.4
15174,2023,2708.52
15174,2024,8170.2
15174,2025,8146.28
15174,2026,11864.21
15177,2023,30244.88
15177,2024,41610.29
15177,2025,56546.78
15177,2026,36122.74
15201,2023,127.36
15211,2023,3.35
15218,2023,4477.45
15223,2023,100.0
15223,2024,13525.75
15223,2026,5467.14
15236,2024,20687.29
15236,2025,3276.42
15236,2026,6975.1
15262,2023,2490.29
15262,2025,16281.36
15262,2026,980.27
15264,2023,1450.0
15264,2024,2650.0
15264,2025,2200.0
15264,2026,1880.0
15268,2023,304938.76
15268,2024,408233.3
15268,2025,468429.57
15268,2026,256377.0
15277,2023,13055.74
15277,2024,11160.93
15277,2025,31869.42
15277,2026,6503.22
15280,2023,85124.59
15280,2024,28263.41
15280,2025,29254.42
15280,2026,5931.76
15295,2023,13892.95
15295,2024,48843.72
15295,2025,7286.3
15295,2026,213014.12
15297,2023,81404.47
15297,2024,130876.83
15297,2025,146602.01
15297,2026,200110.64
15300,2023,475.93
15300,2024,816.13
15300,2025,3884.86
15300,2026,777.13
15308,2023,21736.85
15308,2024,4960.82
15308,2025,17986.27
15308,2026,2721.91
15312,2023,6083.37
15312,2025,25052.17
15312,2026,200.0
15314,2025,389.85
15315,2023,90120.41
15315,2024,8613.71
15315,2025,3277.75
15315,2026,2789.56
15316,2023,5754.79
15316,2024,5943.69
15319,2023,7583.98
15319,2024,8076.75
15319,2025,8383.74
15319,2026,26629.0
15320,2023,21554.6
15320,2024,510.96
15320,2025,15493.8
15320,2026,293.25
15324,2023,63534.35
15324,2024,3800.0
15324,2025,384.65
15329,2023,191255.98
15329,2024,1907.99
15329,2025,29360.98
15329,2026,2067.86
15331,2026,1631.32
15333,2023,113615.26
15333,2024,3276.91
15333,2025,345893.57
15333,2026,11660.35
15350,2023,112.5
15350,2024,57.5
15357,2023,118471.84
15357,2024,5170.64
15357,2025,9207.37
15357,2026,4803.82
15359,2023,50494.07
15361,2023,28959.51
15361,2024,4013.35
15361,2025,851.98
15361,2026,14150.0
15364,2023,41127.39
15366,2023,20204.33
15366,2024,9965.0
15366,2025,3660.23
15366,2026,1356.78
15376,2023,6443.12
15376,2024,10319.14
15376,2025,6017.47
15376,2026,11137.02
15392,2023,200.67
15392,2024,10833.33
15392,2025,1003.31
15392,2026,340.69
15395,2025,202.0
15395,2026,20.0
15409,2023,2556.81
15409,2024,466.93
15409,2025,1612.17
15409,2026,321.59
15421,2023,1236.94
15421,2024,28861.47
15421,2025,9695.0
15422,2023,8864.59
15422,2024,30.0
15422,2025,125.0
15423,2026,100.0
15426,2023,2762.74
15426,2024,7725.0
15426,2025,50.0
15426,2026,100.0
15429,2023,10538.79
15429,2024,59122.26
15429,2025,21953.96
15429,2026,7467.14
15430,2023,375.0
15430,2024,785.06
15431,2024,2876.93
15431,2025,192.0
15431,2026,60.0
15432,2023,17310.69
15432,2024,116060.87
15432,2025,8908.26
15432,2026,16843.89
15442,2023,284.27
15444,2023,1113.88
15444,2024,537.72
15444,2025,14578.25
15444,2026,18619.56
15451,2024,949.43
15451,2025,1024.0
15451,2026,78.0
15454,2023,66.07
15463,2023,9961.77
15463,2024,10676.34
15463,2025,11023.98
15463,2026,6875.61
15465,2023,136922.84
15465,2024,76137.33
15465,2025,178079.16
15465,2026,16719.88
15466,2023,1207.36
15466,2024,7100.56
15466,2025,5674.42
15466,2026,3686.59
15470,2023,13504.42
15470,2024,11990.77
15470,2025,14336.77
15470,2026,76002.22
15472,2023,8334.92
15472,2024,11851.74
15472,2025,11969.75
15472,2026,6918.72
15483,2023,23194.26
15483,2024,24155.57
15483,2025,20336.44
15483,2026,50208.13
15488,2023,86710.39
15488,2024,20903.2
15488,2025,2569.0
15488,2026,1440.0
15490,2023,38297.25
15490,2024,102634.87
15490,2025,70797.95
15490,2026,17995.92
15491,2023,7281.9
15491,2024,18.0
15491,2025,21.0
15491,2026,12.0
15498,2023,28572.85
15498,2024,41757.8
15498,2025,35697.67
15498,2026,18810.69
15506,2023,229.58
15519,2025,2244.98
15519,2026,24956.97
15523,2023,180.0
15523,2024,704.44
15530,2024,8000.0
15544,2023,74584.52
15544,2024,77943.7
15544,2025,64982.68
15544,2026,39290.08
15554,2023,16229.25
15554,2024,31383.13
15554,2025,23390.51
15554,2026,11659.62
15563,2023,403293.68
15563,2024,521283.03
15563,2025,1909607.63
15563,2026,368191.85
15567,2023,7649.9
15569,2023,265.0
15570,2023,229.7
15570,2024,60.0
15570,2025,25.0
15577,2023,18186.73
15577,2024,49898.94
15577,2025,18960.11
15577,2026,11420.85
15581,2023,10291.13
15581,2024,53968.58
15581,2025,26654.23
15581,2026,10760.81
15589,2023,44952.49
15589,2024,13868.77
15589,2025,76524.26
15589,2026,12750.15
15595,2023,59229.42
15595,2024,53187.25
15595,2025,16827.84
15604,2025,104054.87
15604,2026,65021.35
15609,2023,1319.73
15618,2023,5194.68
15618,2024,676.87
15618,2025,951.74
15618,2026,80358.88
15625,2023,7105.54
15625,2024,12095.17
15625,2025,13399.66
15625,2026,13452.37
15628,2025,10000.0
15628,2026,40.0
15630,2023,1307.87
15630,2024,13630.76
15630,2025,3201.4
15630,2026,2831.11
15632,2023,11756.85
15632,2024,3387.52
15632,2025,8759.61
15632,2026,360247.73
15636,2023,56571.67
15636,2024,2141.19
15636,2025,45342.72
15636,2026,1395.05
15637,2023,7809.94
15637,2024,9761.49
15637,2025,10910.7
15637,2026,8409.81
15674,2023,126.96
15680,2023,7663.57
15680,2024,1893.79
15692,2023,21382.44
15692,2024,3114.0
15692,2025,20213.58
15692,2026,1589.18
15700,2024,6690.99
15700,2025,109.01
15706,2023,7089.91
15706,2024,1205.13
15706,2025,3335.75
15709,2023,50983.38
15709,2024,73715.66
15709,2025,68505.55
15709,2026,35088.32
15710,2023,758323.52
15710,2024,900839.42
15710,2025,1085492.81
15710,2026,1364552.19
15711,2026,4707.46
15721,2023,46105.38
15721,2024,56885.87
15721,2025,54965.78
15721,2026,36203.33
15729,2023,1037.98
15736,2023,24.0
15736,2024,80.0
15736,2025,952.72
15740,2023,3889.61
15742,2023,2287.57
15742,2024,16039.42
15742,2025,8071.77
15742,2026,3813.71
15745,2023,6015.35
15745,2024,8955.39
15745,2025,11745.32
15745,2026,11935.66
15747,2024,1596.06
15748,2023,790.0
15751,2025,813.83
15772,2023,1089.67
15775,2023,6716.67
15775,2024,9306.08
15775,2025,8413.77
15775,2026,11192.28
15777,2023,2531.16
15779,2023,14086.49
15779,2024,21969.98
15779,2025,34507.99
15779,2026,18777.36
15782,2023,38326.95
15782,2024,42471.74
15782,2025,49629.45
15782,2026,34357.28
15786,2023,16864.53
15786,2024,3695.0
15786,2025,1015.68
15787,2023,32918.23
15787,2024,1405.95
15787,2025,180.0
15787,2026,808.91
15791,2024,22.17
15796,2023,8556.02
15796,2024,1255.72
15796,2025,11.0
15797,2023,9267.12
15797,2024,23241.2
15797,2025,28810.64
15797,2026,17989.32
15799,2023,14508.76
15799,2024,23633.44
15799,2025,35451.9
15799,2026,19942.83
15805,2023,10.0
15805,2026,3.0
15806,2023,7706.04
15806,2024,185954.99
15806,2025,33599.51
15807,2023,7074.89
15807,2024,7218.53
15807,2025,7335.26
15807,2026,7314.7
15809,2023,7465.48
15809,2024,5549.73
15809,2025,6011.48
15809,2026,14938.31
15814,2023,11778.25
15814,2024,34168.8
15814,2025,15177.55
15814,2026,16801.02
15815,2023,10742.43
15815,2024,3308.45
15815,2026,1131.24
15820,2023,5016.06
15820,2024,8638.2
15820,2025,2961.4
15820,2026,12773.53
15821,2023,18272.07
15821,2024,13449.55
15821,2025,14571.34
15821,2026,13772.88
15822,2024,121844.66
15822,2025,5387.41
15829,2023,19020.03
15829,2024,16720.75
15829,2025,21371.94
15829,2026,14668.97
15830,2023,31891.07
15830,2024,28959.96
15830,2025,27651.49
15830,2026,4018.79
15838,2023,29175.64
15838,2024,35773.06
15838,2025,39405.81
15838,2026,32163.89
15839,2023,11879.91
15839,2024,17508.83
15839,2025,16763.38
15839,2026,283102.51
15850,2023,94.38
15850,2024,7083.53
15850,2025,481.5
15850,2026,405.64
15865,2023,130308.31
15865,2024,137305.41
15865,2025,146242.95
15865,2026,93158.33
15875,2023,363.17
15875,2025,5.0
15877,2023,77833.88
15877,2024,49709.63
15877,2025,35571.55
15877,2026,28094.05
15879,2023,25.0
15879,2024,446.29
15879,2025,30.0
15886,2023,331.53
15887,2023,8991.27
15887,2025,6567.22
15888,2023,21.49
15888,2024,13741.21
15888,2025,710.92
15888,2026,5.0
15901,2023,11519.22
15901,2024,14313.95
15901,2025,9140.25
15901,2026,5263.75
15904,2023,12021.1
15904,2024,7778.88
15904,2025,8773.8
15904,2026,10504.69
15906,2023,163.96
15906,2024,15951.8
15906,2025,6.0
15906,2026,21.0
15911,2024,20717.83
15911,2025,730.96
15911,2026,8603.24
15924,2023,475.0
15924,2024,2650.0
15924,2025,780.0
15924,2026,700.0
15929,2025,6950.0
15930,2023,24917.21
15930,2024,29186.2
15930,2025,48168.89
15930,2026,20863.75
15931,2023,296474.61
15931,2024,867464.49
15931,2025,756872.19
15931,2026,691746.54
15934,2023,100533.52
15934,2024,126968.3
15934,2025,106635.07
15934,2026,77273.92
15938,2023,91973.88
15938,2024,110.0
15938,2025,36.68
15942,2023,160.0
15942,2024,430.0
15946,2023,15768.2
15946,2024,5288.89
15946,2025,10761.3
15946,2026,4575.92
15947,2023,180.0
15947,2024,180.0
15947,2025,3810.8
15947,2026,120.0
15952,2023,3480.97
15952,2024,260.0
15952,2025,800.0
15952,2026,1357.0
15954,2025,1000.0
15956,2023,42.58
15958,2023,1052.15
15958,2024,538.83
15958,2025,93353.24
15958,2026,6555.81
15960,2023,2783.8
15968,2023,479.43
15971,2023,9051.35
15971,2024,2613.57
15971,2025,2337.99
15971,2026,1456.92
15973,2023,7259.3
15973,2024,23602.04
15973,2025,5796.64
15973,2026,1840.35
15974,2023,6.36
15975,2023,1286.0
15975,2024,267.85
15975,2025,10909.47
15976,2023,33867.81
15976,2024,43680.32
15976,2025,39126.65
15976,2026,20592.38
15977,2023,9611.36
15977,2024,675.0
15978,2023,2925.0
15978,2024,2344.0
15978,2025,2030.0
15978,2026,506.23
15981,2023,6876.46
15981,2024,819.5
15981,2025,375.0
15981,2026,1804.0
15982,2023,3441.82
15982,2024,15478.64
15982,2025,4880.75
15982,2026,1386.62
15984,2023,520.75
15984,2024,225.0
15984,2025,240.0
15985,2026,6717.79
15986,2023,7931.33
15986,2024,3275.11
15986,2025,12351.92
15986,2026,3005.0
15989,2023,16649.61
15989,2024,1183.63
15989,2025,8821.27
15989,2026,802.44
15990,2025,2.52
15994,2023,2358.39
15994,2024,1005.5
15994,2025,1137.11
15994,2026,619.04
15995,2023,11624.03
15996,2023,253.0
15996,2024,1000.0
15996,2025,25.0
15996,2026,40.0
15998,2023,6785.16
15998,2024,224.7
15998,2025,4466.59
15998,2026,81408.03
15999,2023,1550.0
15999,2024,2760.31
16002,2023,112944.9
16002,2024,70465.29
16002,2025,142853.06
16002,2026,1015.38
16007,2023,10347.27
16007,2024,2330.23
16008,2023,9484.71
16008,2025,900.0
16008,2026,100.0
16009,2023,4988.93
16009,2024,6102.91
16009,2025,539.35
16009,2026,4224.36
16013,2024,547.0
16013,2025,3635.88
16013,2026,96.6
16015,2023,6462.42
16015,2024,2369.15
16015,2025,4048.86
16015,2026,490.0
16016,2023,1977.95
16016,2024,12444.92
16016,2025,107486.98
16016,2026,5968.39
16017,2023,689.02
16017,2026,49143.87
16019,2024,78209.57
16019,2025,2266.33
16019,2026,202.42
16020,2023,4933.48
16020,2024,381.31
16022,2024,58878.08
16022,2025,5611.38
16022,2026,1558.27
16023,2023,96.05
16023,2024,99519.46
16023,2025,5568.57
16023,2026,3304.89
16026,2023,359.88
16026,2024,359.88
16027,2023,5948.69
16029,2024,86.0
16030,2023,338.4
16030,2024,1160.6
16030,2025,5624.0
16033,2023,33279.76
16033,2024,30924.29
16033,2025,38629.17
16033,2026,52761.01
16045,2023,34527.4
16045,2024,9237.17
16045,2025,17115.51
16045,2026,15767.93
16049,2024,145.0
16049,2025,335.0
16049,2026,335.0
16056,2023,9161.0
16056,2024,1591.84
16061,2023,12786.0
16061,2024,7608.25
16061,2025,7337.0
16061,2026,2853.0
16063,2024,11466.78
16063,2025,1401.02
16063,2026,120.0
16067,2023,18207.99
16067,2026,131.51
16068,2023,6270.0
16068,2024,62932.66
16069,2023,27.83
16072,2023,40.0
16076,2023,400.0
16076,2024,100.0
16076,2026,134.0
16078,2023,3890.58
16078,2024,2635.0
16078,2025,2105.0
16078,2026,3297.46
16079,2023,1903.21
16083,2023,44993.26
16083,2024,300.0
16083,2025,300.0
16083,2026,200.0
16085,2023,71048.14
16085,2024,24274.77
16085,2025,58427.2
16085,2026,983.37
16086,2023,295.45
16087,2023,8631.01
16093,2023,16102.0
16093,2024,12796.62
16093,2025,41782.89
16093,2026,13235.0
16095,2023,16371.64
16095,2024,9374.26
16095,2025,3681.38
16096,2023,2149.33
16096,2024,115.52
16102,2023,4176.93
16102,2024,5685.0
16102,2025,13368.36
16102,2026,5414.67
16107,2023,9114.84
16107,2024,7036.08
16107,2025,59562.85
16107,2026,19289.55
16113,2023,1426.74
16113,2024,70.16
16122,2023,1128.82
16123,2023,5.0
16124,2024,26.8
16125,2023,1742.18
16125,2024,761.95
16125,2025,332.82
16134,2023,519.1
16134,2024,516.25
16138,2023,50384.09
16138,2024,30259.47
16138,2025,45316.83
16138,2026,118.98
16141,2023,35316.78
16141,2024,2927.61
16141,2025,424.36
16141,2026,366.72
16145,2023,5170.3
16145,2024,2155.0
16145,2025,3638.03
16145,2026,1063.4
16146,2023,25391.62
16146,2024,34147.9
16146,2025,23310.35
16146,2026,4185.16
16149,2025,306.0
16149,2026,124.0
16152,2023,5352.45
16152,2024,634.79
16152,2025,5156.38
16152,2026,814.31
16153,2023,11177.14
16153,2024,10.0
16153,2025,6648.09
16153,2026,1000.0
16157,2023,4383.49
16157,2024,3333.76
16157,2025,8424.71
16157,2026,1330.54
16159,2023,217.17
16159,2024,618.96
16159,2025,150.0
16159,2026,446.0
16164,2023,256.11
16165,2025,84.8
16165,2026,129.94
16166,2023,22307.45
16166,2024,66630.6
16166,2025,24730.64
16166,2026,12155.85
16171,2024,67.31
16173,2023,3.78
16174,2023,299.63
16174,2024,174.85
16178,2025,1844.2
16188,2024,337.31
16188,2025,15466.32
16188,2026,30.0
16191,2023,16152.65
16191,2024,865.03
16191,2025,12539.47
16191,2026,365.56
16193,2023,2522.32
16193,2025,3644.36
16195,2023,479.0
16195,2024,14067.58
16195,2025,158102.21
16195,2026,23499.7
16199,2023,394.05
16199,2024,18.0
16203,2023,9827.02
16203,2024,117224.9
16203,2025,59320.39
16203,2026,4192.65
16210,2023,100.0
16222,2023,485.5
16222,2024,169.5
16224,2023,1750.0
16226,2023,0.64
16235,2023,8862.63
16235,2024,9385.44
16235,2025,9915.64
16235,2026,36217.57
16239,2023,63.72
16239,2024,40.0
16239,2025,357.85
16239,2026,1200.67
16243,2025,71413.15
16243,2026,2124.22
16252,2023,9503.16
16266,2023,40128.33
16266,2024,1329.34
16266,2025,166.5
16266,2026,330.0
16269,2024,33486.2
16283,2023,238.0
16283,2024,149.0
16283,2025,6.0
16288,2023,40.0
16288,2024,1251.6
16291,2023,3912.61
16291,2024,8133.92
16291,2025,6156.42
16291,2026,2849.23
16293,2023,10959.19
16293,2024,14109.93
16293,2025,14653.72
16293,2026,10424.65
16298,2023,10580.05
16298,2024,4077.54
16298,2025,722.39
16298,2026,1265.4
16299,2023,95.98
16300,2023,115094.44
16300,2024,286180.37
16300,2025,109954.24
16300,2026,80665.16
16302,2023,241.14
16302,2024,100.0
16302,2025,302.97
16302,2026,292.97
16304,2023,4250.72
16304,2024,52922.46
16304,2025,1121.52
16304,2026,112.64
16311,2023,2951.45
16311,2025,15.0
16311,2026,5.0
16314,2023,87642.36
16314,2024,132316.54
16314,2025,108039.42
16314,2026,73998.47
16317,2023,40155.9
16317,2024,72480.3
16317,2025,44213.83
16317,2026,25357.36
16321,2023,4115.97
16321,2024,6304.34
16321,2025,5373.99
16321,2026,474.72
16324,2023,39900.84
16324,2024,47416.2
16324,2025,36127.97
16324,2026,21596.64
16341,2023,1614.62
16341,2024,2908.84
16341,2025,44637.2
16341,2026,1745.88
16349,2023,39728.89
16349,2024,98.99
16360,2023,10811.26
16360,2024,5392.95
16360,2025,3184.15
16360,2026,8113.5
16366,2023,3710.1
16366,2024,29015.66
16366,2025,2171.64
16366,2026,6034.9
16369,2023,5061.28
16369,2024,421.8
16369,2025,125.0
16369,2026,135.0
16370,2023,3031.09
16370,2024,2627.09
16370,2025,3518.75
16370,2026,2921.71
16372,2023,6107.64
16372,2024,5789.02
16372,2025,6029.56
16372,2026,2630.54
16376,2023,2100.0
16376,2025,17.47
16378,2025,51925.32
16378,2026,450.0
16381,2023,449.19
16382,2023,134.85
16387,2024,475.0
16391,2023,10957.8
16391,2024,107.2
16391,2025,40.0
16391,2026,40.0
16394,2023,175.0
16394,2024,100.0
16394,2025,102.0
16407,2023,29367.5
16407,2024,448179.12
16407,2025,55144.07
16407,2026,29080.47
16408,2023,14265.76
16408,2024,16408.91
16408,2025,40196.84
16408,2026,11286.67
16410,2026,72890.01
16411,2023,12.0
16411,2024,6.0
16411,2025,14.0
16411,2026,35.0
16415,2023,713.84
16417,2023,13485.2
16417,2024,4974.96
16417,2025,8269.01
16417,2026,5837.42
16423,2024,733.33
16423,2025,95.0
16423,2026,456.95
16437,2024,4.78
16441,2023,20365.13
16441,2024,128783.98
16441,2025,10359.14
16441,2026,84603.79
16445,2023,60.0
16445,2024,4367.0
16445,2025,279.86
16458,2024,42372.04
16458,2025,1675.03
16458,2026,12742.3
16459,2023,3093.15
16459,2024,1125.49
16459,2025,92.34
16472,2024,16890.01
16472,2025,621.99
16503,2023,210.0
16503,2025,102585.53
16503,2026,950.0
16505,2023,32939.24
16505,2024,57982.04
16505,2025,6725.77
16505,2026,2879.69
16509,2026,391.88
16513,2023,3291.91
16513,2024,2031.96
16513,2025,1375.63
16513,2026,3445.84
16516,2023,1248.81
16519,2023,33285.16
16519,2024,4537.95
16519,2025,75323.05
16519,2026,1980.0
16521,2023,1176.73
16521,2024,1165.62
16521,2025,1168.97
16521,2026,918.08
16524,2023,444.56
16526,2023,619.65
16530,2023,986.54
16530,2024,1232.95
16530,2025,2503.52
16536,2023,23552.3
16536,2024,2651.08
16536,2025,21545.36
16536,2026,32507.45
16537,2023,3000.0
16537,2024,250.0
16538,2023,429.4
16538,2024,439.19
16538,2025,82.86
16539,2023,116.97
16540,2025,1500.65
16543,2023,1218.46
16543,2024,2683.61
16543,2025,3226.47
16543,2026,1189.87
16544,2023,784.37
16556,2023,34560.2
16556,2024,6519.45
16556,2025,43455.29
16556,2026,2323.12
16559,2024,1851.95
16562,2023,920.13
16566,2023,360.36
16566,2024,221.76
16567,2025,1188.92
16570,2023,2086.33
16570,2024,1604.17
16570,2025,2966.87
16570,2026,3948.26
16571,2023,22882.41
16571,2024,1268.19
16571,2025,543.25
16571,2026,238.0
16572,2023,12442.53
16572,2024,937.74
16572,2025,499.25
16576,2023,110243.75
16576,2024,18621.34
16576,2025,19580.0
16576,2026,1583.64
16580,2023,100.0
16583,2023,53.91
16592,2023,11645.88
16592,2024,15882.36
16592,2025,17048.36
16592,2026,8815.94
16595,2023,200.0
16598,2023,142.28
16601,2023,62201.4
16601,2024,771.68
16602,2023,1686.92
16602,2024,1270.24
16602,2025,782.05
16602,2026,905.2
16605,2023,43.28
16605,2024,50.0
16605,2025,60.0
16605,2026,40.0
16607,2023,96.0
16607,2024,24.0
16610,2025,26973.02
16610,2026,200.12
16613,2023,11166.27
16613,2024,1077.44
16613,2025,7611.62
16613,2026,301.0
16615,2025,10145.4
16618,2023,1923.82
16618,2024,5105.93
16618,2025,1764.83
16618,2026,44552.77
16625,2023,23016.23
16625,2024,38230.66
16625,2025,20521.32
16625,2026,17846.48
16632,2023,187.5
16632,2025,187.5
16632,2026,281.25
16633,2025,702.9
16638,2024,632.88
16653,2023,3426.91
16653,2024,10041.75
16653,2025,8389.15
16653,2026,9323.76
16658,2023,61.9
16660,2024,2167.35
16662,2023,13769.88
16662,2024,5705.19
16662,2025,2062.2
16662,2026,776.39
16664,2023,5171.2
16664,2024,941.19
16664,2025,6636.18
16664,2026,3160.0
16666,2023,160.0
16668,2023,164.37
16668,2024,65530.55
16668,2025,3728.48
16676,2023,4199.55
16677,2023,2560.0
16677,2024,5093.73
16682,2024,3500.0
16682,2026,5433.89
16684,2025,40975.0
16687,2023,412.5
16687,2025,12170.9
16687,2026,250.0
16694,2023,16637.08
16696,2023,36824.82
16696,2024,113331.41
16696,2025,16767.32
16696,2026,36947.43
16699,2023,11289.14
16699,2024,35.0
16699,2025,15.0
16699,2026,4.3
16707,2025,3258.8
16711,2023,200.0
16711,2024,10.0
16720,2023,35.17
16726,2023,295.45
16726,2024,556.06
16726,2025,4203.62
16726,2026,225.28
16733,2023,2094.39
16733,2024,56810.54
16733,2025,10909.4
16733,2026,28442.19
16737,2023,9857.19
16739,2023,5801.42
16739,2024,297.81
16739,2025,1040.57
16742,2023,34305.63
16742,2024,40641.99
16742,2025,22170.96
16742,2026,14762.51
16747,2023,18422.02
16747,2024,364.6
16747,2025,10174.53
16747,2026,6395.6
16756,2023,2388.4
16764,2023,116.98
16764,2024,18.48
16766,2023,22671.16
16766,2024,3787.03
16766,2025,319.59
16766,2026,1383.8
16769,2023,147.82
16778,2023,600.85
16778,2024,20.0
16778,2025,60.0
16778,2026,40.0
16779,2023,3127.97
16779,2024,384.0
16779,2025,379.26
16785,2023,3057.3
16785,2024,6561.45
16785,2025,517.28
16785,2026,339.49
16796,2025,17669.51
16799,2023,2281.75
16799,2025,2434.34
16799,2026,1993.87
16801,2025,2431.75
16801,2026,68.25
16802,2023,1816.77
16802,2024,1220.23
16802,2025,14570.95
16807,2023,2201.2
16813,2025,740.69
16813,2026,100.0
16816,2023,6343.22
16816,2024,125.0
16816,2025,233.77
16818,2023,707.93
16831,2023,36134.03
16831,2026,250.0
16835,2023,225386.61
16835,2024,86832.67
16835,2025,197092.12
16835,2026,141506.56
16836,2023,41.93
16836,2024,75.5
16836,2025,2800.42
16836,2026,27.95
16837,2026,745.79
16838,2023,9012.31
16838,2024,19063.11
16838,2025,27711.54
16838,2026,20047.62
16839,2023,1704.45
16839,2024,1665.75
16839,2025,3884.99
16839,2026,500.0
16853,2023,3519.39
16853,2024,16507.65
16853,2025,3530.72
16853,2026,3986.14
16856,2023,426.93
16862,2023,935.04
16862,2024,200.0
16864,2023,18.07
16867,2023,3731.14
16867,2024,4962.49
16867,2025,4352.31
16867,2026,2531.09
16872,2023,3214.65
16876,2023,200.0
16876,2025,100.0
16878,2023,4338.5
16878,2024,25339.21
16878,2025,3744.49
16878,2026,3454.87
16879,2023,25.0
16883,2023,62185.05
16883,2024,75697.34
16883,2025,26564.51
16883,2026,14415.67
16884,2023,10775.23
16889,2023,11488.14
16889,2024,37775.77
16889,2025,295.4
16891,2023,37634.32
16891,2024,38078.22
16891,2025,238473.87
16891,2026,9554.46
16893,2023,31284.18
16893,2024,101633.0
16893,2025,32835.77
16893,2026,27158.04
16894,2023,15813.35
16897,2023,355.5
16897,2025,90.7
16901,2024,11682.21
16901,2025,586.1
16901,2026,379.69
16905,2023,24847.83
16905,2024,22569.89
16905,2025,28378.09
16905,2026,15640.55
16908,2023,5490.85
16916,2023,26228.36
16916,2025,3133.44
16916,2026,12295.64
16919,2023,4234.93
16919,2024,1054.61
16919,2025,71.0
16919,2026,64.0
16927,2023,2390.46
16927,2024,1569.65
16927,2025,1995.8
16927,2026,2404.56
16929,2023,2144.45
16929,2024,1776.58
16929,2025,444.75
16930,2023,7690.51
16930,2024,20551.01
16930,2025,3486.72
16930,2026,222.27
16939,2023,30.0
16942,2023,17460.33
16942,2024,20217.44
16942,2025,28744.17
16942,2026,12505.37
16946,2023,50.0
16946,2024,587.0
16946,2025,531.73
16946,2026,10171.17
16957,2023,3791.49
16957,2024,10083.51
16957,2025,4765.92
16957,2026,66856.18
16962,2023,15624.64
16962,2024,22826.86
16962,2025,23383.6
16962,2026,65046.84
16963,2023,830.31
16963,2025,800.0
16963,2026,53291.27
16967,2023,20471.42
16967,2024,21857.54
16967,2025,26304.52
16967,2026,20273.19
16971,2023,20888.65
16971,2024,24379.66
16971,2025,29702.47
16971,2026,11944.91
16978,2026,82527.88
16979,2026,8204.0
16980,2023,4898.32
16980,2024,10087.27
16980,2025,6400.98
16980,2026,3886.68
16987,2023,60274.39
16987,2024,123157.93
16987,2025,106620.81
16987,2026,76016.46
16990,2025,2237.91
16991,2023,964.87
16995,2023,229.0
16995,2025,300.99
16997,2023,10544.45
17001,2023,1750.64
17001,2024,5236.24
17001,2025,104595.46
17001,2026,952.97
17003,2023,7494.61
17003,2024,13324.97
17003,2025,35429.81
17003,2026,4363.82
17008,2023,2315.0
17008,2024,32344.23
17008,2025,1767.0
17008,2026,442.0
17016,2023,11702.26
17016,2024,56803.55
17016,2025,25682.05
17016,2026,28084.83
17028,2023,70825.2
17028,2024,61504.12
17028,2025,59125.47
17028,2026,47616.82
17034,2023,12.75
17034,2024,12.75
17034,2025,94.23
17034,2026,25.0
17039,2023,28104.76
17039,2024,39689.56
17039,2025,27657.98
17039,2026,18737.13
17040,2023,55.96
17042,2024,5027.0
17042,2025,73.0
17043,2023,920.0
17043,2024,15186.41
17043,2025,2192.79
17043,2026,757.0
17050,2024,903.1
17050,2026,6.0
17051,2023,29.9
17061,2023,30.0
17065,2025,3079.18
17065,2026,702.14
17077,2023,76.5
17077,2024,100.0
17077,2025,1722.25
17077,2026,743.25
17089,2025,2969.5
17092,2023,178152.51
17092,2024,67364.3
17092,2025,175023.22
17092,2026,43913.47
17099,2023,20461.41
17099,2024,1092.46
17099,2025,18920.93
17099,2026,2039.88
17101,2025,1664.52
17105,2023,55272.85
17105,2024,7164.75
17105,2025,904.89
17107,2023,16639.61
17111,2023,39294.32
17111,2024,18613.5
17111,2025,36173.43
17111,2026,12267.14
17118,2023,61730.37
17118,2024,126956.59
17118,2025,109851.86
17118,2026,68552.53
17119,2023,76382.6
17119,2024,44207.45
17119,2025,36685.82
17119,2026,10215.19
17123,2023,1649.22
17123,2024,39.49
17123,2025,9610.86
17123,2026,77.37
17124,2023,26084.7
17124,2024,225.0
17125,2025,5435.29
17125,2026,43.6
17126,2023,28853.26
17126,2024,810.52
17126,2025,28518.98
17126,2026,885.34
17128,2023,5370.99
17128,2024,6249.84
17128,2025,6699.19
17128,2026,5945.08
17130,2023,607.71
17132,2023,16431.71
17132,2024,735.88
17132,2025,2012.86
17141,2023,37845.36
17141,2024,1514.22
17141,2025,25159.06
17141,2026,3.0
17143,2023,3708.18
17143,2024,3580.86
17143,2025,3773.98
17143,2026,2318.05
17146,2023,30507.0
17146,2024,1047.01
17146,2025,37034.21
17146,2026,978.79
17154,2023,213.43
17157,2023,2726.26
17157,2024,315.0
17157,2025,6146.67
17157,2026,1403.0
17162,2023,3775.43
17162,2024,6850.1
17162,2025,5641.94
17162,2026,2885.07
17163,2023,69631.62
17163,2024,1851.68
17163,2025,770.75
17163,2026,491.76
17164,2023,15031.09
17164,2024,3389.86
17164,2025,2401.61
17164,2026,1492.19
17166,2023,3873.88
17166,2024,273.93
17166,2025,170.0
17166,2026,80.0
17168,2023,31189.56
17168,2024,97594.33
17168,2025,6367.1
17168,2026,18284.89
17173,2023,70513.82
17173,2024,3442.52
17173,2025,6792.49
17173,2026,1373.35
17174,2023,3484.08
17174,2024,1137.7
17177,2023,10631.24
17177,2024,866.64
17180,2023,3435.98
17180,2024,22933.82
17180,2025,8416.72
17180,2026,86.97
17181,2023,10.0
17181,2024,15.0
17185,2023,10864.49
17185,2024,1899.6
17185,2025,3215.51
17185,2026,2400.78
17188,2024,36243.18
17188,2025,425.35
17191,2023,27492.45
17191,2024,367.4
17191,2025,358.58
17191,2026,119.58
17192,2023,45923.12
17192,2024,2731.63
17192,2025,2704.68
17192,2026,3422.03
17199,2023,8862.56
17199,2024,187.17
17199,2025,200.0
17199,2026,100.0
17203,2023,665.91
17203,2024,105.24
17206,2023,34255.08
17206,2024,22268.82
17206,2025,47863.54
17206,2026,189946.66
17207,2023,306426.59
17207,2024,167129.93
17207,2025,125222.6
17207,2026,20226.3
17208,2023,22705.75
17208,2024,20788.93
17208,2025,10531.41
17208,2026,14961.45
17210,2023,2129.07
17211,2023,38010.05
17211,2024,19937.5
17212,2023,10104.06
17212,2024,101.34
17215,2025,8403.25
17215,2026,111.0
17226,2023,17448.0
17226,2024,1256.86
17226,2025,3847.85
17226,2026,495.57
17233,2025,103.0
17233,2026,103.0
17245,2023,241.61
17248,2023,1785.05
17248,2024,3912.54
17248,2025,2322.93
17248,2026,2062.0
17252,2023,606.93
17252,2024,806.95
17253,2024,49959.25
17253,2025,242.03
17254,2023,563.52
17254,2025,390.0
17259,2023,29053.32
17259,2024,3283.16
17259,2025,39760.14
17259,2026,1035.92
17260,2023,4173.62
17269,2023,6743.13
17269,2025,193.69
17269,2026,5034.58
17276,2023,21036.06
17276,2024,1862.35
17276,2025,1719.8
17276,2026,647.2
17284,2023,45.99
17285,2024,63203.25
17285,2025,120.0
17285,2026,80.0
17288,2023,22435.34
17288,2024,3288.52
17288,2025,27229.44
17288,2026,1500.53
17289,2023,16226.61
17289,2024,761.12
17289,2025,10482.57
17289,2026,730.79
17291,2023,1395.69
17291,2025,1449.23
17297,2023,9479.84
17297,2024,762.71
17297,2025,12844.32
17297,2026,14924.78
17306,2023,4276.67
17306,2025,1914.45
17309,2023,323.0
17315,2025,4571.19
17315,2026,476.07
17320,2023,142.29
17321,2023,751.81
17329,2023,4653.48
17329,2025,7799.8
17329,2026,90.0
17340,2023,6243.0
17340,2024,1798.12
17340,2025,10356.1
17340,2026,58.64
17343,2025,135.65
17345,2023,20.0
17345,2024,60.0
17345,2025,15.0
17347,2023,2541.46
17347,2025,30.58
17352,2023,580.97
17352,2024,157.71
17352,2025,223.24
17352,2026,125.0
17360,2023,11608.12
17360,2024,86.72
17360,2025,171.0
17360,2026,65.0
17361,2023,1350.59
17361,2024,22.17
17361,2025,55.0
17369,2023,2074.43
17377,2023,38.79
17377,2025,65.0
17377,2026,40.0
17381,2023,923.4
17381,2024,15.0
17383,2023,551.08
17384,2023,8726.15
17384,2024,280.26
17384,2025,953.25
17384,2026,1044.48
17385,2024,36979.29
17385,2025,39400.23
17385,2026,2590.43
17387,2023,50.56
17390,2024,103237.79
17390,2025,470.58
17390,2026,44.38
17394,2023,10557.59
17394,2024,66396.62
17394,2025,23557.08
17394,2026,13370.7
17401,2023,214.87
17401,2024,77370.61
17401,2025,13352.04
17401,2026,10804.09
17403,2023,22746.02
17403,2024,5956.3
17403,2025,37317.73
17403,2026,13631.17
17405,2023,2175.0
17408,2023,27828.84
17408,2024,16546.51
17408,2025,28585.43
17408,2026,224445.58
17409,2023,65.0
17409,2024,60.0
17409,2025,40.0
17409,2026,10.0
17410,2023,87.12
17413,2023,389.1
17413,2024,6674.24
17413,2025,11745.0
17413,2026,6524.68
17415,2024,63338.45
17415,2025,212.5
17415,2026,1944.05
17416,2023,35.55
17416,2024,1512.48
17418,2023,6132.54
17418,2024,31652.03
17418,2025,10951.47
17418,2026,9396.88
17420,2026,6.0
17425,2024,129719.55
17425,2025,18334.54
17425,2026,7840.32
17429,2023,1521.72
17429,2024,1521.72
17431,2023,1877.58
17431,2024,123.42
17436,2023,3344.03
17436,2024,54726.02
17436,2025,7268.48
17436,2026,210741.29
17437,2023,15.0
17437,2024,57836.35
17437,2025,3040.46
17437,2026,8718.28
17439,2023,16740.89
17439,2024,26683.11
17439,2025,20180.35
17439,2026,12082.54
17446,2023,25.0
17446,2024,614.57
17452,2023,18359.13
17452,2024,96.06
17453,2024,572.33
17455,2023,1871.59
17455,2024,3600.06
17455,2025,3571.24
17455,2026,3084.85
17457,2023,40311.44
17457,2024,102580.11
17457,2025,66551.58
17457,2026,24535.12
17460,2023,350.0
17460,2025,15.0
17460,2026,195.73
17462,2023,727.56
17463,2024,938.39
17465,2023,1766.44
17465,2024,1102.77
17465,2025,540.51
17465,2026,15.81
17468,2023,5838.71
17472,2023,152.75
17472,2024,203.75
17472,2025,50.0
17472,2026,40.0
17473,2023,100.0
17474,2023,22307.93
17474,2024,32664.02
17474,2025,29572.83
17474,2026,21121.04
17475,2023,116.07
17475,2026,357.8
17478,2023,21400.53
17478,2024,43600.06
17478,2025,48116.85
17478,2026,35504.0
17482,2023,60.0
17482,2024,30.0
17482,2025,35.0
17482,2026,40.0
17483,2023,16837.18
17483,2024,26472.98
17483,2025,25234.99
17483,2026,13949.49
17485,2023,134.5
17488,2023,17391.22
17488,2024,29379.29
17488,2025,37295.13
17488,2026,22644.79
17491,2023,9323.23
17491,2024,42384.83
17491,2025,10565.04
17491,2026,5984.43
17494,2024,814.99
17494,2025,962.5
17494,2026,456.25
17496,2023,21386.21
17496,2024,1633.37
17496,2025,16521.22
17496,2026,579.65
17498,2024,201.36
17499,2023,6196.74
17499,2024,4734.41
17499,2025,68288.0
17499,2026,117202.76
17501,2023,309.0
17501,2024,238.61
17502,2023,120.0
17502,2024,20.0
17503,2023,1950.0
17509,2023,32206.6
17509,2024,76518.98
17509,2025,43930.17
17509,2026,21632.79
17511,2023,13783.42
17511,2024,9849.99
17511,2025,9339.16
17511,2026,64947.91
17513,2023,110.23
17515,2023,180.0
17515,2024,180.0
17515,2025,4009.13
17520,2023,28251.78
17520,2024,1990.09
17520,2025,851.46
17520,2026,419.71
17522,2024,2161.33
17522,2025,12.65
17524,2023,15197.94
17524,2024,409.33
17524,2026,20.0
17528,2023,48.3
17528,2024,15240.13
17529,2023,400.0
17529,2024,100.0
17529,2025,100.0
17532,2024,20.0
17532,2025,5.0
17540,2023,314.08
17540,2024,5.62
17540,2026,141.0
17546,2023,1424.78
17547,2023,5412.82
17550,2023,68648.17
17550,2024,65215.72
17550,2025,130319.78
17550,2026,55050.97
17554,2026,33170.12
17555,2023,42944.42
17555,2024,1714.25
17557,2026,12.0
17567,2023,35.0
17569,2023,87927.97
17569,2024,45425.96
17569,2025,734.89
17569,2026,95.0
17570,2023,15.0
17571,2023,8745.13
17571,2024,1382.7
17571,2025,6626.86
17571,2026,2907.09
17572,2023,120.0
17572,2024,789.48
17576,2023,10723.12
17576,2024,120.0
17576,2025,110.66
17577,2023,19705.56
17577,2024,2854.13
17577,2025,1818.86
17577,2026,70.7
17580,2023,646.63
17580,2024,584.44
17580,2025,306.04
17581,2023,369.72
17581,2024,1115.52
17583,2023,11.84
17585,2023,171.55
17585,2024,556.73
17586,2023,24.0
17586,2024,24.0
17586,2025,15114.52
17586,2026,49.13
17587,2023,1337.89
17587,2024,1254.07
17587,2025,944.15
17587,2026,549.6
17589,2023,34.31
17590,2023,7231.16
17591,2023,89295.46
17591,2024,2146.29
17592,2023,10765.32
17592,2024,4397.98
17592,2025,8514.2
17592,2026,17284.21
17593,2023,18979.09
17593,2024,552.96
17593,2025,200.0
17593,2026,500.0
17595,2023,369.21
17596,2023,96101.34
17596,2024,49662.72
17596,2025,2367.39
17600,2023,28379.98
17600,2024,309889.04
17600,2025,54194.92
17600,2026,143586.37
17601,2023,5858.42
17601,2024,10445.33
17601,2025,73169.81
17601,2026,13815.46
17602,2023,60.0
17602,2024,1853.9
17603,2023,1549.03
17604,2023,32061.31
17604,2024,1957.16
17604,2025,1617.48
17604,2026,7135.96
17605,2023,35.0
17605,2024,251.33
17605,2025,63029.24
17606,2023,5832.27
17606,2024,3898.39
17606,2025,3813.37
17606,2026,5458.1
17608,2023,84.0
17608,2024,23.0
17609,2023,183.75
17610,2023,937.38
17610,2024,305.54
17610,2025,40.0
17610,2026,40.0
17613,2023,872.47
17614,2023,3084.66
17614,2024,47137.45
17614,2025,1857.83
17614,2026,1875.38
17617,2023,30894.3
17617,2024,7269.99
17617,2025,17085.42
17617,2026,8477.38
17632,2023,19.99
17632,2024,558.56
17632,2025,30.0
17633,2023,602.68
17635,2023,5402.23
17635,2024,563.64
17635,2025,77.05
17635,2026,369.87
17644,2023,20.0
17644,2024,116.56
17644,2025,180.0
17644,2026,1173.1
17647,2023,3610.31
17647,2024,1292.18
17647,2025,250.0
17647,2026,1500.0
17648,2023,104694.9
17648,2024,11512.86
17648,2025,225.46
17648,2026,125.0
17649,2023,10904.96
17649,2024,7853.28
17649,2025,9344.76
17649,2026,2272.3
17654,2023,65.98
17654,2024,65.0
17654,2025,60.0
17654,2026,40.0
17656,2023,4887.31
17656,2024,4202.58
17656,2025,95297.76
17656,2026,1550.96
17661,2023,192.0
17661,2024,192.0
17661,2025,28063.93
17661,2026,165.19
17663,2023,2564.23
17663,2024,1323.68
17663,2025,6079.9
17663,2026,200.0
17668,2023,2325.46
17669,2023,279232.6
17669,2024,141612.93
17669,2025,343038.74
17669,2026,78751.3
17670,2023,29486.03
17670,2024,41953.48
17670,2025,31661.45
17670,2026,19536.69
17672,2023,2785.1
17672,2024,4190.66
17672,2025,179.0
17672,2026,6.0
17673,2023,10352.33
17673,2024,3758.2
17673,2025,166636.28
17673,2026,7155.01
17677,2023,6125.0
17677,2024,5709.81
17677,2025,954.69
17677,2026,326.87
17678,2026,1885.92
17680,2023,6338.73
17680,2024,5729.96
17680,2025,9635.89
17680,2026,3868.5
17681,2023,20909.27
17684,2023,32731.52
17684,2024,3958.33
17684,2025,17353.82
17684,2026,2237.04
17685,2023,107.9
17686,2023,2367.6
17690,2023,394.5
17691,2023,575.35
17692,2023,762.75
17692,2024,408.21
17693,2023,4257.53
17693,2024,10.0
17693,2026,5.0
17695,2023,22339.84
17695,2024,421.07
17695,2025,20.0
17699,2023,13012.24
17699,2024,473.63
17699,2025,505.76
17703,2023,131860.11
17703,2024,32956.64
17703,2025,27204.63
17704,2023,15.0
17706,2023,1791.39
17706,2024,1215.0
17706,2025,419.92
17709,2023,60.0
17709,2024,74.0
17709,2025,84.0
17709,2026,57.0
17712,2023,5978.74
17712,2024,7789.39
17712,2025,46372.9
17712,2026,26558.08
17713,2023,1319.93
17715,2023,87.25
17717,2023,353.03
17717,2024,40.0
17717,2025,60.0
17717,2026,40.0
17719,2025,13874.28
17721,2023,5.0
17726,2023,1027.4
17726,2025,1000.0
17727,2023,4591.46
17727,2024,137.92
17728,2023,600.0
17731,2023,7056.45
17731,2024,305.95
17731,2025,3960.37
17731,2026,850.0
17734,2023,520.0
17734,2024,120.0
17734,2025,120.0
17734,2026,80.0
17736,2023,7500.0
17736,2025,2500.0
17738,2023,40.0
17739,2023,1088.8
17739,2024,13.0
17739,2025,5.0
17739,2026,10.0
17742,2023,375.0
17743,2023,5.0
17743,2024,55.0
17743,2025,2086.29
17743,2026,251.61
17747,2023,100.0
17748,2023,6640.4
17749,2023,170.67
17750,2023,1703.48
17750,2026,60.96
17751,2023,1504.75
17751,2024,342.5
17751,2025,29442.7
17751,2026,1040.0
17755,2023,11614.64
17755,2024,3081.68
17755,2025,3012.53
17755,2026,2265.56
17757,2023,4302.38
17757,2024,1286.31
17757,2025,5434.02
17757,2026,413.0
17758,2023,1656.2
17758,2024,1306.47
17761,2023,774.24
17761,2024,60.0
17761,2025,84.0
17761,2026,57.0
17762,2023,2531.8
17763,2023,4325.65
17763,2024,435.61
17766,2023,1632.18
17770,2025,1837.72
17770,2026,200.0
17774,2023,5794.9
17775,2023,1164.39
17776,2023,3441.35
17776,2024,3474.31
17776,2025,2238.11
17776,2026,5241.73
17781,2023,7770.56
17781,2024,612.95
17781,2025,113.04
17781,2026,237.88
17782,2023,14364.93
17782,2024,482.15
17782,2025,5429.83
17784,2023,15787.86
17785,2023,36.0
17787,2023,17068.26
17787,2025,23478.06
17787,2026,407.25
17788,2023,3504.5
17788,2024,10.0
17788,2025,25.0
17791,2024,3011.11
17791,2025,69618.51
17791,2026,2283.76
17792,2023,324.62
17792,2024,197.19
17792,2025,17.81
17794,2023,2312.15
17794,2024,1754.85
17794,2025,3853.04
17794,2026,301.09
17795,2023,16173.81
17795,2024,698.66
17795,2025,10166.99
17795,2026,47686.34
17797,2023,362.32
17797,2024,120.0
17797,2025,130.0
17797,2026,120.0
17805,2023,1270.66
17809,2023,2252.05
17809,2024,494.33
17809,2025,1074.18
17809,2026,1093.85
17811,2023,10.0
17811,2025,2186.88
17811,2026,369.42
17813,2023,100.96
17814,2023,14468.45
17814,2024,28642.73
17814,2025,35126.74
17814,2026,17643.79
17815,2023,20519.38
17815,2024,100.0
17815,2025,3367.94
17819,2023,34.96
17819,2024,61.0
17819,2025,40.0
17822,2023,2777.98
17822,2024,845.99
17822,2025,4603.14
17823,2023,203.73
17825,2023,24.0
17825,2024,22.0
17825,2025,24.0
17825,2026,16.0
17827,2023,8878.75
17827,2024,585.59
17827,2025,7301.56
17827,2026,2478.12
17828,2023,321.79
17830,2024,539.11
17836,2026,1127.97
17837,2023,265.64
17838,2023,79.71
17839,2024,20.0
17839,2025,27934.1
17839,2026,26.92
17842,2023,71.99
17842,2024,127.9
17851,2024,157.17
17852,2026,32687.33
17857,2023,6042.61
17857,2024,437.93
17866,2023,2448.14
17866,2024,1209.43
17866,2025,7415.79
17866,2026,341.36
17874,2023,22.5
17875,2023,16433.25
17875,2024,902.76
17875,2025,10722.92
17875,2026,553.96
17876,2023,218.87
17876,2024,22.17
17876,2025,25.0
17881,2023,5132.67
17881,2024,387.45
17881,2025,5058.21
17881,2026,100.0
17882,2023,200.0
17882,2024,45233.82
17882,2025,5256.17
17882,2026,19113.17
17889,2023,2112.66
17889,2024,31283.01
17889,2025,9138.04
17889,2026,16077.06
17891,2023,12296.52
17891,2024,1787.47
17891,2025,1626.97
17891,2026,700.64
17892,2023,6802.1
17892,2024,556.99
17892,2025,4863.34
17895,2023,24.0
17895,2024,35.0
17895,2025,16038.09
17895,2026,737.03
17896,2023,140.0
17896,2024,217.0
17896,2025,195.0
17899,2023,12520.61
17899,2024,3447.25
17899,2025,3976.79
17899,2026,2308.32
17900,2023,1100.77
17901,2023,490.0
17901,2024,555.0
17901,2025,120.0
17901,2026,398.4
17902,2023,916.82
17902,2024,1058.64
17902,2025,820.88
17902,2026,1.47
17903,2023,295.0
17904,2023,11155.04
17904,2024,1170.0
17904,2025,8405.07
17904,2026,280.0
17905,2023,21160.44
17905,2024,1343.69
17906,2023,810.0
17906,2024,360.0
17906,2025,270.0
17907,2023,1611.5
17907,2024,63.75
17907,2025,57.42
17907,2026,249.75
17908,2023,9628.98
17908,2024,1000.0
17908,2025,5541.35
17909,2023,87292.78
17909,2024,14853.57
17909,2025,2731.68
17909,2026,675.22
17910,2024,578.12
17910,2026,484.11
17912,2023,14497.77
17912,2024,4743.07
17912,2025,8193.81
17912,2026,2786.42
17913,2023,949.85
17913,2024,435.31
17913,2025,159.86
17913,2026,9446.61
17914,2023,557.25
17914,2025,197.0
17915,2023,917.86
17915,2024,600.0
17915,2025,650.0
17915,2026,250.0
17916,2023,4945.0
17916,2024,765.0
17916,2025,651.0
17916,2026,524.0
17918,2023,3247.19
17920,2023,567.06
17920,2024,10000.0
17920,2025,697.63
17922,2023,76942.38
17923,2023,61899.09
17923,2024,2990.93
17923,2025,3496.97
17923,2026,2435.55
17925,2023,1805.9
17925,2024,100.0
17925,2025,3568.55
17925,2026,18.0
17926,2023,204.0
17926,2024,215.0
17926,2025,11375.39
17926,2026,1067.53
17927,2023,1580.86
17927,2024,4967.09
17927,2025,6148.02
17927,2026,6772.93
17930,2023,5061.94
17930,2024,89.5
17931,2023,8250.76
17931,2025,2.0
17932,2023,4117.14
17932,2024,755.0
17932,2025,1078.75
17932,2026,500.0
17935,2023,4125.98
17935,2024,50222.43
17935,2025,9702.7
17935,2026,24056.28
17936,2023,50.0
17937,2023,11108.32
17937,2024,1250.74
17938,2023,9432.17
17938,2024,253.95
17938,2025,126.21
17939,2023,63674.73
17939,2024,42840.35
17939,2025,133047.83
17939,2026,19118.45
17941,2023,5250.12
17941,2025,5764.16
17942,2023,16398.99
17942,2024,8102.97
17942,2025,11668.9
17942,2026,5403.71
17943,2023,5.0
17943,2024,429.36
17945,2023,1174.63
17946,2023,11822.47
17946,2024,25069.6
17946,2025,13170.99
17946,2026,6896.04
17948,2023,464.0
17948,2024,156.0
17948,2025,9590.13
17949,2023,45.0
17949,2024,60.0
17949,2025,31.0
17949,2026,192.88
17951,2023,13583.22
17951,2024,13583.45
17951,2025,13948.29
17951,2026,8703.87
17953,2023,265.56
17954,2023,15411.68
17955,2023,169.98
17957,2023,7468.67
17957,2024,2036.29
17957,2025,5694.14
17957,2026,110003.13
17960,2026,15104.0
17961,2023,223.75
17961,2024,1897.34
17964,2023,4300.02
17966,2023,9.88
17966,2024,455.71
17966,2025,286.88
17967,2023,7494.89
17967,2024,17032.24
17967,2025,2702.67
17967,2026,9160.6
17968,2024,9.66
17968,2025,2.56
17968,2026,591.76
17969,2023,8.66
17970,2023,1639.73
17971,2023,69850.89
17971,2024,132334.93
17971,2025,63440.86
17971,2026,197247.68
17972,2023,430.61
17972,2024,282.0
17972,2025,192.0
17975,2023,0.0
17975,2024,50.0
17975,2025,75.0
17975,2026,120.0
17977,2023,2941.37
17977,2024,40226.46
17978,2024,29824.67
17978,2025,10932.42
17978,2026,35361.2
17979,2025,399.02
17979,2026,20.0
17980,2023,19595.75
17981,2023,4647.06
17981,2024,9171.85
17981,2025,7707.2
17981,2026,4863.45
17982,2023,1473.05
17983,2023,1140.0
17983,2024,77459.68
17983,2025,1358.26
17983,2026,100.0
17984,2023,355.0
17984,2024,361.0
17984,2025,407.74
17986,2023,9145.56
17986,2024,20592.54
17986,2025,33650.58
17986,2026,92602.15
17987,2023,79.0
17987,2024,95.0
17987,2025,3046.48
17988,2024,4797.41
17988,2025,6250.38
17988,2026,120.0
17989,2023,15.0
17992,2023,19090.75
17993,2023,2210.93
17993,2024,61698.52
17993,2025,5407.04
17993,2026,10147.07
17995,2023,2301.67
17995,2024,88543.26
17996,2023,2385.62
17996,2024,51203.29
17996,2025,514.25
17996,2026,1556.95
18000,2023,475.13
18002,2023,15.0
18003,2023,2086.8
18005,2023,40.0
18007,2023,1868.52
18007,2025,162.75
18008,2023,3077.39
18008,2024,5098.87
18008,2025,5365.43
18008,2026,4556.39
18009,2023,222.76
18009,2024,128.0
18010,2023,837.61
18010,2024,468.63
18012,2023,6220.12
18012,2024,895.08
18012,2025,10799.86
18012,2026,811.49
18013,2023,9903.77
18013,2025,125188.93
18013,2026,8663.87
18014,2023,20.0
18016,2023,208.0
18018,2023,109.45
18018,2024,119.4
18018,2025,437.18
18020,2023,1426.32
18020,2024,11360.17
18021,2023,75.99
18022,2023,238.22
18022,2024,419.93
18022,2025,677.11
18024,2023,4362.97
18024,2024,3319.53
18024,2025,1671.96
18024,2026,13441.07
18027,2023,3.0
18027,2026,48.6
18028,2024,11180.22
18028,2025,6207.17
18028,2026,1529.73
18029,2023,485.85
18031,2023,14091.56
18031,2024,8768.43
18031,2025,3994.11
18031,2026,899.38
18033,2023,15.26
18033,2026,7361.64
18039,2023,200.0
18039,2024,108.0
18040,2023,9361.38
18040,2024,15759.7
18040,2025,6793.56
18040,2026,8304.57
18043,2023,455.75
18043,2025,792.0
18044,2023,1457.31
18045,2023,15.0
18045,2024,68.36
18047,2023,316.46
18047,2025,3681.51
18048,2023,8.0
18048,2024,12.0
18048,2025,6.0
18049,2023,20841.94
18049,2024,10372.12
18052,2023,20.0
18053,2023,7427.4
18053,2024,90724.79
18053,2025,4625.29
18054,2023,435.2
18054,2024,259.08
18054,2025,257.2
18054,2026,149.0
18055,2023,6.01
18056,2023,2787.8
18057,2023,612.63
18058,2023,105.52
18059,2023,163.65
18059,2024,438.88
18059,2025,12.49
18059,2026,62412.28
18060,2023,39.02
18060,2025,13893.9
18060,2026,317.9
18061,2023,59.75
18061,2024,73.69
18062,2024,30.0
18062,2025,45.0
18063,2023,1430.0
18064,2023,2272.6
18065,2024,4404.92
18065,2025,53.98
18066,2023,10.0
18066,2024,63.13
18067,2023,165.14
18067,2024,412.43
18069,2023,69.13
18072,2023,40.0
18072,2024,1170.28
18072,2026,875.56
18073,2023,36.0
18077,2023,0.86
18079,2023,6.99
18079,2024,3641.17
18082,2023,15.0
18082,2024,11720.0
18083,2023,1454.68
18083,2024,12685.21
18083,2025,27455.4
18083,2026,7867.26
18088,2024,25719.18
18089,2023,112.5
18089,2024,441.57
18090,2023,229.73
18090,2024,192.0
18090,2025,192.0
18090,2026,146.99
18093,2023,342.09
18093,2024,1957.14
18093,2026,1637.77
18094,2026,187.0
18095,2023,1269.84
18096,2024,27237.29
18096,2025,501.87
18096,2026,2692.64
18097,2023,1161.92
18097,2024,984.93
18097,2025,40.3
18097,2026,8217.48
18098,2023,456.2
18099,2024,693.42
18100,2023,40.0
18100,2024,40.0
18101,2023,2707.13
18102,2023,18.38
18102,2024,1000.0
18102,2025,154.31
18103,2023,126.0
18105,2023,924.45
18108,2023,172.56
18108,2024,33203.18
18108,2025,2100.17
18108,2026,1305.78
18112,2023,414.38
18112,2025,45.0
18113,2023,232.66
18113,2024,5.0
18113,2026,192.95
18114,2023,364.15
18115,2023,20.0
18115,2024,5.0
18115,2025,20.0
18115,2026,10.0
18116,2023,6041.09
18116,2024,12744.11
18116,2025,1093.93
18116,2026,5499.21
18117,2024,10.0
18118,2023,856.43
18118,2024,161.76
18119,2023,35.0
18119,2025,115.0
18119,2026,40.0
18122,2023,276.03
18125,2023,54.0
18126,2023,5334.68
18126,2024,5.0
18126,2025,4813.23
18126,2026,3611.06
18127,2023,12986.35
18127,2024,18899.93
18127,2025,12799.92
18127,2026,17929.99
18128,2023,109.45
18128,2024,299.75
18128,2025,4700.49
18128,2026,1591.57
18129,2024,16580.05
18129,2025,434.92
18129,2026,5601.07
18130,2023,3.44
18132,2023,115.0
18135,2023,5.0
18135,2024,36459.45
18135,2025,4846.19
18135,2026,556.37
18137,2023,129.9
18137,2024,15.0
18137,2025,5.55
18138,2023,18966.43
18138,2024,2446.81
18138,2025,43998.55
18138,2026,195837.57
18139,2024,8233.78
18139,2025,326.26
18141,2024,30.0
18141,2025,50.0
18144,2023,3215.44
18145,2023,20.0
18146,2023,2165.95
18146,2024,34850.69
18146,2025,481.14
18147,2023,41630.08
18147,2024,10672.04
18147,2025,6974.8
18147,2026,985.0
18152,2023,142759.34
18152,2024,28947.15
18152,2025,32507.52
18152,2026,38018.21
18153,2023,30566.52
18153,2024,13226.57
18156,2023,7544.15
18158,2023,10.0
18158,2024,5.0
18164,2023,34132.72
18164,2024,186.34
18164,2025,838.16
18164,2026,25.44
18166,2023,13405.64
18166,2024,35.0
18166,2025,3286.89
18167,2023,3975.63
18167,2024,253.18
18168,2023,5582.03
18168,2024,4360.82
18168,2025,25534.46
18168,2026,170260.12
18169,2023,19998.68
18169,2024,570.97
18169,2025,929.0
18169,2026,215.71
18170,2023,103246.5
18170,2024,1662.0
18170,2025,425.0
18171,2023,37190.17
18172,2023,19546.85
18172,2024,4436.9
18172,2025,14660.97
18172,2026,764.01
18173,2023,8432.97
18173,2025,506.08
18174,2023,175.0
18176,2023,2653.36
18179,2023,8535.04
18180,2023,305.0
18181,2023,172.06
18184,2023,9208.7
18184,2024,1900.0
18185,2023,53289.57
18185,2026,14.71
18194,2023,5393.31
18194,2024,2259.29
18195,2023,12272.25
18195,2024,71.88
18195,2025,111.98
18195,2026,1011.11
18197,2023,12430.83
18199,2023,24797.72
18199,2024,702.8
18199,2025,351.2
18199,2026,100.0
18205,2023,2107.58
18209,2023,4749.93
18209,2024,1357.09
18209,2025,3098.61
18209,2026,1539.42
18215,2023,1119.64
18215,2024,813.0
18215,2025,3898.63
18215,2026,309.19
18220,2024,5.0
18228,2023,18900.32
18228,2024,284.69
18228,2025,505.0
18230,2023,20407.82
18230,2024,50.0
18231,2023,9268.0
18231,2024,5386.75
18231,2025,1310.0
18237,2023,411.62
18237,2024,101561.68
18237,2025,2601.62
18237,2026,3601.96
18238,2023,2550.77
18238,2024,100.0
18238,2025,5399.54
18239,2023,7852.13
18239,2024,994.17
18239,2025,68.58
18240,2023,10160.2
18240,2024,383.37
18240,2025,49.0
18244,2023,25953.4
18244,2024,1351.19
18244,2025,18955.48
18244,2026,900.0
18247,2023,13206.49
18247,2024,495.17
18247,2025,14197.61
18247,2026,423.19
18250,2023,939.57
18250,2024,61.0
18250,2025,87.0
18250,2026,40.0
18256,2023,8850.14
18256,2024,248.26
18256,2025,912.72
18257,2023,33299.94
18257,2024,2499.72
18257,2025,33857.46
18257,2026,4258.74
18258,2023,100.0
18261,2023,97330.7
18261,2024,39827.13
18261,2025,38312.47
18261,2026,29547.65
18263,2023,2139.1
18265,2023,88726.33
18266,2023,3663.33
18266,2024,365.16
18266,2025,197.45
18267,2023,4683.15
18270,2023,22621.36
18270,2024,4459.37
18270,2025,34097.39
18270,2026,597.93
18276,2023,97310.74
18276,2024,39393.13
18276,2025,42564.84
18276,2026,36000.72
18278,2023,74724.22
18278,2024,1400.0
18286,2023,554.08
18286,2024,50.0
18286,2025,100.0
18288,2023,2947.18
18289,2023,2048.76
18289,2024,1000.0
18289,2025,60.0
18289,2026,1199.38
18291,2023,2947.64
18291,2024,59.22
18294,2023,7412.16
18294,2024,2328.72
18294,2025,12.0
18294,2026,3443.44
18296,2023,20.0
18304,2023,3847.27
18304,2024,757.68
18305,2023,111431.52
18315,2023,24.0
18315,2024,81.0
18315,2025,96.0
18315,2026,64.0
18326,2024,43412.23
18326,2025,9289.47
18326,2026,9577.68
18328,2023,3654.9
18328,2024,652.15
18330,2023,2473.71
18330,2025,3381.52
18330,2026,7.0
18331,2023,110381.83
18331,2024,16471.96
18331,2025,126362.16
18331,2026,8900.04
18337,2023,13132.3
18337,2024,459.0
18337,2025,12545.36
18337,2026,222.69
18338,2023,71.16
18338,2026,3270.55
18341,2023,5708.74
18341,2024,1750.0
18341,2025,8634.22
18341,2026,5319.7
18344,2023,68857.45
18344,2024,11200.89
18344,2025,8664.29
18344,2026,4149.09
18345,2023,151606.67
18345,2024,66993.86
18345,2025,64727.2
18345,2026,44236.69
18346,2023,1283.32
18346,2024,50.0
18346,2025,55.0
18347,2023,3830.26
18347,2024,135.0
18352,2023,2068.33
18352,2024,18.0
18353,2023,1166.99
18353,2024,50.0
18353,2025,973.56
18353,2026,46.38
18356,2023,19291.72
18356,2024,1649.78
18356,2025,563.48
18365,2023,129.13
18366,2023,3388.8
18366,2024,206.2
18367,2023,9006.98
18367,2024,443.39
18367,2025,40.0
18367,2026,40.0
18368,2023,24168.48
18368,2024,647.51
18368,2025,19038.38
18368,2026,80.21
18370,2023,67504.63
18370,2024,11925.9
18370,2025,16172.83
18370,2026,9516.03
18371,2023,4237.43
18371,2024,507.59
18371,2025,1303.01
18373,2023,11478.28
18373,2024,51.0
18373,2025,88.0
18377,2023,11784.23
18378,2023,20274.34
18378,2024,446.16
18378,2025,864.3
18378,2026,508.25
18381,2023,726.99
18381,2024,25.0
18381,2025,60.0
18381,2026,40.0
18382,2023,80630.0
18384,2023,778.46
18387,2023,25565.22
18389,2023,6827.44
18389,2024,724.25
18389,2025,6560.65
18389,2026,351.2
18391,2023,2554.88
18391,2024,1949.3
18391,2025,1584.69
18391,2026,1095.81
18399,2023,223444.71
18399,2024,110566.28
18399,2025,102271.4
18399,2026,51098.69
18401,2023,8321.8
18401,2024,211.59
18401,2025,4544.31
18401,2026,120.0
18403,2023,6390.66
18403,2024,150.0
18403,2025,2955.94
18407,2023,5722.87
18407,2024,10.0
18407,2025,10.0
18408,2023,3646.77
18409,2023,2943.43
18409,2024,1356.0
18409,2025,4956.38
18409,2026,4488.18
18410,2023,200.01
18413,2023,774.99
18413,2024,3349.24
18413,2025,697.4
18414,2023,43784.95
18414,2024,1608.78
18414,2025,19411.53
18414,2026,1043.69
18415,2023,2981.71
18415,2024,7032.69
18419,2023,1458.01
18419,2024,500.0
18419,2025,542.18
18422,2023,5770.07
18422,2024,3200.0
18422,2025,146.74
18426,2023,90.0
18426,2024,240.0
18427,2023,19711.52
18427,2024,1399.9
18427,2025,234.04
18428,2023,88598.39
18428,2024,993.28
18428,2025,340.16
18428,2026,228.42
18429,2023,368.0
18429,2024,9.0
18429,2025,569.62
18430,2023,11813.51
18430,2025,12272.63
18430,2026,200.0
18432,2023,12588.12
18432,2024,1975.0
18433,2023,2146.64
18436,2023,2087.47
18436,2024,37.77
18436,2025,1187.53
18437,2023,5011.96
18437,2024,6525.98
18437,2025,4254.74
18437,2026,500.0
18438,2023,40725.07
18438,2024,20.0
18438,2025,3223.6
18439,2023,8597.07
18439,2024,42.33
18440,2023,51195.57
18440,2024,253.0
18440,2025,206.88
18441,2023,19465.82
18441,2024,8059.66
18441,2025,54430.23
18441,2026,6326.85
18444,2023,8287.43
18444,2025,40.0
18446,2023,9309.26
18446,2024,2611.88
18446,2025,14453.22
18447,2023,70927.18
18447,2024,17799.03
18447,2025,57689.2
18447,2026,10143.95
18449,2023,15323.72
18449,2024,209.29
18449,2025,4870.67
18449,2026,500.0
18450,2023,2748.82
18450,2024,479.72
18450,2025,5935.99
18451,2023,39811.77
18451,2024,18011.78
18451,2025,63083.08
18451,2026,3514.43
18452,2023,346.47
18453,2023,1514.82
18453,2024,238.0
18453,2025,317.44
18454,2023,10320.19
18454,2024,99.71
18454,2025,33582.72
18454,2026,1250.66
18455,2023,41716.14
18455,2024,391.5
18455,2025,31.88
18456,2023,14360.04
18456,2024,2821.57
18456,2025,6014.97
18456,2026,441.55
18461,2023,18624.45
18461,2024,70.0
18461,2026,15.0
18464,2023,15665.14
18465,2023,560.0
18465,2024,90.0
18470,2023,152.07
18470,2024,56875.65
18472,2023,2100.0
18473,2023,3878.2
18474,2023,1724.44
18475,2023,2762.36
18475,2024,460.37
18475,2025,23.56
18475,2026,5.0
18477,2023,1972.74
18477,2024,60.0
18477,2025,1062.55
18477,2026,248.65
18479,2024,658.42
18480,2023,37404.65
18482,2023,28300.67
18482,2025,200.0
18483,2023,77843.72
18483,2024,419.32
18485,2023,11467.66
18485,2024,538.32
18485,2025,54.44
18485,2026,10.46
18488,2023,7916.19
18488,2024,3578.34
18491,2023,4219.78
18491,2024,120.0
18491,2025,1269.98
18491,2026,680.0
18492,2023,1511.87
18493,2023,1777.77
18493,2024,20.0
18493,2025,30.0
18495,2023,23670.46
18495,2024,3692.54
18497,2023,20037.22
18497,2024,14333.43
18497,2025,3127.85
18497,2026,484.87
18499,2023,3787.61
18499,2024,164.19
18499,2025,1977.4
18499,2026,907.77
18500,2023,3567.45
18500,2024,11224.0
18500,2025,5.0
18501,2023,80565.54
18501,2024,14779.23
18501,2025,61824.03
18501,2026,12832.52
18502,2023,9.0
18502,2025,444.54
18502,2026,30.0
18504,2023,6818.29
18504,2024,539.43
18504,2025,4345.36
18504,2026,624.94
18505,2023,31898.46
18505,2024,642.21
18505,2025,130.0
18505,2026,10.0
18510,2023,44617.48
18510,2024,87.64
18510,2025,31406.73
18510,2026,514.03
18514,2023,9631.97
18514,2024,24.0
18514,2025,4795.0
18514,2026,2.0
18515,2023,3980.51
18515,2024,958.74
18516,2023,376.11
18516,2024,1583.31
18518,2023,2932.62
18518,2024,951.18
18518,2025,2062.64
18518,2026,216.75
18520,2023,350.6
18520,2024,5.0
18521,2023,12989.16
18521,2024,408.75
18521,2025,14754.11
18521,2026,4396.39
18523,2023,11840.64
18523,2024,4304.27
18524,2023,16266.25
18524,2024,214.77
18528,2023,4231.56
18531,2023,559.6
18532,2023,859.76
18532,2024,5.24
18538,2023,478.49
18540,2023,3171.3
18542,2023,2895.0
18543,2023,2558.13
18543,2024,43.12
18544,2023,1000.0
18546,2023,5689.23
18548,2023,9.0
18548,2024,40.5
18550,2023,75.0
18551,2023,1483.93
18552,2023,2107.98
18552,2024,120.0
18552,2025,50.0
18554,2023,1682.35
18554,2024,1606.43
18557,2023,21045.84
18557,2024,829.55
18557,2025,2859.53
18557,2026,882.32
18558,2023,207.49
18558,2024,8.3
18558,2026,90.16
18559,2023,20295.71
18559,2024,366.08
18559,2025,5111.84
18560,2023,84.0
18560,2024,16.0
18561,2023,18178.96
18561,2024,145.65
18561,2025,21052.64
18561,2026,513.77
18564,2023,35272.06
18564,2024,1550.68
18565,2023,11012.37
18565,2024,1273.47
18565,2025,177.94
18565,2026,114.93
18567,2023,8919.83
18567,2024,192.0
18567,2026,20.0
18568,2023,9352.26
18568,2024,1625.0
18572,2023,3116.4
18572,2024,87.28
18573,2023,5034.03
18573,2024,200.0
18573,2025,1137.84
18574,2023,127.5
18574,2024,272.5
18574,2025,2183.79
18574,2026,359.31
18575,2025,70.0
18575,2026,30.0
18576,2023,5550.95
18576,2024,553.75
18578,2023,4552.37
18578,2025,4432.53
18579,2023,244.09
18582,2023,2831.38
18582,2024,47.7
18582,2025,35.0
18583,2023,7430.93
18583,2024,1065.0
18583,2025,10643.51
18583,2026,3960.0
18585,2023,255.0
18585,2025,5.0
18589,2023,441.0
18600,2023,2233.1
18601,2023,4041.54
18601,2024,83.88
18601,2025,3357.11
18601,2026,18.0
18602,2023,1000.0
18610,2023,4096.45
18610,2024,117.97
18610,2025,8505.98
18610,2026,530.96
18611,2023,2728.28
18612,2023,3565.45
18612,2024,67938.0
18612,2025,2929.19
18623,2023,929.27
18640,2023,128.37
18640,2024,874.45
18640,2026,701.52
18642,2023,8461.77
18642,2024,158108.49
18642,2025,5408.16
18642,2026,21404.95
18670,2023,6243.14
18670,2024,17670.44
18671,2024,323.49
18674,2025,6513.25
18677,2023,685.21
18677,2024,34949.54
18678,2023,4025.19
18678,2024,48383.1
18678,2025,8228.99
18678,2026,2088.24
18679,2023,773.33
18679,2024,141049.05
18680,2023,1155.02
18680,2024,70698.64
18680,2025,591.5
18680,2026,143450.11
18682,2023,316.6
18682,2024,20434.8
18685,2023,13.83
18685,2024,37831.88
18685,2025,10290.93
18685,2026,26048.42
18688,2024,29637.56
18688,2025,572.96
18688,2026,320.56
18689,2024,48252.34
18689,2025,24002.6
18693,2024,3451.33
18693,2025,124.0
18694,2024,37086.59
18694,2025,750.0
18704,2024,152898.62
18704,2025,253.0
18704,2026,1151.38
18706,2024,10.0
18711,2024,4118.32
18711,2025,8.0
18716,2024,3220.52
18716,2025,10.0
18717,2024,8721.08
18717,2025,100.0
18717,2026,45.0
18724,2024,19217.03
18729,2024,17297.91
18729,2025,119.85
18730,2024,57914.81
18737,2024,783.25
18737,2025,71759.91
18737,2026,385.97
18739,2024,53705.26
18739,2025,262.41
18740,2023,247.7
18740,2024,70227.88
18740,2025,46482.32
18740,2026,26474.52
18745,2024,36678.03
18745,2025,6069.13
18745,2026,8755.09
18746,2024,28418.28
18746,2025,0.28
18746,2026,20490.95
18751,2024,4139.72
18752,2024,46125.91
18752,2025,14733.28
18752,2026,12603.17
18753,2024,438.97
18756,2024,6698.42
18756,2025,40.97
18756,2026,370.37
18757,2024,61647.23
18757,2025,3690.31
18758,2024,16366.54
18758,2025,4373.72
18761,2024,38179.81
18761,2025,148.98
18762,2024,33099.38
18762,2025,2995.6
18762,2026,8904.42
18767,2024,11706.89
18767,2025,7274.49
18767,2026,1166.26
18768,2024,19260.02
18768,2025,605.92
18770,2024,439.71
18771,2024,24634.76
18772,2024,107746.24
18772,2025,10910.07
18772,2026,4354.56
18774,2024,7408.39
18774,2025,2973.61
18775,2024,65445.42
18775,2025,202.58
18775,2026,18053.07
18777,2025,30.0
18778,2024,16423.62
18778,2025,554.4
18778,2026,340.34
18784,2024,1588.46
18784,2025,181.22
18788,2024,102130.51
18788,2025,28325.12
18788,2026,47554.52
18789,2024,14824.97
18789,2025,77.19
18789,2026,37.19
18792,2024,35383.11
18792,2025,14220.64
18792,2026,24038.99
18793,2024,3997.9
18793,2025,115.32
18794,2024,14824.07
18794,2025,280.93
18799,2024,460.66
18799,2025,51.0
18799,2026,152.99
18800,2024,366.99
18800,2025,25.0
18803,2024,11106.91
18803,2025,3680.16
18803,2026,4636.56
18811,2024,20762.29
18811,2025,174.19
18811,2026,20.61
18812,2024,487.66
18814,2024,3430.0
18815,2024,7739.5
18816,2024,7874.99
18816,2025,2016.96
18816,2026,779.76
18817,2024,61110.94
18818,2024,15785.6
18823,2024,67804.17
18823,2025,2858.41
18823,2026,1712.33
18824,2024,66464.49
18824,2025,23400.84
18824,2026,13231.81
18826,2024,56469.1
18826,2025,11559.94
18826,2026,18922.27
18829,2025,1406.63
18829,2026,13282.09
18831,2024,63712.88
18831,2025,1837.96
18831,2026,285.0
18835,2024,21550.2
18835,2025,44.34
18835,2026,690.0
18844,2024,29231.06
18844,2025,700.0
18844,2026,1200.0
18847,2024,6524.1
18847,2025,512.64
18862,2024,17769.62
18862,2025,403.25
18862,2026,628.36
18864,2024,16659.64
18864,2025,70.0
18870,2024,3136.82
18870,2025,5738.59
18871,2024,3066.31
18871,2025,30.0
18871,2026,57.08
18874,2024,1977.0
18877,2024,6303.06
18877,2025,346.66
18877,2026,5.0
18878,2024,18.0
18878,2025,66.0
18878,2026,64.0
18880,2024,36877.32
18880,2025,43.68
18885,2024,26321.87
18885,2025,2029.13
18885,2026,18554.8
18888,2024,2982.72
18888,2025,220.0
18888,2026,611.01
18890,2024,22472.9
18890,2025,406.39
18891,2024,2841.64
18891,2025,382.5
18891,2026,270.4
18892,2024,2712.7
18893,2025,25.0
18894,2024,1194.75
18894,2025,10.0
18895,2024,605.88
18895,2025,11.13
18896,2024,2058.52
18896,2025,1033.27
18900,2024,22919.75
18900,2025,88.44
18901,2025,6647.9
18901,2026,695.94
18903,2025,10489.83
18903,2026,150.0
18905,2024,37772.37
18905,2025,1180.28
18905,2026,3152.4
18907,2024,36873.39
18907,2025,1521.08
18907,2026,1007.53
18908,2025,4484.13
18910,2024,2031.28
18910,2025,22139.73
18910,2026,34188.92
18911,2024,4893.62
18911,2025,31356.2
18911,2026,106936.57
18914,2024,3073.92
18914,2025,975.99
18923,2024,62.74
18923,2025,288.89
18923,2026,246.38
18931,2024,96.97
18931,2025,2033.51
18931,2026,58.05
18932,2024,176.63
18932,2025,17713.96
18937,2024,271.5
18937,2025,46272.78
18938,2025,70968.07
18938,2026,1605.96
18939,2025,80013.72
18939,2026,614.84
18942,2025,48087.36
18943,2024,18.79
18943,2025,11951.79
18943,2026,778.18
18945,2025,9437.41
18945,2026,65.98
18948,2025,98460.25
18948,2026,4239.92
18949,2025,28120.21
18950,2025,64782.15
18950,2026,2759.26
18952,2025,29298.25
18952,2026,24.17
18954,2025,25298.56
18954,2026,1012.87
18957,2025,2085.97
18958,2025,43563.5
18958,2026,500.99
18960,2025,33715.35
18960,2026,2282.0
18963,2025,75073.88
18963,2026,136.74
18965,2025,9930.57
18965,2026,1231.7
18967,2025,15322.83
18967,2026,563.55
18968,2025,10834.05
18968,2026,166.32
18969,2025,45743.86
18969,2026,305.61
18970,2025,6607278.34
18970,2026,6776.13
18972,2026,123.7
18973,2025,57838.69
18973,2026,83.52
18975,2025,20.0
18981,2025,30241.03
18981,2026,779.77
18982,2025,40303.47
18982,2026,90.38
18985,2023,2.1
18985,2025,12693.75
18985,2026,16944.67
18986,2025,11825.32
18986,2026,586.25
18992,2025,96.0
18998,2025,68298.58
18998,2026,14.0
18999,2025,15535.0
19000,2025,574.27
19007,2025,4966.84
19008,2025,21571.76
19008,2026,357.94
19009,2025,6388.16
19009,2026,216.36
19010,2025,14024.1
19010,2026,31074.35
19012,2025,3674.05
19012,2026,500.0
19017,2025,4020.0
19022,2025,252.8
19031,2025,551.96
19031,2026,10640.39
19033,2025,2078.03
19033,2026,419.2
19050,2025,2344.83
19050,2026,200.0
19052,2025,69522.35
19052,2026,27212.73
19053,2025,2831.15
19053,2026,48.0
19061,2025,8801.68
19061,2026,1074.36
19063,2025,1189.54
19067,2025,22149.09
19067,2026,1519.9
19074,2025,11925.15
19074,2026,39.5
19080,2025,58569.89
19080,2026,23123.39
19082,2025,4136.21
19091,2025,1089636.42
19091,2026,789480.29
19095,2025,8222.22
19096,2025,9655.83
19096,2026,26946.39
19098,2025,9241.55
19099,2025,7592.53
19103,2025,6073.57
19103,2026,726.43
19104,2025,206.97
19105,2025,10858.44
19105,2026,1006.45
19111,2026,25.0
19116,2025,9272.04
19116,2026,200.0
19117,2025,5410.13
19117,2026,471.75
19124,2025,9322.46
19124,2026,93.54
19125,2025,1016.43
19126,2025,2320.46
19129,2025,30.92
19129,2026,48.0
19132,2025,14982.46
19132,2026,71.44
19134,2025,12409.06
19134,2026,7.9
19138,2025,5453.32
19138,2026,343.64
19140,2026,32.0
19146,2025,19357.63
19146,2026,1054.92
19149,2025,13339.68
19149,2026,2552.46
19150,2025,234.6
19152,2025,4026.71
19152,2026,1050.22
19153,2025,2489.6
19153,2026,48.62
19157,2025,11547.91
19160,2025,10006.24
19160,2026,535.37
19162,2025,16084.94
19162,2026,626.49
19163,2025,3500.21
19163,2026,445.74
19169,2025,1121.09
19169,2026,2349.63
19172,2025,791044.04
19172,2026,3023374.53
19173,2025,15080.17
19175,2025,35.0
19175,2026,139.0
19176,2025,24340.58
19176,2026,2504.1
19189,2025,22040.72
19189,2026,500.0
19190,2025,2968.48
19193,2025,4348.94
19193,2026,347.26
19195,2025,858.41
19197,2025,32053.12
19197,2026,1296.44
19198,2025,110.32
19199,2025,831.26
19199,2026,10.0
19200,2026,16.0
19201,2025,776.81
19201,2026,175.49
19202,2025,4805.47
19205,2025,583.36
19205,2026,96.5
19207,2025,453.66
19207,2026,609.67
19208,2025,30977.3
19208,2026,423.43
19211,2025,4103.34
19212,2025,330.0
19214,2025,11247.91
19214,2026,1291.8
19215,2025,3028.35
19217,2025,19598.86
19217,2026,108.47
19219,2025,7638.03
19219,2026,58639.52
19220,2026,29339.01
19222,2025,6380.84
19222,2026,3545.25
19231,2025,6379.87
19231,2026,63.31
19234,2025,4623.24
19234,2026,696.33
19237,2025,12270.16
19237,2026,250.69
19239,2025,7456.45
19239,2026,342.47
19240,2025,2536.01
19240,2026,495.13
19245,2025,4408.87
19245,2026,753.32
19248,2025,3798.2
19248,2026,2881.06
19256,2025,9818.43
19257,2025,5731.81
19257,2026,103.99
19260,2025,12236.08
19260,2026,424.0
19261,2025,27536.5
19262,2025,16274.06
19262,2026,32256.52
19263,2025,5442.25
19263,2026,51.55
19267,2025,34148.46
19267,2026,2030.82
19272,2025,2172.58
19272,2026,5.0
19279,2025,3581.96
19281,2025,36417.28
19284,2025,13659.26
19284,2026,2717.16
19285,2025,1017.35
19287,2025,2292.0
19288,2026,15796.95
19290,2026,5.0
19291,2025,232.97
19294,2025,1664.93
19295,2025,1647.53
19301,2025,1576.66
19304,2025,22882.81
19304,2026,5.19
19305,2025,121.16
19305,2026,16.0
19307,2025,816.92
19308,2025,1977.14
19310,2025,5344.82
19310,2026,34.0
19313,2025,216.77
19315,2025,2518.36
19315,2026,30000.0
19317,2025,24197.46
19317,2026,4463.69
19320,2025,827.21
19322,2025,3947.35
19322,2026,17.65
19323,2025,10911.82
19323,2026,1044.25
19325,2025,3826.26
19326,2025,4465.8
19327,2025,4250.0
19330,2025,228.38
19332,2025,2547.16
19332,2026,55.0
19333,2025,1960.72
19333,2026,583.0
19334,2025,1836.27
19335,2025,4128.71
19336,2025,2083.18
19348,2025,1839.84
19348,2026,330.0
19354,2025,3330.86
19366,2025,7933.01
19366,2026,14631.23
19367,2025,1139.86
19372,2025,398.37
19372,2026,200.0
19373,2025,1321.73
19374,2025,731.31
19375,2025,11446.39
19381,2025,9936.42
19381,2026,350.0
19395,2025,861.0
19395,2026,27901.76
19398,2025,894.29
19398,2026,342.84
19400,2025,10931.76
19400,2026,77466.69
19419,2025,1857.5
19419,2026,434.34
19422,2025,12979.26
19422,2026,239864.75
19424,2025,4040.91
19424,2026,40171.07
19425,2025,6.0
19426,2025,20578.68
19426,2026,99456.32
19431,2025,2524820.95
19431,2026,9578033.86
19442,2025,2093.43
19442,2026,11591.01
19447,2025,8087.29
19447,2026,52854.17
19450,2026,7404.25
19460,2025,9080.36
19460,2026,44006.0
19471,2025,27.56
19471,2026,11677.55
19528,2025,3892.52
19528,2026,52165.79
19542,2025,853.41
19542,2026,14602.32
19544,2025,2500.0
19544,2026,6632.79
19556,2025,539.53
19556,2026,534.87
19562,2026,1563.83
19563,2025,24532.18
19563,2026,253957.44
19564,2025,1678.44
19564,2026,21480.8
19569,2025,353.17
19569,2026,74597.76
19570,2026,12070.0
19573,2025,212.2
19573,2026,7945.24
19579,2025,441.45
19579,2026,21378.16
19580,2025,1844.89
19580,2026,41582.87
19581,2025,390.98
19581,2026,57028.4
19582,2025,802.38
19582,2026,205360.68
19583,2025,1778.16
19583,2026,8143.18
19588,2025,1740.66
19588,2026,156713.58
19589,2025,322.2
19589,2026,19332.36
19593,2026,5206.83
19596,2025,80.44
19596,2026,21042.87
19616,2026,310.02
19621,2026,28265.97
19623,2025,24.38
19623,2026,37212.94
19628,2026,9478.87
19629,2026,11832.84
19633,2026,18853.69
19635,2026,998.05
19644,2026,323.06
19657,2026,17153.28
19658,2026,4168.49
19660,2026,1576.32
19661,2026,45217.86
19662,2026,17698.76
19668,2026,197669.49
19671,2026,2129.07
19674,2026,3404.9
19676,2026,101790.13
19677,2026,34690.96
19678,2026,22306.07
19680,2026,18739.94
19681,2026,22544.78
19682,2026,29085.4
19684,2026,5079.43
19685,2026,8445.8
19687,2026,17561.33
19688,2026,39468.06
19689,2026,625.0
19690,2026,5640.05
19691,2026,317.87
19696,2026,241.78
19697,2026,25328.13
19699,2026,23213.77
19701,2026,40622.75
19709,2026,3684.1
19711,2026,10439.4
19713,2026,39430.32
19715,2026,57571.92
19716,2026,24495.1
19721,2026,1040.92
19722,2026,17460.51
19723,2026,3314.35
19725,2026,1010.0
19727,2026,893.61
19728,2026,18954.61
19729,2026,12077.47
19730,2026,7662.38
19736,2026,3091.63
19738,2026,157.04
19740,2026,24167.12
19744,2026,2345.95
19751,2026,12766.4
19753,2026,484.24
19754,2026,15434.83
19759,2026,54.17
19763,2026,6065.0
19765,2026,44684.05
19777,2026,8298.59
19779,2026,2480.74
19784,2026,11699.11
19787,2026,3130.88
19797,2026,9701.8
19802,2026,1424.21
19808,2026,2807.49
19817,2026,12869.38
19818,2026,39020.66
19829,2026,16.08
19836,2026,1068.89
19849,2025,19.75
19849,2026,15635.55
19853,2026,28364.03
19856,2026,29.95
19863,2026,27.59
19867,2026,1559.88
19870,2026,1298.39
19876,2026,4352.42
19878,2026,174.26
19883,2026,450.0
70001,2026,519.38
70002,2023,2597.31
70002,2024,4054.55
70002,2025,4893.98
70002,2026,2856.35
70003,2026,35.66
70004,2024,115.0
70004,2025,1815.0
70004,2026,204.0
70005,2023,2175.16
70005,2024,997.15
70005,2025,210.0
70005,2026,750.0
70007,2023,375.0
70007,2024,1109.24
70007,2025,594.04
70007,2026,684.02
70008,2023,541.37
70008,2024,563.04
70008,2025,529.09
70008,2026,530.09
70009,2023,476.87
70009,2024,678.13
70009,2025,698.92
70009,2026,1234.9
70010,2023,2752.63
70010,2024,3379.74
70010,2025,4450.54
70010,2026,1696.08
70011,2023,98.09
70011,2024,250.0
70011,2025,631.62
70011,2026,1521.53
70014,2023,1244.77
70014,2024,2525.39
70014,2025,975.98
70014,2026,693.63
70015,2023,272.06
70015,2024,135.25
70015,2025,100.0
70016,2023,1892.19
70016,2024,2302.64
70016,2025,3564.5
70016,2026,1864.64
70023,2024,1325.0
70023,2025,75.0
70026,2023,2882.67
70026,2024,7138.48
70026,2025,1463.99
70026,2026,3505.14
70027,2023,200.0
70027,2024,250.0
70028,2023,99.0
70028,2024,72.0
70029,2024,296.61
70029,2026,134.0
70030,2023,428.4
70030,2024,1242.65
70030,2025,504.89
70030,2026,1165.46
70031,2023,1574.72
70031,2024,1301.78
70031,2025,1250.0
70031,2026,275.92
70032,2023,1885.79
70032,2024,1430.26
70032,2025,1883.54
70032,2026,379.6
70036,2023,803.78
70036,2024,549.05
70036,2025,389.1
70043,2023,857.92
70043,2024,2264.44
70043,2025,1035.71
70043,2026,1365.67
70045,2025,145.76
70045,2026,1257.49
70048,2023,940.52
70048,2024,1078.04
70048,2025,573.61
70048,2026,288.86
70051,2023,4073.24
70051,2024,5093.33
70051,2025,7787.22
70051,2026,2328.74
70052,2023,2623.39
70052,2024,5918.69
70052,2025,3866.59
70052,2026,1482.86
70053,2023,17850.0
70053,2025,13859.44
70054,2023,12185.43
70054,2024,6717.9
70054,2025,132.33
70062,2023,1002.18
70062,2024,225.9
70062,2025,845.66
70066,2023,514.69
70067,2023,2888.73
70067,2024,1162.77
70067,2025,3327.44
70067,2026,970.36
70068,2023,387.96
70068,2024,713.92
70068,2025,732.02
70068,2026,1635.83
70070,2023,237.69
70070,2024,4937.83
70070,2025,292.95
70071,2023,711.54
70071,2024,1040.93
70071,2025,682.28
70071,2026,745.0
70072,2024,633.77
70072,2025,1415.03
70072,2026,1870.43
70074,2023,868.34
70074,2024,2411.21
70074,2025,2116.74
70074,2026,762.07
70075,2023,6938.71
70075,2024,6790.6
70075,2025,3016.93
70075,2026,909.49
70076,2024,1193.94
70078,2023,5309.11
70078,2024,7079.69
70078,2025,5879.38
70078,2026,2417.73
70086,2023,166.0
70086,2024,1348.37
70086,2025,15.0
70087,2023,2182.48
70087,2024,10108.81
70087,2025,3930.2
70087,2026,2930.6
70089,2023,221.98
70089,2024,791.04
70089,2025,506.55
70089,2026,432.5
70090,2023,2140.37
70090,2024,1279.35
70090,2025,2210.07
70090,2026,967.57
70092,2024,56.42
70092,2025,274.62
70092,2026,98.0
70095,2024,10.0
70099,2023,35.0
70099,2024,701.86
70102,2024,405.45
70102,2025,2390.49
70102,2026,810.22
70104,2023,256.49
70104,2024,407.45
70104,2025,108.34
70104,2026,367.58
70106,2023,36.52
70106,2024,1097.55
70106,2025,145.38
70106,2026,656.64
70107,2023,897.5
70107,2024,8590.58
70107,2025,1279.88
70108,2025,130.91
70108,2026,282.25
70130,2023,295.31
70130,2024,294.89
70130,2025,103.33
70130,2026,235.0
70131,2023,1318.58
70131,2024,4255.13
70131,2025,1379.94
70131,2026,1681.08
70133,2023,165.94
70136,2024,158.39
70136,2025,2342.9
70136,2026,1647.4
70137,2023,2212.31
70137,2024,2685.04
70137,2025,3317.48
70137,2026,2219.83
70139,2023,1420.47
70139,2024,3061.63
70139,2025,288.8
70139,2026,457.6
70141,2023,2463.28
70141,2024,4418.62
70141,2025,1920.24
70141,2026,376.7
70142,2024,543.0
70142,2025,46.73
70143,2024,752.74
70144,2023,194.27
70144,2024,1280.0
70144,2026,150.42
70145,2023,50.0
70145,2024,100.0
70145,2025,150.0
70145,2026,50.0
70146,2024,1057.09
70149,2023,472.8
70149,2024,1423.41
70149,2025,185.89
70149,2026,322.53
70150,2026,40.0
70152,2023,1036.18
70152,2024,1892.9
70152,2025,345.55
70152,2026,21.35
70153,2023,439.48
70153,2024,2034.44
70153,2025,2713.48
70154,2023,1224.15
70154,2024,5938.8
70154,2025,2444.63
70154,2026,1191.94
70166,2024,300.0
70177,2023,3807.88
70177,2024,27781.62
70177,2025,7602.82
70177,2026,4811.04
70178,2026,906.74
70186,2023,124.7
70186,2024,1852.92
70187,2023,454.68
70187,2024,2455.99
70187,2025,1098.23
70187,2026,466.64
70188,2023,5541.9
70188,2024,13449.5
70188,2025,6132.84
70188,2026,4538.53
70190,2023,3736.34
70190,2024,474.77
70197,2023,549.61
70197,2024,856.2
70197,2025,10.0
70199,2023,10529.9
70199,2024,11261.98
70199,2025,3612.41
70207,2023,20.0
70207,2024,300.0
70207,2026,30.0
70208,2024,31.0
70208,2025,628.12
70208,2026,563.0
70210,2025,120.0
70211,2023,109.73
70211,2024,493.49
70212,2023,2623.73
70212,2024,3264.11
70212,2025,622.38
70212,2026,101.98
70213,2023,761.89
70213,2024,509.86
70213,2025,401.01
70213,2026,141.71
70215,2024,290.5
70219,2023,2431.01
70219,2024,18.02
70219,2026,3722.7
70220,2023,1731.72
70220,2024,2266.32
70220,2025,2124.29
70220,2026,2253.21
70222,2024,300.0
70222,2025,200.0
70222,2026,360.0
70223,2023,1002.71
70223,2024,1490.32
70223,2025,880.71
70223,2026,517.71
70225,2023,4581.29
70225,2024,4330.57
70225,2025,3143.82
70225,2026,906.16
70232,2023,446.77
70232,2024,1683.36
70232,2025,857.03
70232,2026,6560.79
70235,2023,1880.83
70235,2024,5842.28
70235,2025,4779.53
70235,2026,2799.32
70237,2023,914.03
70237,2024,2659.04
70237,2025,470.53
70237,2026,116.8
70238,2023,274.71
70238,2024,127.0
70238,2025,783.85
70238,2026,174.0
70247,2023,3284.77
70247,2024,4643.57
70247,2025,4754.04
70247,2026,2515.48
70249,2023,889.74
70249,2024,432.94
70249,2025,589.91
70249,2026,622.41
70250,2023,316.94
70250,2024,1130.76
70250,2025,455.69
70250,2026,855.61
70252,2023,3580.36
70252,2024,5273.17
70252,2025,6676.86
70252,2026,4436.64
70253,2023,411.63
70253,2024,2842.9
70253,2025,398.08
70253,2026,465.41
70254,2025,1005.31
70264,2025,66.42
70265,2023,15.0
70265,2025,216.22
70265,2026,629.19
70266,2023,55.0
70266,2025,157.9
70266,2026,35.0
70267,2023,1053.39
70267,2024,814.33
70267,2025,3246.29
70267,2026,46.8
70274,2023,2092.72
70274,2024,3021.66
70274,2025,2292.89
70274,2026,1365.07
70276,2023,629.79
70276,2024,4536.54
70276,2025,1980.7
70276,2026,257.38
70277,2024,1345.2
70277,2025,131.72
70277,2026,639.84
70278,2023,3040.46
70278,2024,9827.67
70278,2025,3532.46
70278,2026,6645.06
70279,2023,647.31
70279,2024,1064.83
70279,2025,1594.48
70279,2026,1839.72
70291,2024,1761.07
70291,2025,2717.79
70291,2026,2091.22
70292,2023,50.0
70292,2024,220.0
70292,2025,226.08
70292,2026,65.09
70293,2023,1849.95
70293,2024,5551.98
70293,2025,1560.01
70293,2026,0.0
70301,2023,159.27
70301,2024,1876.2
70302,2023,8991.28
70302,2024,6160.86
70302,2025,2152.41
70302,2026,2103.34
70311,2023,227.42
70311,2024,2157.73
70311,2025,135.72
70311,2026,458.77
70312,2023,1488.59
70312,2024,1819.52
70312,2025,560.57
70312,2026,864.57
70313,2023,15537.81
70313,2024,23096.56
70313,2025,15119.15
70314,2025,239.46
70315,2023,62.72
70315,2024,2099.75
70323,2023,5648.38
70325,2023,1576.47
70325,2024,3401.84
70325,2025,1327.0
70325,2026,1912.16
70326,2024,130.98
70326,2025,579.78
70327,2023,780.0
70327,2024,2997.0
70327,2025,2973.27
70327,2026,2886.58
70328,2025,832.58
70328,2026,262.87
70337,2023,4809.53
70337,2024,3359.49
70337,2025,8458.21
70337,2026,2278.37
70347,2024,2271.0
70347,2025,2086.03
70348,2023,282.0
70348,2025,150.0
70350,2023,109.1
70350,2024,2837.87
70350,2025,272.89
70350,2026,200.88
70351,2023,3173.89
70351,2024,1184.12
70351,2025,1354.7
70355,2023,97.44
70355,2024,629.26
70355,2025,888.25
70355,2026,1247.32
70357,2023,2041.67
70357,2024,743.28
70357,2025,1099.49
70357,2026,1642.44
70363,2023,1093.59
70363,2024,236.0
70364,2023,617.38
70364,2024,2088.84
70364,2025,723.61
70364,2026,368.05
70365,2023,820.99
70365,2024,3662.27
70365,2025,1131.77
70365,2026,2085.95
70372,2024,858.46
70372,2025,1172.0
70372,2026,510.0
70374,2026,48.69
70376,2024,341.53
70377,2023,650.0
70377,2024,2970.0
70377,2025,500.0
70377,2026,427.0
70378,2023,1901.57
70378,2024,3207.7
70378,2025,2345.38
70378,2026,2081.47
70385,2023,4177.09
70387,2024,500.0
70387,2026,350.0
70390,2025,42.0
70391,2024,135.0
70391,2025,13.25
70392,2023,25.0
70392,2024,60.0
70392,2026,350.0
70394,2024,849.71
70394,2025,1018.72
70394,2026,535.58
70395,2023,450.0
70395,2024,1158.27
70401,2023,4181.26
70401,2024,7987.78
70401,2025,5264.19
70401,2026,2190.38
70403,2024,205.0
70403,2025,5.0
70404,2025,5122.04
70404,2026,3655.6
70405,2023,194.0
70405,2024,3214.25
70405,2025,1043.11
70405,2026,1228.32
70413,2023,80.0
70413,2024,188.7
70413,2025,125.0
70413,2026,125.0
70416,2023,250.0
70416,2025,253.0
70417,2023,17.22
70417,2024,773.71
70417,2025,729.28
70418,2023,2570.79
70418,2024,1628.43
70418,2025,1217.58
70418,2026,1589.03
70420,2023,175.0
70420,2025,134.16
70422,2023,1559.79
70422,2024,2312.22
70422,2025,1146.9
70422,2026,991.74
70424,2023,173.8
70424,2024,200.0
70424,2025,258.0
70424,2026,300.0
70426,2024,250.74
70426,2025,100.0
70427,2024,1366.42
70427,2025,175.0
70427,2026,637.62
70433,2024,762.91
70433,2025,125.0
70433,2026,195.0
70434,2023,2550.19
70434,2024,5500.43
70434,2025,1857.62
70434,2026,2519.12
70435,2023,375.08
70435,2024,1073.49
70435,2025,169.89
70435,2026,66.5
70448,2024,280.87
70448,2025,159.38
70448,2026,377.26
70449,2023,595.52
70449,2024,8450.22
70449,2025,2117.85
70449,2026,1081.93
70451,2023,100.0
70451,2024,689.37
70451,2025,577.21
70452,2023,96.0
70452,2024,205.09
70452,2025,48.0
70453,2023,6858.45
70453,2024,3752.57
70453,2025,7104.69
70453,2026,1747.91
70459,2023,192.0
70459,2024,192.0
70459,2025,192.0
70460,2023,1164.71
70460,2024,1496.95
70460,2025,1322.29
70460,2026,1650.0
70462,2023,750.68
70462,2024,1110.84
70462,2025,1024.51
70462,2026,490.0
70463,2024,1055.35
70463,2025,200.0
70463,2026,465.0
70464,2023,25.0
70464,2024,1410.35
70472,2025,2653.67
70472,2026,4095.67
70473,2023,4.95
70473,2024,128.56
70473,2025,4.95
70473,2026,1.98
70474,2023,576.69
70474,2024,2139.85
70474,2025,1214.51
70474,2026,184.51
70476,2023,2057.3
70476,2024,4338.53
70476,2025,2437.3
70476,2026,2109.55
70480,2023,1386.31
70480,2024,1456.33
70480,2025,397.11
70480,2026,1714.45
70488,2023,500.0
70488,2024,3350.0
70488,2025,600.0
70488,2026,800.0
70490,2023,1248.18
70490,2024,4471.15
70490,2025,1129.75
70490,2026,1054.22
70491,2023,465.5
70491,2024,992.14
70491,2025,458.88
70491,2026,879.29
70493,2023,100.99
70493,2024,713.18
70493,2025,1608.96
70494,2024,1936.47
70494,2025,1745.42
70494,2026,1464.63
70495,2023,50.0
70495,2024,465.0
70496,2023,187.1
70496,2024,1717.33
70496,2025,126.58
70496,2026,50.0
70498,2023,342.55
70498,2024,667.07
70498,2025,400.0
70498,2026,173.32
70500,2023,4061.36
70500,2024,4683.86
70500,2025,4311.74
70500,2026,844.98
70501,2023,160.0
70501,2024,374.0
70501,2025,556.21
70502,2023,9811.24
70502,2024,11227.17
70502,2025,11133.08
70502,2026,5897.37
70503,2023,1792.85
70503,2024,15779.07
70503,2025,3303.98
70503,2026,4459.14
70511,2023,368.57
70511,2024,4822.86
70511,2025,1842.97
70511,2026,1790.81
70512,2023,1676.56
70512,2024,3751.85
70512,2025,1549.98
70512,2026,1123.0
70513,2024,7.9
70515,2025,238.0
70515,2026,555.5
70517,2023,1272.95
70517,2024,2059.75
70517,2025,841.7
70517,2026,300.82
70518,2024,689.51
70518,2025,9.57
70518,2026,42.65
70519,2024,179.1
70521,2023,36.0
70521,2024,87.55
70521,2025,39.0
70526,2023,403.74
70526,2024,2918.24
70526,2025,2372.96
70527,2023,178.0
70527,2024,282.0
70527,2025,288.9
70528,2023,565.0
70528,2024,1280.0
70528,2025,160.0
70530,2023,515.0
70530,2024,537.06
70530,2025,500.0
70531,2023,1238.07
70531,2024,2654.65
70531,2025,905.93
70531,2026,1272.15
70532,2023,891.71
70532,2024,2295.0
70532,2025,864.31
70532,2026,3040.83
70534,2025,708.0
70534,2026,11.86
70535,2023,216.17
70535,2024,858.28
70535,2025,133.4
70535,2026,474.98
70536,2023,172.54
70536,2024,57.96
70537,2024,3699.91
70537,2025,5023.85
70537,2026,527.77
70547,2023,5183.24
70547,2024,2715.44
70547,2025,2069.71
70550,2023,178.25
70550,2024,403.25
70550,2025,178.25
70550,2026,128.25
70551,2023,375.0
70551,2026,250.0
70557,2023,42.53
70557,2024,5525.33
70557,2025,1347.47
70557,2026,3994.25
70559,2023,139.09
70559,2024,1.2
70559,2025,13.06
70560,2023,2915.21
70560,2024,2282.83
70560,2025,2524.29
70560,2026,2585.7
70571,2023,360.0
70571,2024,4954.27
70571,2025,139.57
70575,2023,6294.66
70575,2024,5114.2
70575,2025,2748.88
70575,2026,1254.5
70576,2023,3469.93
70576,2024,7446.98
70576,2025,1183.86
70576,2026,506.07
70577,2024,383.49
70578,2023,5766.55
70578,2024,8007.67
70578,2025,4174.09
70578,2026,2202.06
70579,2023,1303.93
70579,2024,4790.67
70579,2025,1017.76
70579,2026,695.66
70584,2024,200.0
70585,2023,280.36
70585,2024,2619.92
70585,2025,169.14
70586,2023,254.27
70586,2024,289.89
70586,2025,216.97
70586,2026,115.22
70589,2023,2412.71
70589,2024,4125.11
70589,2025,3157.21
70589,2026,2312.36
70590,2023,1871.11
70590,2024,1623.0
70590,2025,317.0
70590,2026,100.0
70596,2023,430.23
70599,2023,66.0
70599,2024,1541.52
70599,2025,190.21
70600,2023,21.0
70600,2024,1226.53
70600,2025,2209.49
70600,2026,4056.73
70601,2023,160.98
70601,2024,213.88
70601,2025,7.23
70602,2023,1555.69
70602,2024,3183.01
70602,2025,625.34
70602,2026,1169.23
70604,2026,708.44
70605,2023,863.21
70605,2024,3223.01
70605,2025,1652.92
70607,2024,1550.0
70607,2025,373.52
70608,2023,2274.46
70608,2024,1000.0
70608,2025,2779.72
70608,2026,2633.57
70610,2023,380.0
70610,2024,320.0
70612,2023,96.0
70612,2024,1068.76
70612,2025,2.4
70612,2026,400.62
70613,2023,1123.2
70613,2024,3798.73
70613,2025,5286.01
70613,2026,3435.01
70621,2023,1.54
70630,2025,189.18
70633,2023,110.06
70633,2024,1666.79
70633,2025,7.9
70633,2026,283.82
70634,2023,2241.53
70634,2024,4531.79
70634,2025,1432.23
70634,2026,998.82
76001,2025,250.0
76002,2023,280.0
76002,2024,1150.0
76002,2026,500.0
76005,2026,529.12
76009,2024,1000.0
76009,2026,1700.0
76010,2023,500.0
76010,2024,1169.99
76011,2024,50.0
76014,2024,865.17
76016,2023,250.0
76016,2024,436.0
76016,2025,1775.57
76016,2026,364.03
76026,2023,251.0
76026,2024,1807.0
76026,2025,1115.35
76026,2026,2436.48
76031,2023,1896.36
76031,2024,5204.39
76031,2025,802.57
76036,2023,141.3
76036,2024,155.0
76043,2023,545.0
76043,2024,2108.96
76043,2025,2857.89
76048,2023,933.0
76048,2024,150.0
76052,2023,60.0
76052,2024,180.0
76052,2025,180.0
76067,2024,239.0
76067,2025,384.0
76070,2023,4255.0
76070,2024,8196.36
76070,2025,7716.12
76070,2026,8320.0
76071,2023,500.0
76071,2025,6.0
76072,2026,125.21
76074,2025,1868.71
76074,2026,150.0
76075,2023,595.98
76075,2024,2019.2
76075,2025,309.0
76076,2023,2071.7
76076,2024,508.55
76076,2025,888.43
76078,2023,5021.71
76078,2024,3259.55
76079,2023,813.0
76079,2024,300.0
76087,2023,1045.6
76087,2024,2189.0
76087,2025,744.93
76087,2026,2377.95
76089,2024,909.88
76089,2025,150.0
76089,2026,159.6
76102,2023,630.14
76102,2024,828.8
76102,2025,1346.97
76102,2026,674.22
76103,2024,415.89
76103,2026,75.0
76104,2024,320.0
76104,2025,101.54
76106,2025,14.92
76107,2023,184.2
76107,2024,2032.89
76108,2023,2196.67
76108,2024,2664.2
76108,2025,1233.82
76131,2023,1827.77
76131,2024,3317.28
76131,2025,4348.91
76131,2026,2550.0
76133,2026,140.74
76136,2024,715.0
76136,2025,205.0
76137,2023,1238.22
76137,2024,2040.0
76137,2025,900.0
76137,2026,4100.86
76138,2023,200.0
76138,2024,394.86
76138,2025,968.6
76139,2024,229.7
76139,2025,100.0
76141,2023,9096.21
76142,2023,514.27
76142,2024,751.56
76144,2024,1995.31
76144,2025,236.3
76144,2026,3275.46
76145,2024,200.0
76145,2025,500.0
76146,2023,1500.0
76146,2024,262.5
76146,2026,339.36
76148,2023,1569.8
76148,2024,5593.83
76148,2025,3032.79
76148,2026,3227.29
76151,2024,250.0
76151,2025,492.0
76151,2026,779.0
76153,2023,430.0
76153,2024,120.0
76153,2025,510.0
76154,2023,217.31
76154,2024,1660.25
76154,2025,2930.46
76154,2026,2370.82
76166,2023,25.0
76166,2024,610.0
76166,2025,250.0
76177,2023,228.85
76177,2024,6316.85
76177,2025,150.0
76177,2026,1050.0
76178,2025,150.0
76186,2023,556.0
76186,2024,1198.69
76186,2025,628.86
76186,2026,966.28
76188,2023,500.0
76188,2024,2558.78
76188,2025,5368.87
76188,2026,1144.0
76197,2024,27.95
76197,2025,4.0
76199,2023,1364.31
76199,2024,16017.44
76199,2025,4832.23
76199,2026,3585.8
76207,2023,264.3
76207,2024,1363.36
76207,2025,382.28
76207,2026,91.02
76210,2023,123.5
76210,2024,196.34
76211,2024,637.96
76211,2025,600.0
76215,2025,36.0
76216,2024,99.07
76216,2025,24.0
76216,2026,249.0
76217,2025,8.0
76219,2023,844.24
76219,2024,2785.53
76219,2025,382.92
76219,2026,320.94
76220,2023,718.5
76220,2024,3723.39
76220,2025,1948.62
76220,2026,14.8
76222,2023,655.58
76222,2024,9368.99
76222,2025,765.0
76222,2026,1169.0
76223,2023,1335.0
76223,2024,1100.0
76223,2025,1000.0
76223,2026,1300.0
76225,2023,421.75
76225,2024,1054.71
76225,2025,509.74
76225,2026,775.14
76232,2023,306.45
76232,2024,4390.24
76232,2025,2656.44
76232,2026,378.95
76234,2023,0.0
76235,2023,6618.52
76235,2024,3652.75
76235,2025,1852.15
76235,2026,695.56
76238,2023,1336.46
76238,2024,300.0
76238,2025,875.04
76247,2023,408.33
76247,2024,1553.21
76247,2025,884.9
76247,2026,304.78
76248,2024,201.62
76249,2024,490.0
76249,2025,100.0
76252,2023,1468.48
76252,2024,1565.63
76252,2025,438.61
76253,2025,15.0
76264,2024,205.0
76265,2024,90.0
76265,2025,90.0
76267,2023,962.58
76267,2024,1353.94
76267,2025,1350.0
76267,2026,500.0
76274,2023,37.1
76274,2024,431.32
76274,2025,191.22
76277,2023,120.0
76278,2023,600.0
76279,2023,300.0
76291,2023,75.0
76291,2024,3221.25
76291,2025,4781.44
76291,2026,1887.06
76292,2023,465.0
76292,2024,376.08
76292,2025,2.0
76302,2023,330.63
76302,2024,59.43
76302,2025,150.0
76311,2023,5.0
76311,2026,700.0
76312,2023,268.95
76312,2024,1080.0
76312,2025,150.0
76313,2025,2118.3
76313,2026,165.3
76315,2023,1800.0
76315,2024,2069.9
76315,2025,3293.58
76323,2023,816.48
76323,2024,2624.22
76323,2025,2168.23
76324,2023,300.0
76324,2024,300.0
76324,2025,597.09
76325,2023,3840.12
76325,2024,8621.17
76325,2025,2608.75
76325,2026,1965.7
76326,2025,667.62
76327,2025,10.88
76327,2026,10.17
76336,2026,100.0
76338,2023,210.0
76338,2024,472.55
76338,2025,758.81
76338,2026,843.0
76347,2023,521.93
76347,2024,1094.7
76347,2025,703.88
76348,2023,636.57
76348,2024,500.0
76350,2024,327.08
76350,2025,400.0
76350,2026,500.0
76351,2023,1055.62
76351,2024,2030.24
76351,2025,92.5
76355,2023,1136.22
76355,2024,40.0
76355,2025,88.0
76357,2023,1183.19
76357,2024,3560.95
76357,2025,4833.94
76362,2026,1642.5
76365,2023,1768.23
76365,2024,1517.0
76365,2025,2328.31
76378,2023,400.0
76378,2024,519.36
76385,2024,2263.0
76385,2025,2246.88
76385,2026,600.0
76389,2024,50.0
76401,2023,828.35
76401,2024,2443.7
76401,2025,5162.36
76401,2026,3651.46
76404,2023,1341.97
76404,2024,2375.54
76404,2025,3471.06
76404,2026,5724.54
76418,2024,88.92
76418,2025,384.89
76418,2026,758.11
76422,2023,183.0
76422,2024,870.0
76422,2025,188.0
76422,2026,438.0
76434,2023,730.35
76434,2024,10066.81
76434,2025,7046.89
76434,2026,1451.16
76435,2023,169.07
76435,2024,34928.2
76435,2025,310.5
76449,2024,1048.1
76449,2025,644.34
76449,2026,2260.63
76453,2023,398.35
76453,2024,485.33
76453,2025,729.45
76453,2026,3108.5
76462,2023,590.0
76462,2024,472.88
76462,2025,650.0
76462,2026,40.0
76463,2023,2591.56
76463,2024,10164.81
76463,2025,3655.43
76463,2026,3601.66
76464,2023,75.0
76472,2023,909.19
76472,2024,4464.64
76472,2025,1491.86
76474,2023,32.18
76474,2024,959.36
76474,2025,929.34
76474,2026,966.19
76479,2024,776.57
76479,2025,140.0
76490,2023,3264.55
76490,2024,2356.51
76490,2025,1308.33
76490,2026,1138.0
76493,2024,500.0
76493,2026,6327.24
76500,2023,3371.23
76500,2024,350.0
76500,2025,300.0
76500,2026,300.0
76502,2024,432.18
76502,2025,1023.01
76512,2024,99.0
76515,2023,70.0
76515,2024,4707.92
76515,2025,610.02
76526,2024,454.0
76526,2025,325.0
76526,2026,250.0
76527,2026,1240.27
76528,2023,125.0
76528,2024,160.0
76528,2025,310.0
76528,2026,203.24
76529,2023,204.01
76529,2025,2231.2
76529,2026,730.0
76530,2024,200.0
76531,2023,264.6
76531,2024,195.73
76531,2025,582.04
76532,2023,150.0
76532,2024,1100.0
76532,2026,234.0
76534,2023,6752.65
76534,2024,11600.47
76534,2025,30714.47
76534,2026,17941.09
76537,2024,600.0
76544,2023,13508.11
76544,2024,8037.61
76544,2025,27585.52
76544,2026,4928.26
76547,2023,582.78
76547,2024,733.61
76547,2025,53.49
76547,2026,3.6
76551,2024,211.6
76551,2025,58.83
76552,2024,1042.8
76552,2026,1000.0
76553,2023,299.42
76553,2024,350.2
76553,2025,649.21
76553,2026,84.68
76556,2024,430.0
76556,2025,500.0
76557,2024,1000.0
76557,2026,2151.0
76558,2023,17269.15
76558,2024,9238.22
76558,2025,477.36
76559,2023,170.0
76559,2024,1007.38
76559,2025,387.55
76559,2026,343.35
76560,2024,50.0
76571,2024,600.0
76571,2026,250.0
76576,2024,423.93
76577,2026,150.0
76578,2023,1070.94
76578,2024,1137.98
76578,2025,1534.6
76578,2026,1337.55
76583,2023,2956.97
76583,2024,5655.44
76583,2025,1674.86
76583,2026,1687.0
76585,2023,100.0
76585,2024,350.0
76585,2025,150.0
76585,2026,300.0
76589,2023,650.0
76589,2024,829.0
76589,2025,598.0
76589,2026,532.5
76596,2023,2637.67
76596,2024,3112.55
76596,2025,3385.79
76596,2026,993.98
76600,2023,192.35
76600,2024,875.77
76600,2025,25.0
76600,2026,150.0
76601,2023,2279.05
76601,2024,323.64
76601,2025,969.85
76601,2026,307.07
76602,2023,914.09
76602,2024,2465.16
76602,2025,1079.4
76602,2026,415.58
76604,2023,1526.34
76604,2024,862.27
76604,2025,878.75
76604,2026,620.34
76605,2023,1212.69
76605,2024,1444.33
76605,2025,950.0
76608,2026,200.0
76610,2023,2769.39
76610,2024,4965.11
76610,2025,5050.27
76621,2024,1234.09
76621,2025,2236.65
76621,2026,230.68
76634,2023,1152.5
76634,2024,5163.0
76634,2025,1059.92
76634,2026,427.0
80003,2023,1000.0
80003,2024,3067.05
80003,2025,1757.2
80003,2026,514.8
80006,2023,4242.27
80006,2024,1692.0
80006,2025,2692.0
80006,2026,1128.0
80011,2023,250.0
80030,2023,5236.0
80030,2024,2326.0
80030,2025,2388.57
80030,2026,2786.0
80033,2023,5601.85
80051,2023,6954.91
80051,2024,11344.81
80051,2025,228.25
80051,2026,6150.66
80066,2023,1250.0
80066,2024,2000.0
80066,2025,3600.0
80066,2026,2200.0
80073,2023,1250.0
80073,2024,500.0
80073,2025,2530.54
80073,2026,2373.65
80077,2023,8099.6
80077,2024,7459.04
80077,2025,9101.55
80077,2026,7998.45
80079,2023,35664.0
80079,2024,27468.0
80079,2025,27901.0
80079,2026,49704.93
80082,2023,7100.17
80082,2024,7115.0
80082,2025,6387.9
80082,2026,4566.05
80084,2023,1600.0
80084,2024,750.0
80084,2025,2050.0
80086,2023,1500.0
80086,2024,1750.0
80088,2023,2050.0
80088,2024,3200.0
80088,2025,2317.3
80088,2026,4012.5
80092,2023,4774.47
80092,2024,8041.95
80092,2025,6762.04
80092,2026,677.08
80093,2023,1400.0
80093,2025,800.0
80095,2023,10551.0
80095,2024,15891.2
80095,2025,12718.2
80095,2026,8181.2
80096,2023,46607.12
80096,2024,60830.87
80096,2025,49234.74
80096,2026,23713.27
80099,2023,128.0
80104,2023,374.62
80104,2024,10.0
80105,2023,1170.14
80105,2024,1696.7
80105,2025,1598.86
80105,2026,1355.13
80107,2023,3250.0
80107,2024,9435.25
80107,2025,15261.43
80107,2026,15766.89
80108,2023,2000.0
80108,2024,1994.87
80108,2025,3000.0
80108,2026,3500.0
80109,2023,13668.7
80109,2024,6994.48
80109,2025,13539.26
80109,2026,8411.45
80111,2023,187.17
80111,2024,240.0
80111,2025,742.42
80111,2026,160.0
80112,2023,59875.86
80112,2024,65492.24
80112,2025,434330.38
80112,2026,51694.3
80113,2023,1600.0
80113,2024,1500.0
80113,2025,3600.0
80113,2026,900.0
80116,2023,4450.0
80116,2024,6500.0
80116,2025,3950.0
80116,2026,3250.0
80117,2023,9990.0
80117,2024,3000.0
80117,2025,6000.0
80117,2026,875.0
80122,2023,2481.83
80122,2024,3679.64
80122,2025,4891.43
80122,2026,1079.47
80123,2023,988.0
80123,2024,236.0
80123,2025,248.0
80123,2026,795.0
80127,2023,1341.82
80127,2024,822.47
80127,2025,1070.44
80127,2026,1608.22
80128,2023,13549.66
80131,2023,4136.0
80131,2024,1836.0
80131,2025,2236.0
80131,2026,2024.0
80142,2023,2488.8
80142,2024,1600.0
80142,2025,2192.44
80142,2026,1805.2
80144,2023,93200.0
80144,2024,102525.0
80144,2025,78400.0
80144,2026,196696.15
80153,2023,303452.71
80153,2024,297991.6
80153,2025,371820.34
80153,2026,185873.21
80155,2023,5709.45
80155,2024,10761.06
80155,2025,10964.73
80155,2026,4252.14
80157,2023,2435.34
80157,2024,7853.44
80157,2025,3135.73
80157,2026,3291.93
80163,2023,1865.0
80163,2024,3254.0
80163,2025,957.6
80163,2026,774.0
80194,2023,49475.0
80194,2024,30310.0
80194,2025,67750.0
80194,2026,30653.99
80203,2023,612.14
80203,2024,2685.34
80209,2023,25404.49
80209,2024,23000.0
80209,2025,32000.0
80209,2026,13500.0
80210,2023,22500.0
80210,2024,16500.0
80210,2025,19180.14
80210,2026,7000.0
80217,2023,32500.0
80217,2024,24000.0
80217,2025,31900.0
80217,2026,20000.0
80219,2023,194473.94
80219,2024,160489.69
80219,2025,164214.79
80219,2026,117870.63
80220,2023,105113.42
80220,2024,84766.7
80220,2025,112721.99
80220,2026,98752.7
80221,2023,43450.0
80221,2024,163000.0
80221,2025,177901.0
80221,2026,82684.65
80223,2023,9530.51
80223,2024,8824.04
80223,2025,6592.43
80223,2026,4261.4
80224,2023,206238.01
80224,2024,171347.85
80224,2025,409061.67
80224,2026,411235.29
80225,2023,8475.79
80225,2024,29281.92
80225,2025,29642.0
80225,2026,28505.0
80227,2024,6750.0
80227,2025,171769.13
80228,2023,5275.86
80228,2024,8269.9
80228,2025,8350.0
80228,2026,2950.0
80229,2023,88191.87
80229,2024,54865.46
80229,2025,35500.0
80229,2026,38767.58
80230,2023,225500.0
80230,2024,29974.17
80230,2025,21250.0
80230,2026,5250.0
80232,2023,38582.0
80232,2024,13025.0
80232,2025,5750.0
80232,2026,4250.0
80233,2023,400.0
80233,2024,2900.0
80235,2023,1308.43
80235,2024,3912.75
80235,2025,4336.72
80235,2026,1573.71
80247,2024,6332.71
80247,2025,12650.0
80247,2026,4632.23
80257,2023,12594.08
80257,2024,38330.41
80257,2025,14458.32
80257,2026,21245.39
80262,2023,4000.0
80271,2024,5423.92
80271,2025,4038.74
80271,2026,504.57
80288,2023,5794.0
80288,2024,4793.2
80288,2025,6675.0
80288,2026,6174.95
80298,2023,4755.88
80298,2024,7250.0
80298,2025,16231.6
80298,2026,3100.0
80307,2023,3705.39
80307,2024,7762.0
80307,2025,5821.0
80307,2026,4323.0
80308,2023,3496.21
80308,2024,3858.72
80308,2025,4728.62
80308,2026,3223.95
80312,2023,11450.0
80312,2024,16600.0
80312,2025,10750.2
80312,2026,7950.0
80320,2023,440.0
80320,2024,2152.0
80320,2025,552.0
80320,2026,308.0
80323,2023,40316.06
80323,2024,46765.0
80323,2025,44998.4
80323,2026,19575.0
80325,2023,63919.39
80325,2024,65945.97
80325,2025,56071.05
80325,2026,55421.06
80332,2023,3425.0
80332,2024,6712.4
80332,2025,3500.0
80332,2026,4250.0
80339,2023,5941.66
80339,2024,7738.1
80339,2025,12553.6
80339,2026,12007.79
80340,2023,3925.0
80340,2024,3150.0
80340,2025,3950.0
80340,2026,27915.67
80358,2023,2444.88
80358,2024,1889.91
80358,2025,1095.83
80358,2026,579.92
80359,2023,4606.96
80359,2024,4597.13
80359,2025,5052.05
80359,2026,3440.47
80366,2023,1060.0
80366,2024,1135.0
80366,2025,635.0
80366,2026,560.0
80368,2023,230.0
80368,2024,236.0
80368,2025,248.0
80371,2023,2500.0
80371,2024,500.0
80371,2025,2000.0
80371,2026,1000.0
80374,2023,43277.03
80374,2024,20183.99
80374,2025,20644.87
80374,2026,25432.78
80403,2023,12882.87
80403,2024,7843.52
80403,2025,6825.78
80403,2026,3016.38
80410,2023,44000.0
80410,2024,55319.8
80410,2025,77150.0
80410,2026,17000.0
80414,2023,20815.52
80414,2024,13860.0
80414,2025,16550.0
80414,2026,64911.87
80416,2023,500.0
80416,2024,1850.0
80416,2025,1000.0
80416,2026,750.0
80434,2023,33207.31
80434,2024,844.75
80434,2025,849.0
80434,2026,1093.04
80451,2023,1000.0
80451,2024,500.0
80451,2025,1000.0
80451,2026,500.0
80460,2023,1070.0
80460,2024,1500.0
80460,2025,1320.0
80464,2023,62832.06
80464,2024,118456.69
80464,2025,658256.72
80464,2026,96272.89
80479,2023,610849.75
80479,2024,1831008.95
80479,2025,527313.19
80479,2026,304786.89
80480,2023,2500.0
80480,2024,1200.0
80480,2025,2500.0
80483,2023,6647.66
80483,2024,12205.65
80483,2025,32564.16
80483,2026,5550.77
80491,2023,13931.2
80491,2024,5491.91
80491,2025,14634.16
80491,2026,4700.0
80492,2023,3750.0
80492,2024,5375.0
80492,2025,3250.0
80492,2026,2500.0
80501,2023,400.0
80505,2023,3791.8
80505,2024,20780.71
80505,2025,180.0
80505,2026,120.0
80511,2023,85.64
80512,2023,730.0
80512,2024,42614.82
80512,2025,3048.0
80512,2026,20.3
80527,2023,1605.0
80527,2024,2000.0
80527,2025,3000.0
80527,2026,4535.0
80530,2023,104281.37
80530,2024,71011.63
80530,2025,51721.84
80530,2026,24942.66
80537,2023,7626.2
80537,2024,11010.72
80537,2025,10021.48
80537,2026,8402.8
80542,2023,2200.0
80542,2024,2650.0
80542,2025,3700.0
80542,2026,3000.0
80550,2023,2780.3
80550,2024,8881.59
80550,2025,2493.66
80550,2026,1244.26
80552,2023,3000.0
80552,2024,2000.0
80552,2026,1500.0
80562,2023,3000.0
80562,2024,1500.0
80562,2025,1250.0
80562,2026,2000.0
80566,2023,2500.0
80566,2024,1000.0
80566,2025,2226.33
80566,2026,2000.0
80577,2023,47227.93
80577,2024,49613.02
80577,2025,46000.0
80577,2026,27250.0
80580,2023,5350.52
80580,2024,6938.43
80580,2025,976.87
80580,2026,1098.48
80583,2023,4000.0
80583,2024,2000.0
80583,2025,2500.0
80583,2026,2000.0
80585,2023,1200.0
80585,2024,4640.0
80585,2025,2450.0
80585,2026,4525.0
80586,2023,2480.29
80586,2024,1946.93
80586,2025,14407.16
80586,2026,1950.0
80588,2025,944.0
80591,2023,3500.0
80591,2024,4876.25
80591,2025,3250.0
80591,2026,4347.37
80596,2023,17000.0
80596,2024,12484.02
80596,2025,12350.0
80596,2026,19500.0
80598,2023,500.0
80598,2024,2000.0
80598,2025,2669.98
80598,2026,1029.92
80599,2023,103.38
80599,2024,600.0
80599,2025,550.0
80599,2026,150.0
80606,2023,14276.71
80606,2024,20427.1
80606,2025,17443.2
80606,2026,18045.98
80608,2023,3974.3
80608,2024,5726.5
80608,2025,5635.0
80608,2026,2998.63
80609,2023,3117.83
80609,2024,427.03
80609,2025,2600.94
80609,2026,912.13
80616,2023,3850.0
80616,2024,5078.8
80616,2025,3950.0
80616,2026,1550.0
80622,2023,4000.0
80626,2023,1124.59
80626,2025,500.0
80627,2023,2700.0
80627,2024,2275.0
80627,2025,4765.87
80627,2026,7033.14
80645,2023,282.5
80645,2024,1180.0
80645,2025,180.0
80645,2026,120.0
80648,2023,51556.0
80648,2024,3922.89
80648,2025,9427.25
80648,2026,6803.01
80649,2023,1100.0
80649,2024,1000.0
80649,2025,2503.0
80650,2023,192.0
80650,2024,192.0
80650,2025,3426.76
80652,2023,9500.0
80652,2024,8300.04
80652,2025,11988.35
80652,2026,9246.38
80665,2023,0.84
80665,2024,0.84
80665,2025,0.84
80665,2026,0.56
80676,2023,1295.45
80676,2024,1325.87
80676,2025,2792.12
80676,2026,2271.87
80677,2023,112.5
80677,2024,180.0
80677,2025,180.0
80677,2026,45.0
80678,2023,1520.0
80678,2024,3750.0
80678,2025,1000.0
80678,2026,2000.0
80682,2023,5242.05
80682,2024,9488.11
80682,2025,11234.96
80682,2026,2879.07
80685,2023,1959.76
80685,2024,1700.0
80685,2025,6020.14
80685,2026,2500.0
80690,2023,43150.0
80690,2024,33650.0
80690,2025,21068.11
80690,2026,22989.91
80694,2023,192.0
80694,2024,192.0
80694,2025,192.0
80694,2026,128.0
80696,2023,200.0
80700,2023,6150.0
80700,2024,14450.0
80700,2025,19489.64
80700,2026,5731.1
80702,2023,858.4
80702,2024,1081.61
80702,2025,1417.79
80702,2026,2946.32
80716,2023,3500.0
80716,2024,3000.0
80716,2025,1000.0
80716,2026,1317.48
80722,2023,7750.0
80722,2024,7200.0
80722,2025,34745.23
80722,2026,4750.0
80725,2023,500.0
80725,2024,500.0
80725,2026,750.0
80728,2023,3088.69
80728,2024,8783.23
80728,2025,11395.67
80728,2026,3899.8
80736,2023,1165.42
80736,2024,6.59
80736,2025,1.53
80736,2026,0.98
80739,2023,765.95
80739,2024,698.0
80739,2025,2234.0
80739,2026,1144.0
80740,2023,79.0
80740,2024,6020.0
80740,2025,21985.0
80740,2026,4260.0
80745,2023,18919.82
80745,2024,31870.64
80745,2025,15506.86
80745,2026,9894.99
80748,2023,1456.41
80748,2024,714.87
80748,2025,1737.08
80748,2026,889.79
80759,2023,1188.89
80759,2024,17879.9
80759,2025,4210.01
80759,2026,16826.14
80760,2023,7303.4
80760,2024,8802.64
80760,2025,7320.81
80760,2026,4216.35
80761,2023,4299.38
80761,2024,2263.1
80761,2025,5264.64
80761,2026,5421.08
80762,2023,1500.0
80762,2024,2587.74
80762,2025,4172.23
80762,2026,5161.18
80766,2023,839.79
80766,2024,2519.6
80766,2025,1657.69
80766,2026,429.29
80769,2023,494562.92
80769,2024,826147.49
80769,2025,705275.26
80769,2026,934679.58
80782,2025,4753.58
80787,2023,8721.0
80787,2024,4250.0
80787,2025,8500.0
80787,2026,7298.16
80793,2024,1066.0
80793,2025,1100.0
80793,2026,2654.43
80798,2025,997.37
80800,2023,1483.86
80800,2024,66.0
80800,2025,96.0
80800,2026,64.0
80807,2023,700.0
80807,2024,1050.0
80807,2025,1450.0
80807,2026,283.0
80811,2024,176.0
80816,2023,212.5
80816,2024,180.0
80816,2025,180.0
80816,2026,120.0
80818,2023,3296.11
80818,2024,4250.0
80818,2025,3220.14
80818,2026,3633.14
80823,2024,500.0
80823,2025,757.56
80823,2026,1320.3
80826,2023,186142.39
80826,2024,204131.61
80826,2025,165133.93
80826,2026,132690.68
80830,2023,1847.8
80830,2024,1095.0
80830,2025,705.0
80830,2026,120.0
80838,2023,5250.47
80838,2024,46732.49
80840,2023,805.75
80840,2024,1000.0
80840,2025,4150.0
80840,2026,1200.0
80841,2023,60.0
80841,2024,530.0
80841,2025,1856.81
80841,2026,3585.0
80846,2023,283.73
80846,2024,510.0
80846,2026,373.69
80848,2023,119.88
80848,2024,5000.59
80848,2025,1953.82
80848,2026,911.46
80862,2023,10.0
80862,2024,165.0
80863,2023,453.62
80863,2024,688.49
80863,2025,1003.38
80863,2026,479.37
80870,2023,17300.51
80870,2024,22843.0
80870,2025,16531.28
80870,2026,15164.0
80877,2023,4074.48
80877,2024,4059.48
80883,2023,90.0
80883,2024,20.0
80883,2025,35.0
80885,2023,700.0
80885,2024,3200.0
80885,2025,1900.0
80885,2026,1200.0
80887,2023,5250.0
80887,2024,5023.35
80887,2025,500.0
80887,2026,200.0
80889,2024,12.85
80889,2025,26.71
80891,2023,93807.17
80891,2024,82586.15
80891,2026,11790.88
80894,2023,5.0
80894,2024,10.0
80894,2025,500.0
80894,2026,500.0
80900,2023,192.0
80900,2024,192.0
80900,2025,642.09
80901,2023,576.94
80901,2024,724.71
80901,2025,300.0
80901,2026,200.0
80914,2023,207.0
80914,2025,500.0
80915,2023,1500.0
80915,2024,250.0
80915,2025,500.0
80917,2023,68471.05
80917,2024,364099.2
80917,2025,143595.54
80917,2026,305237.41
80920,2023,2052.5
80920,2024,2000.0
80920,2025,2009.0
80930,2024,219365.62
80930,2025,2842.5
80930,2026,131170.75
80947,2023,205.54
80947,2024,11807.54
80947,2025,425.73
80947,2026,2605.34
80950,2023,1865.26
80950,2024,4145.29
80950,2025,3175.38
80950,2026,3055.72
80951,2023,64537.53
80951,2024,76835.85
80951,2025,181438.82
80952,2023,2500.0
80952,2024,20870.9
80952,2025,12750.0
80952,2026,9750.0
80956,2023,1500.0
80956,2024,6074.0
80956,2025,9000.0
80956,2026,5824.0
80958,2023,3277.86
80958,2024,3900.09
80958,2025,6171.4
80958,2026,4375.6
80960,2023,1000.0
80960,2024,2500.0
80960,2025,2500.0
80961,2023,192.0
80961,2024,192.0
80961,2025,192.0
80961,2026,128.0
80962,2023,187446.06
80962,2024,5692.96
80962,2025,7408.68
80962,2026,9758.73
80966,2026,18.5
80969,2023,60.0
80969,2024,92346.03
80969,2025,25.0
80969,2026,27500.0
80970,2023,560.0
80970,2024,2403.97
80971,2023,359.4
80971,2024,759.4
80971,2025,359.4
80971,2026,239.6
80974,2023,180.0
80974,2024,180.0
80974,2025,122.47
80975,2023,58.0
80975,2024,344.15
80975,2025,51.0
80978,2025,12.77
80981,2023,3470.22
80981,2024,1210.01
80981,2025,1054.31
80981,2026,937.36
80983,2023,731.29
80988,2024,13.94
80990,2023,192.0
80990,2024,128.0
80991,2023,15350.0
80991,2024,17866.1
80991,2025,11208.59
80991,2026,6246.18
80992,2023,5500.0
80992,2024,6542.82
80992,2025,9938.74
80992,2026,1182.57
80993,2023,500.0
80993,2024,5845.23
80993,2025,4565.81
80993,2026,1668.6
80994,2023,12093.79
80994,2024,9741.13
80994,2025,10280.99
80994,2026,6336.6
80995,2023,300340.0
80995,2024,2691.12
80995,2025,5346.72
80995,2026,4792.3
80996,2023,18000.0
80996,2024,13092.22
80996,2025,21413.81
80996,2026,8067.14
81003,2023,295.83
81004,2024,200.0
81006,2023,2356.32
81006,2025,2230.0
81009,2023,219.6
81009,2026,15.0
81011,2023,800.0
81011,2024,1700.0
81011,2025,2500.0
81011,2026,1000.0
81013,2023,76.56
81013,2024,83.53
81013,2025,109.36
81013,2026,142.8
81014,2023,1099.59
81014,2024,3377.2
81014,2025,378.3
81014,2026,1434.9
81015,2023,4373.16
81016,2024,500.0
81017,2023,30289.19
81017,2024,3572.32
81017,2025,64422.49
81018,2023,21440.6
81018,2024,1769.48
81018,2025,74368.04
81018,2026,21600.0
81019,2023,768.76
81019,2024,322.86
81019,2025,442.35
81019,2026,4560.12
81022,2023,2327.41
81022,2025,754.79
81022,2026,182.0
81024,2023,614.5
81026,2023,3069.4
81026,2024,859.4
81026,2025,2809.4
81026,2026,239.6
81028,2023,3250.0
81028,2024,4300.0
81028,2025,2550.0
81028,2026,1750.0
81030,2023,2917.26
81030,2024,513.09
81030,2025,6769.13
81030,2026,17.8
81031,2023,2534.39
81031,2024,43.22
81031,2025,2453.23
81033,2023,1060.48
81033,2024,1770.72
81036,2024,17.45
81036,2025,5.0
81038,2023,2005.34
81038,2025,695.0
81041,2024,23749.47
81041,2025,21311.38
81044,2023,7746.03
81044,2024,41096.17
81046,2024,1672.53
81047,2023,21451.29
81047,2024,4.8
81047,2025,134.38
81048,2023,1997.06
81048,2024,1115.53
81048,2025,1492.3
81048,2026,150.31
81049,2023,28397.24
81049,2024,4818.38
81049,2025,24561.52
81049,2026,2403.95
81050,2023,3117.5
81050,2024,14.0
81050,2025,174.0
81051,2023,16526.93
81051,2024,300.85
81051,2025,26473.86
81052,2023,1338.73
81052,2024,7386.1
81052,2025,5363.6
81052,2026,831.94
81053,2023,7833.62
81054,2023,1906.47
81054,2024,3397.56
81054,2025,1616.44
81054,2026,1319.61
81056,2023,14.21
81056,2024,30.0
81056,2025,20.0
81056,2026,40.0
81057,2023,10589.52
81058,2024,158.72
81059,2023,71.4
81059,2024,71.4
81059,2025,50000.0
81059,2026,50000.0
81064,2024,60.0
81064,2025,60.0
81066,2023,348.01
81067,2023,4375.73
81067,2024,12.0
81067,2025,8.0
81071,2023,5677.0
81072,2023,60.0
81072,2024,680.0
81072,2025,34768.0
81072,2026,1793.85
81074,2023,81103.05
81074,2024,79954.66
81074,2025,135500.0
81074,2026,24000.0
81075,2023,1615.03
81075,2024,1637.6
81075,2025,1443.87
81075,2026,229.88
81077,2023,9673.02
81077,2024,1000.0
81077,2025,1500.0
81077,2026,500.0
81078,2023,10373.52
81078,2024,5020.43
81078,2025,2763.4
81078,2026,349.22
81079,2023,20.5
81079,2024,4864.92
81080,2023,610.0
81082,2023,180.0
81082,2024,17994.37
81082,2025,31105.5
81083,2023,2737.11
81084,2023,30354.11
81084,2024,20122.14
81085,2023,127.02
81085,2024,463.91
81087,2023,3505.67
81087,2024,8221.28
81087,2025,29275.72
81087,2026,165287.79
81088,2023,1610.5
81088,2024,142.0
81088,2025,168.79
81088,2026,251.48
81089,2023,60.0
81089,2024,25.0
81089,2025,5.0
81091,2023,10.0
81091,2024,74.0
81091,2025,84.0
81092,2023,10.0
81093,2023,3000.0
81095,2023,2238.46
81095,2024,45342.01
81096,2023,1060.0
81096,2024,1074.25
81096,2025,1084.25
81100,2023,338.75
81100,2024,5218.12
81102,2023,5721.73
81102,2024,2458.34
81102,2025,1942.73
81102,2026,559.36
81103,2023,5244.4
81103,2024,1159.18
81103,2025,615.44
81104,2023,194759.96
81104,2024,825.99
81105,2023,30.0
81105,2024,74.0
81105,2025,84.0
81106,2023,1611.1
81106,2024,3280.41
81106,2025,310.19
81107,2023,58146.44
81107,2024,2744.41
81107,2025,45851.63
81108,2025,3785.0
81109,2023,390.62
81109,2024,1081.23
81109,2025,1923.5
81109,2026,2155.7
81110,2023,967.43
81110,2024,15.0
81111,2023,290.0
81111,2024,4710.0
81112,2023,352787.14
81112,2024,310.0
81112,2025,397.24
81114,2023,97487.4
81114,2024,60.0
81114,2025,1239220.1
81114,2026,32000.0
81115,2023,28000.0
81115,2024,10349.59
81115,2025,11011.3
81115,2026,8042.0
81116,2024,2116.1
81116,2025,2664.83
81116,2026,7021.3
81117,2023,4020.0
81117,2024,2.0
81117,2025,498.0
81119,2023,3953.04
81119,2024,200.09
81120,2023,11434.0
81122,2024,5597.66
81122,2025,457.75
81123,2024,1032.08
81123,2025,23.14
81125,2024,47.75
81125,2025,168.0
81126,2024,212.94
81126,2025,27455.7
81126,2026,127.52
81127,2025,2407.0
81127,2026,333.0
81128,2024,580.0
81128,2026,1000.0
81129,2025,10.0
81129,2026,38.0
81130,2024,0.01
81130,2025,950.21
81130,2026,2019.0
81131,2025,3052.98
81131,2026,1967.81
81132,2025,53258.81
81132,2026,55153.81
81133,2025,3607060.88
81134,2025,3417.75
81134,2026,500.0
81135,2025,1398.18
81135,2026,84.35
81136,2025,21.9
81136,2026,566.63
81137,2025,427431.45
81137,2026,779535.46
81138,2026,100.0
81140,2025,45943.59
81140,2026,123556.77
81141,2025,39109.03
81142,2026,1544.16
81143,2025,36.0
81143,2026,108.0
81144,2025,2500.0
81145,2026,500.0
81146,2025,394.0
81146,2026,504.73
81147,2025,184943.21
81147,2026,4000.0
81148,2025,67914.67
81148,2026,25822.42
81149,2025,141971.46
81149,2026,37000.0
81150,2025,29815.0
81150,2026,4185.0
81151,2025,881.8
81152,2025,6.0
81152,2026,371.59
81154,2026,75.0
81156,2026,5.0
81158,2026,150.39
81159,2026,10369.66
81160,2026,119.96
81162,2026,78244.9
81163,2026,58423.1
81164,2026,46682.9
81165,2026,18000.0
81166,2026,84412.69
81168,2026,10000.0
95305,2023,3905.0
95419,2023,1570.46
95419,2024,1856.79
95419,2025,20210.16
95463,2023,124532.54
95469,2024,4590.0
95472,2023,147.8
95480,2023,141656.97
95480,2024,587406.86
95480,2025,18667.28
95485,2023,11148.62
95485,2024,162.61
95487,2023,161496.13
95489,2023,393295.71
95491,2023,35373.99
95491,2024,23749.64
95492,2023,2.18
95492,2024,15.57
95492,2025,1112.63
95493,2023,52877.91
95493,2024,16150.65
95494,2023,67027.09
95502,2023,1.41
95502,2025,23.59
95504,2023,279589.61
95504,2024,170759.67
95504,2025,195040.41
95504,2026,118790.51
95505,2023,3758975.7
95505,2024,3964429.62
95505,2025,28793.62
95507,2024,950000.0
95508,2023,65137.97
95508,2024,75126.38
95508,2025,19735.65
95509,2023,1004719.26
95509,2024,6254347.64
95509,2025,26081.92
95510,2023,254134.72
95510,2024,160673.25
95510,2025,4405.73
95511,2023,6659264.14
95511,2024,26963010.82
95512,2023,56200.9
95512,2024,3718.99
95512,2025,1135.85
95513,2024,889526.25
95514,2024,0.57
95514,2025,10.55
95515,2023,116.0
95515,2024,126.0
95517,2023,255.0
95517,2024,12958.82
95517,2025,13440.53
95518,2024,5318258.02
95518,2025,49.0
95521,2024,2515568.24
95521,2025,2666.0
95522,2024,128802.9
95522,2025,356.0
95523,2024,45292.32
95523,2025,63526.65
95523,2026,238540.76
95525,2025,37365.22
95525,2026,246650.27
95527,2025,947811.71
95527,2026,513574.14
95528,2025,1297862.54
95528,2026,153990.3
95529,2025,303831.26
95530,2025,17784.07
95531,2025,75010.79
95531,2026,81100.0
95532,2025,827060.0
95532,2026,225040.0
95533,2025,1440342.79
95533,2026,754831.2
95535,2025,150179.41
95535,2026,152640.45
95536,2026,399614.47
95538,2025,2081795.77
95538,2026,2707187.56
95539,2025,10.0
95539,2026,591624.78
95540,2026,626563.16
95542,2026,807.23
95543,2025,75000.0
95544,2026,18724.37
95545,2026,370.15
95547,2026,8000.0
95550,2026,15.5
95551,2026,33750.0
