cmte_id,total_amount,total_count
C00000422,117207.17,49
C00000489,500.0,1
C00000729,37197.41,42
C00000885,88911.0,7
C00000901,84610.78,38
C00000935,118946812.62,17698
C00000984,144.0,1
C00001016,100791.58,16
C00001198,7916.48,29
C00001305,563639.76,141
C00001313,1635771.66,1119
C00001388,22954.78,23
C00001636,1000.0,1
C00001727,31317.43,207
C00001743,113141.27,36
C00001917,104532.37,181
C00002089,471582.83,66
C00002238,24647.62,64
C00002261,529.31,1
C00002469,10207.5,1010
C00002766,181617.11,33
C00002832,17558.75,7
C00002840,1309459.71,81
C00002881,642.0,7
C00002907,869.35,1
C00002972,31122.7,5
C00003111,102286.9,207
C00003160,36671.62,20
C00003194,5618.5,14
C00003251,50845.36,19
C00003418,170378427.79,11449
C00003558,31565.67,70
C00003590,114099.63,50
C00003632,98371.38,23
C00003764,23944.38,58
C00003855,57150.32,33
C00003863,1538.63,15
C00003988,83590.74,29
C00004036,6509886.53,120
C00004101,567.04,4
C00004325,340128.15,54
C00004606,400859.15,133
C00004812,58799.95,65
C00004861,3159.46,3
C00004879,2984.0,1
C00004911,8844.27,23
C00004994,1049.34,41
C00005157,21440.96,21
C00005173,55454.43,19
C00005249,27601.53,3
C00005462,82151.91,45
C00005561,1243517.46,467
C00005660,20460.58,9
C00005785,87445.73,231
C00005801,361.0,1
C00005926,816354.73,610
C00006080,11723.82,40
C00006486,122734.35,33
C00007450,448.46,11
C00007542,6555.24,19
C00007658,64947.06,20
C00007880,76408.35,89
C00007898,25274.96,9
C00007922,13177.35,30
C00007948,720.4,19
C00008078,70.0,1
C00008086,212107.55,266
C00008169,750.0,1
C00008227,422633.2,382
C00008268,9548.48,3
C00008474,505.23,3
C00008664,153202.35,30
C00008748,714.35,1
C00008839,5277.48,48
C00009282,3266.91,42
C00009423,689.5,18
C00009704,1165.14,5
C00009845,64112.23,17
C00009936,29943.35,40
C00009985,22804.4,30
C00010033,251599.89,393
C00010082,1630.77,13
C00010124,24598.48,45
C00010363,130534.8,55
C00010421,337.58,6
C00010439,76192.8,168
C00010603,167698261.3,8430
C00010793,40310.91,31
C00010868,23709.17,73
C00010876,6061.0,2
C00011114,102350.59,555
C00011197,90103.5,26
C00011262,10594.13,18
C00011544,7967.12,6
C00011627,10.72,1
C00011643,3234.77,1
C00012310,16282.54,11
C00012401,6895.6,17
C00012468,1057.16,14
C00012914,24786.98,444
C00013128,3601.92,2
C00013342,110965.36,33
C00013748,211966.84,482
C00014092,10483.14,22
C00014498,1767172.14,488
C00014555,3344.0,21
C00015552,523.25,13
C00015594,220502.79,230
C00016386,16026.43,41
C00016683,450.0,1
C00016899,1371259.37,817
C00017194,4593.25,5
C00017244,50.0,1
C00018028,3192.33,32
C00018929,75200.38,255
C00019083,2214.5,18
C00019331,3157827.57,809
C00019380,234186.09,324
C00020818,8174.54,6
C00021121,469064.69,30
C00022343,55633.4,36
C00022368,3268.14,22
C00023028,15581.84,84
C00023580,1116871.82,92
C00023838,298901.17,283
C00024372,258751.04,475
C00024521,189075.67,69
C00024679,53007.16,19
C00024869,7225.67,21
C00024968,64672.05,75
C00025254,3514409.42,944
C00025379,2182.65,4
C00025536,4624.78,18
C00027466,70435887.78,8295
C00029348,3828.66,40
C00029447,86311.41,21
C00029504,100331.88,19
C00030718,1775300.33,38
C00030734,-642.44,113
C00030809,16799.09,733
C00031054,1276678.13,1029
C00031088,385405.83,673
C00032334,457673.54,743
C00032607,42000.0,28
C00032698,16216.22,20
C00032979,18016.87,32
C00032995,9777.56,508
C00033134,767727.67,879
C00033423,0.0,4
C00033589,2846.38,19
C00033779,64189.03,32
C00033969,828.95,11
C00034033,206939.83,198
C00034157,361.88,5
C00034330,641.94,14
C00034405,25.0,1
C00034470,5896.73,6
C00034488,2676.87,16
C00034645,8967.58,56
C00034678,40.0,2
C00034785,11449.32,16
C00035006,211.33,1
C00035253,12219.3,2
C00035451,107233.09,62
C00035519,401.5,19
C00035535,6293.43,19
C00035600,751695.29,458
C00035618,52340.71,173
C00035675,18639.0,9
C00035691,498.93,2
C00038505,1840552.11,3530
C00038604,5870.16,38
C00039305,531.79,4
C00039321,821.92,13
C00039461,31.73,2
C00039578,91882.47,49
C00039941,4430.84,1
C00040220,1830789.89,414
C00040253,6874.68,20
C00040279,4299.73,19
C00040329,480.36,1
C00040584,1445.05,15
C00040725,5153.69,24
C00040857,3391.64,5
C00040998,2040847.75,37
C00041160,586172.02,488
C00041236,59204.29,54
C00041269,959717.78,859
C00041566,7574.76,39
C00041590,8384.74,16
C00041954,10500.0,17
C00042002,44.0,3
C00042366,82172969.31,9037
C00042622,46871.16,181
C00043059,800.9,5
C00043091,15939.9,29
C00043471,50.83,3
C00043919,4230.47,32
C00044776,1116684.88,426
C00044842,1354444.15,755
C00044990,9961.3,9
C00046474,4535.9,2
C00048702,569.34,8
C00051979,4739.69,19
C00053553,1648696.66,266
C00055582,890748.43,531
C00060103,166.07,14
C00060707,65523.96,91
C00062224,510.0,1
C00062836,20018.01,14
C00063164,15615.03,18
C00064766,583.0,1
C00064774,4501.25,3
C00065219,12328.47,40
C00065870,25137.47,6
C00066472,34749.85,313
C00067231,11090.12,61
C00068353,103045.48,54
C00068692,1.0,1
C00071365,1391299.26,323
C00072025,323809.8,1043
C00072769,16592.4,20
C00073056,64531.75,69
C00073155,414.58,1
C00073627,573.46,11
C00074096,429.87,16
C00074450,850339.36,347
C00075275,1104.56,16
C00075820,89566412.92,7439
C00076299,3071.49,11
C00076810,1644.56,17
C00077305,729.0,2
C00077321,82966.46,21
C00077701,840.0,2
C00078196,74026.66,88
C00078535,6860.29,29
C00079541,30015.42,124
C00079566,3851.0,1
C00079681,7449.16,18
C00080135,462.5,5
C00080648,758.57,36
C00081273,48646.83,92
C00081414,26929.32,16
C00081547,3782.58,21
C00082040,649.0,2
C00082271,1735.7,11
C00082792,697.05,1
C00082800,1049.0,1
C00082834,9899.21,16
C00082925,567180.1,202
C00083279,537782.73,75
C00083758,383.11,19
C00083915,960.9,1
C00084061,2195.43,6
C00084368,717183.25,328
C00084475,1031.76,10
C00084491,34502.71,17
C00084871,3445.0,18
C00084954,37129.45,354
C00085506,29172.35,93
C00085910,3185.45,19
C00085977,7.76,2
C00086355,350.0,1
C00087874,2491.56,16
C00088435,427.04,11
C00088591,156020.19,24
C00089086,6848.98,19
C00089136,1847.06,31
C00089243,808756.58,259
C00089458,21176.24,7
C00089482,481122.46,391
C00090415,444.03,13
C00091561,458742.01,157
C00092247,12434.13,22
C00092841,325.47,3
C00092957,32575.25,199
C00096156,863308.04,98
C00096412,455793.85,312
C00096842,250.0,1
C00097485,787.13,1
C00097725,360.0,18
C00097865,3179.23,1
C00099002,1467.36,1
C00099259,1195583.83,1189
C00099267,306497.09,207
C00100644,34798.48,26
C00100693,5938.28,12
C00101105,328587.36,4
C00101204,159.84,6
C00101626,3421.93,18
C00101766,315.0,18
C00102764,6511.09,19
C00103549,200.0,2
C00103861,7418.03,25
C00103903,220.0,3
C00103978,35.0,1
C00104083,6250.0,2
C00104109,7467.31,19
C00104455,453.15,7
C00104471,319149.85,83
C00104802,2599.91,19
C00104901,20932.24,14
C00105338,10761.67,19
C00105668,540617.41,209
C00105973,472255.37,560
C00105981,37392.29,74
C00106146,27830.44,42
C00106435,1023.64,8
C00107128,7079.71,34
C00107136,1611.99,8
C00107235,162029.35,13
C00107771,125.0,5
C00108035,38129.24,56
C00108209,100.0,4
C00108613,125160.23,250
C00109546,683.03,1
C00109678,483.22,5
C00110478,5101.22,19
C00110585,1797.4,11
C00111237,2752.5,3
C00111278,62.34,3
C00111302,1978.36,27
C00112995,410.0,1
C00113159,904.46,2
C00113225,26133.55,21
C00113241,90514.25,140
C00113753,131315.85,44
C00113803,22562.95,70
C00113811,12813.85,57
C00113845,576.7,73
C00114025,8064.5,151
C00114108,2500.0,2
C00114132,2614.25,17
C00114314,92.5,1
C00114371,3210.0,3
C00114439,995835.62,625
C00114694,621.39,12
C00115527,11709.3,18
C00115832,526.29,11
C00116020,50.0,1
C00116632,913192.37,264
C00117424,148.4,3
C00118208,808.85,6
C00118430,2027.11,29
C00118943,7351.03,34
C00119008,120.0,4
C00120030,5792.82,23
C00120055,158502.06,41
C00120873,150.0,1
C00121350,6942.0,23
C00121582,3000.0,20
C00122101,23344.68,54
C00123612,521.13,7
C00125534,193617.87,42
C00125641,1346.0,15
C00125732,1785.05,19
C00126466,22.11,1
C00126763,33867.9,27
C00127811,11046.08,22
C00130658,2458355.69,536
C00130773,2472.12,16
C00130831,12870.48,3
C00131185,785783.37,115
C00132282,4088.61,30
C00133389,991.81,12
C00134676,92087.18,28
C00134726,2712.0,3
C00135368,17898.79,22
C00135541,10736.3,65
C00135558,388906.31,306
C00136200,230656.37,142
C00136457,407196.4,530
C00136689,7165.0,9
C00136853,50134.12,28
C00137273,18645.31,70
C00137729,3101.29,17
C00138966,561.36,1
C00138974,9001.07,9
C00139014,20000.0,2
C00139071,7480.19,19
C00139477,518.09,10
C00139568,1090.64,18
C00139600,455.06,19
C00139659,538545.03,310
C00140061,19002.72,43
C00140590,1678084.78,289
C00140707,3351.54,1
C00140715,486128.38,395
C00140855,2019.96,13
C00141218,5787.14,6
C00141572,89884.77,44
C00141812,687084.75,463
C00142083,664.0,1
C00142299,3521.25,18
C00142653,40.0,2
C00142711,995.0,13
C00142786,125.82,4
C00143230,261969.83,273
C00143743,1717208.14,560
C00143867,0.13,1
C00144261,39434.92,30
C00144345,2966.14,18
C00144766,1733.95,17
C00145342,1000.0,4
C00145623,11414.4,20
C00145862,763.7,2
C00147173,32455.58,55
C00147231,2641.91,15
C00147512,10884110.65,947
C00147975,24083.88,20
C00148999,436163.93,280
C00149104,3860.88,2
C00149641,99961.28,214
C00150367,14614.29,138
C00150672,515139.74,51
C00150797,4158.72,18
C00151175,1618.86,17
C00151340,53567.57,10
C00151688,66190.0,19
C00151787,3517.29,19
C00153031,238242.49,357
C00153171,3200.0,2
C00153445,4695.16,3
C00153684,7255.0,14
C00154104,1002.63,9
C00154625,1196322.56,475
C00155366,320.41,1
C00155440,163261.18,8
C00155952,127722.46,137
C00156216,276.0,5
C00156810,975170.23,457
C00157941,185543.16,19
C00157958,159.24,3
C00158402,162635.6,122
C00158576,126477.13,31
C00158881,19045.0,2
C00159954,9300.07,19
C00160259,4723.87,53
C00160770,473.98,10
C00160937,109709.94,257
C00160986,5000.0,1
C00161067,206973.43,204
C00161141,461.0,28
C00161190,765.9,4
C00161265,64012.38,18
C00161786,1306123.58,848
C00161810,201572.48,370
C00162339,2259326.2,1073
C00162578,55454.43,19
C00162818,26385.0,1
C00163048,13842.3,28
C00163212,10260.78,18
C00163238,825.0,2
C00163253,609.0,2
C00163956,54616.0,4
C00164145,0.0,2
C00164418,7934.57,37
C00164509,320.0,8
C00164848,338.65,2
C00165159,1813498.77,304
C00165472,40.0,2
C00165522,2289.45,16
C00165548,129714.83,61
C00165688,114411.85,47
C00165944,1245.0,1
C00166272,12465.75,49
C00166348,2662.07,5
C00166355,4950.0,18
C00166710,529742.05,587
C00167015,255701.57,370
C00167130,61624.24,45
C00167213,267215.88,343
C00167320,588171.87,467
C00167346,293134.55,325
C00167460,5206.18,20
C00167585,488558.56,266
C00167684,340.0,6
C00167759,409.98,1
C00168864,736.28,15
C00170175,5778.71,24
C00170258,14756.04,38
C00171330,44857.12,59
C00171504,1242.0,2
C00171843,12207.57,2
C00171926,563.46,11
C00172205,1202.76,6
C00172296,224721.23,43
C00172361,3446.22,3
C00172494,4016.84,3
C00172510,250308.54,386
C00172619,115931.52,99
C00172833,3922.32,17
C00172841,7249.75,46
C00173096,618.7,22
C00173393,20.23,3
C00174334,24687.49,33
C00174847,8429.04,17
C00175521,2324.38,46
C00178038,338830.54,191
C00178418,13470.0,6
C00179408,97283.45,37
C00183962,30000.0,2
C00187450,201357.69,146
C00187526,484.44,1
C00188011,3215.24,2
C00188078,5289.26,9
C00188177,1596.19,21
C00188193,28329.14,67
C00188367,312203.58,277
C00188987,1787.21,26
C00189100,279.09,1
C00190934,59441.6,22
C00190991,26876.75,22
C00191247,359882.54,346
C00191288,96788.12,143
C00192153,211.2,24
C00193342,182286.68,175
C00193383,6440.0,3
C00193433,36538174.11,7085
C00193441,17935.22,23
C00193631,20260.47,40
C00193672,508.3,3
C00193854,2696.55,9
C00193979,358.5,2
C00194746,13916.59,19
C00195024,3872.25,4
C00195628,3271.49,36
C00195891,1070.73,14
C00196089,23365.08,138
C00196246,1836.26,16
C00196428,457.82,6
C00196444,3127.95,13
C00196725,3372.38,22
C00196774,5611771.26,2662
C00196915,43671.62,23
C00197103,340.0,1
C00197160,1198.48,4
C00197228,156.69,1
C00197715,16108.64,13
C00197749,2379.56,19
C00198259,4080.0,3
C00198861,4064.68,25
C00199257,6469.83,6
C00199703,356.2,5
C00200865,116171.8,55
C00201863,2220.03,2
C00201871,5746.27,8
C00202176,4769.43,24
C00202184,1787.71,4
C00202416,24821.82,4
C00202804,6793.63,4
C00203497,204845.49,38
C00204453,7500.0,6
C00205369,2250.0,3
C00206177,138448.18,37
C00207399,34058.3,111
C00208991,79623.92,26
C00210344,1371.57,12
C00210526,6698.0,4
C00210617,498.28,6
C00211318,495743.1,58
C00211524,80007.17,14
C00211763,110385.38,29
C00212423,3321.48,9
C00212787,94708.42,173
C00213066,319.06,7
C00213074,327.0,1
C00213173,5374.5,37
C00213355,32.1,3
C00213512,2433801.17,593
C00213645,3376.33,2
C00213819,83475.23,39
C00214072,990.82,14
C00214148,2648.41,15
C00214643,4212956.45,19
C00214809,1594.86,30
C00214981,5851.71,20
C00216127,25316.84,9
C00216184,1550.0,5
C00216614,659769.69,1472
C00216895,15248.0,21
C00219444,25294.33,48
C00219568,12818.0,18
C00219642,378378.25,30
C00220566,874528.73,533
C00221077,3202.29,28
C00222422,1376.31,2
C00224717,20036.16,15
C00225342,45124.43,39
C00226522,2236242.42,647
C00226928,1652567.55,577
C00227546,4978.42,22
C00227744,587723.81,42
C00228296,4676.22,9
C00229104,35020.25,20
C00229377,227913.03,68
C00230201,27.98,2
C00230482,280892.21,214
C00231076,2583.0,1
C00232835,5778.0,6
C00232967,155.62,1
C00233049,1600.0,2
C00233353,8075.0,19
C00233361,80776.24,84
C00235184,2650.66,26
C00235572,4579.75,2
C00235655,178423.1,71
C00235739,989.85,7
C00235762,681.8,6
C00235853,324.76,188
C00236414,1797.21,16
C00236489,22831.1,118
C00236760,250.0,1
C00238204,263517.0,166
C00238444,40289.5,99
C00238725,263118.69,19
C00238865,760986.3,484
C00238907,1033247.29,461
C00239038,330159.95,4
C00239780,501.88,11
C00239848,5347.9,19
C00239905,3634.37,2
C00240457,39.53,2
C00241083,23507.86,93
C00241380,7151.04,5
C00242024,2000.0,2
C00244335,86385.92,56
C00244533,2625.97,7
C00245548,9386.44,58
C00246306,21875.0,17
C00247262,3539.33,1
C00247403,428882.82,248
C00247981,299.93,19
C00248427,100.0,4
C00248658,5600.0,12
C00248690,465.64,2
C00248948,13579.89,15
C00249342,6792.08,8
C00249532,750.0,1
C00249995,1903.75,2
C00250399,1225660.36,729
C00250753,10322.94,83
C00250993,25519.88,25
C00251447,2823.7,31
C00251751,12500.0,1
C00252056,43725.02,15
C00252395,191436.69,63
C00252551,24802.22,131
C00252684,128.34,1
C00252825,6365.86,6
C00252940,31398.26,869
C00253187,1000.0,1
C00253260,163993.22,129
C00253294,1075349.0,687
C00254193,18495.65,10
C00254201,1194.46,20
C00254490,11270.7,15
C00254938,5049.66,14
C00255091,356.44,28
C00255562,926035.82,370
C00255695,1876177.04,1307
C00255752,136407.72,78
C00255976,29520.0,8
C00256453,15.0,1
C00256925,652006.67,384
C00257246,720.5,2
C00257279,44761.66,60
C00257329,183.91,5
C00257337,4472401.06,678
C00257642,1906909.35,1273
C00257956,40328.64,50
C00258475,44006.66,29
C00258855,30200.47,16
C00259143,100.0,1
C00259481,588461.11,118
C00261891,1283.32,3
C00263053,54074.29,43
C00264101,23110.6,23
C00264564,811858.93,46
C00264689,13640.57,8
C00264697,553065.47,263
C00265033,2937.28,18
C00265603,106604.07,13
C00266940,803008.64,375
C00267385,81274.31,37
C00267526,2250.0,5
C00267849,53331.0,3
C00269340,84265.17,17
C00269779,230.21,6
C00270934,173548.35,333
C00270967,406.25,9
C00271007,646.5,2
C00271312,236193.06,199
C00271338,4496172.59,707
C00272153,2516.32,1
C00272211,117227.25,87
C00272724,34371.57,28
C00274423,3309.0,79
C00274944,4478.05,21
C00275529,1869.41,6
C00276485,58.73,1
C00276659,28192.14,21
C00277152,285.08,1
C00277335,455879.21,330
C00277541,363080.44,389
C00278101,4369.22,106
C00278689,975.0,3
C00279182,4126.0,3
C00279216,1680.1,18
C00279380,70201.46,48
C00279455,4505.28,21
C00279737,2488.49,11
C00279802,64892.47,155
C00279828,9114.94,4
C00279851,933754.29,501
C00280222,189593.63,89
C00281162,8070.33,7
C00281212,951.6,14
C00281717,823.29,5
C00282327,2720.27,4
C00282343,20246.01,25
C00283135,10529.48,22
C00283440,9145.5,1
C00284810,2822.0,3
C00284885,252.65,12
C00285171,582262.42,340
C00285254,176669.6,29
C00285783,3260.0,2
C00286401,800.62,8
C00286500,168971.4,113
C00286880,7744.0,10
C00287714,1049.82,2
C00287904,26168.56,100
C00287912,935915.0,324
C00289058,1622.18,12
C00289603,903501.15,616
C00290304,1121.92,5
C00290825,304146.29,202
C00290866,220.0,1
C00290973,168.43,4
C00291914,11004.15,3
C00292318,50000.0,2
C00293910,11000.0,4
C00295527,10147.66,60
C00295964,55454.43,19
C00296640,428359.22,94
C00297531,11119.92,10
C00297630,3400.0,3
C00297671,6000.0,6
C00297739,9704.96,33
C00298000,396856.02,157
C00298190,1652.72,33
C00299321,121.0,2
C00299396,49782.63,23
C00299404,3901.5,5
C00299701,4563.8,4
C00300236,3492.0,27
C00300376,4831.0,6
C00300426,446.02,1
C00300707,4193.45,61
C00300731,49441.92,113
C00300921,1257723.56,1164
C00302232,9316.33,17
C00302240,2650.14,14
C00302695,1180.11,15
C00302844,4358.0,2
C00303024,418444.36,34
C00303305,480658.62,246
C00303339,193827.91,123
C00303883,500.0,2
C00304477,748.0,2
C00304634,991.4,13
C00304709,1084622.37,862
C00304832,5299.0,1
C00305318,1567750.93,452
C00305805,51194.75,23
C00306035,31280.81,33
C00306175,301.0,8
C00306449,15655.67,78
C00306860,37524.01,9
C00306894,9192.75,105
C00307314,16342.7,28
C00307991,441.12,47
C00308387,4123.86,1
C00308478,10822.69,35
C00308676,1860645.05,951
C00308742,3701386.71,492
C00309567,268017.46,1874
C00310532,48697.62,27
C00311043,24410.11,57
C00311142,18520.66,7
C00311308,698.0,12
C00311639,1643618.15,448
C00311878,145.3,1
C00311944,69003.0,25
C00312017,10021.32,23
C00312223,253.78,8
C00312785,295.7,8
C00313247,836355.35,331
C00313510,160985.39,44
C00313700,7531.17,16
C00314575,7185059.0,938
C00314617,22502.34,81
C00314997,587.33,4
C00318196,750.0,1
C00318766,200.0,1
C00320218,8916.05,19
C00320432,24467.04,103
C00321943,316162.48,399
C00322768,11499.66,33
C00323048,1680.15,23
C00323352,282520.53,175
C00323923,29886.17,273
C00324483,151054.05,117
C00324780,147.97,1
C00325076,249133.45,294
C00325092,2190.22,17
C00325324,1071.39,45
C00325332,26891.37,418
C00325357,15000.0,7
C00325464,93958.36,9
C00325639,7010.7,14
C00325647,1799.96,3
C00325936,11752.56,79
C00326009,1283.66,5
C00326132,609.6,9
C00326363,4069571.58,929
C00326389,1222.28,3
C00326439,806459.91,385
C00326751,7553.17,33
C00326801,2008039.13,1171
C00326835,17401.02,19
C00327023,697210.28,367
C00327106,64005.02,48
C00327189,275418.51,35
C00327478,9900.68,41
C00327593,84484.28,9
C00328211,35450.74,53
C00328278,104.9,1
C00328369,1114.83,10
C00328401,843.81,4
C00329185,513.3,4
C00329425,1159.76,19
C00330118,14007.65,37
C00330142,2055633.69,807
C00330233,3078.06,7
C00330647,250.0,1
C00330696,13445.37,12
C00330720,14268.56,8
C00330886,662354.2,537
C00331314,4370.16,46
C00331397,687869.57,468
C00331454,580.11,3
C00331686,128.4,1
C00331694,397853.36,193
C00331918,3400.0,14
C00332221,1869.99,8
C00332296,155750.06,39
C00332841,2332.9,18
C00333427,59535.65,100
C00334383,23356.42,28
C00334417,782.01,4
C00334706,39388.08,30
C00335257,10403.9,4
C00336057,9577.64,2
C00336743,22669.86,186
C00337394,3475.0,2
C00337626,1470.58,16
C00337733,3892719.83,818
C00337808,4915.16,6
C00338020,209722.22,63
C00339226,9200.0,28
C00339655,34548.99,35
C00340018,93.14,4
C00340075,22875.92,17
C00340356,3940.49,8
C00340364,1641.09,15
C00340455,528.0,9
C00341396,22435102.0,1302
C00341792,350.0,1
C00341800,2604.23,9
C00342022,7954.85,15
C00342394,486.45,4
C00342766,120.82,1
C00342857,249379.58,1321
C00342907,49716.82,40
C00342972,10776.9,7
C00343137,37745.29,114
C00343459,20765.05,19
C00343574,60635.96,24
C00343871,4806804.39,906
C00344010,195.85,4
C00344234,5240672.04,575
C00344325,41440.73,86
C00344473,610440.96,81
C00344648,60081.39,45
C00344697,44439.14,59
C00344721,588.42,16
C00344770,2447.15,53
C00344788,75784.29,28
C00345058,10790.41,5
C00345132,16720.29,19
C00345546,1319481.05,631
C00346130,179.7,6
C00346239,15967.58,5
C00346296,69137.33,3
C00346312,2170436.06,493
C00346619,7406.86,14
C00346726,5371.65,28
C00347195,262976.41,115
C00347260,11000.0,8
C00347476,22382.43,20
C00347492,168486.71,25
C00347591,75348.81,13
C00347955,2018.68,17
C00348219,12000.0,2
C00348243,1390.94,24
C00348540,393276.69,9
C00348607,1003007.97,293
C00349217,24066.43,15
C00349233,8650.0,6
C00349506,1071597.65,732
C00349746,1080.35,1
C00349902,318.28,22
C00350991,28528.62,121
C00351031,45301.03,53
C00351056,4250.0,7
C00351197,19398.11,59
C00351270,2420.98,19
C00351379,2100.0,4
C00351924,6900.0,15
C00352211,3285.07,3
C00352922,40.0,2
C00354332,8444.65,15
C00354548,11737.58,9
C00354605,5057.82,45
C00354688,998776.66,654
C00354753,2098.1,2
C00355289,500000.0,2
C00355677,7247.97,71
C00356477,2621.28,19
C00357863,4422.98,3
C00357905,88043.7,43
C00358051,2113.03,1
C00358234,40.0,2
C00358440,3115.03,15
C00358663,2183386.61,499
C00358812,10345.35,17
C00358903,13324.47,25
C00358994,364.14,3
C00359034,1011958.63,275
C00359380,5127.64,58
C00359463,2100.0,7
C00359539,46631.22,37
C00359661,100.88,5
C00359992,810.0,4
C00360008,3061.48,25
C00360354,1322.31,11
C00360362,593.4,9
C00361014,1608.55,8
C00361410,148426.79,89
C00361485,46652.15,27
C00361758,1301.18,8
C00362178,10515.23,19
C00362236,7799.0,7
C00362327,36.28,1
C00362624,27139.09,17
C00363317,252.7,2
C00363648,5338.46,6
C00363770,6305.16,1
C00363838,1669.45,7
C00363879,6084.72,20
C00363986,11927.32,25
C00364109,2128.46,53
C00364133,32724.3,20
C00364158,37746.22,82
C00364174,10596.87,6
C00365270,329648.08,251
C00365502,1916.85,7
C00365536,6429134.37,1024
C00365551,8912.75,7
C00365965,490.13,1
C00366468,1982.01,17
C00366948,1299962.52,424
C00367094,14756.46,3
C00367177,1765.47,14
C00367862,1309438.99,529
C00368332,4933.53,8
C00368522,706257.96,496
C00368696,869218.68,269
C00369033,7967931.46,920
C00369090,1335.99,2
C00369181,219029.76,201
C00369660,4750.0,19
C00369801,656321.58,281
C00370056,623601.1,66
C00370122,83953.33,116
C00370130,53647.11,26
C00370221,248716.47,393
C00370577,1698.26,15
C00371203,1274374.5,237
C00371302,1132403.45,1363
C00371948,500.0,2
C00372201,42565.1,56
C00372441,25.0,5
C00372532,8148.86,13
C00372862,90.0,3
C00373001,712636.95,282
C00373696,8665.28,237
C00373837,2095.48,19
C00373910,2847.97,31
C00374058,93269.24,201
C00374306,700.12,2
C00374363,907.82,16
C00374447,2307.98,16
C00375048,2059.0,2
C00375154,10131.35,10
C00375279,5450.6,13
C00375360,21581.55,38
C00375584,44566.29,53
C00375691,2100.0,2
C00376038,146349.72,73
C00376087,1073913.46,911
C00376343,12685.66,91
C00376582,3544.41,26
C00376673,119978.24,142
C00376756,4175.36,7
C00376939,2956967.92,537
C00377143,110268.26,87
C00377168,486.9,9
C00377598,200.0,1
C00377689,49529.46,51
C00378695,61974.29,34
C00379180,6743.67,18
C00379479,110643.81,52
C00379735,3005382.74,443
C00379768,16403.41,19
C00379974,95.95,12
C00380196,3073.0,8
C00380352,1830.2,40
C00380568,27052.44,28
C00380675,7187.42,18
C00380873,41313.95,31
C00381806,10517.64,25
C00381954,350.0,3
C00382028,4011.93,39
C00382143,1635.31,26
C00382150,3509.99,17
C00382283,21999.93,37
C00382424,10891.81,392
C00382457,2500.0,3
C00383489,-143.32,1
C00383604,200.0,18
C00383661,8990.0,22
C00383828,15343.65,48
C00383950,15975.5,5
C00383976,71806.86,149
C00384016,607.0,2
C00384057,1368401.55,420
C00384479,5397995.19,732
C00384529,379132.6,460
C00384578,1800.0,2
C00384818,728.33,12
C00385120,81067.0,2
C00385187,1560.0,13
C00385195,2207.87,11
C00385377,14575.0,23
C00385393,27203.53,101
C00385534,7551.9,14
C00385740,1854.4,5
C00385773,2293233.21,1720
C00385799,57238.09,204
C00385849,1487.56,6
C00385989,14331.49,28
C00386136,648.0,2
C00386748,1038923.81,647
C00386755,31205.19,47
C00386847,13813.01,25
C00386904,26768.31,54
C00387274,21704.28,19
C00387464,449866.43,158
C00387555,7125.35,13
C00388462,193.37,5
C00388470,1261.55,12
C00388504,24561.21,19
C00388587,1873.8,2
C00388819,266.97,4
C00388827,1420.39,17
C00388934,441831.74,138
C00389189,7969.68,39
C00389403,28023.58,3
C00389510,7245.0,12
C00389585,868.93,11
C00389916,30020.04,7
C00389981,66595.33,58
C00390104,4644.52,24
C00390161,138949.53,107
C00390351,654.92,26
C00390476,28520.65,12
C00390526,525.83,25
C00390583,662.82,1
C00390641,744.0,1
C00390674,403690.85,105
C00390724,1550061.81,716
C00390963,6768.0,2
C00391029,591796.45,282
C00391797,383529.64,56
C00391979,11375.7,11
C00392670,14370.67,18
C00392688,333926.74,289
C00392738,425773.86,205
C00392928,105361.54,130
C00393041,34811.03,82
C00393173,100.0,2
C00393298,145.89,1
C00393348,101763.6,117
C00393629,162991.39,98
C00393652,7148.71,23
C00393728,4679.32,179
C00394163,913.7,1
C00394353,6250.0,2
C00394445,108.18,18
C00394452,20741.06,38
C00394460,28076.83,18
C00394593,2800.0,2
C00394957,6585280.65,877
C00395541,2520.77,3
C00395590,32358.46,86
C00395723,9795.87,25
C00395848,1071737.1,384
C00395889,22514.36,68
C00395947,375.0,5
C00396671,15040.86,55
C00396895,1011.82,3
C00396994,8988.27,21
C00397505,1045342.64,1783
C00397554,421.7,10
C00397851,1551.33,14
C00397893,0.0,2
C00398040,6668.0,8
C00398248,2327.61,6
C00398750,691969.52,157
C00399071,101122.27,177
C00399196,508078.4,105
C00399386,466.99,9
C00399444,7380.58,93
C00399642,106.35,1
C00400333,7503.36,26
C00400432,941.44,1
C00400465,35426.22,41
C00400929,300.15,1
C00400945,921.26,1
C00401034,77373.67,76
C00401083,5225.0,1
C00401224,104618412.16,5567
C00401299,1000.0,1
C00401380,1000.0,1
C00401463,1466.46,6
C00401687,1843.98,15
C00401786,1557693.47,485
C00402628,129121.42,289
C00402669,425.73,8
C00402800,131189.85,391
C00402826,7356.8,6
C00402842,250.0,1
C00403071,17076.78,49
C00403105,486.4,10
C00403535,47777.01,65
C00403592,274545.41,174
C00403675,63.0,3
C00403709,2500.0,5
C00403741,11393.26,44
C00403816,1464.96,3
C00403824,4845.08,7
C00403881,15756.12,47
C00404020,968.36,3
C00404145,1619.69,5
C00404178,8736.85,22
C00404301,31717.53,105
C00404319,6132.23,15
C00404335,7391.0,1
C00404392,259434.48,98
C00404434,64354.41,80
C00405043,381.0,2
C00405050,124340.38,62
C00405076,1192.0,2
C00405233,16119.0,52
C00405340,3500.0,2
C00405506,395.3,1
C00405563,1197.26,2
C00405597,8860.84,3
C00405878,65241.76,212
C00406041,90844.68,63
C00406256,2520.0,8
C00406447,37337.36,109
C00406553,23805.99,121
C00406645,121862.69,248
C00406801,904.34,2
C00406850,6644.97,16
C00406876,3216.26,9
C00407007,1501.66,4
C00407080,2715.53,16
C00407635,383.34,44
C00407841,2810.13,13
C00407866,45.0,3
C00408088,380.38,1
C00408138,575.46,7
C00408260,40399.24,46
C00408344,7840.18,18
C00408468,8584.75,19
C00408484,6079.44,42
C00408518,3926.97,19
C00408534,985753.84,673
C00409003,2074401.88,372
C00409102,12762.11,35
C00409219,2976235.93,325
C00409227,29.33,1
C00409276,357889.39,132
C00409359,34284.76,50
C00409391,16854.38,35
C00409490,24901.93,101
C00409516,8589.23,18
C00409565,3163.42,78
C00409581,1741793.32,596
C00409623,92699.49,53
C00409714,8210.65,18
C00409730,2708609.89,584
C00409797,231.0,11
C00410043,447.45,2
C00410068,366618.6,133
C00410084,3322.6,11
C00410092,281091.05,133
C00410118,11302.36,8
C00410233,489771.52,358
C00410274,1054.59,30
C00410308,277524.64,239
C00410365,33.0,1
C00410407,71265.81,28
C00410621,125074.38,50
C00410670,665.31,11
C00410761,749564.2,476
C00410803,627748.84,658
C00410829,41618.33,5
C00411082,9422.76,70
C00411116,23723.15,20
C00411173,14543.74,36
C00411330,12363765.79,1701
C00411553,11482.69,28
C00411587,142003.69,143
C00411611,34440.17,25
C00411694,1038.1,10
C00411918,2000.0,2
C00412072,42527.13,125
C00412098,5409.16,34
C00412288,23190.71,24
C00412304,202376.03,141
C00412569,45427.12,553
C00412619,443.47,6
C00412759,712922.62,331
C00412791,403397.04,250
C00412890,1251013.73,460
C00413567,2803.32,15
C00413914,1124332.16,575
C00413948,791011.35,222
C00413955,7265.84,23
C00414474,2920.26,54
C00414649,1670.01,17
C00415075,48799.18,58
C00415182,103904.92,138
C00415208,16068.07,25
C00415331,954350.07,957
C00415372,15.0,1
C00415752,494835.08,361
C00415869,683.2,3
C00416131,1909976.61,492
C00416594,4556861.34,851
C00416743,126742.39,231
C00417063,490382.42,344
C00417097,1917.41,7
C00417493,84644.61,157
C00417584,320.25,1
C00417634,19189.31,105
C00417733,1806.0,18
C00417865,19513.66,9
C00417915,88.02,1
C00418103,1581.6,24
C00418293,324653.34,485
C00418400,22500.0,3
C00418582,13574.5,3
C00418731,2185.98,11
C00418830,1655.11,18
C00418889,2187.44,5
C00418897,5480010.02,1102
C00419242,392.55,1
C00419283,1700.0,1
C00419556,387.0,1
C00419630,1908.9,9
C00419986,2663.1,5
C00420398,3605.08,21
C00420695,7740.2,8
C00420745,38105.67,32
C00420760,522014.2,398
C00420935,531589.27,124
C00421230,3460.77,38
C00422022,10565.56,82
C00422428,2905.05,75
C00422774,198911.6,158
C00422980,422526.77,95
C00423012,13186.11,58
C00423079,101966.7,55
C00424218,720.93,9
C00424226,10564.67,79
C00424382,1797.37,16
C00424515,754.0,3
C00424713,364274.26,518
C00424788,4990.0,29
C00424838,366.5,1
C00425439,64089.26,12
C00425470,357291.46,306
C00425520,3503.84,6
C00425645,925.58,1
C00425686,2090.73,3
C00426072,485.0,19
C00426163,5235.0,2
C00426775,2304.46,9
C00426809,713196.46,87
C00426874,215.2,4
C00426965,3105.9,14
C00427203,14535.88,42
C00427260,-62.12,2
C00427401,262322.75,32
C00427435,85691.29,287
C00427575,2833.54,16
C00427617,4840.55,6
C00428052,1446512.56,283
C00428110,194.53,12
C00428391,1079.98,9
C00428516,27214.66,104
C00428623,0.0,2
C00428649,8470.4,2
C00428706,6292.57,7
C00429001,404.41,1
C00429175,60.0,3
C00429563,7625.0,3
C00429571,19171.41,49
C00429712,1245.0,2
C00429787,7217.05,13
C00429886,196.58,19
C00430108,22636.3,38
C00430157,75.0,3
C00430280,70451.48,50
C00430397,257.8,1
C00430421,2047.58,4
C00430462,458041.54,28
C00430579,33214.55,20
C00430991,1426027.01,559
C00431056,765190.05,225
C00431072,5367.98,13
C00431197,276.59,7
C00431304,9655.91,12
C00431312,10720.37,19
C00431353,2579764.22,1029
C00431403,154706.48,59
C00431460,9466.77,8
C00431478,269680.03,706
C00431544,33716.17,47
C00431601,223127.35,164
C00431643,107125.11,130
C00431858,1530.92,14
C00431874,214056.07,105
C00431924,1246.6,28
C00431932,1819.03,23
C00432096,2600.0,1
C00432104,6184.02,5
C00432260,83886.17,303
C00432526,466.64,6
C00432757,7121.25,104
C00432815,4756.9,11
C00432823,2528.33,12
C00432930,28742.85,72
C00433060,945762.35,157
C00433318,19978.35,4
C00433391,238964.57,272
C00433680,22057.95,24
C00433730,22888.0,14
C00433805,1293.33,13
C00434076,950.47,10
C00434191,590438.08,345
C00434563,1172986.45,570
C00435024,200.3,1
C00435099,836939.87,563
C00435651,909.5,1
C00435974,944535.77,877
C00436022,1238234.11,382
C00436055,600.03,2
C00436386,864533.47,287
C00436998,49693.47,80
C00437079,5608.96,5
C00437277,1885501.13,884
C00437889,215251.99,142
C00438002,1975.06,2
C00438291,321495.87,114
C00438481,67908.44,32
C00438697,514631.84,173
C00438713,6965200.77,1019
C00438754,1000.0,1
C00439398,27133.73,141
C00439521,166644.85,74
C00439646,5049.8,17
C00439992,6762.21,5
C00440362,2142143.5,360
C00440644,25693.06,12
C00441014,1103331.21,454
C00441352,18137.26,44
C00441733,2609.11,17
C00441808,1708.59,16
C00441949,143509.21,269
C00442020,6253.65,28
C00442046,1000.0,1
C00442061,295.07,1
C00442319,1240.0,8
C00442368,631374.18,210
C00442434,245.84,1
C00442624,3739.95,2
C00442897,430.0,3
C00442921,795015.36,481
C00442996,7483.1,46
C00443218,467845.44,294
C00443580,611490.75,362
C00443671,399.5,10
C00443689,2295709.39,570
C00443705,13805.97,33
C00443739,4577.8,19
C00444117,10462.75,37
C00444224,663.82,11
C00444430,5862.57,60
C00444620,1134156.52,807
C00444968,78141.82,110
C00445023,1927576.92,319
C00445379,3835.71,5
C00445452,786647.76,278
C00445593,449.55,18
C00445817,802.38,5
C00446237,377.73,49
C00446815,833823.32,825
C00447185,28198.98,98
C00447284,12412.01,25
C00447474,20830.81,19
C00447565,59184.64,59
C00448001,11193.97,21
C00448324,30056.73,2
C00448373,3488296.23,1736
C00448654,155.0,16
C00448696,1855092.32,495
C00449074,699.39,5
C00449298,2500.0,1
C00449397,51096.85,10
C00449512,12294.7,101
C00449538,722.07,9
C00449546,328.15,2
C00449645,8150.55,28
C00449686,58174.97,56
C00449926,3014.0,3
C00450049,823475.09,707
C00450056,2187.48,13
C00450072,2271.0,3
C00450098,1974589.95,1042
C00450189,2915.08,15
C00450239,23618.87,49
C00450320,38423.76,38
C00450577,3823.56,22
C00450692,151571.39,89
C00450916,4669.67,20
C00451153,77248.36,18
C00451336,548.31,1
C00451583,136590.75,11
C00452276,7404.73,8
C00452482,3531.3,10
C00452490,1025.16,12
C00452748,19815.22,20
C00452763,34458.23,94
C00452847,222738.0,6
C00452854,48236.26,72
C00452961,710.0,2
C00453076,5051.63,2
C00453290,364.65,4
C00453704,3844.46,19
C00454074,675638.18,422
C00454140,385.0,1
C00454454,3081.2,18
C00454660,4746.09,16
C00454694,150311.35,11
C00454793,1100.0,11
C00454819,1307.3,15
C00455352,1171.09,7
C00455394,54645.49,72
C00455659,9445.61,63
C00455683,14376.87,144
C00455717,149604.93,92
C00455725,31858.96,52
C00455865,670.18,1
C00455923,40649.29,21
C00456764,5189.68,94
C00456772,30183.77,121
C00457184,352.16,3
C00457200,13756.7,46
C00457242,581.79,18
C00457325,504138.69,314
C00457366,171.5,22
C00457556,505545.91,545
C00457754,36672.97,14
C00458000,3560596.16,1070
C00458042,139.8,6
C00458117,1389.0,3
C00458125,471690.85,219
C00458158,2560.15,17
C00458257,4033.6,62
C00458315,298771.3,409
C00458398,431669.58,366
C00458463,99575.48,81
C00458570,157270.08,121
C00458679,16730.6,12
C00458794,21906.75,7
C00458828,20019376.34,949
C00458877,50316.9,11
C00458976,1550105.02,1134
C00459099,2336359.53,884
C00459123,5221.02,5
C00459222,626.96,6
C00459255,1571659.54,672
C00459297,1866843.58,644
C00459925,273277.61,240
C00460055,269327.67,232
C00460063,8138.55,6
C00460261,2795.84,10
C00460550,22337.45,18
C00460659,503692.7,215
C00460972,269453.33,457
C00461061,1170596.15,473
C00461137,1881.4,6
C00461251,2020.0,14
C00461756,6214.5,20
C00461806,366720.97,361
C00461822,733884.47,672
C00461996,47881.18,76
C00462333,21900.72,19
C00462374,414502.95,273
C00462564,16567.67,4
C00462630,10922.6,17
C00462648,50.0,1
C00462697,331597.51,237
C00462861,73672.14,262
C00463828,15023.86,56
C00464073,294710.03,287
C00464339,140856.21,65
C00464727,1282.5,3
C00464982,913.59,13
C00465211,9500.0,19
C00466094,1901.13,20
C00466482,538036.87,438
C00466516,17359.63,25
C00466813,9503.6,40
C00466854,16150.34,34
C00466870,59516.92,63
C00467381,175.08,5
C00467431,246746.37,81
C00467571,11278229.44,1021
C00467639,241.58,7
C00467837,30217.54,43
C00468256,33289.94,13
C00468314,15141.45,72
C00468405,2950.0,6
C00468660,552.64,1
C00468801,150.0,1
C00469023,197129.22,154
C00469205,1659.93,6
C00469239,3643.9,23
C00469254,932.5,9
C00469429,83760.16,70
C00469882,5733.9,9
C00470757,9242.5,39
C00470765,37437.26,30
C00471169,45.0,3
C00471540,4061.15,26
C00472365,2599.28,4
C00472704,6202.0,2
C00472894,375563.03,236
C00473116,6638.63,17
C00473272,5216.07,12
C00473371,280732.39,264
C00473827,2266561.8,672
C00473918,495674.38,72
C00474189,757884.17,688
C00475343,1189.36,19
C00475350,107.61,1
C00475392,1289867.97,507
C00475673,1496.19,2
C00476192,5135.54,1
C00476291,3500.0,3
C00476317,247502.64,233
C00476978,11688.54,31
C00477240,737322.71,601
C00477323,16500.0,3
C00477745,1156310.36,400
C00478362,803.12,5
C00478404,48365.8,5
C00478800,854.43,19
C00479063,566174.43,222
C00479246,8.55,1
C00479899,7401.69,3
C00480145,1249.65,12
C00480228,719690.97,270
C00480830,112021.41,18
C00480863,375.0,2
C00481176,19762.63,25
C00481200,16338.65,30
C00481309,133.56,1
C00481531,15684.91,38
C00481911,284933.28,273
C00481978,450.0,1
C00482703,15000.0,1
C00482737,422906.21,200
C00482984,785760.29,796
C00483412,9336.57,1
C00483487,67944.84,63
C00483677,4092.94,33
C00483693,118530.07,61
C00483883,3619164.79,263
C00483891,3858.37,77
C00484402,107431.3,80
C00484451,1.6,1
C00484535,5131.25,6
C00484592,1212.07,30
C00484642,31617731.05,959
C00484725,1586.49,4
C00485102,83096.0,112
C00485540,7509.27,5
C00485896,3769.15,18
C00486498,671.32,12
C00486563,135010.77,159
C00486720,65029.2,20
C00486845,777057.62,583
C00486928,10200.68,19
C00486944,1920.1,15
C00487181,3424.33,14
C00487207,262.17,11
C00487298,1936.0,7
C00487363,165107.21,57
C00487447,12.0,1
C00487470,1093331.03,644
C00487678,30000.0,7
C00487686,1761.25,4
C00487702,3250.0,15
C00487827,16629.51,20
C00487892,7330.31,27
C00487942,125249.74,47
C00488080,3588.6,3
C00488338,92270.0,33
C00488387,335084.28,825
C00488403,4127.38,13
C00488429,38838.55,7
C00488478,2465.17,16
C00488486,53584.0,3
C00488494,1255.62,4
C00488742,47725.0,19
C00488882,580.84,1
C00489112,49572.81,31
C00489252,9632.37,15
C00489336,367022.68,146
C00489419,113944.21,47
C00489427,4250.0,17
C00489617,17838.35,69
C00489625,34.0,1
C00489799,986654.18,345
C00489856,130200.74,17
C00489898,10550.0,2
C00489906,28805.58,21
C00490235,107417.35,53
C00490375,398.36,4
C00490524,1140.4,7
C00490698,2513.47,16
C00490730,3316.0,4
C00490847,28529.0,30
C00490896,2971.14,1
C00490987,142.15,7
C00491050,1603.31,11
C00491118,1466.0,2
C00491142,15168.53,7
C00491183,7676.35,3
C00491357,1914122.19,381
C00491456,178.1,3
C00491654,72557.02,13
C00491936,90115.82,82
C00491951,2439.81,12
C00491985,25687.4,11
C00492025,40555.02,56
C00492058,352169.08,182
C00492116,259642.0,39
C00492140,16299.35,91
C00492157,47719.66,42
C00492280,40041.99,32
C00492421,432678.66,110
C00492520,26614.86,51
C00492579,8419.59,24
C00492587,60.0,4
C00492645,7231664.38,750
C00492785,9011476.13,1319
C00492819,19503.35,28
C00492983,445508.97,259
C00492991,357004.55,346
C00493072,151678.91,139
C00493221,1924155.14,348
C00493361,159237.53,48
C00493635,234.3,13
C00493700,326091.07,131
C00493783,11026.64,4
C00493809,10725.43,13
C00493890,1554.5,2
C00493924,117367.88,105
C00493940,2214.1,54
C00494005,2449.3,30
C00494021,641271.21,53
C00494096,2040.0,22
C00494112,94460.79,82
C00494203,8286.12,36
C00494302,351053.26,104
C00494526,770.0,13
C00494534,42.0,2
C00494559,375.0,1
C00494567,123205.45,55
C00494617,266262.44,12
C00494682,6606.24,19
C00494856,1042391.95,607
C00494930,9483.81,14
C00495010,27848.51,245
C00495028,4364091.97,243
C00495358,1360655.28,392
C00495481,988.82,6
C00495507,58370.93,86
C00495580,4635.0,6
C00495705,9871.96,29
C00495846,2315847.39,691
C00495861,510.0,15
C00495887,429452.78,123
C00495952,1629096.91,968
C00496075,3829964.83,1330
C00496307,623.35,19
C00496497,30.0,3
C00496521,1014.62,12
C00496679,33690.39,175
C00496752,12845.3,8
C00496760,425496.22,636
C00497073,360864.73,134
C00497131,239380.33,168
C00497149,2292.8,5
C00497305,15616.12,18
C00497321,404699.26,302
C00497396,3263.41,14
C00497420,2187.7,14
C00497578,2708.85,6
C00497594,50305.06,30
C00497628,300654.76,138
C00497818,81751.17,77
C00497842,127387.05,76
C00497917,978.0,21
C00497933,439534.73,395
C00498105,6110.21,15
C00498121,867406.59,370
C00498154,2435.0,6
C00498212,618.0,2
C00498345,652220.37,154
C00498360,4141.48,6
C00498568,59029.32,154
C00498667,819023.81,415
C00498691,1036.84,17
C00498816,210.0,1
C00498873,39415.76,67
C00498907,433783.44,474
C00498931,22648.63,16
C00499236,-4091.58,24
C00499392,1453192.87,720
C00499467,342416.82,413
C00499863,607.68,1
C00499947,90763.06,80
C00499988,3539522.84,624
C00500025,46872.09,12
C00500207,8906.17,23
C00500256,34784.77,17
C00500330,1244.05,20
C00500421,638971.61,415
C00500793,78692.14,28
C00500843,3463262.12,1489
C00501106,1341.24,15
C00501205,153054.63,171
C00501643,706575.24,598
C00501676,64338.04,37
C00501742,902.21,5
C00501833,12052.21,9
C00502096,277.6,1
C00502179,565996.76,649
C00502229,431227.46,654
C00502294,1746103.16,3261
C00502310,3870.0,1
C00502575,1176789.74,872
C00502773,5902.83,23
C00502807,7415.5,3
C00502906,5857.73,22
C00503052,13252318.45,4063
C00503094,29364.15,21
C00503110,890593.36,629
C00503151,65787.34,56
C00503185,6894402.54,4914
C00503680,10722.15,9
C00503789,3627857.88,183
C00503870,588.56,1
C00504019,525303.68,322
C00504522,1673302.35,1260
C00504530,10783.7,21
C00504704,1114615.42,424
C00505552,19599.13,26
C00506089,339.44,1
C00506410,14512.5,7
C00506832,745697.3,458
C00506907,1676706.08,443
C00506931,11207.4,14
C00507368,783786.02,489
C00507384,43351.91,72
C00507574,216692.24,96
C00507699,800.0,1
C00507962,523.09,2
C00508010,731.37,3
C00508309,612.39,10
C00508416,1650.0,20
C00508440,54162.74,25
C00508556,129.97,5
C00508770,4251.58,20
C00508804,1348787.16,191
C00509356,249.81,1
C00509422,378147.39,222
C00509463,39684.19,15
C00509521,5501.26,32
C00509729,8789506.0,1748
C00509893,23951.52,44
C00509968,24161.01,28
C00510164,2394169.25,870
C00510461,2033389.51,1226
C00510701,1952.0,3
C00510974,3500.0,1
C00511196,20578.93,24
C00511386,10191.96,8
C00511444,3848.24,19
C00511600,576.0,12
C00511915,66.0,6
C00512293,25368.3,10
C00512327,266.44,5
C00512335,767.99,3
C00512426,30834.33,18
C00512855,493.22,3
C00513002,41413.14,64
C00513077,367802.57,371
C00513176,3760830.62,643
C00513549,5009.0,4
C00513713,12600.0,7
C00513861,470.0,15
C00514125,2651.13,6
C00514893,20158.81,150
C00515049,5509.45,19
C00515064,14.0,1
C00515593,1321.0,4
C00516039,3000.0,1
C00516047,223181.06,206
C00516526,2036.32,34
C00516666,1556401.74,791
C00516724,16837.27,20
C00517052,6771.59,36
C00517235,182413.94,70
C00517276,196114.48,42
C00518605,5225.24,56
C00518910,4666.25,27
C00519363,10750.0,3
C00519371,5902.99,17
C00519413,104112.06,146
C00520254,310.0,16
C00520312,596.34,18
C00520841,102371.2,14
C00521013,4858.0,39
C00521039,64003.48,27
C00521211,4869.06,17
C00521286,5664.08,34
C00521310,16764.28,22
C00521328,2775.03,17
C00521823,10847.85,4
C00522094,2711.28,18
C00522409,800.0,4
C00522425,70096.21,122
C00522474,1051.11,14
C00523241,3375944.33,457
C00523381,1619.18,9
C00523498,22934.01,84
C00523589,57471.04,11
C00523621,298287.47,17
C00523936,833.46,14
C00524181,548129.78,172
C00524314,209842.99,90
C00524322,28962.0,16
C00524603,22717.79,19
C00525030,133598.76,52
C00525055,2037.4,1
C00525212,41438.54,30
C00525238,23392.84,16
C00525295,945.0,3
C00525402,4383.6,18
C00525543,49793.52,66
C00525592,5525.0,11
C00525600,1069505.04,435
C00525717,710.0,2
C00525758,60.0,6
C00525824,253.0,1
C00525899,2672.04,4
C00526210,50.0,2
C00526269,47412.57,15
C00526301,45923.27,42
C00526509,303.48,4
C00526673,17760.54,1
C00526715,15599.33,23
C00527226,83273.65,78
C00527457,881361.46,220
C00527747,30373.79,10
C00528182,574342.0,659
C00528349,4638.81,11
C00528356,279.44,26
C00528414,157878.62,27
C00528554,76517.54,10
C00528844,6383.99,19
C00528901,33255.0,4
C00528950,420323.74,115
C00528984,3947.11,6
C00529628,164595.29,248
C00529693,6698.7,27
C00529719,10703.97,8
C00530766,191640.66,69
C00530774,595.96,1
C00530808,10077.19,89
C00530865,1679.47,8
C00531517,9748.33,9
C00531590,19346.6,38
C00531624,37419.04,26
C00531632,3429.7,10
C00531756,894.95,1
C00531764,112103.78,91
C00532366,4.3,1
C00532465,2270950.79,432
C00532572,8087.39,5
C00532606,6.62,1
C00532630,14000.0,2
C00532705,270361.87,89
C00536540,889097.1,329
C00536615,6915.94,42
C00536680,694913.55,391
C00536722,400.0,3
C00538835,854198.31,320
C00538975,25060.9,30
C00539601,262921.98,115
C00539825,2307397.68,391
C00539866,221421.82,317
C00540054,272979.81,39
C00540062,16841.14,46
C00540146,128105.33,47
C00540153,1356.02,12
C00540187,201744.16,63
C00540203,57545.75,14
C00540229,144033.77,183
C00540302,6158248.52,917
C00540443,867074.3,762
C00540500,6727661.99,951
C00540617,808949.69,524
C00540724,49908.4,70
C00540732,594758.83,481
C00540898,533741.46,165
C00540989,4774.0,9
C00541011,23194.37,9
C00541045,1225.0,4
C00541078,29955.28,55
C00541128,12220.0,28
C00541169,2766.87,22
C00541391,1257.2,7
C00541433,69682.69,18
C00541862,3161849.21,641
C00541888,2061254.78,616
C00542027,461451.64,189
C00542217,3171501.9,188
C00542365,583.0,1
C00542423,44094.03,213
C00542431,165275.58,78
C00542464,415.0,1
C00542514,1600.0,1
C00542555,73.0,2
C00542589,5869.83,14
C00542621,191417.67,176
C00542704,577.24,5
C00542720,2058.25,7
C00542837,45034.83,95
C00543116,7591.3,39
C00543207,97692.41,35
C00543256,4500.0,2
C00543363,417614.39,393
C00543371,815.86,15
C00543504,24300.19,82
C00543710,8457.07,9
C00543892,255219.47,326
C00543926,3500.0,1
C00543967,9724100.77,530
C00543983,8676760.54,717
C00544007,1200.0,4
C00544171,10146.88,36
C00544254,197507.5,205
C00544262,443.3,1
C00544387,708977.72,44
C00544551,252786.8,26
C00544684,5036581.22,1088
C00544767,622.48,2
C00544932,2250.0,1
C00545079,30147.33,33
C00545137,7597.87,19
C00545194,509.45,11
C00545202,910.32,107
C00545236,72315.67,51
C00545558,2500.0,1
C00545632,140.0,1
C00545749,4533656.61,1143
C00545772,1639583.44,718
C00545780,424114.23,156
C00545798,666.0,3
C00545830,13975.72,9
C00546325,1500.0,3
C00546358,283803.75,348
C00546499,762261.41,861
C00546663,11512.19,1
C00546788,1219806.59,390
C00547216,12110.0,11
C00547240,6077744.26,1029
C00547356,6547.83,17
C00547448,122.39,5
C00547679,2750.0,1
C00547893,2405333.8,546
C00547976,221891.25,19
C00548008,1921.39,9
C00548180,898121.23,452
C00548289,57665.91,48
C00548461,58844.96,35
C00548651,5100.0,2
C00548719,390.0,2
C00548818,249624.32,76
C00549162,240.65,6
C00550467,18072.99,19
C00550491,2566.0,1
C00550970,7671900.48,1796
C00551168,46132.66,52
C00551275,2075016.41,697
C00551366,18482.54,36
C00551374,861019.37,386
C00551697,280.0,1
C00551812,29952.99,42
C00551853,723152.04,450
C00552109,183.2,6
C00552141,30474.86,30
C00552489,36274.98,85
C00552539,166775.34,58
C00552588,61451.0,37
C00552679,501.1,11
C00552851,2158057.7,987
C00552919,285.95,1
C00553859,554630.37,444
C00553883,11917.59,62
C00554709,507704.92,296
C00554881,57816.9,114
C00554949,4105.6,21
C00554980,288.0,20
C00555094,97713.58,5
C00555888,1262184.16,398
C00556274,10275.0,2
C00556506,678903.24,367
C00556605,99292.82,96
C00556860,75124.94,44
C00557256,511.18,5
C00557561,135267.27,21
C00557652,627944.15,327
C00557793,11697.24,16
C00558213,987650.59,796
C00558262,277.9,1
C00558320,877884.13,379
C00558379,657.5,2
C00558437,288851.31,204
C00558445,4957.33,1
C00558486,217303.53,45
C00558627,2362199.89,834
C00558825,2791005.66,633
C00558932,350.0,1
C00559021,41474.9,203
C00559146,500.0,1
C00559302,10412.0,8
C00559393,595318.69,316
C00559492,0.0,5
C00559542,507.0,1
C00559740,69787.8,7
C00559906,1411750.0,22
C00560003,43188.03,40
C00561001,687.15,3
C00561530,922165.3,865
C00561597,573463.1,639
C00561779,42220.07,26
C00562264,7072.7,20
C00562330,93097.61,58
C00562587,90263.11,89
C00562595,3400.0,18
C00562611,17400.0,6
C00562777,71671.59,58
C00562983,7903130.98,238
C00563247,2525.0,2
C00563254,163642.17,140
C00563429,92528.6,22
C00563601,68635.57,39
C00563726,880740.98,418
C00564187,307679.23,88
C00564260,52355.82,91
C00565366,14808.74,21
C00565630,535.14,2
C00565689,1000.0,1
C00565929,223.08,1
C00566042,29472.7,44
C00566059,104731.36,282
C00566067,7854.7,138
C00566133,1890.75,6
C00566232,94540.0,8
C00566562,46769.86,65
C00566851,407812.85,155
C00567313,12801.5,8
C00567396,1335.6,1
C00567412,1180.42,2
C00567495,5677.5,9
C00567545,518234.92,162
C00567693,374103.96,142
C00567784,117117.42,27
C00567818,14715.87,76
C00567883,6648.9,32
C00568089,10995.22,7
C00568162,5140651.86,241
C00568410,666.93,18
C00568444,59517.43,22
C00568519,27132.87,3
C00568667,224.93,1
C00568709,2404.93,1
C00568964,35370.3,31
C00569343,517.39,5
C00569491,1425.16,8
C00569616,881.32,6
C00569806,4683.0,8
C00569871,123834.64,71
C00570101,17865.13,10
C00570168,48498.33,146
C00570226,7277315.4,1118
C00570416,755387.8,630
C00570606,3208.4,5
C00570721,944.75,1
C00570770,62197.65,56
C00570861,12703.86,28
C00570945,1227680.08,249
C00570960,141095.05,80
C00570994,3913403.28,487
C00571000,407576.86,120
C00571018,23359.9,13
C00571042,7432.18,20
C00571091,1064.26,8
C00571117,183786.55,100
C00571125,918.94,1
C00571141,319.75,6
C00571174,451761.26,379
C00571182,7090.96,4
C00571208,75784.9,7
C00571216,13837.39,8
C00571323,596199.41,419
C00571521,5306.6,18
C00571554,236.0,1
C00571570,6644.33,24
C00571588,2910334.14,186
C00571596,782145.31,212
C00571687,1132.56,1
C00571695,209.94,12
C00571703,14668717.44,714
C00571802,53791.03,31
C00571943,19804.72,59
C00571976,414746.54,118
C00572099,37058.23,18
C00572271,940125.96,190
C00572305,70633.15,11
C00572438,8969.63,9
C00572479,4543.23,18
C00572495,81815.34,25
C00572503,1391.21,3
C00572586,3676.49,32
C00572743,4500.0,4
C00572792,1800.0,6
C00573246,12357.2,30
C00573253,1807.23,84
C00573261,19146343.86,1631
C00573436,127588.65,68
C00573444,2672863.28,489
C00573493,31556.24,20
C00573519,16133.26,113
C00573709,513516.84,312
C00573733,257540.5,38
C00573758,614552.8,487
C00573949,814352.39,426
C00573980,707141.19,215
C00574103,2772.27,269
C00574350,23.2,9
C00574368,40914.16,22
C00574640,30467.82,10
C00574749,26789.01,8
C00574889,3696116.56,1188
C00574921,186241.37,30
C00574970,620056.44,305
C00575050,2365611.88,601
C00575092,1833533.58,275
C00575126,3955022.51,1059
C00575167,703155.11,188
C00575209,386162.29,322
C00575233,431.76,2
C00575449,6279.58,7
C00575456,1607.67,13
C00575548,2314093.63,646
C00575712,1398.07,2
C00575894,88814.52,63
C00576041,609504.11,299
C00576090,21708.9,11
C00576173,206610.41,202
C00576215,13844.23,53
C00576249,5458.45,11
C00576470,300.96,1
C00576975,74500.94,40
C00577130,34954.58,65
C00577189,126846.31,71
C00577288,31384.06,28
C00577353,1119248.07,320
C00577361,866280.26,113
C00577908,1000.0,1
C00577973,29697.56,15
C00577999,1676666.21,729
C00578245,324.0,18
C00578302,611212.78,250
C00578468,44351.63,40
C00578567,1732532.31,616
C00578609,27505.95,7
C00578880,1776.77,16
C00579516,2672.49,4
C00580043,112563.99,43
C00580068,27633780.58,922
C00580076,4516.0,1
C00580100,8324204.07,226
C00580225,9905.16,19
C00580563,176233.29,122
C00581058,140.0,14
C00581074,968288.85,715
C00581181,210.0,1
C00581728,2565.66,16
C00581785,173698.93,163
C00581876,9367.5,57
C00581926,479.8,2
C00582304,400767.67,307
C00582312,1448.82,2
C00582817,406.48,12
C00582841,443982.17,45
C00583153,85610.03,180
C00583161,252051.71,182
C00583435,152720.68,122
C00583492,44126.58,85
C00583526,20965.99,28
C00584805,104736.6,91
C00585687,326713.15,415
C00585737,299.68,9
C00585885,10645.34,19
C00585893,14328.0,36
C00586255,250.0,1
C00587022,20301.16,13
C00587923,63210.78,6
C00588335,6317.31,29
C00588392,98.91,9
C00588467,1300.0,3
C00588509,2959.53,32
C00588657,1351632.3,407
C00588764,1590973.49,567
C00588772,1699961.83,699
C00588822,2214.8,11
C00589119,8605.89,20
C00589309,61171.86,63
C00589507,25090.44,52
C00589606,8592.15,28
C00589994,17506.87,23
C00590307,185.69,20
C00590356,1561.12,7
C00590471,42000.0,3
C00590778,2093.25,32
C00591065,268624.54,228
C00592089,399540.9,96
C00592154,1076855.15,400
C00592303,103596.36,111
C00592337,3647.05,3
C00592535,1340.9,7
C00592659,1177647.3,613
C00592808,36921.0,14
C00593301,400.0,2
C00595686,858.0,5
C00597013,4743868.69,716
C00597062,71620.56,45
C00599050,1226.88,3
C00599092,52726.34,14
C00599464,938393.44,442
C00600718,443724.7,334
C00602698,2074.62,40
C00602805,3269.72,91
C00603019,26020.08,30
C00603076,34193.57,22
C00603084,15043917.63,2522
C00603134,59519.86,16
C00603258,733.0,4
C00603639,35921.69,196
C00604496,54575.0,5
C00605410,17756.91,75
C00605592,2575156.26,896
C00606939,1393288.91,902
C00606962,4044393.15,227
C00607200,1740048.02,743
C00607374,646848.17,439
C00607416,3998280.05,795
C00607556,24074.31,25
C00607721,18343.6,14
C00607820,1180.0,1
C00607838,40624.78,21
C00607861,6814.08,32
C00608380,199332.15,236
C00608398,7067491.04,1111
C00608406,254.55,1
C00608463,11385.86,7
C00608489,2942.72,6
C00608505,11921.5,2
C00608695,10979519.9,514
C00608943,308680.43,136
C00609255,350869.93,214
C00609388,1414170.63,300
C00609776,1600.0,2
C00609966,10279.14,10
C00610055,41382.72,26
C00610212,331804.39,62
C00610394,1440.0,5
C00610428,12651.6,13
C00610451,122950.33,53
C00610527,317.05,14
C00611145,149.11,1
C00611202,19897.13,7
C00611400,24966.41,16
C00611962,24461.44,23
C00612010,447.6,1
C00612432,638425.7,136
C00612820,121572.82,93
C00613018,550.0,2
C00613489,7228.17,10
C00614214,1295942.6,1480
C00614552,15850.36,13
C00614776,1096866.77,1214
C00614826,1076067.82,430
C00614917,15232.39,20
C00615096,1514.01,38
C00615203,2570.9,8
C00615294,591810.44,249
C00615344,1773.43,6
C00615898,231404.41,46
C00616268,635878.2,281
C00617381,348553.59,171
C00617662,420751.28,265
C00617803,438771.42,160
C00617944,360.0,18
C00618223,1479.3,6
C00618371,12034.37,12
C00618389,13616.45,8
C00618520,403.97,12
C00618777,6737.45,8
C00619486,106192.03,91
C00619528,22334.55,18
C00619759,38290.03,40
C00619775,1340.3,3
C00620021,10101.9,29
C00620427,76883.28,66
C00620443,213949.42,60
C00620476,21250.0,15
C00620500,919.49,1
C00620518,202624.59,67
C00620740,11905.83,16
C00620971,2134815.9,151
C00621086,8532.77,51
C00621185,15807.5,15
C00621466,6113.26,9
C00621706,900.0,2
C00622118,697.72,9
C00622795,11745.0,3
C00623397,31412.21,26
C00623421,146862.51,93
C00623512,207834.62,125
C00623710,6048.8,2
C00623728,130.95,2
C00624049,34369.49,121
C00624627,9043.76,24
C00624817,4242.83,17
C00624890,28557.56,14
C00625079,10131.0,13
C00625111,52314.3,7
C00625145,5511.45,1
C00625194,6144.88,17
C00625228,1015.5,3
C00625236,70506.45,420
C00625533,159.0,3
C00625558,149396.27,207
C00625566,333160.54,492
C00625574,14101.91,13
C00625616,683.22,3
C00625772,226585.33,262
C00625947,2033.27,7
C00625988,377929.47,234
C00626036,65584.7,139
C00626119,133976.23,25
C00626663,750.0,2
C00626861,6445.6,20
C00626937,3750.0,1
C00627075,966.01,16
C00627141,1020.22,2
C00627372,3743.12,21
C00627489,358.49,3
C00627679,213.0,1
C00627737,146659.36,27
C00627992,18482.12,70
C00628008,9928.64,10
C00628115,1128.27,7
C00628354,83107.34,96
C00628669,591.54,10
C00628818,49765.15,451
C00628917,469656.5,286
C00629063,1115615.39,890
C00629212,693707.77,218
C00629311,441604.51,225
C00629444,118189.26,39
C00629451,3750.0,5
C00629477,26685.6,81
C00629576,41335.58,57
C00629659,466897.75,329
C00629709,12237.71,47
C00629832,10403.45,17
C00630012,288267.24,392
C00630129,16603.0,14
C00630285,9565.25,17
C00630350,1296.55,15
C00630541,9222.62,10
C00630632,412636.19,177
C00630665,1395663.16,391
C00630699,607.5,4
C00630707,2832801.99,747
C00630830,1000.0,1
C00631051,42895.44,19
C00631549,6700062.49,759
C00631903,38953.44,3
C00631994,2630.67,26
C00632067,908527.33,340
C00632109,13250.0,2
C00632133,10678995.09,2398
C00632257,3128633.18,1037
C00632281,51168.73,65
C00632323,482973.02,90
C00632398,1155100.88,585
C00632554,1536.3,61
C00632562,253905.98,179
C00632588,29030.37,100
C00632679,83902.49,16
C00632711,29272.59,92
C00632828,1699706.77,1111
C00633107,828.99,12
C00633156,808022.2,290
C00633164,1647.73,5
C00633248,6150867.17,1191
C00633354,680.25,9
C00633404,3005681.13,342
C00633610,268221.95,108
C00633792,297624.3,139
C00633818,58205.89,26
C00634006,25023.4,46
C00634253,1871490.15,639
C00634261,67130.0,11
C00634519,14196.85,32
C00634774,9251178.8,926
C00634808,906.15,8
C00635094,1141.2,1
C00635201,976.0,3
C00635219,1000.0,1
C00635250,3171.28,21
C00635367,70664.6,102
C00635391,45176.3,117
C00635557,93459.99,44
C00635565,4522.65,18
C00635615,2904.51,3
C00635664,49551.81,125
C00635888,4832.15,24
C00636027,273.02,47
C00636092,864385.38,323
C00636100,805.85,9
C00636837,150511.68,234
C00636944,598499.32,193
C00637041,5000.0,1
C00637074,11896.58,2
C00637215,983973.96,894
C00637322,2461.72,16
C00637348,9505.74,7
C00637363,1856569.57,628
C00637371,746234.98,428
C00637504,3831.56,29
C00638007,5176.95,1
C00638023,6000.45,49
C00638122,5861.83,67
C00638320,579048.98,188
C00638411,5389.1,24
C00638437,1890.0,6
C00638528,83850.9,27
C00638650,662792.35,486
C00638767,29993.79,79
C00639054,1384.13,7
C00639138,-1499.72,53
C00639146,931623.14,831
C00639229,1145187.47,179
C00639245,2410.33,16
C00639435,10711.17,13
C00639591,20116308.95,1551
C00639948,704.6,8
C00640003,41856.44,59
C00640029,179.7,6
C00640045,590605.68,597
C00640086,3794.27,20
C00640243,914.74,9
C00640300,1322113.83,2095
C00640383,492.23,1
C00640433,60915.04,65
C00640490,5832.1,67
C00640623,18616.95,17
C00641142,21494.15,136
C00641225,397.4,1
C00641555,140325.5,205
C00646703,963.75,4
C00647206,5121.82,5
C00647214,618.84,21
C00647339,827103.86,778
C00647354,553202.49,263
C00647420,23978.05,12
C00647487,2040.0,3
C00647966,89105.71,78
C00648220,1043360.86,1136
C00648246,3237.11,6
C00648253,1063422.49,659
C00648295,456701.97,567
C00648493,1210774.84,622
C00648717,1434.0,4
C00648808,42.0,3
C00649525,50946.25,51
C00649574,415697.45,129
C00649673,729226.34,167
C00649772,196550.94,139
C00649798,315.0,15
C00650408,6543.37,17
C00650432,195254.73,299
C00650515,265.0,1
C00650655,525.0,1
C00650697,1303786.69,530
C00650853,24141.39,28
C00650986,75.0,5
C00651042,2145726.63,487
C00651091,1360.0,4
C00651109,2850.89,17
C00651208,-9467.32,6
C00651505,118401.42,71
C00651554,1485.42,22
C00652149,1927313.03,1377
C00652164,225582.7,145
C00652206,12478.5,23
C00652255,8818.08,21
C00652297,841.02,1
C00652305,123129.46,28
C00652529,10040.81,18
C00652628,1087010.28,674
C00652644,313355.38,289
C00652719,1827702.57,909
C00652727,1137870.78,571
C00652743,194227.31,110
C00652842,12647.0,4
C00652859,1349.02,4
C00652883,320.9,8
C00652958,600.0,1
C00653030,450.0,1
C00653147,37386.89,67
C00653188,30220.75,18
C00653196,24143473.21,592
C00653220,566629.44,291
C00653816,1405931.58,810
C00653923,564731.65,413
C00654053,1187391.95,814
C00654079,16271.33,11
C00654186,840024.36,617
C00654459,53817.54,73
C00654475,434160.81,241
C00654509,2677476.9,659
C00654608,4779.5,2
C00654681,2812.86,6
C00654723,1134458.95,894
C00654764,50282.0,11
C00655332,883915.9,512
C00655423,88002.64,69
C00655472,412.39,2
C00655571,7326.86,11
C00655613,1152621.07,1326
C00655647,738658.43,473
C00655886,4571.5,3
C00655993,300.0,1
C00656132,129289.67,93
C00656207,9217.46,8
C00656413,3555.46,35
C00656439,23712.31,47
C00656546,407.4,13
C00656777,15203.3,50
C00656850,72572.26,71
C00656868,840.38,21
C00657205,1773.94,5
C00657304,850473.43,745
C00657361,100739.98,244
C00657452,344070.11,194
C00657593,3114.56,16
C00657833,3340320.07,652
C00657866,2354780.27,118
C00658286,500.0,1
C00658385,238727.93,267
C00658476,674976.91,60
C00658484,139115.23,73
C00658567,56194.32,114
C00658633,1966155.09,339
C00658724,1614439.83,813
C00659219,33128.79,9
C00659599,1908952.37,245
C00659607,5216.73,1
C00659672,819.04,70
C00659771,21555.63,29
C00660175,586.07,11
C00660464,11409739.17,1367
C00660555,997011.03,306
C00660613,2533.25,3
C00660795,2692492.78,1141
C00660902,16900.97,15
C00661264,135724.13,47
C00661272,49282.21,166
C00661496,1165.0,9
C00661561,850417.9,641
C00661777,296303.11,378
C00661801,1686.71,1
C00661868,1149296.8,919
C00662056,11418.5,19
C00662221,747569.83,467
C00662577,1668.6,14
C00662601,729297.23,85
C00662619,731.0,12
C00662650,704514.28,340
C00662668,449.25,15
C00662767,607609.85,910
C00662791,456.89,1
C00662940,472161.76,907
C00663062,608.96,7
C00663211,250054.51,865
C00663260,633.18,1
C00663435,12500.0,10
C00663609,455932.87,459
C00663633,600.0,1
C00663724,108687.54,68
C00663781,389599.7,277
C00663914,10954.93,6
C00664219,1405.0,4
C00664318,149093.76,136
C00664375,-3753.2,54
C00664581,120926.06,192
C00664706,8334.01,16
C00665638,8631891.37,1264
C00665752,303293.39,256
C00665786,15464.93,19
C00666040,2415.79,1
C00666149,246.09,1
C00666321,1526.9,18
C00666388,5250.91,24
C00666396,315102.07,95
C00666859,7268.57,24
C00667196,120.0,3
C00667279,11204.49,77
C00667360,29221.41,14
C00667741,1197105.23,458
C00668137,1093.0,14
C00668194,20277.01,36
C00668228,1822873.24,1425
C00668301,4229.24,4
C00668384,2678.85,17
C00668491,596477.16,224
C00668517,97989.66,48
C00668608,2749789.98,2051
C00668822,266.96,1
C00668905,37315.82,54
C00668921,3401.39,17
C00669325,2075.0,3
C00669358,707254.53,504
C00669655,465.99,6
C00669929,39147.8,21
C00669960,21328.58,81
C00670034,2099278.03,1587
C00670216,1791952.19,819
C00670695,170145.84,84
C00670844,917477.96,1005
C00671479,2690.59,17
C00671891,688494.19,625
C00671933,9788.59,40
C00672139,22745.46,19
C00672295,1042786.62,794
C00672576,360225.72,173
C00672733,36153.59,30
C00673368,373.22,2
C00673590,10600.79,58
C00673715,357755.05,55
C00674085,17116.27,42
C00674093,253909.05,227
C00674127,8434.81,9
C00674259,829972.58,233
C00674697,54452.79,179
C00675058,12536.94,36
C00675108,1658416.77,1699
C00675140,39053.47,99
C00675348,1720897.86,326
C00675678,449.25,15
C00675884,2500.0,1
C00676064,30861.22,45
C00676247,71737.67,131
C00676395,6652687.06,264
C00676957,4462.5,4
C00676965,1674816.98,1264
C00677146,6346.99,5
C00677286,1320858.14,592
C00677427,502.5,2
C00677492,358818.1,241
C00677591,24552.37,156
C00677708,64164.7,67
C00677757,1326.5,3
C00677773,8681.73,21
C00677898,707177.46,914
C00678003,3835.36,2
C00678227,7462.9,1
C00678813,43901.1,75
C00678839,6515.93,54
C00678854,99881.21,72
C00678995,1612.0,18
C00679167,1583.87,4
C00679191,42907.94,71
C00679423,538.36,6
C00679530,613.63,2
C00679910,885.92,18
C00679985,9995.05,16
C00680132,281208.26,115
C00680264,83.9,4
C00680405,5864.65,18
C00680504,968.59,17
C00680512,109871.99,41
C00680728,2920.0,11
C00680918,808231.27,122
C00680926,16482.2,36
C00680934,4615600.83,2471
C00681106,12370.03,2
C00681221,85007.58,35
C00681320,256.15,2
C00681429,6515.4,1
C00681437,655.26,9
C00681478,33882.5,7
C00681585,277.9,1
C00681627,1041.0,2
C00681643,16533.5,10
C00681718,1163.35,3
C00681825,3492468.08,540
C00682088,83297.52,153
C00682211,438500.16,220
C00682393,4872.73,10
C00682492,150.0,10
C00682559,169.0,1
C00682617,3138.3,5
C00682989,8869.22,49
C00683243,5867.63,20
C00683250,233315.94,176
C00683508,117651.57,79
C00683649,797229.85,86
C00683664,2871.08,2
C00683771,2087.71,8
C00683961,9000.0,6
C00684175,13613.92,10
C00684258,171759.63,149
C00684506,6472.68,35
C00684522,134998.42,20
C00684530,48450.54,37
C00684969,11938.25,4
C00685115,190677.94,32
C00685289,3076.31,7
C00685297,3198188.29,666
C00685552,3202213.87,597
C00685628,15406.56,7
C00685693,1051211.69,383
C00685719,81242.94,129
C00685768,12163.01,34
C00685776,634896.22,892
C00686154,1929.5,9
C00686287,160.35,1
C00686402,26329.52,11
C00686410,22260.52,67
C00686477,1300.0,4
C00686584,4849.83,4
C00686709,12500.0,2
C00686816,34468.94,24
C00686832,61082.19,43
C00686949,960.27,42
C00686980,350983.21,210
C00687020,6110.0,9
C00687137,3220.35,23
C00687343,28207.01,43
C00687483,10000.0,2
C00687491,133897.95,81
C00687525,9480.43,50
C00687533,1675.0,2
C00687574,16686.41,30
C00687582,273541.76,155
C00687848,438706.69,83
C00688168,51919.48,91
C00688200,3510.6,8
C00688432,59746.73,37
C00688465,1930.05,35
C00688549,10325.11,5
C00688580,26330.19,15
C00688606,3183.23,1
C00688655,2807373.04,303
C00688739,175460.95,140
C00688846,82712.84,108
C00689208,23515.66,65
C00689356,675.0,1
C00689638,108.0,9
C00689745,447260.84,32
C00689836,40210.34,64
C00689893,7430.96,4
C00690032,2106.08,4
C00690073,8670.9,21
C00690263,233740.0,152
C00690271,1636.88,8
C00690297,3422.5,8
C00690669,1000.0,2
C00690891,1494055.61,294
C00691147,9900.8,20
C00691154,35116.02,18
C00691220,597.5,2
C00691352,10820.03,15
C00691501,85437.09,50
C00691626,12500.0,2
C00691634,573.3,2
C00691790,102392.93,211
C00691915,5818.53,23
C00691931,13905.37,25
C00692087,3055.0,15
C00692111,168478.41,107
C00692129,37159.39,230
C00692137,29402.22,178
C00692202,89296.01,203
C00692319,2379565.75,1224
C00692327,1347477.07,263
C00692343,853950.47,293
C00692467,107041.0,25
C00692590,26554.15,59
C00692640,512127.47,116
C00692673,164.4,2
C00692715,36921.99,15
C00692806,501.95,11
C00692897,609561.6,899
C00692921,21912.06,3
C00693002,2095.97,11
C00693051,16000.0,2
C00693127,414128.67,61
C00693143,55405.46,89
C00693192,57420.65,75
C00693234,7172.79,46
C00693309,1005.63,1
C00693382,1063160.52,47
C00693390,257.21,1
C00693515,246409.66,501
C00693531,425.43,1
C00693549,4025.4,40
C00693606,14260.67,23
C00693655,4138.0,21
C00693663,603872.64,141
C00693671,6280.74,7
C00693713,4002.88,95
C00693796,161224.84,78
C00693838,-971.5,7
C00693853,985.8,3
C00693895,12772.98,33
C00694299,67835.45,56
C00694323,6987314.26,172
C00694471,58489.74,110
C00694588,45.6,2
C00694778,1246007.47,649
C00694810,619629.63,246
C00695163,1824.15,4
C00695239,1184.0,2
C00695304,474.0,3
C00695346,458766.06,254
C00695395,243951.26,195
C00695411,167434.79,27
C00695528,1332.0,7
C00695866,2285.81,26
C00695874,83087.48,99
C00695940,339614.37,150
C00695981,7553.95,82
C00696088,40822.7,111
C00696112,1014.29,3
C00696153,156705.71,139
C00696393,56904.58,62
C00696484,709605.25,225
C00696526,20062482.68,1077
C00696591,357114.79,60
C00696666,73897.51,152
C00696948,72100.87,119
C00697052,11704.61,25
C00697326,65400.7,105
C00697334,9353.42,15
C00697342,4041.89,29
C00697391,33267.65,26
C00697441,8822856.0,648
C00697540,518.0,6
C00697581,1954.13,16
C00697615,4979.47,39
C00697649,1082121.19,863
C00697698,24801.82,6
C00697755,127915.98,98
C00697789,843925.36,202
C00697979,1155.0,4
C00698092,12311.35,30
C00698340,119138.49,129
C00698894,1800.0,3
C00698936,1375.86,12
C00698977,4010.0,11
C00699140,457.82,18
C00699421,48463.28,96
C00699462,1912.3,3
C00699553,232267.73,72
C00699603,1937.05,1
C00699660,19370.84,14
C00699744,4093139.75,925
C00699785,82623.61,89
C00700120,570.0,2
C00700187,125247.35,369
C00700203,66462.21,64
C00700260,94639.69,73
C00700377,854.77,14
C00700799,244.75,6
C00701003,4492124.96,803
C00701102,46648.71,29
C00701656,862.5,5
C00701672,727543.19,227
C00701680,73643.89,152
C00701748,69711.66,12
C00701797,10000.0,3
C00701888,1827659.26,369
C00701938,1050.0,2
C00701953,3147769.19,1613
C00701961,19609.79,120
C00703058,1264042.58,673
C00703082,23679.88,23
C00703173,54580.69,16
C00703843,833319.86,710
C00703892,24296.76,24
C00703975,15096579.84,583
C00704049,878217.38,500
C00704247,79725.0,74
C00704593,44209.07,112
C00704981,56292.31,69
C00705277,8165.85,21
C00705368,195816.07,156
C00705996,331.0,3
C00706176,12155.29,21
C00706226,6105.64,10
C00706267,5263485.93,1459
C00706465,535.54,2
C00706507,147839.99,96
C00706614,2958501.87,550
C00706630,52409.26,53
C00706689,3519.55,4
C00706697,1369.3,5
C00706747,827704.8,925
C00706812,115162.13,71
C00706861,40557.22,108
C00707091,960579.81,648
C00707133,24847.79,28
C00707232,90126.79,281
C00707778,347.1,1
C00707844,557336.59,225
C00708164,3411.9,19
C00708172,15261.45,26
C00708289,2498253.12,682
C00708552,167118.32,209
C00708636,11298.07,35
C00708644,160769.63,68
C00708891,5103.01,50
C00709006,5000.0,2
C00709113,1221598.04,62
C00709196,37686.02,60
C00709295,485.05,5
C00709477,9160.0,7
C00709485,10152.5,69
C00709576,2215.0,17
C00709691,968292.18,379
C00709816,4361.23,11
C00709832,69138.89,86
C00709899,154558.82,165
C00709998,250.0,1
C00710103,1012537.12,257
C00710160,1110915.43,56
C00710178,486008.61,399
C00710772,1538.95,11
C00710848,98485.22,126
C00710889,40489.22,45
C00711010,3005.12,4
C00711051,11946.59,30
C00711150,11178.76,69
C00711317,1098938.86,1027
C00711358,65.97,3
C00711549,2851.5,2
C00711929,651465.85,605
C00712364,11768.86,42
C00712380,2361.25,20
C00712539,1880.6,14
C00712695,12237.62,23
C00712885,32883.84,17
C00713271,779.6,10
C00713461,10550.0,3
C00713560,2350.2,7
C00713693,8246.94,15
C00714261,1126447.98,448
C00714501,68843.07,73
C00714527,35789.52,39
C00714865,1488471.42,613
C00714964,171.0,7
C00715102,669.9,2
C00715136,5434.14,88
C00715375,30763.16,19
C00715409,4108.15,29
C00715854,18895.4,24
C00716423,37814.28,25
C00716670,105673.93,182
C00716704,739092.94,744
C00716720,7324702.82,1083
C00716803,2616.39,21
C00717272,24488.73,16
C00717280,3000.0,1
C00717710,6000.0,1
C00717728,97492.95,153
C00717900,-6.96,1
C00717918,8475.33,20
C00717959,769111.7,482
C00717991,1157.06,10
C00718221,1303492.75,281
C00718239,1875745.14,642
C00718320,1360.6,1
C00718346,21572.81,37
C00718510,229220.64,290
C00718593,13502.57,84
C00718627,3740698.08,577
C00718635,271270.08,391
C00718866,39297068.0,1392
C00719021,61.2,2
C00719062,29268.03,33
C00719294,2303392.97,498
C00719393,208.9,2
C00719559,887605.21,526
C00719781,682.5,4
C00719815,469.28,12
C00719872,35226.24,78
C00719971,713618.58,152
C00720011,582876.88,721
C00720029,1029254.44,202
C00720052,290.0,3
C00720078,619533.69,202
C00720128,979.93,14
C00720375,3210428.03,860
C00720540,17981.5,34
C00720565,158195.89,128
C00720573,7526.87,11
C00720649,15221.68,38
C00720862,985.0,2
C00720920,11132.93,74
C00721142,3795.8,1
C00721217,7000.0,9
C00721225,18048.15,55
C00721233,66985.48,165
C00721308,29646.56,28
C00721332,686927.59,395
C00721449,995371.73,1236
C00721548,117885.32,240
C00721597,12977.03,134
C00721811,1224.35,27
C00721878,35765.2,28
C00722025,72529.07,27
C00722165,991.55,4
C00722207,5039.82,33
C00722348,2036.86,33
C00722371,3067.5,6
C00722884,232984.04,141
C00722892,1221.34,3
C00722975,1486.71,3
C00723031,250.0,1
C00723098,15924.72,17
C00723114,46801.45,44
C00723189,2413.74,15
C00723577,12765.23,20
C00723676,8005.0,17
C00723916,1092104.28,750
C00724203,778728.94,175
C00724229,38099.82,42
C00724237,2542.78,28
C00724286,35.0,1
C00724443,7496.45,56
C00724559,15392.85,31
C00724781,1401.0,1
C00725184,703.08,15
C00725200,6979.94,40
C00725317,7141.0,3
C00725341,20250.0,10
C00725465,519077.76,312
C00725671,6732.64,30
C00725747,292191.79,60
C00725804,2750.0,1
C00725853,809890.96,609
C00725879,422.25,4
C00726042,2469025.71,1073
C00726117,9457.46,11
C00726224,456.82,6
C00726323,52027.83,92
C00726372,326882.21,210
C00726687,22552.36,33
C00726729,4300.0,16
C00726802,97542.97,115
C00726828,1930.69,2
C00727008,316808.64,257
C00727164,13771.01,42
C00727529,1116300.2,612
C00727784,90703.07,110
C00727834,149.75,5
C00728014,556.03,10
C00728030,2002.9,18
C00728238,910793.72,536
C00728352,499.65,5
C00728360,96702.9,23
C00728386,753085.75,22
C00728667,366489.35,143
C00728683,6688.95,29
C00728899,237.91,1
C00728980,29877.0,3
C00729277,476555.57,501
C00729574,102814.89,318
C00729616,5730.07,23
C00729871,742.5,2
C00729939,2773.7,5
C00729954,1293473.13,589
C00730150,465126.87,362
C00730531,1885056.08,2324
C00730689,5000.0,1
C00730754,36502.32,44
C00730796,56797.82,56
C00730812,1850.0,17
C00730895,1580309.01,796
C00730903,492.46,16
C00731042,6019420.91,2008
C00731133,465.7,2
C00731356,53652.39,38
C00731885,245.0,1
C00732172,131793.25,21
C00732545,750.0,1
C00732693,6080.66,2
C00732768,6631.22,8
C00732826,905844.26,623
C00732925,9826.18,25
C00732958,1793.69,10
C00733329,941626.16,1001
C00733352,12165.6,8
C00733402,28048.01,12
C00733527,2187.38,15
C00733725,14697.95,1
C00733915,46815.51,33
C00734319,1558680.54,250
C00734657,56234.78,51
C00734822,9709.9,24
C00734913,113618.41,173
C00735183,44471.97,132
C00735472,4969.4,7
C00735738,146267.96,225
C00735894,86801.8,22
C00735910,10.0,2
C00735985,428274.5,148
C00736009,1886.75,14
C00736041,25549.82,38
C00736108,3500.0,1
C00736124,41021.25,14
C00736140,137400.0,18
C00736421,533.75,1
C00736637,41411.87,117
C00736744,85440.0,1
C00736876,3141095.27,520
C00736975,251307.81,49
C00737197,3505.36,5
C00737270,24198.5,7
C00737411,98685.29,43
C00737767,813293.25,397
C00737940,2504.55,16
C00738039,5602.06,5
C00738104,2684.36,11
C00738237,5211.63,3
C00738260,76246.28,46
C00738815,130.0,4
C00738849,490.0,1
C00738872,1600537.02,469
C00739003,54943.8,52
C00739409,71338.27,22
C00739490,10034.1,21
C00739557,80386.71,41
C00739581,7077.39,84
C00739755,3702.09,19
C00740100,565381.96,152
C00740126,656423.28,240
C00740225,203407.36,58
C00740415,731.0,9
C00740514,360.0,1
C00740555,6613.73,38
C00740597,57584.59,113
C00741041,5452.73,20
C00741090,611314.94,376
C00741355,19840.0,30
C00741371,87586.99,232
C00741413,2620.0,8
C00741611,134935.11,79
C00741710,33344.0,62
C00741769,28664.87,36
C00741876,527.46,4
C00741934,4500.0,1
C00742007,3203415.28,754
C00742080,1445.54,77
C00742130,3062.24,10
C00742205,9687.56,88
C00742239,1190.4,14
C00742247,253664.14,460
C00742296,22336.0,10
C00742346,3080.0,6
C00742494,8172.2,10
C00742635,16021.45,23
C00743021,2092.44,18
C00743427,57733.08,192
C00743641,406912.2,222
C00743682,28.0,2
C00743906,1206.96,6
C00744185,44159.8,60
C00744532,8753.14,8
C00744540,5261.85,98
C00744573,5205.71,4
C00744599,130110.06,137
C00744698,837.13,1
C00744714,2341.1,6
C00744789,1508.73,9
C00744821,10990.0,5
C00744920,47460.59,43
C00744938,612.5,2
C00744946,3794330.53,340
C00744987,96707.73,88
C00745208,3470.0,5
C00745588,1209.32,1
C00745745,256335.37,54
C00745786,1885308.28,211
C00746040,142011.8,24
C00746073,29823.77,96
C00746107,47539.06,55
C00746255,150.0,1
C00746560,38891.74,29
C00746628,2715.68,7
C00746735,179062.71,82
C00747097,20666.18,54
C00747121,531586.18,134
C00747170,436118.87,305
C00747220,213643.04,71
C00747477,1165.0,2
C00747642,7088.92,38
C00747691,29349.86,80
C00747766,415346.59,243
C00747840,161389.28,204
C00747865,275.0,1
C00747907,27139.42,53
C00747998,371774.4,45
C00748061,46958.27,19
C00748186,144344.28,125
C00748228,58503.99,213
C00748301,56557.72,93
C00748475,1756.22,13
C00748582,241275.92,83
C00748640,54278.23,37
C00748673,1392204.02,447
C00748764,500.0,6
C00748814,1000.0,1
C00749085,5248.71,18
C00749143,95621.09,24
C00749481,179433.79,153
C00749572,5034.14,30
C00749671,12255087.33,2782
C00750026,5205.17,17
C00750166,1139085.04,200
C00750174,6690.59,9
C00750224,246.0,3
C00750307,281431.53,392
C00750331,5456.11,28
C00750356,95276.95,33
C00750505,76704.08,24
C00750521,12196811.99,294
C00750539,1461.7,2
C00750786,16439.76,35
C00750901,1457.05,9
C00750919,1432656.2,341
C00751032,1881.5,2
C00751339,3764.66,56
C00751503,140699.7,40
C00751784,215239.08,165
C00751826,3299.52,18
C00751982,174.0,3
C00752089,3058.64,3
C00752154,456.0,2
C00752253,9387.17,6
C00752287,5921.09,4
C00752303,240.0,7
C00752469,3558.0,19
C00752519,5200.0,6
C00752576,57683.82,96
C00752584,498610.12,1161
C00752691,251295.32,113
C00752790,16621.02,14
C00753186,103.49,2
C00753277,91152.22,36
C00753327,14768.45,12
C00753350,524.98,1
C00753384,10945.15,14
C00753475,11288.56,7
C00753558,80035.49,65
C00753632,2086.98,3
C00753822,1520.61,3
C00753889,2000.08,16
C00753913,635182.07,309
C00753947,417235.26,79
C00754028,250.0,1
C00754044,602001.42,336
C00754051,2046332.33,136
C00754069,73115.63,9
C00754192,61121.4,39
C00754218,3961.44,7
C00754242,14391.38,36
C00754515,2663.9,3
C00754598,453528.75,309
C00754655,5857.7,62
C00754671,6400.9,27
C00754697,175983.54,143
C00754754,6305.11,45
C00755033,3677.66,12
C00755074,407756.28,181
C00755173,50001.15,72
C00755199,77227.06,62
C00755363,140693.84,111
C00755454,8182.0,61
C00755702,124468.8,124
C00755728,39848.88,26
C00755801,9966.34,8
C00755819,2667.29,16
C00756056,6261.62,18
C00756080,415529.1,202
C00756205,53843.04,31
C00756304,4500.0,9
C00756445,375.0,4
C00756528,360.05,1
C00756551,20230.06,62
C00756569,930271.98,75
C00756593,11062.35,47
C00756643,3303.2,2
C00756791,2950.0,1
C00756825,37742.4,32
C00756866,60056.7,71
C00756916,830.0,12
C00757120,21030.99,33
C00757203,299879.72,40
C00757294,26083.77,35
C00757302,4000.59,9
C00757344,14396.04,50
C00757419,4068667.78,425
C00757633,3401.98,27
C00757724,5563.58,2
C00757823,5619.73,7
C00757831,243.47,7
C00757922,127120.12,50
C00757930,8219.57,11
C00758003,15000.0,2
C00758011,111208.34,30
C00758219,1396290.66,497
C00758433,53167.12,26
C00758532,434200.25,96
C00758722,9514.88,17
C00758813,250.0,1
C00758847,21794.34,14
C00758862,10297.41,20
C00758938,36672.82,15
C00759019,405302.12,119
C00759035,27337.01,15
C00760009,9467.17,15
C00760082,1231.48,6
C00760108,51289.75,36
C00760116,1611.21,14
C00760124,429167.92,78
C00760215,83044.18,82
C00760306,67.47,2
C00760348,32564.95,14
C00760397,10402.24,27
C00760413,132535.08,43
C00760488,188372.49,57
C00760546,1422.0,2
C00760694,37753.5,14
C00760736,659209.08,165
C00760801,9636.0,2
C00760827,863877.32,224
C00760835,13362.73,11
C00761064,459329.59,91
C00761072,28934.02,18
C00761213,42274.31,18
C00761239,600.0,3
C00761247,21237.32,27
C00761528,2639.96,1
C00761577,2750.0,1
C00761957,85184.3,120
C00761965,16681.92,70
C00762062,13012.45,64
C00762161,241.0,7
C00762260,262637.47,101
C00762328,128488.65,96
C00762369,193945.6,135
C00762419,671.0,7
C00762591,17891488.44,955
C00762658,400.0,1
C00762666,245370.65,123
C00762682,149093.68,73
C00762815,10715.57,14
C00762930,56318.65,65
C00763045,620300.49,218
C00763169,100254.84,97
C00763227,23278.23,33
C00763326,115569.53,18
C00763359,202786.17,261
C00763375,2414.6,11
C00763409,135971.38,46
C00763433,5650.0,5
C00763524,1692.31,2
C00763623,3093.96,12
C00763649,1389880.24,528
C00763664,520.0,1
C00763797,9284.38,707
C00763888,2112.0,24
C00763912,35188.91,64
C00763946,14969.74,5
C00764027,22.38,3
C00764126,24547.89,12
C00764134,11045.98,11
C00764159,40849.29,174
C00764209,99950.18,104
C00764217,8500.78,21
C00764233,2806919.89,606
C00764357,4296.19,20
C00764373,43206.88,66
C00764381,609286.34,335
C00764415,31379.51,32
C00764431,3244.75,1
C00764506,1005.01,2
C00764522,900.0,3
C00764753,32259.08,31
C00764761,361504.19,70
C00764795,1248.79,1
C00764803,78169.13,13
C00764829,358364.68,103
C00764860,22991.02,42
C00764878,5203.3,13
C00764886,410162.2,710
C00764993,1916.24,7
C00765099,937917.29,570
C00765164,844463.43,400
C00765198,15631.98,52
C00765453,35521.63,253
C00765461,4904.16,37
C00765529,379113.32,349
C00765537,10011.86,94
C00765552,12949.05,11
C00765578,11375.0,26
C00765644,47060.98,39
C00765701,3815.4,8
C00765719,3344836.66,664
C00765727,28698.54,21
C00765768,85244.8,157
C00765800,2276108.13,1031
C00765891,8696.33,5
C00765917,605101.45,450
C00765982,2273937.39,402
C00766030,500.0,1
C00766048,98.94,2
C00766162,55767.24,32
C00766196,107726.64,108
C00766204,81435.01,195
C00766428,930757.03,218
C00766519,432.0,1
C00766659,34216.16,51
C00766725,593.17,1
C00766774,186252.16,119
C00766790,15616.68,45
C00766816,7826.63,80
C00766972,32008.18,24
C00766998,100.0,4
C00767079,27813.78,30
C00767319,465.22,9
C00767368,6437.7,8
C00767640,2425632.08,954
C00767749,190747.68,30
C00767772,28192.77,74
C00767806,3135.9,7
C00767871,419578.92,136
C00768085,5466.63,12
C00768200,281932.68,126
C00768317,4200.0,10
C00768408,15266.85,68
C00768689,185161.45,159
C00768762,69482.55,130
C00768838,312504.1,261
C00768887,31331.7,76
C00768994,1353555.97,1371
C00769109,662065.93,252
C00769125,39960.16,66
C00769216,35215.79,21
C00769232,1519426.96,75
C00769299,1200.51,6
C00769463,8890.68,51
C00769521,77961.57,36
C00769604,1017.0,23
C00769695,6460.99,11
C00769711,343850.06,142
C00769745,715.51,19
C00769828,2639.21,28
C00770057,63519.43,69
C00770149,21631.2,9
C00770180,5992915.18,455
C00770214,2851434.76,771
C00770222,748.89,6
C00770255,11021.0,36
C00770263,10744.6,22
C00770297,169656.12,48
C00770362,47796.17,178
C00770412,127184.73,166
C00770438,2837816.0,1992
C00770511,669.92,13
C00770701,726.68,3
C00770818,895843.47,945
C00770867,3000.0,1
C00770941,2902863.63,1204
C00771097,92.0,4
C00771113,1074825.6,192
C00771139,17277.23,154
C00771238,874663.29,250
C00771246,10234442.86,600
C00771329,572.63,1
C00771394,38394.57,48
C00771436,231970.29,351
C00771527,2407.51,4
C00771543,949526.16,301
C00771865,2875.0,12
C00771972,431113.55,368
C00772079,5519.23,4
C00772137,5981.35,6
C00772152,2928.36,3
C00772194,3000.0,1
C00772228,8716.1,24
C00772244,209478.44,155
C00772434,41503.1,25
C00772442,6500.0,3
C00772517,152989.39,93
C00772525,23772.36,36
C00772624,22481.83,93
C00772848,1934700.91,577
C00773101,368948.09,292
C00773234,6806.55,3
C00773283,86335.22,78
C00773416,75574.94,46
C00773820,35655.11,70
C00773853,284.97,4
C00773903,741037.06,168
C00773911,12240422.93,970
C00774042,18664.0,43
C00774257,15377.08,9
C00774281,586037.4,325
C00774323,19189.84,14
C00774380,1200.0,12
C00774422,4179.0,10
C00774497,5838.69,64
C00774570,3589.19,1
C00774588,71380.35,63
C00774703,2129520.1,828
C00774844,1059498.47,412
C00774901,9697.29,43
C00774943,851423.37,375
C00775015,2267797.8,472
C00775049,1742.46,4
C00775205,125496.05,101
C00775841,64729.67,76
C00775999,26253.02,57
C00776005,1540.0,12
C00776120,2568672.41,614
C00776187,64191.26,43
C00776237,17089.8,15
C00776310,4549.4,13
C00776344,1203.58,2
C00776385,259216.35,8
C00776393,1005556.46,394
C00776419,135268.38,153
C00776526,142638.25,184
C00776575,287398.17,220
C00776609,18192.06,103
C00776658,12548.24,37
C00776682,62324.17,129
C00776708,276723.71,66
C00776765,393655.85,13
C00776799,2033.54,2
C00776823,5093.42,4
C00776831,139505.28,145
C00776880,2143.82,28
C00776930,53976.87,92
C00776948,31079.8,226
C00777086,11800.39,37
C00777326,4260.7,6
C00777334,35956.91,17
C00777599,13687.16,2
C00777722,5746.0,7
C00777771,32779.43,41
C00777904,15195.8,4
C00778134,450836.68,172
C00778159,2848324.44,770
C00778290,344.0,8
C00778308,52984.12,42
C00778357,105749.21,49
C00778381,2525.99,64
C00778449,14177.59,6
C00779058,15963.45,65
C00779124,1500.0,3
C00779223,3463653.68,1404
C00779314,259.93,1
C00779439,2358.38,6
C00779520,13180.0,14
C00779538,728.0,12
C00779603,1357001.91,851
C00779827,513130.18,179
C00780056,1022166.18,276
C00780171,2047.93,18
C00780411,4511.5,20
C00780429,2929.65,10
C00780437,6478.18,45
C00780619,3455.7,6
C00780841,12200.27,5
C00780866,103204.94,13
C00781039,161617.56,64
C00781112,625516.64,582
C00781229,215.81,7
C00781237,1157.64,2
C00781252,1557.32,39
C00781419,35368.31,72
C00781443,1536868.35,940
C00781468,38468.57,92
C00781476,3936.67,2
C00781666,16376.29,104
C00781674,282659.45,95
C00781716,11036.26,25
C00781740,94065.56,32
C00781963,321.61,1
C00782177,43162.26,43
C00782326,417.1,10
C00782458,1204.0,14
C00782482,694.45,1
C00782532,2111.0,13
C00782581,870685.77,446
C00782599,606565.67,191
C00782656,111978.55,25
C00782664,26846.35,17
C00782698,6260.49,15
C00782706,453.72,2
C00782847,3904.26,6
C00783142,199643.8,113
C00783167,445055.99,49
C00783266,838.35,1
C00783274,9007.86,50
C00783282,1230.5,1
C00783381,353527.87,18
C00783423,4087.48,38
C00783837,173783.18,124
C00783969,68056.87,71
C00784025,94527.17,25
C00784074,9662.37,35
C00784132,4529.48,43
C00784140,9437.3,7
C00784173,37249.0,4
C00784249,25101.31,42
C00784371,73787.67,74
C00784389,1346290.03,853
C00784413,34882.34,3
C00784496,397889.97,308
C00784520,32441.63,24
C00784587,9945.0,11
C00784694,6232.11,4
C00784801,4463.0,5
C00784835,6575.71,20
C00784868,3620.0,5
C00784876,273.21,1
C00784926,13015.37,14
C00784934,6908849.38,486
C00784959,359409.72,281
C00785014,23294.19,12
C00785121,67500.0,2
C00785279,25797.66,53
C00785311,26639.92,75
C00785360,67.01,1
C00785568,1205.75,2
C00785584,975833.1,407
C00785634,14450.26,15
C00785774,2235.41,25
C00785790,1169.0,4
C00785816,635509.05,344
C00785899,159881.82,31
C00785998,72500.0,3
C00786004,795.04,1
C00786038,69429.05,2
C00786095,4795.0,7
C00786152,16967.03,8
C00786186,18448.4,74
C00786194,2162321.37,398
C00786202,13530.2,41
C00786368,731428.79,116
C00786392,66799.36,95
C00786624,4484468.43,49
C00786657,1073970.13,966
C00786772,29181.35,48
C00786806,913.97,1
C00786822,2454152.85,1063
C00786830,74771.94,139
C00786996,3093.2,15
C00787002,92234.08,44
C00787135,25221.2,24
C00787317,113759.49,105
C00787325,1750.0,3
C00787648,2002991.81,750
C00787788,244613.1,172
C00787812,1537409.28,2111
C00787820,1694470.56,837
C00787853,497820.76,110
C00787879,209970.52,473
C00787945,571072.52,238
C00788067,1022.1,3
C00788083,3926.97,11
C00788117,9961.41,14
C00788190,59293.77,23
C00788356,102.28,2
C00788380,150.0,1
C00788414,985932.02,307
C00788448,791033.98,267
C00788588,1817140.27,71
C00788679,79915.1,13
C00788752,367.91,1
C00788786,25229.25,15
C00788869,863.0,9
C00788877,4305.67,4
C00788943,2257468.0,1872
C00788968,1118.75,4
C00788992,5697.63,37
C00789081,247.25,15
C00789164,11310.19,15
C00789339,67983.27,4
C00789404,1382697.26,1402
C00789586,71157.64,21
C00789867,86.4,2
C00789933,3006375.64,183
C00789966,160792.79,984
C00790006,1500.0,1
C00790444,15.44,1
C00790527,450.0,1
C00790568,1752.0,23
C00790691,312768.71,100
C00790733,23975.77,76
C00790790,63548.3,340
C00790824,33299.11,7
C00790881,8248.93,1
C00790923,5810.53,11
C00791012,24067.69,67
C00791186,1650.0,30
C00791236,11838.02,63
C00791293,513710.91,501
C00791335,4010.45,16
C00791392,802359.08,510
C00791541,132162.35,59
C00791574,48045.49,18
C00791756,56032.92,198
C00791780,693574.4,505
C00791848,153939.86,52
C00791855,19712.33,18
C00791897,758613.55,730
C00792002,69424.59,45
C00792069,5226.25,4
C00792085,6390.18,10
C00792093,222754.0,90
C00792127,3803.48,33
C00792218,65461.44,26
C00792234,299130.28,167
C00792283,449998.71,445
C00792341,2116179.66,856
C00792432,791.0,5
C00792507,44943.63,85
C00792598,828442.42,440
C00792754,12468.1,19
C00792960,50890.66,23
C00792994,864170.11,89
C00793075,424.0,1
C00793083,3431.2,2
C00793380,51878.83,201
C00793570,7121.2,4
C00793646,5103.96,16
C00793679,47140.03,41
C00793687,103317.24,334
C00793703,820517.05,702
C00793711,106.15,6
C00793760,1499971.93,817
C00793935,941316.15,644
C00793950,1401.3,3
C00793976,3383944.87,799
C00794016,5328.99,2
C00794024,19100.73,7
C00794198,86173.04,56
C00794354,193.94,22
C00794396,148240.57,82
C00794404,26214.07,154
C00794479,1175.43,2
C00794495,1275.0,1
C00794727,926776.14,450
C00794750,217.88,1
C00794859,5821.33,32
C00794891,6697.24,32
C00794925,1098.0,1
C00795005,420859.34,532
C00795070,3488.72,10
C00795211,923772.74,1406
C00795252,249234.21,439
C00795450,4570405.26,625
C00795476,66718.51,98
C00795526,551.03,4
C00795534,8.05,1
C00795591,18820.52,4
C00795708,159755.1,67
C00795724,739.0,1
C00795765,843.75,4
C00795799,386809.48,97
C00795823,899085.93,448
C00795930,16225.5,19
C00796037,54.28,2
C00796045,1733954.02,300
C00796086,1028026.34,1107
C00796144,701935.31,673
C00796177,81549.28,16
C00796433,541931.22,512
C00796623,490.0,49
C00796649,74645.7,119
C00796672,745197.87,709
C00796821,3874.69,18
C00796847,1711.34,9
C00797043,111247.27,30
C00797084,34240.0,15
C00797175,380761.5,394
C00797217,12713.84,17
C00797316,14521.11,74
C00797340,177680.68,194
C00797464,9705.24,11
C00797647,2077.89,23
C00797670,2132820.97,78
C00797795,1307066.84,1117
C00798009,51973.16,17
C00798025,5798.31,7
C00798041,522.0,18
C00798132,2262709.27,558
C00798322,27830.8,25
C00798355,130635.58,93
C00798405,1737.62,3
C00798579,4556.69,5
C00798587,115796.99,163
C00798777,1100.0,11
C00798900,9399.07,33
C00799031,15263319.71,205
C00799072,300.0,6
C00799171,1136.08,3
C00799239,275.0,1
C00799304,21.0,3
C00799312,8309.27,8
C00799320,1100.0,1
C00799361,1000.0,1
C00799494,10552.07,34
C00799528,981.0,2
C00799767,1477277.65,522
C00799809,13614.85,24
C00799817,493123.63,273
C00800003,978.99,13
C00800037,1858.4,16
C00800144,21213.77,18
C00800227,62792.31,112
C00800276,1148222.86,1343
C00800326,5015.64,2
C00800433,2520.0,6
C00800458,566532.63,335
C00800482,1319.94,1
C00800623,42258.57,21
C00800649,809737.28,742
C00800656,43.95,3
C00800755,3691.66,5
C00800813,15758.36,6
C00800912,141.99,6
C00800995,191301.57,21
C00801241,952895.42,533
C00801274,1319608.37,1095
C00801357,370.6,1
C00801431,2168768.22,1349
C00801662,2446.17,7
C00801761,508682.48,122
C00801910,3210.48,2
C00801951,58.3,1
C00801985,1206344.96,784
C00802165,462.9,1
C00802207,5121.55,10
C00802215,2754.61,3
C00802264,1675.0,5
C00802298,538146.91,1066
C00802322,522.0,18
C00802389,2601370.42,411
C00802488,117930.61,50
C00802504,480671.69,427
C00802595,523077.79,310
C00802603,399526.53,1662
C00802827,6638.62,84
C00803049,750.0,3
C00803197,68.36,5
C00803320,350.0,1
C00803486,151534.38,57
C00803494,3755.26,13
C00803502,331544.98,162
C00803569,24007.68,34
C00803585,515.09,1
C00803593,9541.07,5
C00803676,557.27,19
C00803726,488.0,4
C00803759,18720.81,13
C00803924,1090.54,5
C00804070,2142.73,1
C00804096,74.13,1
C00804138,500.0,1
C00804153,6267.52,7
C00804179,11542.5,35
C00804187,388.5,1
C00804427,1883.86,1
C00804526,5167.28,12
C00804674,112636.12,26
C00804690,1075549.72,85
C00804823,263341.99,120
C00804856,1027258.92,105
C00804930,807.83,5
C00804971,1000.0,1
C00804997,8695.0,3
C00805002,273.79,1
C00805184,10195.7,42
C00805192,2730.4,4
C00805275,163515.98,181
C00805283,257566.28,18
C00805333,8199.62,6
C00805671,14111.0,20
C00805721,23075.0,20
C00805846,22305.99,20
C00805853,597.69,1
C00806018,968717.64,401
C00806083,2833.0,4
C00806117,3397.25,15
C00806174,4006362.59,1461
C00806190,41108.0,143
C00806307,8339.4,23
C00806380,2948.77,3
C00806513,56.0,2
C00806521,6793.15,12
C00806604,44209.25,46
C00806612,404434.78,340
C00806620,12249.02,84
C00806760,44349.03,8
C00806836,1224.0,8
C00806844,32788.32,30
C00806885,3368.11,2
C00806893,1509315.84,534
C00806935,856.49,5
C00807081,1500.0,1
C00807123,3020.0,3
C00807297,260.6,7
C00807321,43461.25,13
C00807412,2152359.24,1122
C00807628,1333165.55,678
C00807727,14794.94,86
C00807743,793596.27,291
C00807792,453.61,6
C00807974,19963.71,3
C00808022,164715.15,344
C00808089,8452.53,1
C00808121,5113.83,4
C00808170,1036.0,14
C00808196,1014.01,1
C00808253,10006.99,47
C00808279,155360.11,79
C00808303,2940.0,3
C00808360,-6900.0,2
C00808386,839.0,2
C00808584,1122.5,1
C00808683,203.54,7
C00808717,19456.41,32
C00808733,5541.04,6
C00808758,6500.0,1
C00808840,2442.0,36
C00808998,5316308.2,275
C00809012,49387.91,26
C00809020,2000.0,1
C00809095,1898.63,62
C00809178,53184.22,16
C00809236,90150.0,2
C00809343,122542.03,102
C00809426,81366.95,138
C00809483,9348.07,5
C00809566,1256.7,2
C00809574,4823.72,2
C00809657,15740.99,5
C00809699,24789.19,75
C00809830,32500.0,2
C00809871,364.0,2
C00809970,405352.13,155
C00810051,3750.0,2
C00810374,1446.3,7
C00810408,2796.35,1
C00810416,12526.49,24
C00810457,253.61,16
C00810861,14.71,1
C00811034,5294.96,19
C00811166,6967048.62,534
C00811174,866.04,19
C00811182,188.0,2
C00811216,838.0,7
C00811273,1422.5,4
C00811307,1082590.52,56
C00811448,4000.0,1
C00811489,9000.0,21
C00811513,450.0,2
C00811554,210.0,2
C00811612,2000.0,1
C00811729,2903.4,9
C00811786,115851.15,144
C00811844,527671.87,580
C00812032,2936.5,11
C00812388,191726.79,212
C00812479,9599.02,51
C00812495,3931259.75,407
C00812511,45650.89,15
C00812586,33478.93,35
C00812602,5933.99,6
C00812644,1013.21,6
C00812701,792.83,11
C00812727,3884.08,59
C00812826,14946.49,34
C00812941,29592.29,34
C00812974,191050.02,256
C00813006,12000.0,6
C00813048,24.4,1
C00813063,65027.81,52
C00813089,753268.22,113
C00813162,12697.92,41
C00813170,24551.65,124
C00813188,4327.68,9
C00813212,1955.0,1
C00813261,214.64,1
C00813295,13632.74,5
C00813410,2300.3,2
C00813758,483512.58,568
C00813782,3301.24,1
C00813824,61906.52,46
C00814020,7087.9,10
C00814129,48494.58,113
C00814152,3669472.98,517
C00814194,27947.79,17
C00814202,472923.42,53
C00814376,1103.93,1
C00814509,2935.97,10
C00814541,3263.2,17
C00814616,643483.45,263
C00814624,4491.0,2
C00814780,931.0,7
C00814798,409.3,2
C00814806,4454.15,26
C00814855,3089.53,2
C00814897,32574.79,31
C00814947,2575.0,2
C00815001,126.0,14
C00815084,44.34,1
C00815134,24278.25,86
C00815290,1665198.2,1361
C00815373,817553.35,547
C00815415,3298581.94,1756
C00815506,242.29,1
C00815621,71257.19,144
C00815704,570.9,2
C00815753,11792.89,68
C00816017,230020.29,70
C00816025,4165.46,25
C00816058,35388.2,4
C00816082,150136.0,136
C00816108,84132.14,57
C00816173,56947.98,18
C00816355,2815.0,11
C00816389,112502.79,32
C00816405,384.2,1
C00816504,934.48,1
C00816561,120.0,16
C00816611,138895.89,80
C00816660,7912096.88,1378
C00816744,8501.1,30
C00816751,6425.0,18
C00816843,14091.24,2
C00816868,86927.56,31
C00816876,92894.69,12
C00816892,354.58,1
C00816983,838989.69,332
C00816991,8626.01,17
C00817023,3869.48,8
C00817049,79529.34,15
C00817072,7254.83,22
C00817098,825.0,1
C00817122,169210.03,220
C00817155,1686.67,2
C00817338,49565.95,55
C00817346,3670.14,15
C00817379,141410.3,236
C00817395,263.0,5
C00817411,2600.71,45
C00817478,71438.39,22
C00817536,26422.63,47
C00817601,23236.43,45
C00817643,7625.0,3
C00817668,2091.47,31
C00817692,4923.32,11
C00817825,39192.52,9
C00817874,153895.14,190
C00817932,761079.92,771
C00818062,107393.52,114
C00818161,11216.25,7
C00818286,227.63,9
C00818302,9726.74,24
C00818328,12928.72,19
C00818344,2016.31,6
C00818393,386638.29,79
C00818492,35.0,5
C00818518,3759.47,23
C00818526,986.3,15
C00818542,950.9,3
C00818559,46397.84,39
C00818591,110155.38,30
C00818740,5232.04,20
C00818807,90529.69,452
C00818856,60543.24,101
C00819102,500.0,2
C00819110,3651.84,17
C00819227,10512.89,3
C00819425,26033.87,69
C00819441,1566.1,24
C00819508,56275.0,7
C00819573,654.75,3
C00819631,26539.58,38
C00819649,1215.0,4
C00819672,550.0,2
C00819854,26753.23,19
C00819862,850.0,1
C00819888,128095.9,31
C00819912,948934.75,454
C00819961,3681.79,7
C00820068,10479.1,12
C00820100,43001.21,53
C00820209,14030.96,33
C00820225,42.0,3
C00820316,19103.83,54
C00820324,11524.57,39
C00820357,25100.0,3
C00820464,1811.25,14
C00820548,129701.41,8
C00820563,381.89,1
C00820647,1740.0,1
C00820787,11915.03,20
C00820845,6665.0,10
C00820969,3594.34,12
C00821033,338.58,1
C00821041,243.75,1
C00821058,1212136.4,898
C00821082,12615.67,13
C00821231,21152.49,255
C00821280,93154.04,5
C00821314,23485.59,37
C00821330,5454.97,12
C00821348,247163.62,277
C00821439,3610.0,3
C00821538,2826.27,5
C00821546,190698.97,229
C00821579,281056.29,91
C00821611,11444.33,57
C00821629,1131.9,3
C00821942,2068.75,5
C00821959,3416.05,29
C00822056,9670.65,57
C00822064,4274.62,36
C00822403,7522.49,1
C00822429,1989.47,8
C00822437,4720.56,21
C00822478,13357.13,40
C00822536,120126.68,106
C00822544,203.0,7
C00822700,16.0,1
C00822767,3700035.84,337
C00822775,3290.2,36
C00822833,14476.1,23
C00822916,320.0,8
C00823211,693.31,5
C00823286,23227.87,15
C00823351,31891.99,43
C00823500,47476.33,32
C00823534,63788.05,54
C00823609,6974.63,173
C00823773,26610.44,73
C00823864,86019.16,42
C00823914,6370.0,9
C00823922,8581.51,14
C00823930,118671.77,116
C00823997,77276.13,53
C00824086,7831.21,5
C00824144,102389.48,10
C00824151,460192.94,341
C00824177,1517.52,2
C00824292,1354082.5,58
C00824334,20785.01,17
C00824342,7483.02,22
C00824482,950.0,3
C00824607,3842.7,7
C00824656,2637.15,6
C00824672,2299.95,5
C00824680,5022.5,1
C00824698,53728.1,23
C00824821,9368.06,8
C00824938,15438.66,10
C00825034,2666.55,10
C00825091,23849.78,2
C00825257,1531.73,15
C00825281,1634882.1,128
C00825364,4775.26,19
C00825398,13840.6,14
C00825430,86729.31,49
C00825463,5273.8,14
C00825471,283.81,13
C00825497,454.0,4
C00825562,66291.79,68
C00825679,660.0,2
C00825778,32.0,1
C00825786,167623.68,137
C00825810,227500.1,70
C00825836,53.28,1
C00825851,270440.65,8
C00825877,3533.74,11
C00825885,388959.99,28
C00826180,750.52,3
C00826230,165642.65,127
C00826263,407704.66,132
C00826297,78951.67,142
C00826362,1143999.91,220
C00826404,2966.85,33
C00826412,28.0,2
C00826453,250.0,1
C00826461,4865.55,5
C00826479,2188.7,4
C00826537,1533.0,8
C00826685,12322.0,20
C00826719,477786.55,117
C00826768,575.3,2
C00826776,7693.8,2
C00826800,118.05,1
C00826917,1711.02,2
C00826990,6624.34,15
C00827014,3767.25,1
C00827022,408239.51,37
C00827030,251484.81,171
C00827147,2218.53,5
C00827253,69072.34,64
C00827261,4707.44,5
C00827329,500.0,10
C00827394,2500.0,5
C00827519,85948.83,118
C00827618,4303.75,5
C00827675,3888.66,1
C00827790,1907.18,6
C00827832,785.0,2
C00827881,17656.21,31
C00827964,146096.03,261
C00828061,29032.34,12
C00828152,9171.71,2
C00828202,714385.76,241
C00828210,1848.0,12
C00828426,5195.78,2
C00828475,678.87,1
C00828509,10866.99,18
C00828541,21811033.65,1819
C00828608,1081203.43,247
C00828806,40532.22,27
C00828830,2098.39,20
C00828921,1577.02,8
C00828947,602157.94,305
C00829044,285.82,9
C00829069,27630.8,4
C00829119,30190.36,31
C00829408,83517.25,72
C00829432,1650472.12,176
C00829564,1100.0,12
C00829598,1172.53,31
C00829655,69781.59,92
C00829663,56406.52,34
C00829671,5883.3,27
C00829705,306191.89,112
C00829713,177185.78,18
C00829721,6215683.22,3558
C00829754,901604.15,320
C00829812,850053.28,651
C00829895,973001.51,496
C00829903,129115.98,169
C00829952,60993.24,7
C00830034,1237.71,7
C00830042,40175.0,25
C00830083,1166.66,24
C00830174,5289.99,39
C00830182,81070.28,141
C00830208,512.32,7
C00830265,13999.49,18
C00830463,7175.26,11
C00830471,3000.0,6
C00830489,600.0,1
C00830554,57619.25,266
C00830570,2567.89,11
C00830679,1911058.54,172
C00830687,274449.97,100
C00830745,69085.44,171
C00830752,316.05,1
C00830885,9867.07,47
C00830919,17137.8,40
C00830976,1179.24,20
C00831107,669377.11,18
C00831123,1102557.46,70
C00831131,9458.15,2
C00831156,333.9,1
C00831164,141026.3,219
C00831214,13864.99,44
C00831222,31073.66,57
C00831248,45211.82,17
C00831289,32242.03,49
C00831321,520893.34,363
C00831362,36512.15,53
C00831388,775779979.0,1
C00831404,69737.77,43
C00831479,24335.21,56
C00831487,322552.22,381
C00831495,99017.93,140
C00831503,810.61,2
C00831537,1549604.82,958
C00831545,5809.92,81
C00831560,724504.47,88
C00831578,890.74,1
C00831636,69654.19,98
C00831644,750.0,1
C00831651,40914.38,6
C00831669,403960.59,180
C00831685,1811.25,15
C00831693,11945.83,26
C00831917,191347.33,105
C00831974,339354.95,168
C00832006,450.0,9
C00832063,377.0,13
C00832089,399.21,2
C00832147,881361.17,1055
C00832154,1139953.13,399
C00832162,14519.45,9
C00832170,23386.92,12
C00832188,20321.49,38
C00832238,24076.16,18
C00832253,7359.47,3
C00832279,200.0,1
C00832311,1330.0,4
C00832436,4724872.3,897
C00832444,42077.91,11
C00832469,1031888.2,831
C00832485,179368.99,21
C00832493,1583610.11,303
C00832501,467076.82,160
C00832568,62462.55,30
C00832576,115966.51,171
C00832584,2962.67,21
C00832592,30400.77,76
C00832626,417549.4,158
C00832675,1222.75,15
C00832683,139295.78,207
C00832691,8173.49,3
C00832733,75.0,3
C00832758,151278.5,93
C00832782,84570.89,183
C00832808,11035.15,34
C00832816,55909.24,49
C00832865,8909.22,7
C00832873,400.0,1
C00832881,11544.6,17
C00832949,516928.21,205
C00832956,760.0,2
C00832964,5063.42,37
C00832980,6009.7,10
C00833046,4857.14,80
C00833103,147398.28,38
C00833129,889143.74,102
C00833293,499.92,5
C00833319,289766.53,132
C00833350,21913.02,26
C00833368,1236.6,2
C00833392,31370.22,28
C00833418,3592.3,24
C00833566,526316.79,151
C00833574,33466.57,51
C00833590,167032.62,52
C00833608,95825.71,68
C00833632,20556.25,15
C00833665,343.82,1
C00833681,289477.79,59
C00833707,155.14,2
C00833715,101842.19,24
C00833848,84462.3,210
C00833855,932.0,2
C00833863,323740.81,135
C00833889,13769.15,12
C00833897,600.0,1
C00834028,1473109.86,1190
C00834077,434485.46,101
C00834101,55315.51,112
C00834218,2751222.42,711
C00834226,5710.66,74
C00834259,132271.39,217
C00834291,833667.77,884
C00834424,5261.07,15
C00834457,7289.36,56
C00834465,68589.96,8
C00834507,521077.41,227
C00834515,2380.22,22
C00834549,20948.67,56
C00834598,2300.0,5
C00834606,45513.57,18
C00834622,3500.0,2
C00834630,18050.66,10
C00834739,250.0,1
C00834762,546.3,7
C00834929,250.0,1
C00834960,15647.29,32
C00834986,4054.45,19
C00834994,51798.47,28
C00835009,6650.0,18
C00835017,9036.07,13
C00835041,6054069.59,14445
C00835082,1179.96,19
C00835173,6483.18,13
C00835314,9954.86,6
C00835363,91103.76,41
C00835579,750.0,1
C00835587,3506196.06,564
C00835637,2889.73,23
C00835751,441904.69,160
C00835868,10326.65,85
C00835959,9954346.5,289
C00835967,1306849.47,177
C00835975,8348.42,9
C00836007,20712.62,41
C00836031,12067.23,16
C00836056,258013.69,73
C00836189,93507.42,13
C00836221,972628.37,77
C00836304,17942.15,42
C00836320,3174821.84,306
C00836338,328950.52,52
C00836346,4471766.54,588
C00836403,5239583.44,254
C00836494,10549.69,18
C00836502,1264585.62,603
C00836528,16668.0,13
C00836544,16211.99,29
C00836569,6817.34,1
C00836577,768.8,11
C00836585,682.54,2
C00836627,31129.3,54
C00836692,3213.97,2
C00836718,28470.21,45
C00836759,2099.87,19
C00836767,839371.94,693
C00836783,12207.98,4
C00836809,3087.18,3
C00836833,10812.3,7
C00836866,851369.63,805
C00836890,52630.53,33
C00836916,3273816.71,377
C00836940,35181.28,152
C00836973,923.03,2
C00837021,184919.02,201
C00837047,3250.0,7
C00837054,283347.57,395
C00837062,15366.08,13
C00837138,3598.49,16
C00837146,17639.25,15
C00837427,552529.07,107
C00837443,1576.44,2
C00837468,19845.7,54
C00837476,3264.0,4
C00837484,939258.91,536
C00837492,1013421.68,210
C00837518,1290594.67,148
C00837526,450.0,1
C00837567,2319635.79,210
C00837591,20109.98,37
C00837625,8401.96,140
C00837641,250.0,1
C00837849,24224.59,13
C00837971,10979.75,28
C00837997,435.0,15
C00838052,89860.72,178
C00838060,493726.87,1117
C00838110,486470.29,547
C00838128,6823.99,6
C00838144,798108.33,202
C00838169,47890.22,15
C00838185,28313.13,59
C00838193,235.0,13
C00838219,21454.63,34
C00838250,25040.05,31
C00838268,1521.75,3
C00838359,229995.75,39
C00838367,142.0,9
C00838391,1253.0,4
C00838441,59865.48,183
C00838458,22121.65,25
C00838649,28328.01,63
C00838672,9389.0,33
C00838698,882508.37,1340
C00838748,4884.56,29
C00838763,8808.46,50
C00838805,8605.0,9
C00838847,3766.29,15
C00838854,4352.97,8
C00838896,324265.22,79
C00838912,103887.45,26
C00838938,32419.54,25
C00838953,584.1,1
C00839092,1831.45,15
C00839100,572084.73,329
C00839126,15500.0,3
C00839365,600.0,1
C00839407,1232407.13,267
C00839449,12316.76,7
C00839548,102950.07,84
C00839597,164870.57,72
C00839662,23694.06,38
C00839670,11990.54,5
C00839704,8770.68,11
C00839720,11172.58,253
C00839738,58316.15,53
C00839787,13307.71,7
C00839886,16124.52,37
C00839894,10706.52,41
C00839944,2489769.98,383
C00840009,2367.51,26
C00840017,1072177.85,696
C00840058,256.0,8
C00840108,32509.97,24
C00840132,133422.95,66
C00840157,325.0,1
C00840165,1236560.34,931
C00840306,16713.25,67
C00840322,2911.05,11
C00840389,32876.7,1
C00840439,5047.52,10
C00840462,58805.81,88
C00840512,6586.5,2
C00840538,701.46,1
C00840587,3772.0,9
C00840702,766731.79,262
C00840868,25841.99,207
C00840876,27896.47,18
C00840918,3966.7,22
C00840959,5622.75,32
C00840983,486336.87,277
C00841114,54174.11,33
C00841130,166739.69,286
C00841288,5779.92,10
C00841338,3986.91,19
C00841346,19591.61,7
C00841361,1745942.0,2407
C00841593,110060.76,42
C00841619,232.38,6
C00841643,14877.29,27
C00841767,522.67,9
C00841775,3243.31,7
C00841858,442.3,3
C00841874,296881.86,216
C00841908,35461.55,145
C00841916,11683.76,9
C00842039,222083.13,69
C00842096,550.9,3
C00842104,1387581.91,328
C00842112,30619.95,14
C00842146,2075.0,6
C00842203,511.19,1
C00842211,300.0,1
C00842237,13173.01,34
C00842302,49.69,1
C00842336,2744279.48,2040
C00842344,5544.64,9
C00842369,9232.6,39
C00842401,2670.0,7
C00842567,3075.0,9
C00842575,4894.73,1
C00842583,237.73,2
C00842740,4783.75,2
C00842765,1157362.18,589
C00842898,300.79,1
C00842963,584.02,2
C00843003,2387883.92,617
C00843037,1358.08,6
C00843078,947.69,2
C00843110,8869335.76,1232
C00843144,2500.0,1
C00843227,1761197.68,983
C00843235,2197.09,4
C00843250,209519.48,72
C00843292,1292.14,1
C00843391,995190.72,510
C00843425,1071711.07,971
C00843433,2109830.05,44
C00843441,2848.25,5
C00843482,484.01,7
C00843508,25776.82,336
C00843557,15727.59,34
C00843714,28462.75,11
C00843763,1941367.98,741
C00843771,27356.91,91
C00844159,656142.4,427
C00844167,1957.24,2
C00844225,8740.96,8
C00844258,94.22,3
C00844282,2336.91,19
C00844308,287408.23,257
C00844324,1632562.73,83
C00844373,500.0,1
C00844480,2372.46,21
C00844522,4464.79,15
C00844530,197674.45,208
C00844563,500.39,10
C00844589,300.0,1
C00844613,110676.66,109
C00844639,1366922.07,292
C00844720,675832.6,353
C00844753,5853.68,25
C00844779,658.86,9
C00844795,853206.51,250
C00844993,6720230.97,1099
C00845008,7636.93,21
C00845016,95986.28,121
C00845032,96705.38,59
C00845040,107322.56,446
C00845099,465910.99,147
C00845131,10668.0,7
C00845172,72665.85,21
C00845180,817.19,4
C00845271,31258.28,54
C00845305,6424.65,2
C00845347,14188.89,56
C00845354,10525.0,4
C00845388,1000.0,10
C00845396,5500.0,5
C00845438,13240.49,166
C00845461,946849.59,784
C00845487,154050.51,59
C00845529,42348.04,3
C00845537,1722.06,6
C00845586,3826.29,5
C00845651,941.19,13
C00845685,23947.0,2
C00845735,5400.13,5
C00845743,4316.33,1
C00845750,70905.53,108
C00845784,1788.23,5
C00845792,154895.36,52
C00845826,1300541.11,744
C00845859,3147.12,1
C00845933,338215.72,239
C00845966,977.0,15
C00845974,5426.85,8
C00846022,1673.7,5
C00846063,6718.0,6
C00846071,40235.1,146
C00846089,281284.12,77
C00846105,7617.59,52
C00846154,3818.02,5
C00846162,3750.0,6
C00846303,15930.92,139
C00846444,2260.54,2
C00846451,54885.54,17
C00846477,4347.91,5
C00846485,1798.86,4
C00846501,1441631.37,1187
C00846550,671005.64,97
C00846642,4412.83,6
C00846675,1010.36,3
C00846683,471383.27,72
C00846857,821.85,19
C00846873,9541.24,43
C00846998,250.0,1
C00847061,317520.66,81
C00847079,16900.0,4
C00847087,16792.33,18
C00847095,4937.0,19
C00847103,14805.67,13
C00847137,9616771.02,1243
C00847145,49439.5,14
C00847194,7427.12,8
C00847327,4065.2,8
C00847350,1000.0,1
C00847400,65309.12,128
C00847418,1014.79,5
C00847467,17643.47,15
C00847525,2370.0,6
C00847590,6947.74,4
C00847616,162803.36,110
C00847657,5475.0,8
C00847673,3092105.57,366
C00847699,75709.66,53
C00847749,2785.9,11
C00847764,80.36,1
C00847814,386.2,1
C00847897,1479467.86,2667
C00848028,2823.38,3
C00848093,312.0,1
C00848150,9636.92,21
C00848242,23099.66,30
C00848317,245687.17,126
C00848333,1772046.2,2060
C00848374,120196.26,57
C00848416,9955.15,3
C00848432,11986.19,33
C00848440,918556.44,87
C00848556,2279.25,14
C00848648,574102.18,363
C00848697,654.06,12
C00848739,160664.05,42
C00848820,220.3,1
C00848853,-43553.2,166
C00848937,162737.2,71
C00848994,919.98,11
C00849000,1247840.37,207
C00849042,457802.79,37
C00849067,12319.24,19
C00849075,274.75,1
C00849216,1030.0,6
C00849257,15059.23,55
C00849307,313.2,2
C00849323,362269.71,26
C00849398,128.52,6
C00849414,27215.22,58
C00849471,1123.88,1
C00849489,338083.08,14
C00849745,1345201.75,416
C00849778,1120523.56,309
C00849794,323466.54,348
C00849802,1790.14,9
C00849810,6628959.84,1068
C00849836,14070.38,15
C00849844,1542813.43,1093
C00849851,3320.2,8
C00849919,287.1,9
C00850032,155166.5,357
C00850040,536471.56,105
C00850065,104308.26,178
C00850099,9249.5,24
C00850164,6972.5,4
C00850248,22598.29,84
C00850255,2149.02,1
C00850305,504.0,1
C00850321,18809.64,7
C00850339,410.0,40
C00850404,317599.38,378
C00850420,481101.39,450
C00850479,2.16,6
C00850487,1417.56,1
C00850560,1977.58,2
C00850610,133294.4,20
C00850636,1104967.6,412
C00850677,43995.84,63
C00850743,669371.95,890
C00850750,22756.09,85
C00850784,12502.48,56
C00850883,29280.34,107
C00850891,25.0,1
C00850925,805075.33,87
C00851113,127.5,6
C00851139,2422.85,8
C00851246,3418.27,6
C00851360,815.0,2
C00851386,14859.05,28
C00851410,157837.4,75
C00851584,571668.16,121
C00851592,4461.16,9
C00851659,2020.78,5
C00851725,118434.38,2
C00851733,228934.38,310
C00851790,2002271.79,989
C00851808,1248.0,2
C00851881,1382.08,17
C00851956,67273.1,190
C00851972,6725.69,16
C00851980,4554769.46,981
C00851998,762045.4,173
C00852012,664056.98,174
C00852053,23152.8,24
C00852061,13033.03,33
C00852087,-200.0,2
C00852137,2473790.98,1141
C00852152,19368.69,149
C00852194,900.0,1
C00852210,3677.8,30
C00852244,11000.0,1
C00852301,5315.0,25
C00852335,900.0,3
C00852343,104266.73,904
C00852368,1854515.02,818
C00852392,19382.2,10
C00852400,956783.61,244
C00852434,1558.95,14
C00852467,15820.46,17
C00852475,1101316.16,592
C00852525,44.33,2
C00852574,18149.27,41
C00852657,10248.0,2
C00852673,1200.0,1
C00852756,2500.0,1
C00852889,4109.3,40
C00852897,28848.42,20
C00852905,368048.59,239
C00852939,207704.53,194
C00853010,31239.09,23
C00853051,432.4,4
C00853069,443557.02,21
C00853077,232660.08,102
C00853119,1462.5,1
C00853242,480530.43,360
C00853291,42.0,3
C00853341,8153.83,3
C00853358,66759.63,43
C00853473,1620596.32,679
C00853481,902043.67,192
C00853499,1462126.4,386
C00853515,429448.43,138
C00853523,32960.55,19
C00853598,539.31,6
C00853606,28415.05,26
C00853614,1907.07,24
C00853630,35281.51,63
C00853671,6272.09,10
C00853697,14067.13,5
C00853739,1650.0,2
C00853770,144463.45,48
C00853861,857651.39,90
C00853887,1635.79,20
C00853911,1295.0,4
C00853929,14499.14,16
C00853986,500258.72,901
C00854059,3303580.78,310
C00854083,136829.47,161
C00854109,611.88,5
C00854117,27350.49,1
C00854125,75.0,3
C00854133,2245.59,12
C00854190,15230.0,12
C00854299,60126.7,34
C00854307,20055.38,10
C00854315,6789207.6,412
C00854372,17384.31,32
C00854380,2930.68,4
C00854414,139.4,1
C00854430,18263.31,82
C00854471,11938197.08,751
C00854737,12866.89,16
C00854752,20134.17,64
C00854778,1014.13,6
C00854786,4365.08,7
C00854810,621.88,3
C00854893,3952.0,5
C00855023,803.25,1
C00855056,125941.01,25
C00855098,60.0,4
C00855114,1004.0,1
C00855122,396.83,1
C00855288,1450783.31,611
C00855320,269.99,16
C00855338,100.0,2
C00855353,683069.87,561
C00855361,564622.93,411
C00855395,1400.39,18
C00855403,1977.72,16
C00855411,497.88,2
C00855437,20965.69,5
C00855460,239.52,1
C00855494,8139.14,4
C00855528,763673.68,133
C00855643,36307.17,10
C00855668,719.39,9
C00855692,1080.8,13
C00855742,4795.63,16
C00855767,8126.24,21
C00855791,18526.21,3
C00855858,863.97,1
C00855890,202688.41,122
C00855916,6092.04,31
C00855924,83370.0,38
C00855965,39.4,1
C00856005,566778.55,638
C00856013,7521.38,18
C00856021,11776.75,44
C00856039,10064.19,4
C00856047,787.6,1
C00856062,921741.53,688
C00856088,203632.2,205
C00856096,8425.84,14
C00856104,6006.68,1
C00856112,41373.34,118
C00856120,8147.48,75
C00856153,489392.14,273
C00856203,30477.34,58
C00856237,682313.54,362
C00856252,557.72,17
C00856286,13380.21,29
C00856302,663.45,17
C00856401,3679.71,5
C00856427,58729.43,40
C00856468,13762.09,35
C00856492,300.0,1
C00856526,991183.02,1387
C00856559,1382.75,1
C00856575,11026.93,30
C00856591,54540.86,23
C00856609,91.34,1
C00856682,2862.0,9
C00856716,29567.12,47
C00856773,212013.08,152
C00856781,1751.58,5
C00856807,600.0,1
C00856823,764708.03,168
C00856831,1103752.84,520
C00856849,21490.0,20
C00856856,50364.28,43
C00856872,44227.75,83
C00856914,52356.5,20
C00856955,5709848.6,1248
C00856963,578506.22,657
C00857060,1221.06,3
C00857086,6205.45,2
C00857094,790607.61,849
C00857110,210287.02,431
C00857136,2997.13,4
C00857144,173125.55,8
C00857185,96.0,6
C00857219,9125.0,7
C00857342,16340.88,18
C00857359,2408784.21,3102
C00857383,1400.4,15
C00857417,343374.8,270
C00857433,377770.5,132
C00857540,1778.42,11
C00857557,2000.0,1
C00857615,1382425.02,168
C00857623,6094.46,4
C00857649,83871.42,57
C00857680,181582.94,38
C00857714,153101.16,249
C00857821,120556.27,223
C00857912,16935.0,7
C00858019,42342.34,27
C00858027,126245.63,93
C00858043,8988.25,7
C00858050,786.51,11
C00858076,3112.98,3
C00858100,223835.15,152
C00858126,68868.11,55
C00858167,3000.0,1
C00858191,2993.5,3
C00858217,922.27,3
C00858225,2750.0,2
C00858290,20965.0,18
C00858340,2000.0,1
C00858373,10279823.31,308
C00858381,1185.7,4
C00858415,682442.85,268
C00858472,47859.03,23
C00858506,4715.0,4
C00858589,5188.0,1
C00858688,1152243.35,987
C00858746,19093.48,28
C00858753,2571.24,4
C00858779,172090.19,29
C00858811,64.0,2
C00858845,7430.0,7
C00858852,1284785.02,130
C00858936,14392.68,27
C00858944,825.0,2
C00858969,74602.65,55
C00858993,43957.75,18
C00859017,5522.45,50
C00859041,572058.01,1136
C00859058,3837448.58,339
C00859066,15865.66,147
C00859108,727037.28,595
C00859140,4257.46,9
C00859215,2050.0,5
C00859280,200.0,1
C00859306,4754.9,21
C00859314,3586.0,1
C00859322,230.42,1
C00859355,155623.0,93
C00859389,453.75,10
C00859439,857.38,4
C00859496,422449.77,906
C00859512,521.82,8
C00859520,3003.15,22
C00859538,353335.75,246
C00859546,24427.06,21
C00859553,149771.17,153
C00859603,125346.75,267
C00859611,3880.06,8
C00859660,1715902.49,260
C00859793,3565.21,23
C00859868,430.7,1
C00859892,1122529.1,363
C00860023,55630.64,14
C00860064,792460.9,1549
C00860098,30206.3,124
C00860148,3210.5,5
C00860155,109485.05,49
C00860163,366335.88,196
C00860213,523867.71,332
C00860247,517.16,4
C00860254,28226.28,46
C00860270,18228.54,62
C00860288,2592.15,26
C00860304,912.03,1
C00860379,68820.91,178
C00860429,9109.28,2
C00860452,2000.0,4
C00860460,1410.0,4
C00861153,24734.92,71
C00861179,4714.5,11
C00862094,462508.99,55
C00862177,5387.15,29
C00862581,3000.0,1
C00862854,145.79,1
C00862862,30237.91,60
C00862888,500.0,1
C00862912,7357.66,32
C00862938,1230.91,4
C00862946,31785.0,3
C00862995,16969.44,15
C00863050,9561.06,16
C00863167,6090.13,15
C00863217,4968.44,22
C00863373,315477.11,94
C00863506,19878.06,116
C00863548,27495.41,11
C00863621,198598.88,85
C00863670,962.1,14
C00863696,3162.0,2
C00863704,21885.89,41
C00863712,4133.97,24
C00863829,19478.18,29
C00864009,6437.59,5
C00864090,2109782.53,589
C00864124,9981.4,7
C00864207,1334553.06,978
C00864231,100.0,1
C00864280,27451.65,1
C00864306,267563.07,200
C00864363,265596.12,163
C00864488,570503.21,271
C00864512,85099.72,165
C00864553,36831.53,2
C00864561,37.22,2
C00864660,241.5,1
C00864744,1057.61,9
C00864785,781628.65,331
C00864793,4181.0,15
C00864801,15805.45,22
C00864819,5283.96,16
C00864835,144.0,4
C00864900,300.0,1
C00864926,93017.77,17
C00864975,340.12,1
C00865089,1616.97,5
C00865113,2084.5,6
C00865220,485780.53,93
C00865238,27800.0,4
C00865246,2741.64,5
C00865253,24203.07,13
C00865329,20451.86,8
C00865352,42084.78,14
C00865378,282.0,2
C00865410,2528.8,12
C00865444,41378.44,25
C00865592,772772.93,1220
C00865634,5500.0,1
C00865667,1763.33,89
C00865675,4191.64,70
C00865683,130.0,5
C00865691,6379.91,72
C00865725,88195.6,7
C00865766,2114.7,18
C00865790,1975.48,7
C00865808,15305.3,92
C00865840,70.0,5
C00865865,1475.0,6
C00865956,73159.95,59
C00865964,9785.16,1
C00866111,59721.62,59
C00866145,40335.2,30
C00866152,7849.41,12
C00866293,3874.5,3
C00866350,72365.79,7
C00866418,21428.0,11
C00866426,360905.99,258
C00866434,4669.33,25
C00866475,2895.0,1
C00866491,267015.53,36
C00866517,2618.31,5
C00866582,1190.65,2
C00866608,52675.55,23
C00866632,91.58,1
C00866640,45873.0,7
C00866681,1655.53,4
C00866707,500.0,1
C00866731,74573.12,113
C00866749,1091.76,7
C00866772,14207.74,14
C00866780,17574.0,7
C00866848,1225.0,4
C00866855,861.1,3
C00866947,17867253.28,252
C00866954,280225.12,172
C00866962,305.28,2
C00867010,1849346.44,636
C00867028,3024.4,32
C00867036,426099.47,64
C00867119,718.86,1
C00867150,4254.14,13
C00867176,53.0,3
C00867200,2000.0,1
C00867218,443255.87,348
C00867226,205.36,1
C00867234,260057.44,3866
C00867317,205152.81,257
C00867523,16270.0,17
C00867549,5750.0,9
C00867598,1331.72,4
C00867747,475890.64,442
C00867762,38725.0,5
C00867812,32055.82,28
C00867895,21874.29,18
C00867937,2456691.76,120
C00867960,16589.68,11
C00867978,17818.32,30
C00867986,6517.69,39
C00868026,3904.0,7
C00868034,20491.67,15
C00868042,5135.0,25
C00868091,383098.51,177
C00868117,74987.46,60
C00868125,7497.48,46
C00868190,1246.0,1
C00868299,25949.5,10
C00868307,635416.33,227
C00868430,5148.0,3
C00868448,84128.19,20
C00868463,1100.0,1
C00868505,13136.24,19
C00868513,277715.07,135
C00868588,9277.5,6
C00868604,5199.03,6
C00868612,1162.7,4
C00868620,53.57,4
C00868711,7678.05,7
C00868869,820.0,4
C00868927,34766.91,11
C00868968,83095.14,17
C00868976,2856811.75,847
C00868992,5512.64,14
C00869008,2097.85,1
C00869016,290457.42,81
C00869024,35433.52,4
C00869040,99089.97,115
C00869073,235069.1,48
C00869123,13081.01,63
C00869214,68020.6,33
C00869230,13009.2,55
C00869321,36520.86,27
C00869347,15109.62,28
C00869370,930720.28,889
C00869461,2753.46,41
C00869479,7742.63,3
C00869719,234891.79,80
C00869727,1159842.52,96
C00869826,12750.0,18
C00869974,1600.0,1
C00869990,500.0,1
C00870006,602.2,6
C00870030,19709.82,11
C00870055,862.76,3
C00870071,1477.06,2
C00870139,96786.11,25
C00870154,11283.1,1
C00870196,2877.2,1
C00870238,514250.62,320
C00870303,2877.11,26
C00870311,4007.28,24
C00870337,6871.07,6
C00870352,241774.96,13
C00870386,802.45,1
C00870451,1194.15,15
C00870527,4264.5,7
C00870568,17351.69,28
C00870592,23127.75,8
C00870600,3042.3,2
C00870667,28211.28,20
C00870683,40.0,2
C00870741,336.1,3
C00870758,872261.7,622
C00870782,2443.51,6
C00870816,1433.0,2
C00870840,36514.0,51
C00870873,1008.39,14
C00870949,932585.49,581
C00870980,12766.87,12
C00871004,3310.74,3
C00871012,15000.0,7
C00871046,1930.0,2
C00871111,94236.72,42
C00871152,148428.64,84
C00871160,649.22,6
C00871186,4049.04,16
C00871194,4625.57,3
C00871228,101.94,3
C00871244,19494.44,70
C00871293,453.63,3
C00871343,88.58,2
C00871350,34000.0,19
C00871368,1897044.59,118
C00871376,3266.67,6
C00871384,675.0,4
C00871426,1508.0,8
C00871459,10965.89,3
C00871475,5639.0,14
C00871509,16668.8,3
C00871517,95.4,1
C00871988,1000.0,2
C00872028,8095.36,11
C00872036,7054.89,23
C00872101,25374.74,1
C00872143,990.85,1
C00872150,9492.2,4
C00872234,804.88,3
C00872317,5784.33,10
C00872325,4201.1,25
C00872333,142.78,9
C00872416,6068.66,8
C00872424,-1912.1,3
C00872440,412798.08,139
C00872473,800790.69,1011
C00872481,76842.5,46
C00872499,37953.25,63
C00872515,5835.88,4
C00872549,161240.06,83
C00872598,10149.39,4
C00872614,13777.33,27
C00872648,579.5,4
C00872655,208326.13,51
C00872697,8512.85,33
C00872705,2926.57,24
C00872739,1368.71,3
C00872754,14376.08,54
C00872788,1594.36,20
C00872804,48262.3,149
C00872879,464963.27,226
C00872887,1377529.14,303
C00872903,33993.42,137
C00872945,980.02,6
C00873018,3180.51,7
C00873059,4886.85,81
C00873166,4130.0,4
C00873174,8428.21,34
C00873190,807.87,4
C00873216,33223.05,16
C00873307,3217.28,5
C00873315,12243.34,41
C00873356,3816.0,2
C00873513,15923.4,22
C00873554,48733.9,101
C00873612,2012.37,6
C00873620,1234656.24,271
C00873638,1147.0,2
C00873661,5217.54,14
C00873752,3262.07,4
C00873778,4892.19,28
C00873828,945822.28,1062
C00873844,1204.28,2
C00873877,331621.1,29
C00873893,34984151.4,7652
C00873901,132995.78,15
C00874008,738.13,1
C00874032,23109.5,40
C00874057,225.8,4
C00874115,25216.39,25
C00874180,4375.0,2
C00874214,17645.4,20
C00874305,210.0,1
C00874362,28763.61,57
C00874370,425134.47,83
C00874404,45661.84,7
C00874529,1300.0,2
C00874560,35652.59,35
C00874677,557.64,1
C00874701,498.49,21
C00874750,100886.33,94
C00874784,17724.21,55
C00874792,750.0,2
C00874818,284.04,7
C00874826,313.72,3
C00874834,12156.91,5
C00874891,625.0,1
C00874925,2963.98,2
C00874966,12800.0,3
C00874982,6652.53,29
C00875039,149657.84,30
C00875047,30029.69,38
C00875112,200.3,1
C00875120,1175.71,1
C00875153,17411.21,23
C00875229,108150.47,55
C00875278,23151.62,22
C00875286,788.0,1
C00875443,27000.0,2
C00875450,30941.73,14
C00875500,7282.6,35
C00875518,617385.49,553
C00875609,85911.92,161
C00875732,1396.48,2
C00875765,265.0,1
C00875773,3997.31,1
C00875781,5519.8,19
C00875807,18035.59,26
C00875815,106299.74,41
C00875823,-3300.0,1
C00875880,1218.75,3
C00875914,7581.27,6
C00876003,1730.25,11
C00876094,3458.79,10
C00876144,1661.0,6
C00876185,6721.75,2
C00876201,4757.0,4
C00876235,95600.98,101
C00876250,250.0,1
C00876284,8512.74,59
C00876292,99.02,3
C00876383,54365.79,130
C00876391,58749.93,53
C00876409,277423.07,24
C00876425,16909.28,79
C00876433,52354.58,255
C00876482,35536.98,94
C00876490,9003.29,11
C00876524,6199.68,25
C00876557,61440.9,36
C00876615,1518.08,2
C00876649,1231.2,3
C00876730,500.0,1
C00876821,14574.15,6
C00876839,2174.17,10
C00876862,89408.59,62
C00876896,94.0,2
C00876904,14810.51,11
C00876912,47585.72,37
C00877027,440649.32,857
C00877035,606.01,4
C00877167,1746.87,1
C00877183,18307.06,15
C00877217,387.51,18
C00877225,66386.8,55
C00877233,2640.85,5
C00877324,820669.74,763
C00877365,17758.85,31
C00877373,543822.15,491
C00877506,25983.05,28
C00877514,262.5,1
C00877530,1105.81,4
C00877548,500638.31,196
C00877621,15726.61,24
C00877738,6114.5,6
C00877746,267.8,4
C00877753,11830.11,8
C00877761,685966.35,380
C00877845,35799.81,86
C00877886,99624.71,72
C00877936,1457.92,3
C00877951,78.85,1
C00878009,138770.78,88
C00878017,40387.1,46
C00878025,-101.25,1
C00878108,17196.39,6
C00878124,322986.41,120
C00878165,451610.4,205
C00878173,239937.2,76
C00878231,97.8,6
C00878249,2326.0,3
C00878264,166251.27,33
C00878348,4804.43,1
C00878355,7834.8,5
C00878389,5596.47,18
C00878413,7095.38,8
C00878439,55.0,4
C00878454,1221761.36,947
C00878520,37400.99,104
C00878579,450.08,8
C00878603,1403001.19,413
C00878678,1866.16,4
C00878702,164207.37,79
C00878728,57113.06,115
C00878777,11265.59,13
C00878785,2413.41,7
C00878850,547.71,3
C00878868,3561.91,43
C00878884,165.83,2
C00878900,4660.0,5
C00878934,97848.4,85
C00879015,7886.37,9
C00879031,190145.99,110
C00879072,68591.07,11
C00879080,504840.03,387
C00879122,3618.71,10
C00879163,109403.28,57
C00879205,155443.61,41
C00879221,1310174.23,226
C00879387,551.4,2
C00879502,1727.29,54
C00879510,39469554.77,193
C00879569,115845.59,44
C00879726,100000.0,7
C00879734,3048.16,7
C00879759,500.0,1
C00879833,1591.96,24
C00879858,3553.75,1
C00879908,1063120.21,33
C00879965,38349.39,7
C00879973,150038.81,8
C00880005,537.21,3
C00880039,49339.75,27
C00880054,5408.47,16
C00880062,1393666.07,361
C00880070,30155.12,10
C00880104,694.63,15
C00880161,3821.71,5
C00880187,4313.0,3
C00880195,7844.97,9
C00880203,252.0,18
C00880237,10022.78,12
C00880294,925.7,4
C00880351,1919.23,15
C00880369,7531.03,21
C00880401,125339.25,145
C00880419,443.7,6
C00880435,17618.04,5
C00880492,4022.45,38
C00880518,2000.0,1
C00880559,362412.52,55
C00880617,14887.14,28
C00880641,4500.0,2
C00880674,4200.0,4
C00880682,55228.1,41
C00880690,40699.96,21
C00880724,4600.48,3
C00880740,570.2,5
C00880765,9501.76,14
C00880849,433.93,1
C00880880,2059.68,1
C00880906,947.5,2
C00881003,35008.08,9
C00881011,116012.04,132
C00881037,6089.0,8
C00881052,30528.22,96
C00881078,906.99,1
C00881227,1402.04,2
C00881268,1845.0,2
C00881284,19462.5,2
C00881292,45037.36,31
C00881433,1787.38,40
C00881441,98044.72,87
C00881458,11413.51,23
C00881474,1500.0,1
C00881490,15805.98,53
C00881508,72969.81,65
C00881581,878.71,7
C00881607,1693.55,1
C00881623,19145.35,5
C00881631,7230.0,9
C00881656,115232.96,71
C00881672,2000.1,1
C00881680,66848.0,14
C00881698,75643.17,208
C00881706,2000.0,2
C00881763,9263.22,1
C00881805,7302.53,4
C00881854,819.0,1
C00881870,3285.0,2
C00881938,667.11,1
C00881961,12425.0,17
C00881987,5321.31,22
C00882001,23696.76,27
C00882043,7084.22,18
C00882050,58016.4,10
C00882068,859.8,3
C00882134,19559.88,57
C00882175,340.0,1
C00882233,7554.96,7
C00882290,1512.25,6
C00882308,7183.75,2
C00882324,92968.38,177
C00882332,15712.5,54
C00882340,34488.14,104
C00882381,169021.16,28
C00882399,89216.68,48
C00882431,46423.0,21
C00882449,2004.7,11
C00882480,106971.78,95
C00882530,201320.35,90
C00882555,37123.19,33
C00882571,1017.0,2
C00882621,2057.5,2
C00882662,3262.74,2
C00882720,5697.27,9
C00882811,168410.92,14
C00882852,140.0,10
C00882886,135774.88,250
C00883017,32975.59,112
C00883033,1714.92,3
C00883074,2395.98,6
C00883165,6759.64,36
C00883207,4778.0,1
C00883215,646.06,3
C00883223,2310.48,31
C00883272,10481.28,27
C00883298,3180.0,9
C00883322,76294.42,35
C00883413,12094.1,24
C00883421,22840.71,27
C00883470,8270.0,2
C00883504,9042.87,83
C00883520,1906916.39,101
C00883561,41681.49,20
C00883603,7384.29,4
C00883660,22719.83,27
C00883736,4050.08,4
C00883751,495842.4,108
C00883785,342525.44,131
C00883892,21002.15,59
C00883934,281.25,1
C00883967,1200.0,2
C00883983,3696.44,2
C00884007,6000.0,6
C00884023,85679.36,225
C00884049,47443.58,29
C00884148,3825.55,4
C00884155,8960.6,14
C00884213,160594.1,89
C00884239,5755.52,12
C00884254,7216.47,10
C00884262,256362.5,12
C00884288,1510107.81,45
C00884296,443270.39,128
C00884361,2868.88,10
C00884452,4575.0,18
C00884460,19783.12,18
C00884478,736926.17,179
C00884494,90.0,6
C00884510,466118.53,234
C00884585,50.27,2
C00884643,5000.0,1
C00884692,7903.75,9
C00884759,9560.18,28
C00884783,36357.7,1
C00884874,787407.96,227
C00884908,11717.58,4
C00884932,62600.0,1
C00884940,15034.07,73
C00885038,58209.07,93
C00885111,5000.0,1
C00885137,2107018.43,247
C00885301,111417.4,72
C00885319,14605.31,19
C00885426,16851.43,9
C00885459,1740.0,1
C00885467,52656.28,70
C00885491,496.16,8
C00885533,4962.97,2
C00885574,737.5,4
C00885640,897.0,1
C00885681,17668.92,6
C00885699,1850.0,4
C00885707,31581.19,39
C00885715,35396.77,33
C00885723,15.0,1
C00885731,9932.21,20
C00885749,478.01,1
C00885764,775.54,4
C00885806,1933.28,2
C00885897,23110.91,58
C00885913,865.29,5
C00885921,3067.03,6
C00885939,13981.62,22
C00885947,33137.81,4
C00885954,9174.3,1
C00886028,700.0,2
C00886036,12611.32,9
C00886093,34655.16,15
C00886234,26795.48,22
C00886242,9880.34,30
C00886291,122852.48,213
C00886317,17756.67,26
C00886390,12123.4,62
C00886408,815.09,4
C00886465,3582.89,2
C00886473,14948.26,19
C00886481,11279.26,12
C00886564,5000.0,1
C00886614,483243.35,81
C00886630,1950.68,16
C00886788,3605.53,6
C00886796,1000.0,3
C00886804,9895.0,3
C00886812,465.0,1
C00886879,3564.84,33
C00886978,1143393.47,262
C00887026,5000.0,3
C00887042,11546.0,8
C00887067,278.4,1
C00887174,350171.17,132
C00887208,376.29,9
C00887281,299.4,1
C00887315,749.1,12
C00887323,492467.2,297
C00887372,7425.0,7
C00887380,25923.0,24
C00887398,675.0,1
C00887414,20200.3,14
C00887471,4173.71,5
C00887539,12720.0,7
C00887547,943975.92,641
C00887554,33308.2,95
C00887588,1325510.89,300
C00887612,32696.69,207
C00887653,10679.5,33
C00887679,90547.02,13
C00887729,40974.16,34
C00887752,354.58,1
C00887760,419.87,3
C00887786,11155.0,19
C00887810,700.0,2
C00887828,794.69,2
C00887851,28240.16,16
C00887869,2593.96,8
C00887901,122730.72,188
C00887968,84.0,6
C00887992,14993.25,6
C00888040,12360.0,21
C00888081,101422.5,5
C00888156,7523.46,35
C00888172,260590.82,44
C00888180,84.0,6
C00888255,6670.0,20
C00888263,2450.64,5
C00888289,11798.31,7
C00888297,90.0,7
C00888313,4901.69,4
C00888321,1040.1,2
C00888388,384.0,1
C00888404,500.0,1
C00888461,25957.84,28
C00888479,30352.09,40
C00888487,750.0,3
C00888503,2590.0,1
C00888552,2500.0,1
C00888669,1423.2,14
C00888727,798.3,11
C00888743,35566.27,84
C00888792,8406.25,5
C00888800,12080.4,5
C00888859,18322.95,69
C00888909,19865.79,18
C00888933,21315.75,49
C00888941,88214.12,66
C00888958,185419.68,48
C00888966,13569.65,23
C00888982,250.0,1
C00888990,776.05,2
C00889006,22389.5,1
C00889154,36.49,1
C00889220,33791.22,20
C00889246,2174.51,1
C00889279,7637.5,2
C00889295,1345.0,5
C00889337,550.0,1
C00889345,6800.0,8
C00889352,7125.4,3
C00889386,26046.48,33
C00889469,34031.24,191
C00889535,794.0,1
C00889550,350.0,1
C00889584,4332.38,2
C00889709,2.72,1
C00889717,12364.44,38
C00889725,42.0,6
C00889782,7599.98,110
C00889808,435182.91,146
C00889832,23583.74,26
C00889915,15450.5,19
C00889956,119785.56,166
C00890004,108018.28,9
C00890020,5647.23,30
C00890053,19142.71,16
C00890087,14808.0,2
C00890103,200.0,1
C00890111,2977.54,2
C00890129,500.0,1
C00890137,26097.31,48
C00890210,119384.21,13
C00890236,2360.2,4
C00890335,5497.5,5
C00890343,5948.7,7
C00890392,854642.75,1
C00890400,1713.71,1
C00890418,8075.11,1
C00890475,140.0,1
C00890533,42616.32,51
C00890582,2715.0,2
C00890608,30998.8,23
C00890624,1080.58,3
C00890665,232821.31,7
C00890707,62123.55,12
C00890723,386537.57,119
C00890814,143845.58,10
C00890889,466664.63,140
C00890905,14570.74,18
C00890913,89632.37,14
C00890921,2212259.44,225
C00890939,20802.0,81
C00890947,142.14,5
C00890954,21.0,3
C00891002,85472.0,26
C00891010,750.0,1
C00891044,66253.26,20
C00891051,523.01,2
C00891077,216743.13,12
C00891093,725.04,8
C00891176,4730.72,9
C00891192,49.0,7
C00891234,80000.0,1
C00891275,2881.25,1
C00891325,27347.55,6
C00891382,82070.28,28
C00891440,77758.27,30
C00891515,50060.0,5
C00891549,73988.46,27
C00891655,1000.0,1
C00891663,2680.4,8
C00891861,3000.0,6
C00891929,17726.72,22
C00892000,132529.61,160
C00892018,5755.61,76
C00892026,7290.33,60
C00892034,4836.86,63
C00892042,651.8,3
C00892067,5702.61,66
C00892075,5109.03,58
C00892117,10.0,1
C00892216,719933.35,375
C00892281,446.19,26
C00892463,504742.1,132
C00892505,267595.6,312
C00892562,4651.81,5
C00892570,77952.52,98
C00892638,127523.11,28
C00892653,281436.77,183
C00892661,285.41,25
C00892711,22055.34,16
C00892737,8728966.18,870
C00892752,1086316.59,296
C00892786,1131.11,97
C00892794,361280.09,574
C00892810,74556.11,79
C00892901,31231.37,92
C00892927,466.7,1
C00892976,475071.06,44
C00892984,151208.17,144
C00893073,10498.75,22
C00893099,118105.72,172
C00893107,125819.67,20
C00893172,134509.79,484
C00893180,14039.26,15
C00893198,217001.7,52
C00893230,83433.1,89
C00893263,415869.01,41
C00893271,2891813.78,1543
C00893289,30550.13,20
C00893321,15595114.02,1760
C00893347,383897.05,150
C00893362,10612.99,23
C00893388,83012.26,68
C00893446,253952.58,316
C00893461,234358.51,236
C00893487,9750.0,20
C00893495,96988.22,32
C00893529,1583.48,3
C00893545,15543.8,7
C00893552,3192.56,3
C00893586,270801.68,107
C00893594,2814967.59,1303
C00893610,38829.28,319
C00893636,12849.97,7
C00893693,95106.61,165
C00893776,3021991.42,1531
C00893792,53434.34,28
C00893818,34202.97,14
C00893826,4600.0,1
C00893842,20436.88,43
C00893883,5246.27,19
C00893891,38461.9,56
C00893982,7519.75,12
C00893990,7283.5,3
C00894022,2000.0,4
C00894055,498.98,16
C00894063,2209932.86,268
C00894071,1015811.36,159
C00894139,44318.13,76
C00894147,1.65,1
C00894188,14628.17,14
C00894196,3866.84,48
C00894204,395.0,1
C00894220,768.4,6
C00894238,100794.2,89
C00894246,21476.45,24
C00894253,40262.42,20
C00894261,14645.74,18
C00894295,2386122.66,241
C00894303,583.5,7
C00894337,18096.1,13
C00894352,15305.86,21
C00894360,29737.7,90
C00894394,45005.26,95
C00894428,1258.64,16
C00894477,13784.0,7
C00894600,21453.42,48
C00894618,940434.05,1116
C00894675,8277.1,200
C00894683,925.06,4
C00894709,3495399.96,71
C00894717,982436.71,2555
C00894725,15000.0,2
C00894741,13690.7,59
C00894766,42427.14,22
C00894774,4857.43,4
C00894873,159.92,4
C00894881,2072411.53,256
C00894907,3106.71,3
C00894915,2605735.5,670
C00894923,4985.0,1
C00894956,443810.02,211
C00894998,16458.5,10
C00895003,25.0,1
C00895011,542819.17,351
C00895037,2203.92,3
C00895045,2270.17,3
C00895052,2343.92,3
C00895060,2262.67,3
C00895078,820.17,2
C00895086,2005.17,3
C00895094,1482.67,3
C00895102,2343.92,3
C00895110,1740.17,3
C00895128,2005.17,3
C00895136,2005.17,3
C00895144,2078.92,3
C00895151,2078.92,3
C00895169,4036.54,34
C00895177,2000.0,1
C00895193,1500817.04,179
C00895201,131937.21,22
C00895219,821844.56,229
C00895227,383827.94,187
C00895276,3984.13,34
C00895482,1172905.83,222
C00895490,42690.14,20
C00895508,3039.43,38
C00895532,7725.2,21
C00895607,2569465.37,304
C00895656,126851.03,59
C00895680,502.0,2
C00895698,881964.84,339
C00895714,103013.59,112
C00895722,993971.13,331
C00895730,463840.75,136
C00895763,2661408.31,644
C00895805,73292.33,11
C00895813,2660.0,4
C00895821,2319808.72,199
C00895847,1104236.92,262
C00895862,21869.45,26
C00895870,4547.4,15
C00895888,261850.25,173
C00895896,1025293.8,1260
C00895904,6779.16,43
C00896019,4703586.33,1004
C00896035,772.32,6
C00896092,261437.76,83
C00896100,456449.41,281
C00896134,247024.08,203
C00896175,3054.86,6
C00896209,468097.72,37
C00896217,63661.93,129
C00896225,898248.14,303
C00896233,10198.12,13
C00896332,961622.76,202
C00896357,2013120.85,1158
C00896365,2880700.09,313
C00896423,652817.75,372
C00896449,7581.25,2
C00896456,7343.91,3
C00896464,9425.49,12
C00896548,199615.82,96
C00896670,3657370.15,730
C00896688,345792.28,79
C00896696,5967.7,6
C00896704,362342.77,138
C00896712,3384.7,2
C00896720,107574.52,275
C00896746,3636.41,3
C00896787,461853.98,233
C00896803,5326.03,20
C00896845,1500.0,3
C00896860,176654.76,224
C00896886,11436.81,10
C00896894,827.18,4
C00896910,199083.47,175
C00896928,1085783.2,323
C00896944,23758.44,10
C00896951,26414.16,193
C00897025,21440.98,14
C00897058,285438.29,175
C00897074,15927.96,65
C00897090,4040512.47,913
C00897132,156209.15,95
C00897140,5346914.93,417
C00897157,123915.84,86
C00897165,2784507.16,636
C00897173,2532013.98,205
C00897181,8859.09,4
C00897199,4026.85,12
C00897207,16318.37,32
C00897223,387618.36,93
C00897249,10638.49,16
C00897272,62381.36,6
C00897314,11254581.94,4113
C00897322,1162.44,8
C00897330,30987.58,13
C00897348,52790.47,87
C00897389,80.0,1
C00897397,2245.68,9
C00897439,34594.54,83
C00897447,28383.01,96
C00897470,40.0,3
C00897488,156785.01,300
C00897504,2962.8,3
C00897520,5456.19,4
C00897546,1812.63,2
C00897553,47766.37,56
C00897561,2380.16,4
C00897579,2630.16,12
C00897603,58039.83,96
C00897629,2729.92,5
C00897637,48562.5,58
C00897652,22659.43,39
C00897660,42236.01,62
C00897728,0.99,1
C00897736,9846.35,11
C00897744,3077.65,10
C00897751,5387195.71,1260
C00897785,2026.73,4
C00897819,350820.81,167
C00897843,396986.43,305
C00897850,719.7,1
C00897892,1964861.13,469
C00897918,275241.39,75
C00897926,1853293.12,222
C00897934,9811.1,34
C00897942,0.79,1
C00897959,44095.92,96
C00897967,27501.68,6
C00897983,15554.2,8
C00898015,28387.55,28
C00898023,8275.96,47
C00898106,36836.79,60
C00898114,20100.0,5
C00898122,86255.0,27
C00898130,931370.76,78
C00898148,474710.39,640
C00898171,43683.06,49
C00898189,2030405.31,495
C00898197,38037.15,22
C00898239,121020.1,69
C00898247,2726.95,5
C00898270,211716.6,25
C00898288,324033.08,187
C00898296,126334.05,10
C00898312,16825.32,128
C00898338,1560.0,7
C00898346,16407.16,82
C00898353,38728.06,18
C00898379,1837219.91,170
C00898395,1553313.63,188
C00898403,5297.92,51
C00898411,53626.78,57
C00898429,1803517.14,60
C00898445,25983.2,68
C00898452,103470.12,78
C00898460,25328.22,15
C00898486,90903.82,80
C00898502,63906.01,7
C00898510,32581.7,16
C00898536,18845.34,1
C00898544,489993.64,241
C00898593,311405.89,162
C00898718,26432.37,48
C00898726,740.7,17
C00898734,8502.3,8
C00898742,650705.76,625
C00898759,110865.93,144
C00898767,252.0,1
C00898775,1619053.5,466
C00898783,161252.03,98
C00898817,1196065.18,900
C00898825,16228.66,8
C00898833,9602.2,5
C00898841,16205.76,48
C00898866,36.75,2
C00898882,153785.65,130
C00898890,253737.53,153
C00898924,821951.02,115
C00898932,4144.36,6
C00898940,7611.04,15
C00898957,78075.7,64
C00898965,80365.6,30
C00898973,3072628.07,380
C00898981,42342.81,110
C00899013,83097.54,45
C00899054,3000.0,1
C00899070,2245.38,4
C00899112,225732.12,125
C00899138,64356.3,157
C00899153,4586.43,41
C00899161,15716.63,27
C00899179,17423.45,61
C00899187,36431.14,7
C00899245,573.4,2
C00899252,21698.61,95
C00899294,10164.74,12
C00899310,283634.03,79
C00899336,5965.58,14
C00899344,216052.93,282
C00899385,6127.54,29
C00899393,1500.0,1
C00899419,54242.88,31
C00899427,110908.83,24
C00899435,1048522.71,167
C00899450,63898.11,205
C00899492,203106.04,433
C00899500,34925.91,15
C00899534,4158.3,6
C00899559,43427.7,414
C00899591,3522.1,3
C00899633,130175.35,32
C00899641,4795.36,17
C00899658,6027.75,3
C00899666,17302.0,15
C00899682,33169.75,15
C00899724,12475.0,6
C00899757,968602.83,176
C00899765,154515.25,132
C00899831,3451889.13,1319
C00899898,15752.85,48
C00899906,1724.83,17
C00899989,54034.53,58
C00899997,642844.37,214
C00900027,238094.26,180
C00900035,94012.33,52
C00900043,76789.17,17
C00900050,1802.37,8
C00900092,7121.67,27
C00900142,3110.0,10
C00900175,1592.0,4
C00900191,380.05,2
C00900217,6181.98,7
C00900225,844991.14,232
C00900233,51384.34,170
C00900241,193241.61,24
C00900258,3007.75,25
C00900266,684.98,3
C00900282,101907.38,2
C00900308,1389.7,12
C00900316,2126.86,3
C00900324,1190219.27,290
C00900399,178323.25,374
C00900431,2952501.97,650
C00900449,4008598.85,1123
C00900456,1103463.41,280
C00900464,123659.51,55
C00900472,72492.57,19
C00900480,27941.3,29
C00900514,17149.58,143
C00900522,2870.05,3
C00900571,121191.56,28
C00900589,253534.57,278
C00900613,286580.31,123
C00900688,15665.11,15
C00900704,2139.94,9
C00900720,210.15,1
C00900779,10264.24,41
C00900795,13655.01,66
C00900803,1935.52,16
C00900860,4456.34,13
C00900878,8987.8,1
C00900886,23365.78,28
C00900902,9673.21,12
C00900910,1302402.83,470
C00900936,2685.73,2
C00900944,552772.75,27
C00900951,11431.15,51
C00900969,44562.98,21
C00900993,744079.77,37
C00901009,41339.85,79
C00901017,150857.89,102
C00901025,710744.05,339
C00901033,2637.45,13
C00901041,284118.1,451
C00901066,104914.23,52
C00901074,35398.0,81
C00901090,16143.75,5
C00901116,1790134.03,1362
C00901124,14754.68,74
C00901140,2690.45,5
C00901157,837618.06,412
C00901165,217088.95,53
C00901173,9404673.83,1252
C00901199,1034176.25,190
C00901207,2116899.4,426
C00901215,3311592.71,647
C00901223,2606147.72,143
C00901249,5851.77,17
C00901256,32386.25,90
C00901264,126738.66,136
C00901280,3961.0,12
C00901306,270302.72,167
C00901314,55394.65,136
C00901322,223383.64,13
C00901348,1199696.75,337
C00901355,3216124.15,1335
C00901363,27840.0,12
C00901371,3951.29,5
C00901389,25272.05,352
C00901413,1090.92,17
C00901421,8205.24,12
C00901439,131993.13,295
C00901470,6418.38,2
C00901496,203343.95,140
C00901538,29546.23,25
C00901546,3939.65,49
C00901561,1387.72,27
C00901629,255381.89,130
C00901652,183456.31,299
C00901660,3500.0,2
C00901678,1043245.24,527
C00901686,5565.95,12
C00901694,212219.47,430
C00901702,32760.35,86
C00901710,1976980.16,666
C00901736,269293.5,192
C00901751,6660.0,2
C00901769,1.79,2
C00901777,142858.72,311
C00901785,919942.57,784
C00901793,5969948.78,444
C00901819,9993.46,13
C00901827,559388.6,342
C00901835,2995.0,3
C00901843,860.31,2
C00901876,38191.91,58
C00901884,186873.84,147
C00901892,279963.41,267
C00901918,7405854.33,951
C00901934,52239.9,92
C00901967,1316746.61,196
C00901975,279612.72,414
C00901983,42365.59,18
C00902015,129110.95,18
C00902023,39174.53,77
C00902031,13395.62,27
C00902072,71888.23,98
C00902080,840820.25,397
C00902106,586655.37,112
C00902130,3682.34,21
C00902171,5522.7,18
C00902189,63318.18,25
C00902197,4036.06,8
C00902205,1552094.16,510
C00902221,28869.59,30
C00902239,25348.9,156
C00902247,12071.42,12
C00902254,2341.75,2
C00902262,619081.21,509
C00902270,5987.19,7
C00902288,2529.07,4
C00902296,10908.75,5
C00902304,135196.92,208
C00902320,525667.7,77
C00902379,2051792.55,498
C00902395,419817.74,325
C00902403,248786.22,116
C00902411,1019540.96,602
C00902429,5781.86,10
C00902437,397292.97,382
C00902445,21.0,3
C00902452,43691.45,124
C00902460,283689.24,159
C00902478,58829.53,574
C00902486,1108971.02,90
C00902494,1380757.6,532
C00902502,7.0,1
C00902528,44581.01,27
C00902551,6791.29,57
C00902569,1420.0,4
C00902577,4106.0,5
C00902585,124.0,1
C00902601,12042.76,57
C00902619,162308.47,349
C00902627,22876.69,83
C00902643,740148.59,470
C00902668,11881906.33,2184
C00902676,92255.84,89
C00902684,974209.31,417
C00902692,2098239.01,526
C00902700,566534.74,264
C00902718,136700.81,44
C00902726,166380.58,84
C00902734,119793.16,210
C00902742,36143.87,39
C00902759,21259.71,10
C00902767,68576.43,195
C00902775,171305.39,432
C00902809,440182.45,453
C00902817,36712.44,51
C00902833,62257.77,161
C00902841,49132.16,136
C00902858,188745.11,61
C00902882,59491.51,193
C00902908,135907.5,6
C00902940,8259.05,23
C00902957,610200.03,264
C00902965,59267.81,40
C00902981,287923.14,115
C00902999,96238.28,236
C00903013,31181.73,191
C00903039,8737641.48,2307
C00903054,226206.93,175
C00903062,447309.68,226
C00903088,1720477.45,426
C00903096,3496.6,14
C00903112,12568.37,36
C00903120,19716.15,9
C00903146,75077.42,62
C00903153,31876.3,42
C00903179,5770170.87,726
C00903195,329311.66,634
C00903203,7800.6,8
C00903211,460177.67,244
C00903229,9768.19,46
C00903237,123.75,1
C00903252,4724358.41,1200
C00903294,292620.11,86
C00903310,722697.53,473
C00903344,8275.24,8
C00903369,5644.81,11
C00903377,1568.75,3
C00903401,38301.38,47
C00903419,3667.84,65
C00903427,69300.76,109
C00903443,290472.49,121
C00903476,645.21,4
C00903484,300.0,1
C00903492,35788.0,3
C00903518,3724.28,26
C00903526,35400.23,100
C00903534,1450.0,1
C00903542,21945.7,10
C00903567,163062.12,357
C00903591,1214352.22,505
C00903609,60404.57,63
C00903625,3791.74,9
C00903633,495642.78,217
C00903641,708638.76,552
C00903658,54322.73,69
C00903674,52152.23,91
C00903682,5247.31,9
C00903690,8982322.88,1587
C00903732,100813.38,405
C00903740,25643.36,14
C00903765,755.35,1
C00903773,4500.0,8
C00903781,74271.0,103
C00903799,1113041.73,721
C00903807,756102.96,405
C00903815,1277053.49,391
C00903823,199334.16,183
C00903880,23855.03,65
C00903898,2876.0,4
C00903914,15003.4,14
C00903922,3099483.66,987
C00903930,76520.56,75
C00903948,1659587.83,422
C00903963,547783.68,317
C00903989,62647.71,157
C00903997,1154.24,4
C00904003,150101.5,196
C00904029,13645.89,8
C00904037,2750.0,1
C00904060,39926.71,345
C00904086,1414944.52,690
C00904094,769148.09,286
C00904102,1705.3,5
C00904110,3114.14,9
C00904128,625.1,3
C00904144,7091.12,21
C00904151,1450474.29,320
C00904169,5000.0,11
C00904193,14709.84,14
C00904201,1254197.89,34
C00904219,314888.86,160
C00904227,21382.33,133
C00904243,92637.99,239
C00904276,50521.9,62
C00904284,6672079.92,615
C00904292,920265.7,399
C00904300,3285310.69,795
C00904318,550189.46,269
C00904326,2682703.4,844
C00904342,30530.0,9
C00904367,1717691.28,560
C00904375,33911.45,91
C00904383,4371.68,5
C00904391,66971.35,59
C00904409,390020.51,47
C00904417,1026316.25,114
C00904425,41669.75,22
C00904441,1475.0,2
C00904458,1052640.33,332
C00904466,27496854.47,1373
C00904490,62324.4,23
C00904516,12017.05,54
C00904532,5625.1,29
C00904573,477918.85,328
C00904581,1115771.33,399
C00904607,55650.55,27
C00904623,268097.47,76
C00904649,188368.38,213
C00904664,218.14,1
C00904680,20508.39,49
C00904706,20561.8,6
C00904714,48234.8,264
C00904722,426086.21,251
C00904730,63545.96,12
C00904763,120842.23,69
C00904797,204537.63,19
C00904805,7652.35,5
C00904821,329114.12,197
C00904862,237206.29,89
C00904870,284569.73,169
C00904888,619624.05,310
C00904896,56160.28,31
C00904904,97237.02,132
C00904920,57307.43,165
C00904946,128301.78,9
C00904953,437101.01,478
C00904961,757653.28,294
C00904987,14524.55,27
C00904995,629035.72,472
C00905067,28.0,2
C00905075,1272277.77,331
C00905091,372758.69,271
C00905109,32258.15,59
C00905117,105869.32,132
C00905125,4445.79,5
C00905133,263861.94,274
C00905141,12480.0,2
C00905158,19121.02,42
C00905166,6209.47,19
C00905174,62825.74,82
C00905190,415329.45,217
C00905208,39925.38,85
C00905224,169846.22,110
C00905232,2842.4,2
C00905265,6884.8,28
C00905281,52462.17,33
C00905307,2627229.96,588
C00905315,404515.8,212
C00905323,12922.9,15
C00905331,20865.74,44
C00905372,96193.49,132
C00905380,163789.38,8
C00905398,15232.49,8
C00905406,8079320.29,314
C00905422,639631.59,93
C00905430,7882.64,21
C00905463,63597.12,354
C00905471,1396473.58,599
C00905489,25434.45,87
C00905497,18576.94,29
C00905539,14583.92,22
C00905547,167883.39,217
C00905554,216841.89,71
C00905562,37081.99,36
C00905588,8982.2,3
C00905596,5056.08,27
C00905604,11175.5,25
C00905612,48265.55,11
C00905620,5640.42,9
C00905653,7954.93,15
C00905661,26290.8,31
C00905679,38881.23,46
C00905687,297.27,6
C00905703,2102727.57,521
C00905711,40793.57,65
C00905729,26265.98,31
C00905745,32540.2,70
C00905752,3886.36,5
C00905760,14.0,2
C00905778,9344.69,2
C00905786,30342.75,52
C00905836,28887.12,25
C00905844,235093.91,201
C00905851,431138.5,260
C00905877,163964.25,144
C00905893,594602.43,284
C00905927,102998.26,21
C00905943,3783.55,2
C00905950,3538.06,2
C00906008,6198.68,6
C00906024,6606651.47,946
C00906032,26875.32,52
C00906057,502126.49,707
C00906073,151957.77,11
C00906081,109824.09,59
C00906099,6877.85,16
C00906115,5884.5,7
C00906149,115396.04,432
C00906172,287.15,1
C00906180,46020.84,67
C00906198,51483.24,156
C00906206,81047.58,85
C00906214,87456.87,139
C00906222,49849.75,41
C00906230,19129.98,9
C00906248,75.0,1
C00906263,657525.34,75
C00906305,66194.13,15
C00906321,22038.58,16
C00906347,63084.4,99
C00906354,212675.23,58
C00906362,58837.8,8
C00906370,2048.78,62
C00906396,9124.34,135
C00906404,153357.27,161
C00906412,2892.15,1
C00906438,1274.07,29
C00906446,987739.34,417
C00906453,1522178.6,556
C00906487,80567.6,41
C00906503,14475.66,47
C00906511,602800.18,223
C00906529,313659.92,185
C00906537,746454.4,52
C00906545,985492.04,222
C00906552,78806.06,98
C00906560,1074.93,2
C00906578,311677.86,91
C00906586,79309.54,48
C00906594,274344.01,340
C00906610,144550.0,34
C00906636,846174.1,190
C00906669,46140.6,12
C00906685,463212.28,119
C00906701,1136191.14,24
C00906735,53456.06,63
C00906743,135.8,4
C00906768,146706.45,90
C00906792,9102.51,13
C00906800,1500.0,1
C00906818,127482.03,196
C00906826,15416.35,35
C00906842,996852.88,651
C00906859,688.61,15
C00906867,5509.15,14
C00906875,1342116.03,326
C00906883,975140.39,411
C00906891,1467948.46,256
C00906917,5773.9,22
C00906925,7234.41,22
C00906933,134014.44,66
C00906941,318463.51,151
C00906958,68798.41,53
C00906966,4003.0,4
C00907014,11970.39,17
C00907022,131717.35,62
C00907030,51045.65,10
C00907055,89369.32,116
C00907063,126827.56,97
C00907097,321026.36,131
C00907105,600.0,1
C00907121,135.0,5
C00907154,50017.65,16
C00907162,400.3,1
C00907170,204603.14,56
C00907188,32740.0,14
C00907238,422124.43,325
C00907246,1266324.22,411
C00907261,5257.96,20
C00907279,181239.42,105
C00907303,2506.13,14
C00907329,99352.2,140
C00907345,179639.46,69
C00907352,4198.86,9
C00907360,11760.93,2
C00907378,7928.24,30
C00907386,125336.82,287
C00907410,11223.32,45
C00907436,118264.78,89
C00907444,46278.8,50
C00907451,399424.66,235
C00907469,1561.39,3
C00907485,31065.88,6
C00907501,96203.27,31
C00907519,129142.96,33
C00907527,82135.91,216
C00907576,175911.61,244
C00907584,121393.6,25
C00907592,4793.08,11
C00907626,31971.9,76
C00907634,2512.51,23
C00907667,1679702.86,398
C00907675,335.34,1
C00907683,5180.42,11
C00907691,42416.66,29
C00907709,9029.99,26
C00907717,56865.78,60
C00907733,20891.38,38
C00907741,33905.6,89
C00907758,62191.03,104
C00907774,134637.94,226
C00907816,122449.22,402
C00907832,554.93,1
C00907840,262635.48,214
C00907873,13190.52,21
C00907881,20730.21,40
C00907907,1776.0,9
C00907923,3472280.14,991
C00907931,46453.58,22
C00907949,535310.45,291
C00907956,251383.43,243
C00907998,7131.25,67
C00908012,8696.34,21
C00908020,572.8,3
C00908053,13534.19,82
C00908061,3754.17,2
C00908079,53467.01,52
C00908087,9377.04,11
C00908095,4886.29,8
C00908103,33069.92,28
C00908137,2897.9,1
C00908152,1679.4,1
C00908160,341.0,4
C00908186,83933.68,10
C00908202,2044428.88,660
C00908210,3466.56,27
C00908244,2902.97,17
C00908293,25466.48,8
C00908301,181262.55,77
C00908343,40576.96,40
C00908368,118.5,1
C00908376,500.0,1
C00908384,3729.15,13
C00908392,987.98,5
C00908400,113196.52,164
C00908418,68645.11,41
C00908459,3518784.68,1472
C00908467,19433.46,40
C00908475,4376.96,12
C00908483,63467.89,80
C00908509,56166.09,78
C00908517,4119.42,4
C00908525,1488.97,55
C00908541,2116869.63,582
C00908566,92593.39,89
C00908608,4051.98,13
C00908616,7358.79,134
C00908624,1448235.62,364
C00908640,44143.2,90
C00908657,8881.2,56
C00908673,70.52,1
C00908699,6174.0,61
C00908707,-1191448.11,10
C00908723,439721.21,26
C00908731,57424.39,19
C00908756,1483.32,4
C00908764,25785.54,49
C00908806,234731.93,227
C00908848,11572.99,16
C00908855,508962.51,365
C00908863,7780.21,13
C00908871,89248.51,76
C00908889,696990.16,392
C00908897,432081.97,155
C00908905,1341.17,9
C00908913,104853.27,6
C00908921,12969.78,16
C00908947,7726.41,22
C00908954,13517.92,12
C00908962,3285.0,6
C00909010,82134.45,89
C00909036,983.66,2
C00909051,1239152.94,282
C00909069,3790.32,2
C00909077,148065.81,60
C00909135,229930.93,31
C00909143,58999.31,96
C00909168,157653.68,319
C00909184,32208.07,17
C00909226,3034.2,5
C00909259,262.63,1
C00909267,4833.61,11
C00909275,5540.02,10
C00909283,3172886.35,767
C00909309,485920.95,510
C00909317,20055.0,15
C00909416,397.5,1
C00909440,2462229.55,32
C00909465,45565.63,121
C00909473,280467.01,166
C00909481,959662.35,348
C00909499,18209.58,132
C00909515,828306.35,210
C00909523,809912.52,276
C00909531,363645.1,300
C00909549,1633800.45,605
C00909556,4318.0,11
C00909564,18733.89,43
C00909572,5619298.2,339
C00909580,2161872.36,364
C00909598,15197.0,4
C00909606,9105.34,10
C00909614,211728.28,132
C00909622,1206755.91,1025
C00909630,478094.66,338
C00909648,270402.56,149
C00909655,156154.21,266
C00909663,5231.46,5
C00909689,371142.9,367
C00909697,16927.71,16
C00909705,7900747.58,954
C00909713,6853.53,14
C00909721,546400.66,233
C00909739,10125.65,25
C00909747,1367.39,28
C00909762,204596.52,211
C00909770,226240.22,290
C00909788,327795.12,142
C00909796,75986.55,106
C00909804,220295.87,259
C00909812,1251.25,2
C00909820,206376.57,87
C00909838,911006.62,244
C00909846,24000.0,6
C00909853,55450.16,77
C00909861,888537.04,386
C00909887,172562.84,73
C00909903,822516.24,352
C00909929,114303.69,2
C00909937,25509.0,10
C00909960,3437.61,11
C00909978,1800.0,1
C00909986,992.0,3
C00909994,1037817.26,168
C00910000,8357.64,41
C00910026,47050.42,60
C00910034,83646.61,127
C00910059,185779.45,124
C00910083,15558.28,21
C00910091,27055.06,32
C00910125,198987.76,171
C00910158,10354.0,4
C00910166,223428.05,113
C00910174,89813.67,10
C00910182,20545.68,11
C00910190,138063.58,184
C00910224,115707.52,124
C00910232,69898.96,75
C00910240,121288.22,80
C00910455,45128.72,182
C00910505,9117.94,36
C00910653,454437.7,102
C00910661,236847.69,175
C00910679,595948.36,107
C00910695,269781.11,180
C00910703,300880.71,121
C00910745,200507.07,200
C00910778,211912.79,114
C00910794,259152.98,373
C00910810,237955.52,60
C00910836,134239.2,288
C00910877,500.0,2
C00910885,25446.57,28
C00910893,145186.12,297
C00910927,50629.4,20
C00910935,2081177.48,212
C00910943,164445.88,218
C00910950,429421.0,154
C00910968,403420.61,60
C00910976,438094.51,208
C00910984,497832.31,74
C00911024,1374503.06,365
C00911040,890.6,49
C00911065,80712.68,229
C00911081,14672.65,241
C00911099,25975.0,13
C00911107,2428.58,13
C00911115,22686.13,58
C00911123,18156.97,22
C00911156,500.0,1
C00911164,2396126.51,349
C00911172,109926.19,40
C00911198,356362.59,482
C00911214,9079.24,11
C00911222,1000.0,1
C00911248,616743.52,306
C00911255,234180.79,67
C00911297,11589.11,73
C00911305,13458.33,37
C00911313,145414.89,60
C00911321,26386.53,37
C00911339,368359.98,628
C00911347,287216.49,218
C00911354,169.85,1
C00911370,215445.07,143
C00911388,451724.39,239
C00911396,1303394.41,381
C00911404,227291.97,134
C00911420,362520.15,50
C00911453,54776.28,37
C00911503,6031.85,13
C00911511,22719.11,10
C00911537,177362.74,16
C00911578,16621.4,10
C00911586,2500.0,4
C00911594,19937.6,65
C00911610,22007592.08,35
C00911628,10824.38,21
C00911669,623690.18,285
C00911735,8258.44,90
C00911743,352249.58,163
C00911784,912838.6,349
C00911800,602898.01,189
C00911834,1347.0,6
C00911842,668316.56,282
C00911875,137.0,3
C00911891,70556.63,108
C00911909,17111.9,2
C00911933,319716.99,87
C00911941,1529983.45,522
C00911958,363234.8,201
C00911966,916528.35,258
C00911974,119914.59,16
C00911982,427690.72,342
C00911990,477438.84,109
C00912006,9352.34,20
C00912014,173916.64,150
C00912055,9790.22,16
C00912089,230754.4,164
C00912097,39820.3,15
C00912105,827535.55,237
C00912121,1343.6,17
C00912147,1311258.12,344
C00912162,134787.26,102
C00912188,58871.67,20
C00912196,132432.44,350
C00912212,98863.68,99
C00912246,1984178.31,506
C00912261,954324.79,339
C00912279,536097.11,257
C00912287,249640.16,277
C00912295,1256456.03,417
C00912303,1057246.57,259
C00912311,776276.91,317
C00912337,46430.11,26
C00912345,9592.53,43
C00912378,29211.17,33
C00912386,19816.59,49
C00912394,3209.06,4
C00912410,722.37,4
C00912428,12198.84,62
C00912436,15094.96,20
C00912444,3857.5,6
C00912451,363.39,5
C00912469,23036.07,67
C00912477,58325.12,31
C00912543,33552.8,42
C00912550,179089.94,170
C00912576,294619.67,50
C00912584,23565.17,10
C00912592,26853.82,5
C00912600,12654.18,20
C00912626,7.0,1
C00912642,2990873.64,578
C00912659,211792.8,118
C00912667,6087.95,6
C00912675,62292.51,20
C00912709,275.0,1
C00912725,4274.4,9
C00912758,8671.31,83
C00912774,151681.02,84
C00912782,188911.48,104
C00912808,98627.26,37
C00912816,456.8,5
C00912824,253669.64,125
C00912832,1500.0,3
C00912840,120410.63,55
C00912865,185773.22,20
C00912873,28030.03,30
C00912899,964298.39,1063
C00912907,11594.88,13
C00912915,329.53,5
C00912949,23600.0,8
C00912964,33908.7,16
C00912980,349837.66,148
C00912998,543854.29,262
C00913004,334492.96,345
C00913012,1054545.02,282
C00913020,104497.74,24
C00913038,47692.99,86
C00913046,20730.81,25
C00913087,720389.1,196
C00913095,67125.83,59
C00913129,4800.0,2
C00913160,2007.0,4
C00913178,205025.24,50
C00913186,3136.35,9
C00913194,29613.92,50
C00913236,383.0,7
C00913251,2910.24,5
C00913269,65312.51,23
C00913277,612949.61,217
C00913293,28260.83,39
C00913301,789084.77,83
C00913327,6494.06,57
C00913335,1413.7,9
C00913350,70132.3,148
C00913368,75163.56,103
C00913376,160334.71,156
C00913384,41223.97,31
C00913392,42010.1,15
C00913400,5165.22,6
C00913426,15683.33,9
C00913434,277959.81,15676
C00913459,32283.34,28
C00913467,2397.22,50
C00913491,349778.76,234
C00913566,14090200.24,1362
C00913574,8047232.65,704
C00913582,28627.93,68
C00913590,19616.87,27
C00913608,557.64,2
C00913616,617515.18,405
C00913624,730093.16,441
C00913632,829035.02,161
C00913665,254.48,1
C00913673,289031.29,327
C00913681,52405.66,23
C00913699,170462.97,123
C00913715,380098.6,387
C00913731,110.61,2
C00913756,2441.39,17
C00913798,329683.65,104
C00913806,61817.43,17
C00913814,10594.1,34
C00913848,869594.57,418
C00913863,123359.27,174
C00913871,258279.1,356
C00913889,27774.92,84
C00913897,2458535.15,429
C00913913,34961.11,9
C00913939,99944.73,233
C00913947,113590.89,25
C00913954,7124.12,10
C00913962,852.74,3
C00913970,2076.92,6
C00913996,7783993.41,1019
C00914010,193333.33,86
C00914028,44591.65,19
C00914036,22059.8,50
C00914051,5035.52,18
C00914085,834.0,3
C00914119,809848.98,433
C00914135,59900.79,196
C00914143,135413.27,64
C00914150,1510792.59,120
C00914168,1449387.67,197
C00914176,2778945.13,707
C00914192,55208.56,63
C00914200,63995.81,241
C00914218,741835.21,92
C00914234,16367.69,11
C00914259,438497.18,42
C00914267,3081.32,27
C00914283,21265.41,18
C00914309,121647.94,231
C00914317,180528.03,380
C00914325,35477.91,16
C00914333,316738.18,219
C00914366,3995.0,9
C00914382,2031.6,3
C00914390,55725.5,183
C00914408,281474.93,100
C00914416,1705.68,6
C00914424,169625.13,111
C00914432,66942.07,16
C00914440,56887.74,106
C00914465,149646.91,245
C00914481,83593.85,91
C00914515,792.3,5
C00914523,169819.82,332
C00914531,3584895.62,737
C00914549,67032.67,80
C00914556,105611.09,260
C00914580,232256.52,235
C00914598,216974.71,140
C00914606,5067.45,2
C00914663,114343.86,143
C00914671,23293.14,12
C00914689,99175.57,195
C00914739,2111.73,6
C00914747,354764.96,90
C00914762,39824.15,70
C00914770,462683.86,255
C00914796,186604.84,38
C00914804,1106888.42,211
C00914820,2248109.83,574
C00914838,817808.55,16
C00914846,8597.56,14
C00914861,423557.83,124
C00914879,66603.6,58
C00914887,45307.89,148
C00914895,6116.68,3
C00914911,111396.16,105
C00914952,65678.23,43
C00914986,3008101.45,443
C00914994,1430.37,2
C00915041,700604.5,343
C00915066,1911.05,4
C00915082,17036.47,12
C00915124,393958.7,215
C00915132,4790.96,10
C00915140,15954.95,12
C00915173,1324.5,3
C00915181,6584435.0,8
C00915199,54.0,1
C00915207,47074.76,96
C00915231,484.81,2
C00915272,333437.65,1003
C00915280,98735.89,96
C00915322,57954.25,54
C00915330,478.88,1
C00915355,9804.89,35
C00915397,11191.1,15
C00915405,26252.5,54
C00915504,1582.94,6
C00915520,75237.78,39
C00915553,5286.07,9
C00915561,13873.11,26
C00915595,324.03,4
C00915611,41755.95,61
C00915629,207428.48,88
C00915637,556926.26,305
C00915645,3865861.34,591
C00915652,819144.07,278
C00915660,133957.11,28
C00915678,6570.83,10
C00915686,30263.35,47
C00915736,1040785.58,144
C00915801,141047.12,149
C00915827,25742.96,8
C00915868,3740.5,11
C00915884,916817.25,358
C00915900,250.12,12
C00915918,16715.38,19
C00915934,99581.84,209
C00915942,22186.76,42
C00915959,21663.96,39
C00915967,590.68,3
C00915975,414113.03,323
C00915983,122506.88,99
C00915991,683271.27,203
C00916007,1187.7,1
C00916031,2620.81,10
C00916049,27433.36,27
C00916064,36887.9,64
C00916080,24466.79,66
C00916114,1255558.15,43
C00916171,9864.76,34
C00916189,82270.97,46
C00916197,5319.73,9
C00916221,62998.53,139
C00916262,39338.07,16
C00916288,22080597.14,1377
C00916296,958761.35,211
C00916304,1342.48,6
C00916320,67572.73,316
C00916338,9363.41,7
C00916361,24591.58,41
C00916379,139900.93,154
C00916387,484371.16,103
C00916395,1168946.97,312
C00916403,17137.63,62
C00916411,4985.89,9
C00916429,235917.1,40
C00916437,19142864.44,1410
C00916445,79859.1,142
C00916452,869228.4,406
C00916478,5389.95,10
C00916486,323633.12,159
C00916494,2019.4,13
C00916502,21309.09,36
C00916551,50244.08,75
C00916577,58417.6,18
C00916585,138315.37,145
C00916601,12990.0,3
C00916619,250753.45,117
C00916643,166272.44,12
C00916650,443111.7,53
C00916668,149654.21,234
C00916676,479356.52,280
C00916684,162962.74,50
C00916692,1584743.09,63
C00916700,13718.84,23
C00916726,22199.36,9
C00916742,60399.48,66
C00916767,362436.3,230
C00916775,1130655.74,104
C00916809,724491.18,388
C00916825,28090.0,11
C00916833,422.18,1
C00916841,11259.47,16
C00916874,7236.29,12
C00916924,45607.47,17
C00916932,1149.67,2
C00916957,6993.3,21
C00916965,17271.34,32
C00916981,1194.35,2
C00916999,2326.7,2
C00917013,20055.24,12
C00917021,54121.98,94
C00917039,231904.32,175
C00917062,323730.19,484
C00917088,506334.39,252
C00917096,1357246.61,387
C00917104,128708.82,143
C00917112,1667661.71,468
C00917120,941890.44,623
C00917146,432093.24,61
C00917161,27174.03,1363
C00917179,563269.9,176
C00917195,1386.94,37
C00917211,14386.16,29
C00917229,709318.6,294
C00917237,1420.17,3
C00917245,78621.57,47
C00917278,104740.97,94
C00917294,113196.24,67
C00917310,66902.45,77
C00917328,4985.78,15
C00917336,4999.0,2
C00917351,24434.55,88
C00917369,82863.21,87
C00917393,569566.98,241
C00917419,218724.2,194
C00917427,30302.7,13
C00917443,930.17,3
C00917450,140917.0,83
C00917484,3198.94,12
C00917500,904590.93,355
C00917542,881341.39,116
C00917567,2003.1,3
C00917609,3850.0,8
C00917617,708113.99,219
C00917641,29029.55,4
C00917658,3513390.15,417
C00917674,25604.02,48
C00917682,2675.61,24
C00917708,11230.9,19
C00917716,21475.0,4
C00917724,33051.56,29
C00917732,568.17,6
C00917757,100.24,1
C00917765,3945.0,2
C00917823,329726.47,130
C00917849,36866.71,26
C00917930,1897.66,3
C00917955,119565.42,133
C00918011,20519.06,98
C00918029,1109551.03,646
C00918037,970581.83,242
C00918094,19316.5,7
C00918136,1206.29,4
C00918151,1170486.47,633
C00918177,57001.19,143
C00918201,40201.48,114
C00918219,1066.5,3
C00918227,63699.63,12
C00918235,357.64,1
C00918250,71497.33,89
C00918268,461781.72,100
C00918284,264218.8,108
C00918292,294362.12,116
C00918300,425515.73,40
C00918326,7764.17,7
C00918342,47282.4,57
C00918359,1505947.23,414
C00918367,180.0,3
C00918383,365.0,1
C00918391,1336976.92,336
C00918417,27262.39,15
C00918425,143989.26,127
C00918433,27067.49,43
C00918458,47415.84,12
C00918466,19361.34,23
C00918474,611516.99,191
C00918508,251550.13,96
C00918516,70430.03,128
C00918557,3450.0,5
C00918565,2205884.78,308
C00918573,14469.02,15
C00918581,1091804.54,424
C00918599,6993.57,85
C00918607,20957.02,47
C00918623,26648.26,31
C00918656,45940.99,15
C00918664,4628.97,21
C00918680,394.02,10
C00918698,153573.01,236
C00918714,5362.04,8
C00918722,437.5,1
C00918748,21955.0,12
C00918763,15629.26,6
C00918771,6000.0,1
C00918789,289778.94,190
C00918805,3600.0,13
C00918813,36296.07,39
C00918821,26123.59,23
C00918839,52603.63,132
C00918847,52385.15,88
C00918896,3211.85,15
C00918904,204406.85,92
C00918920,14409.66,37
C00918938,757.08,4
C00918946,84730.86,50
C00918961,146589.08,179
C00918979,929257.01,523
C00918987,306.8,2
C00919019,1400.0,1
C00919027,22744.23,52
C00919035,143489.36,24
C00919043,5045.89,14
C00919050,336204.44,150
C00919068,1227295.3,184
C00919084,46116141.06,993
C00919100,7465895.92,331
C00919118,1433.17,1
C00919134,49603.97,19
C00919142,743914.28,106
C00919159,31122.56,43
C00919167,200688.7,52
C00919183,1853535.74,445
C00919191,21488.4,9
C00919209,2515.0,8
C00919258,500.0,2
C00919266,10152.8,9
C00919282,29869.97,4
C00919308,83925.9,77
C00919324,8603.56,33
C00919332,166339.13,70
C00919365,50347.97,941
C00919373,246484.38,45
C00919381,937.5,2
C00919423,2500.0,1
C00919480,7370.53,8
C00919498,9033.83,5
C00919522,2190.18,17
C00919530,1672720.06,285
C00919548,26612.41,34
C00919563,4215.39,5
C00919597,46769.32,28
C00919605,7700.46,34
C00919621,23604.38,34
C00919670,47046.1,35
C00919738,16900.56,484
C00919746,607297.21,35
C00919795,1518.75,2
C00919811,43710.57,22
C00919829,1944.76,4
C00919837,350042.71,179
C00919845,18614.51,13
C00919860,81788.11,143
C00919894,2470.9,1
C00919902,2816.42,5
C00919936,18965.29,73
C00919951,259240.48,210
C00919985,1756003.55,573
C00919993,47791.64,2
C00920009,217159.22,31
C00920033,2131.2,5
C00920041,32915.0,11
C00920058,567.91,1
C00920066,44595.25,3
C00920074,10841.94,27
C00920082,12298.84,35
C00920108,12782.97,3
C00920124,577878.86,353
C00920173,229198.16,127
C00920181,221543.48,60
C00920199,180063.24,33
C00920223,58673.64,69
C00920231,97791.67,223
C00920280,46714.39,12
C00920298,2355.0,2
C00920306,8507.72,29
C00920314,-13257.72,64
C00920348,372451.57,43
C00920355,7211.09,19
C00920371,2790.57,5
C00920389,138001.08,30
C00920397,52324.38,63
C00920405,11228.49,10
C00920413,5225.56,10
C00920488,350226.73,131
C00920496,93559.0,7
C00920504,14563.5,16
C00920512,250571.42,97
C00920520,332939.95,329
C00920538,60274.91,126
C00920553,1966.67,1
C00920603,30268.64,45
C00920652,35806.11,34
C00920678,19641.95,22
C00920694,500.0,1
C00920751,3700.0,4
C00920785,34010.36,61
C00920793,170413.84,625
C00920827,26405.93,57
C00920843,181185.96,116
C00920868,221112.44,216
C00920884,76990.32,69
C00920918,51966.21,79
C00920926,7783.02,30
C00920934,440893.22,154
C00920967,5676.99,8
C00920975,34000.0,5
C00920983,12390.64,53
C00920991,421817.66,88
C00921015,7250.0,10
C00921023,27150.4,44
C00921049,74598.41,75
C00921056,5974.15,9
C00921114,43191.68,44
C00921148,60694.19,54
C00921163,6405.51,16
C00921189,500.0,1
C00921205,71153.49,58
C00921221,1237.0,2
C00921239,875.7,5
C00921247,307537.32,25
C00921262,101532.28,29
C00921270,16371.0,2
C00921304,498.13,45
C00921312,1195.0,2
C00921346,259707.78,150
C00921353,142618.1,233
C00921379,309263.67,138
C00921445,820.95,3
C00921452,728145.54,181
C00921460,17367.87,96
C00921478,339484.66,209
C00921486,716651.28,142
C00921494,83259.2,62
C00921502,774078.06,242
C00921510,29800.43,107
C00921528,897472.29,343
C00921536,205888.34,54
C00921544,288396.61,63
C00921551,804.78,8
C00921569,1921.25,2
C00921585,21977.28,14
C00921593,100987.76,42
C00921601,387673.74,164
C00921619,1479.55,2
C00921643,141176.92,86
C00921650,185003.57,52
C00921668,759436.42,457
C00921676,258020.7,51
C00921684,47868.76,15
C00921692,1025.52,3
C00921734,188820.85,272
C00921742,644026.08,187
C00921759,1244414.98,150
C00921767,6411.0,3
C00921775,89935.45,17
C00921783,1489957.35,184
C00921791,527320.13,192
C00921809,496987.18,190
C00921817,754905.86,1178
C00921833,9776.61,23
C00921841,575.13,2
C00921858,75051.33,25
C00921866,23771.14,14
C00921874,12922.71,18
C00921882,22697.61,135
C00921890,2782939.61,90
C00921916,1989.44,6
C00921924,22120.0,4
C00921932,9714.08,13
C00921940,6104.8,27
C00921965,51150.0,11
C00921973,7768.03,17
C00921999,14218.83,12
C00922013,775298.66,166
C00922039,395999.06,219
C00922062,1526432.92,322
C00922070,204710.93,76
C00922088,189064.09,117
C00922096,218357.47,30
C00922104,1010.0,4
C00922112,213.3,2
C00922153,1164166.32,525
C00922161,32319.94,14
C00922179,217339.76,58
C00922187,7423.65,9
C00922229,239336.45,25
C00922237,1533.3,2
C00922245,34329.54,71
C00922278,14753.83,27
C00922294,188820.42,7
C00922302,2272227.21,495
C00922310,6385.84,11
C00922336,159839.63,187
C00922344,148078.54,140
C00922369,1463759.31,381
C00922377,957844.35,279
C00922385,833363.43,337
C00922393,1089895.17,223
C00922401,9200.3,4
C00922427,418000.71,133
C00922443,2077.5,5
C00922492,413884.11,248
C00922518,45499.62,54
C00922534,41168.54,65
C00922559,38729.76,10
C00922567,6389.03,6
C00922583,506212.71,88
C00922591,542157.58,124
C00922617,442304.84,80
C00922625,2548.32,11
C00922633,1481045.11,379
C00922658,3480.0,13
C00922666,8127.06,38
C00922674,22100.61,22
C00922682,8164.5,4
C00922690,4279.81,5
C00922799,596791.4,459
C00922823,14410.02,29
C00922831,14201.54,13
C00922849,6768.93,13
C00922856,70.0,2
C00922864,135989.52,215
C00922898,28814.98,113
C00922914,2888.71,4
C00922922,26294.23,4
C00922955,327616.01,39
C00922971,14200.0,3
C00923052,764.0,2
C00923060,116050.8,70
C00923110,720831.82,246
C00923144,5374271.64,544
C00923151,11727.5,6
C00923177,174427.86,24
C00923185,46964.15,104
C00923193,713614.11,233
C00923201,8368.73,11
C00923219,1054.64,2
C00923227,125897.48,38
C00923235,1399.47,3
C00923250,165716.99,381
C00923276,1072.74,2
C00923292,31611.9,25
C00923318,10472.72,9
C00923326,34057.58,21
C00923342,778127.72,147
C00923367,1123087.55,386
C00923383,584518.67,300
C00923391,87459.74,71
C00923417,3052271.83,82
C00923425,7494.88,30
C00923441,89149.55,68
C00923466,3701.54,10
C00923474,249811.84,81
C00923482,128358.75,60
C00923516,238579.35,27
C00923524,4026.64,3
C00923540,170290.11,532
C00923557,14278.86,19
C00923565,17170.37,15
C00923573,61415.15,164
C00923581,11464.45,70
C00923599,265274.61,159
C00923607,13588.16,16
C00923623,8664.76,11
C00923631,259854.64,88
C00923649,720.0,6
C00923656,8910.88,2
C00923706,2943748.17,467
C00923714,392352.43,213
C00923730,35058.29,8
C00923755,9250.0,11
C00923805,230206.0,383
C00923813,670488.39,414
C00923821,61987.38,37
C00923839,101197.04,54
C00923847,15.0,1
C00923854,102369.24,154
C00923862,266370.95,162
C00923870,11410.13,40
C00923888,1612.74,6
C00923896,44981.64,59
C00923912,3738374.96,321
C00923920,128996.06,77
C00923938,4811.91,6
C00923946,234691.68,267
C00923953,408.09,1
C00923961,6549.7,8
C00923987,603.65,1
C00923995,3372757.76,667
C00924027,6825.52,8
C00924043,2113.79,1
C00924068,564.25,4
C00924084,937419.06,186
C00924092,989105.38,464
C00924100,434067.05,338
C00924126,28769.09,25
C00924142,2185.83,8
C00924159,37498.05,22
C00924167,13817.75,45
C00924175,300760.11,73
C00924183,224044.44,25
C00924209,136710.29,208
C00924217,480.0,1
C00924241,702127.9,166
C00924258,226647.55,151
C00924266,25000.96,10
C00924282,225917.23,15
C00924290,3700.0,2
C00924316,51136.15,79
C00924324,108092.94,86
C00924357,21173.34,13
C00924373,742033.51,29
C00924399,76204.76,54
C00924407,5045.26,14
C00924423,5260.77,1
C00924431,91120.43,121
C00924449,895.68,4
C00924456,223766.09,109
C00924498,19394.74,32
C00924514,10705.53,22
C00924548,507773.1,195
C00924621,5267.37,5
C00924639,697164.82,518
C00924647,13114.86,15
C00924654,2220.61,4
C00924662,51.68,2
C00924688,31615.0,199
C00924696,1743.52,4
C00924704,113815.56,84
C00924712,240580.3,120
C00924746,16911.59,8
C00924753,8929.36,27
C00924761,155870.2,60
C00924779,92870.95,15
C00924787,67608.67,137
C00924795,12510.04,16
C00924803,18387.92,17
C00924837,25314.1,34
C00924845,1672032.0,7
C00924878,5483.55,20
C00924886,166414.26,139
C00924902,655746.5,341
C00924928,183319.51,164
C00924951,140074.0,15
C00924969,87836.87,360
C00924977,56121.58,67
C00924985,245951.31,600
C00925024,118722.61,132
C00925107,11070.35,289
C00925156,3125.0,1
C00925206,5843.94,16
C00925214,8042.31,11
C00925230,1495757.34,741
C00925255,11759.97,62
C00925263,26367.28,70
C00925305,2718.17,19
C00925321,35517.38,17
C00925347,350.0,1
C00925362,96495.22,344
C00925388,1342214.4,139
C00925420,1440.0,21
C00925438,113288.78,30
C00925453,49023.65,20
C00925461,7129.4,3
C00925479,46679.6,130
C00925487,13567.65,34
C00925495,165232.78,148
C00925511,37064.65,58
C00925537,9452.1,25
C00925560,12600.25,6
C00925578,653319.94,135
C00925586,1807982.13,37
C00925594,203296.07,187
C00925602,14452.7,4
C00925610,5617.49,5
C00925628,30358.98,137
C00925669,16375.15,22
C00925701,325642.32,111
C00925719,17824.98,40
C00925735,183211.67,120
C00925743,436050.46,559
C00925750,299771.34,198
C00925776,1092513.36,95
C00925784,18638.83,24
C00925792,18759.58,22
C00925826,21361.08,32
C00925834,21045.8,9
C00925842,4161.77,15
C00925859,68284.7,114
C00925867,19393.48,103
C00925883,111846.56,19
C00925917,82075.64,58
C00925933,16222.32,13
C00925958,71146.92,20
C00926030,183558.74,175
C00926055,218212.19,60
C00926063,1145.3,3
C00926089,16403.46,58
C00926105,56201.34,81
C00926121,299505.05,296
C00926139,841442.9,704
C00926170,7282.93,9
C00926188,43524.39,31
C00926196,702.95,2
C00926204,2909351.82,148
C00926212,5000.0,2
C00926238,284682.12,514
C00926279,71222.04,223
C00926287,3591033.28,677
C00926295,98063.03,40
C00926303,1044166.65,355
C00926311,114874.18,50
C00926329,82406.75,45
C00926345,1729098.3,215
C00926352,784597.21,156
C00926360,12611.74,42
C00926402,437194.46,361
C00926410,54275.17,14
C00926428,11961.13,9
C00926436,8332.11,11
C00926444,29995.59,61
C00926451,3912.63,4
C00926501,7000.0,4
C00926519,1605892.0,341
C00926527,88266.62,157
C00926535,58596.02,26
C00926568,43312.85,30
C00926576,57672.52,149
C00926584,33148.51,38
C00926600,313163.51,155
C00926618,339170.0,10
C00926626,4635.1,6
C00926642,570560.4,80
C00926667,94091.29,148
C00926683,17312.4,87
C00926725,67659.32,113
C00926733,20936.84,127
C00926782,116288.85,112
C00926790,47803.83,7
C00926816,56760.74,42
C00926824,6045.05,9
C00926840,25546.19,62
C00926865,23899.55,21
C00926873,1190.4,2
C00926907,59159.33,127
C00926949,898771.54,309
C00926964,654615.41,127
C00926972,503085.72,283
C00926980,89006.58,72
C00926998,18924.79,9
C00927004,470456.85,67
C00927053,5071.2,14
C00927079,17183.31,81
C00927087,1510.88,6
C00927095,37466.34,30
C00927111,137848.69,105
C00927129,830573.43,178
C00927137,15780.01,6
C00927145,744097.75,179
C00927178,85001.53,101
C00927186,1477422.22,76
C00927194,13000.0,3
C00927202,2000.0,1
C00927210,17528.16,7
C00927228,278142.67,269
C00927251,19096.23,21
C00927269,556.5,2
C00927277,104072.66,13
C00927301,37876.47,11
C00927319,21567.74,20
C00927327,137013.74,71
C00927335,5778.99,27
C00927343,56541.1,69
C00927368,239581.1,100
C00927400,816741.46,422
C00927426,51910.68,20
C00927459,1637.0,1
C00927533,1073.29,3
C00927541,1109792.78,384
C00927558,723496.82,302
C00927574,624661.35,320
C00927590,46162.79,110
C00927608,17537.63,38
C00927616,1154559.32,158
C00927665,13165.27,14
C00927681,1690870.51,286
C00927699,11362.71,26
C00927723,88760.19,89
C00927731,5182.3,2
C00927764,5326.59,21
C00927772,3683.37,3
C00927780,94509.36,48
C00927798,19946.71,6
C00927806,53486.88,56
C00927848,62100.0,17
C00927871,2228.58,9
C00927889,5999.8,14
C00927905,131648.07,49
C00927970,44662.77,40
C00927996,540043.9,417
C00928002,655627.27,304
C00928010,13308.16,36
C00928028,535364.99,46
C00928036,317404.87,26
C00928044,101091.34,195
C00928069,346029.2,28
C00928077,5665.35,17
C00928085,52702.16,31
C00928101,21552.27,7
C00928119,136303.4,47
C00928127,299.98,2
C00928150,13530.5,4
C00928184,1555.16,2
C00928218,1555.16,2
C00928259,10407.21,7
C00928283,20083.74,67
C00928309,25305.92,32
C00928341,4654.88,14
C00928374,1855100.07,43
C00928390,365643.64,21
C00928408,939.47,10
C00928424,49534.51,259
C00928457,268640.8,35
C00928465,115443.9,65
C00928481,2848.68,11
C00928507,52935.3,12
C00928523,96786.12,169
C00928531,2499.79,6
C00928549,544.38,4
C00928556,1315.0,5
C00928614,333273.91,42
C00928630,27673.37,27
C00928648,237531.33,20
C00928663,12601.97,35
C00928697,48390.76,28
C00928721,222.88,1
C00928739,11836.25,46
C00928762,152784.74,287
C00928796,87798.3,94
C00928804,796961.45,146
C00928838,318018.1,95
C00928846,42726.77,29
C00928929,18184.43,12
C00928945,22437.58,118
C00928960,85697.11,107
C00928986,29400.0,8
C00929000,509841.78,212
C00929018,10332.3,8
C00929034,23499.28,53
C00929059,1556.0,2
C00929067,41565.71,46
C00929075,1928.69,5
C00929109,17192.1,20
C00929117,1482030.41,418
C00929158,35216.44,134
C00929174,510005.97,312
C00929182,26766.91,52
C00929208,783439.61,259
C00929232,1740.0,1
C00929240,200007.9,100
C00929257,1094.9,1
C00929265,234510.1,103
C00929307,135384.96,6
C00929315,8670.38,27
C00929323,427.15,5
C00929349,20425.89,20
C00929372,958843.51,191
C00929406,5600.0,3
C00929414,8230.3,3
C00929422,156744.99,129
C00929430,6760.0,4
C00929497,15125.09,28
C00929505,2906933.65,162
C00929539,14961.53,10
C00929554,3954.3,16
C00929570,17149.38,3
C00929588,778.0,1
C00929604,365339.77,53
C00929620,90682.49,52
C00929653,64792.88,93
C00929679,14120.57,7
C00929703,131012.62,107
C00929711,37885.88,106
C00929737,9052.34,10
C00929752,161278.26,43
C00929786,420000.81,201
C00929794,825661.78,343
C00929802,326198.84,159
C00929828,4242.68,14
C00929844,4095445.91,444
C00929851,4348.52,9
C00929877,74930.97,915
C00929901,10477895.22,266
C00929919,902.21,2
C00929927,143316.73,35
C00929935,1774.94,12
C00929943,14855.22,61
C00929950,3298.66,17
C00929968,611313.36,344
C00929976,76363.47,55
C00929984,6045.64,6
C00929992,20070.52,13
C00930008,446844.22,170
C00930024,84592.34,99
C00930032,151127.18,93
C00930065,159486.38,69
C00930073,3125.0,1
C00930081,24751.46,28
C00930099,170889.63,16
C00930123,2387084.31,466
C00930149,3262.5,2
C00930164,358519.09,59
C00930172,140761.39,59
C00930214,34557.9,15
C00930230,207997.07,4
C00930248,4249.15,9
C00930255,1790.0,1
C00930263,7483.27,7
C00930271,1029720.64,184
C00930297,697711.06,176
C00930305,69684.35,38
C00930313,21580.45,62
C00930339,355.0,1
C00930347,4310.05,26
C00930362,15873.92,37
C00930396,5849.95,6
C00930404,231130.14,84
C00930420,89.89,3
C00930438,94859.78,67
C00930446,2464.02,10
C00930461,15000.0,3
C00930479,72379.3,21
C00930495,43901.36,86
C00930503,76636.5,12
C00930545,8043.88,29
C00930602,3113.0,3
C00930610,105271.64,108
C00930628,1168.49,4
C00930644,28643.38,19
C00930677,3879.33,8
C00930685,424.31,7
C00930719,472602.29,270
C00930727,4646.9,6
C00930743,12879.12,40
C00930750,161130.9,35
C00930776,544.66,1
C00930784,135961.96,103
C00930792,5875.85,19
C00930800,49569.36,94
C00930826,87276.79,65
C00930859,24950.04,183
C00930867,37256.77,68
C00930917,2350.0,3
C00930941,4588.86,13
C00930958,10300.0,8
C00930966,45220.0,10
C00930982,471295.3,178
C00931006,6000.0,1
C00931014,270421.14,120
C00931048,8963.63,6
C00931055,7444.0,3
C00931089,52147.55,45
C00931105,245152.99,50
C00931121,35184.29,55
C00931147,263515.75,46
C00931162,426.54,7
C00931196,2500.0,3
C00931220,59088.89,180
C00931261,9655.45,27
C00931287,9795.63,17
C00931345,414811.71,47
C00931352,53321.21,84
C00931360,313567.86,48
C00931386,20462.65,20
C00931428,93011.36,85
C00931436,160186.88,37
C00931469,4159.13,7
C00931527,6382503.64,469
C00931543,90159.72,216
C00931600,31890.93,23
C00931618,1579.5,5
C00931626,2253.0,5
C00931634,171442.13,135
C00931642,6221.39,33
C00931659,1779.82,3
C00931667,296065.88,158
C00931709,1660503.0,447
C00931717,7904.06,6
C00931758,699.45,5
C00931766,632.0,2
C00931782,17441.0,3
C00931808,1082923.2,52
C00931865,18512.1,176
C00931873,872.44,2
C00931881,26902.31,87
C00931923,39900.45,13
C00931931,174431.66,77
C00931949,6056.02,3
C00931956,9538.75,23
C00931972,8.96,38
C00931998,88808.28,19
C00932004,11900.15,22
C00932038,13159.86,5
C00932079,13505.65,6
C00932087,1661.48,2
C00932145,21430.21,16
C00932160,300.0,1
C00932178,161008.14,565
C00932244,1377673.29,136
C00932251,32568.19,36
C00932277,83197.25,73
C00932319,66876.71,44
C00932327,43762.72,59
C00932335,947377.23,139
C00932350,3816.72,9
C00932376,10440.0,1
C00932418,131400.0,7
C00932442,3235.74,8
C00932459,34022.18,48
C00932467,5090.61,6
C00932483,34968.0,7
C00932509,1112394.0,77
C00932517,113369.03,255
C00932525,92981.59,158
C00932533,65768.91,136
C00932541,1349095.5,209
C00932558,5443.62,14
C00932574,1619740.69,710
C00932582,755272.57,282
C00932624,145.0,3
C00932632,40760.67,25
C00932673,1347.94,3
C00932699,7806.59,4
C00932707,72408.75,26
C00932715,987.5,3
C00932723,77178.5,19
C00932731,6270.99,10
C00932756,182760.38,203
C00932764,23133.41,23
C00932806,4800.0,4
C00932822,824956.76,262
C00932830,289555.07,212
C00932848,71865.23,95
C00932855,35655.72,124
C00932863,69233.93,110
C00932889,12041.8,20
C00932897,213065.29,25
C00932913,16018.24,8
C00932921,54780.08,33
C00932939,2989.5,7
C00932947,13847.72,11
C00932954,119424.48,123
C00932962,16913.12,16
C00932988,1525.62,4
C00932996,9396.83,17
C00933036,480326.15,76
C00933044,30219.48,57
C00933051,312146.34,160
C00933069,30374.28,34
C00933077,5449.2,4
C00933085,229991.89,385
C00933119,16472.57,8
C00933150,13768.77,33
C00933168,822.5,1
C00933184,16373.9,29
C00933259,31029.12,19
C00933275,23672.29,18
C00933283,11121.32,11
C00933291,87459.48,98
C00933333,50816.49,15
C00933358,2809.22,1
C00933366,287085.78,129
C00933374,6109.75,4
C00933382,217770.14,215
C00933408,179409.87,35
C00933432,47424.87,55
C00933440,5315.71,4
C00933473,729067.87,245
C00933515,1475083.21,214
C00933549,25927.07,11
C00933556,204547.44,87
C00933564,295043.57,24
C00933598,51316.99,26
C00933606,5368.16,36
C00933614,5000.0,2
C00933630,524518.82,120
C00933655,5892.5,3
C00933663,52116.34,60
C00933705,624241.5,307
C00933713,14736.52,66
C00933739,2603.0,4
C00933770,213.07,2
C00933796,3275.0,2
C00933804,13169.56,6
C00933812,24948.37,47
C00933820,9625.16,10
C00933838,300293.14,90
C00933846,26279.11,60
C00933853,131545.31,73
C00933861,243.75,1
C00933887,4275.0,8
C00933895,4632.44,12
C00933945,6468.64,16
C00933978,13821098.77,988
C00933986,37450.54,46
C00933994,1567043.94,224
C00934000,569904.9,247
C00934018,43126.59,61
C00934026,1627.0,8
C00934034,11501.58,43
C00934042,48591.01,18
C00934059,1000.0,1
C00934067,213215.68,76
C00934075,129393.31,105
C00934083,470.12,5
C00934109,4655.0,3
C00934125,78708.19,53
C00934133,17075.44,15
C00934174,24490.02,29
C00934182,68130.89,8
C00934240,236693.0,124
C00934265,319615.38,390
C00934273,3350.0,2
C00934299,9976.34,11
C00934307,47790.0,3
C00934315,7493.63,12
C00934331,437821.18,148
C00934356,20000.0,1
C00934364,16312.0,16
C00934372,218.79,1
C00934380,6112.59,13
C00934398,78891.6,37
C00934414,1580.61,6
C00934455,13650.68,30
C00934463,47862.55,12
C00934471,463683.3,377
C00934505,257560.41,152
C00934539,474.0,1
C00934547,4984.86,32
C00934554,2600.0,1
C00934562,79941.01,60
C00934570,21309.6,5
C00934588,1436912.2,486
C00934596,81191.08,50
C00934604,2970.0,2
C00934620,59610.37,31
C00934638,10796.02,32
C00934646,124773.97,124
C00934653,5060.4,4
C00934679,30105.15,65
C00934695,500.0,1
C00934703,155488.92,85
C00934711,1022.58,2
C00934729,27581.94,9
C00934745,1022.58,2
C00934760,293688.72,25
C00934778,84037.88,124
C00934794,1022.58,2
C00934802,1022.58,2
C00934828,1002.58,2
C00934844,1022.59,2
C00934851,234491.76,30
C00934869,65746.16,28
C00934877,253021.74,113
C00934901,94031.38,3
C00934919,161406.0,4
C00934927,7797.19,2
C00934943,137645.08,55
C00934950,75538.31,55
C00934968,30648.97,24
C00934976,20232.72,46
C00934984,22563.53,19
C00934992,41368.08,15
C00935007,31674.06,66
C00935015,762589.64,49
C00935023,38274.24,10
C00935031,5767.52,32
C00935049,15986.1,5
C00935056,2573.39,4
C00935072,185385.5,17
C00935080,5898.97,22
C00935098,63959.1,60
C00935114,685505.17,333
C00935163,32147.53,49
C00935247,55363.44,115
C00935254,8340.52,34
C00935304,22137.61,133
C00935338,2342147.8,88
C00935346,354.4,2
C00935361,277743.82,105
C00935379,1848094.46,277
C00935395,21982.83,7
C00935403,72830.46,106
C00935411,4746586.85,282
C00935429,491.63,3
C00935437,803495.17,386
C00935452,179978.89,175
C00935460,550081.02,66
C00935478,14742.45,28
C00935486,40311.15,11
C00935494,121379.26,110
C00935528,3861935.41,572
C00935536,1975.0,2
C00935551,500.0,1
C00935635,46703.21,18
C00935692,162773.57,408
C00935726,48677.4,68
C00935734,1863.31,6
C00935742,32097.06,50
C00935767,7000.0,1
C00935783,94096.44,41
C00935809,27790.07,4
C00935825,2610.0,2
C00935833,4303.31,6
C00935841,164279.88,146
C00935858,23810.28,51
C00935866,241739.98,182
C00935874,11248.07,12
C00935908,5154.91,7
C00935932,334.9,1
C00935965,19152.61,23
C00935973,251630.0,13
C00935981,143875.39,146
C00935999,12820.5,7
C00936005,3125.0,1
C00936039,16673.0,8
C00936062,21493.84,7
C00936112,10249.11,16
C00936138,1740.0,1
C00936153,233980.5,25
C00936179,8275.98,8
C00936195,738.36,7
C00936237,50590.99,11
C00936252,30040.98,113
C00936278,3070.0,9
C00936286,3606.88,3
C00936328,7326.48,7
C00936336,46070.21,20
C00936344,1511.76,3
C00936377,77.69,23
C00936385,566584.07,212
C00936443,15492.5,10
C00936468,12242.86,22
C00936500,3000.0,2
C00936534,23992.59,71
C00936542,151925.96,87
C00936559,8903930.63,931
C00936591,374570.28,30
C00936625,405083.78,59
C00936633,18540.16,7
C00936641,156609.28,94
C00936666,194272.42,53
C00936674,4325.0,2
C00936690,19378.58,9
C00936708,10853.1,9
C00936724,35737.89,3
C00936732,231362.28,150
C00936773,13860.76,21
C00936799,12078.33,51
C00936807,946.46,5
C00936856,1430.32,9
C00936955,2561.08,3
C00936963,614790.27,184
C00936971,25569.96,57
C00936997,1523732.62,47
C00937011,10440.0,1
C00937029,38407.4,14
C00937045,62716.35,17
C00937078,86847.39,26
C00937094,6698.0,30
C00937128,10475.0,1
C00937136,97.19,3
C00937151,149788.65,43
C00937169,134942.45,44
C00937193,25389.43,28
C00937201,35912.68,70
C00937219,18557.2,14
C00937268,5745.22,8
C00937276,702.91,2
C00937300,23040.22,17
C00937318,779585.36,429
C00937326,19069.05,85
C00937425,4578.34,10
C00937433,2044.33,3
C00937441,538409.76,154
C00937490,847478.23,114
C00937508,2000.0,4
C00937516,144094.82,28
C00937524,125250.82,26
C00937532,66714.15,48
C00937540,13098.72,40
C00937557,8628.66,33
C00937573,4479178.0,127
C00937581,16188.71,26
C00937599,251019.06,29
C00937607,4603.01,17
C00937623,66934.4,36
C00937656,12055.25,20
C00937664,126191.91,148
C00937672,14894.34,11
C00937680,9531.78,97
C00937698,257.3,4
C00937730,568372.1,160
C00937755,259724.42,374
C00937763,7657.84,7
C00937789,62772.23,43
C00937797,2909506.02,57
C00937805,960.5,1
C00937813,13439.89,22
C00937847,37715.79,53
C00937854,62792.09,28
C00937888,22099.54,24
C00937904,4000.0,3
C00937912,55182.07,34
C00937920,70829.3,150
C00937961,213085.74,55
C00937987,114877.97,21
C00938019,18524.08,26
C00938050,35756.44,76
C00938084,10524.84,26
C00938100,50624.5,59
C00938118,1943.45,10
C00938167,500.0,1
C00938175,2324920.13,184
C00938209,21043.95,28
C00938217,1907.98,22
C00938258,114220.87,81
C00938274,8338.9,10
C00938290,34772.35,55
C00938332,38433.4,25
C00938373,4357.69,24
C00938381,126635.5,46
C00938399,622428.53,42
C00938415,22155.72,11
C00938423,70298.44,86
C00938449,4547.1,7
C00938472,35261.27,16
C00938480,16534.16,58
C00938514,1019.27,10
C00938522,2213.12,8
C00938530,148472.55,72
C00938555,65825.38,97
C00938571,42536.76,37
C00938621,10764.79,3
C00938639,81116.63,91
C00938654,1045255.04,588
C00938670,400685.95,79
C00938688,11399.2,9
C00938696,750.71,1
C00938712,375027.64,167
C00938720,9678.25,18
C00938738,17279.87,43
C00938779,28964.61,25
C00938787,32193.69,14
C00938795,3679.1,5
C00938811,34198.2,140
C00938837,23461.58,82
C00938860,123759.03,29
C00938878,21915.21,95
C00938910,15000.0,1
C00938928,9526.76,25
C00938944,142396.1,90
C00938951,6672.7,27
C00938969,250.5,2
C00938985,4193.95,45
C00939033,5325.56,15
C00939041,212.1,3
C00939058,8314.35,33
C00939074,3475.81,4
C00939090,13530.75,11
C00939124,43390.0,11
C00939132,43437.91,20
C00939165,18238.14,17
C00939173,1781.0,3
C00939181,13258.66,34
C00939249,6667.07,10
C00939264,8268.92,7
C00939272,81681.56,119
C00939280,342102.94,86
C00939306,35473.04,24
C00939322,434.51,1
C00939330,241439.34,77
C00939348,33220.44,64
C00939389,250.0,1
C00939397,219479.24,17
C00939447,49334.26,35
C00939454,16004.04,37
C00939470,69302.89,15
C00939488,116186.35,88
C00939579,386488.38,111
C00939710,103426.61,50
C00939751,145266.34,69
C00939827,15968.0,3
C00939835,3849.9,9
C00939843,244032.84,34
C00939868,1500.0,1
C00939876,76723.19,15
C00939892,252.0,1
C00939900,10246.92,6
C00939926,20879.03,64
C00939934,162420.41,30
C00939942,14754.08,11
C00939959,162060.26,40
C00939975,13108.64,9
C00939991,2507.7,14
C00940007,51627.75,11
C00940015,293719.61,64
C00940049,525.0,1
C00940064,8866.73,6
C00940072,7192.15,21
C00940080,36886.0,5
C00940098,200.3,1
C00940106,58695.25,17
C00940122,890.9,6
C00940130,232309.58,103
C00940163,106618.81,69
C00940221,29325.94,29
C00940239,16690.0,9
C00940247,34437.5,50
C00940288,184480.88,8
C00940304,179625.96,85
C00940312,347863.45,108
C00940320,176700.08,147
C00940338,6669.5,7
C00940346,97255.93,26
C00940361,1255.0,2
C00940379,11005.98,7
C00940387,250.0,1
C00940395,19386.65,31
C00940403,55895.05,28
C00940411,85664.94,37
C00940445,77210.33,81
C00940452,762175.84,108
C00940510,1740.0,1
C00940551,28192.88,43
C00940569,2340.47,3
C00940593,428302.31,56
C00940601,9465.1,10
C00940619,19788.37,7
C00940635,2046.77,2
C00940650,600.0,1
C00940692,281542.3,49
C00940700,35123.33,20
C00940718,17026.6,5
C00940759,200.3,1
C00940783,26554.87,23
C00940791,34989.01,35
C00940817,29354.36,11
C00940833,169545.2,16
C00940841,122871.07,23
C00940858,2315.0,7
C00940874,7657.12,9
C00940890,17172.81,11
C00940916,1566.11,4
C00940932,72191.8,9
C00940940,27183.03,5
C00940957,174670.03,12
C00940965,5929.75,4
C00940999,550.0,1
C00941005,2943.3,5
C00941021,1950.0,4
C00941039,5549.33,7
C00941054,1269.49,6
C00941070,49541.39,48
C00941104,7563.17,10
C00941120,10440.0,1
C00941138,1982.7,4
C00941161,148972.53,120
C00941195,63438.38,71
C00941211,5457.74,8
C00941229,894405.95,100
C00941237,14079.31,22
C00941310,7639.82,11
C00941351,3858.76,11
C00941385,22384.27,48
C00941427,24976.91,19
C00941435,1061.39,3
C00941443,4539.09,8
C00941468,533972.78,113
C00941476,19414.47,56
C00941484,39812.0,5
C00941492,35210.37,28
C00941518,18300.0,5
C00941526,627576.66,153
C00941534,168136.82,60
C00941559,91780.62,143
C00941567,176763.84,14
C00941575,791403.08,113
C00941583,498998.1,21
C00941617,70831.29,14
C00941625,3793.98,6
C00941633,2003.82,4
C00941641,18658.3,25
C00941658,161020.48,79
C00941674,469984.7,137
C00941690,139367.04,15
C00941708,2204035.12,492
C00941716,31366.14,62
C00941724,7.94,7
C00941740,3030.0,3
C00941781,254.1,5
C00941807,1700.69,3
C00941823,188063.53,94
C00941849,1740.0,1
C00941856,3425.39,5
C00941880,5275.0,1
C00941914,2365919.52,31
C00941930,144.84,4
C00941955,11299.86,9
C00941963,993.75,1
C00941971,1742.34,2
C00941997,15188.4,2
C00942011,80200.18,29
C00942029,4449.58,14
C00942037,3145.5,1
C00942045,525.03,2
C00942060,532755.91,218
C00942086,14937.07,10
C00942110,735.49,6
C00942128,2952.81,25
C00942144,10637.5,6
C00942151,13781.04,53
C00942169,67287.16,9
C00942177,14620.2,4
C00942185,113370.55,266
C00942201,5576.0,8
C00942219,12928.28,17
C00942227,28750.0,7
C00942276,360.0,1
C00942292,9483.48,6
C00942300,2883.5,6
C00942318,953.8,3
C00942326,550.0,6
C00942342,5283.86,18
C00942375,1750.0,3
C00942383,2218.35,7
C00942391,50139.66,38
C00942409,1109.48,2
C00942417,1966.28,2
C00942433,119277.83,66
C00942441,402089.44,68
C00942458,172474.79,47
C00942508,18990.05,18
C00942581,335635.41,98
C00942599,130502.05,53
C00942623,3752.35,7
C00942631,879043.24,17
C00942672,8457.31,11
C00942680,39533.78,67
C00942714,503290.1,18
C00942722,565.5,1
C00942748,400755.73,45
C00942763,55931.33,74
C00942771,279.54,1
C00942789,1800.0,1
C00942797,112902.09,56
C00942813,2368.61,8
C00942839,968.57,10
C00942847,4460.4,13
C00942904,49275.05,31
C00942912,8628.0,16
C00942953,11967.84,19
C00942961,30123.58,5
C00943001,370744.16,77
C00943027,445.2,4
C00943035,161434.5,102
C00943043,2162.14,5
C00943076,9685.0,5
C00943092,36707.52,122
C00943126,21389.05,14
C00943134,412.5,1
C00943142,2277019.0,181
C00943175,1485037.39,223
C00943225,24030.21,13
C00943233,4147.24,23
C00943241,2355.17,9
C00943258,81893.47,116
C00943274,14928.58,13
C00943308,13012.4,21
C00943316,21845.0,11
C00943324,6692.54,6
C00943332,96668.47,18
C00943340,3956.0,1
C00943365,148322.08,71
C00943373,22428.8,8
C00943381,31105.0,14
C00943399,9871.5,12
C00943407,6115.08,22
C00943472,2001.56,4
C00943498,5249.79,13
C00943506,1152.86,4
C00943522,4999.79,9
C00943563,6969.0,7
C00943571,8223.59,16
C00943597,88545.03,27
C00943639,2966.99,5
C00943662,2584.81,5
C00943670,40133.33,6
C00943704,2666.25,4
C00943712,2664.0,3
C00943720,9149.47,7
C00943738,18948.03,56
C00943746,22245.41,11
C00943753,695.0,5
C00943803,147358.95,88
C00943811,17565.0,4
C00943845,5027.1,7
C00943886,8330.94,9
C00943910,49404.3,5
C00943928,2141.09,3
C00943936,10792.63,10
C00943951,18855.81,12
C00943969,1000.0,1
C00943977,114554.8,27
C00943993,29757.75,17
C00944017,3246.96,8
C00944033,24940.03,5
C00944058,24391.34,11
C00944124,11004.0,4
C00944140,2848.75,1
C00944157,33087.35,3
C00944165,543.13,3
C00944173,30402.24,14
C00944181,210.0,2
C00944199,22177.47,28
C00944207,12971.97,15
C00944223,2401.31,11
C00944264,53073.28,21
C00944272,9490.06,5
C00944280,5104.77,27
C00944298,225648.69,40
C00944306,3396.64,4
C00944322,39561.0,11
C00944348,91131.76,9
C00944371,55354.61,13
C00944389,152140.21,17
C00944397,7226.0,2
C00944454,9318.56,10
C00944496,10220.0,2
C00944520,9791.49,13
C00944546,2250.0,3
C00944553,2887.5,3
C00944579,2101.0,9
C00944595,115813.96,27
C00944611,10500.0,2
C00944637,14676.97,19
C00944645,1952.31,13
C00944751,9052.01,6
C00944769,1940.0,3
C00944819,78.0,2
C00944827,35031.48,5
C00944850,4494.42,28
C00944892,465.0,1
C00944918,4031.71,5
C00944926,30171.93,17
C00944934,2377.5,1
C00944983,351.6,2
C00945030,3846.0,2
C00945048,4048.12,13
C00945063,664762.18,39
C00945121,18367.18,15
C00945154,923.35,4
C00945162,1676290.5,69
C00945188,38721.59,31
C00945212,24047.78,16
C00945238,21258.67,11
C00945253,1032.14,5
C00945279,15060.0,2
C00945287,7836.98,5
C00945303,521430.42,28
C00945345,61414.61,40
C00945352,661.97,5
C00945410,1125.0,1
C00945436,12000.0,3
C00945444,3620.0,3
C00945477,23556.44,8
C00945493,18729.0,5
C00945519,80683.92,53
C00945527,7000.0,4
C00945535,16167.21,8
C00945550,752.37,2
C00945584,432615.05,231
C00945618,18865.87,16
C00945634,6090.25,13
C00945642,10310.0,9
C00945733,65382.05,7
C00945741,4521.6,3
C00945774,390172.02,108
C00945816,183988.4,64
C00945824,20035.0,21
C00945832,430602.7,118
C00945840,125427.69,58
C00945857,297990.48,13
C00945865,100000.0,2
C00945873,162030.5,132
C00945881,71821.5,9
C00945899,2715.63,7
C00945915,462438.55,121
C00945931,535204.35,35
C00945949,25486.2,12
C00945972,71936.2,41
C00945980,2456926.97,353
C00945998,7387.5,5
C00946004,53071.26,27
C00946012,32167.15,13
C00946046,241.49,1
C00946053,143485.66,8
C00946095,318.61,1
C00946111,748.21,3
C00946137,14560.3,9
C00946145,34479.4,3
C00946152,209.74,1
C00946178,965.0,1
C00946194,4288.94,2
C00946251,24821.48,14
C00946269,14455.0,7
C00946285,11049.12,20
C00946293,10440.0,1
C00946319,89413.86,59
C00946343,19745.65,19
C00946392,33830.61,10
C00946418,27309.57,23
C00946459,38818.93,89
C00946475,10717.03,8
C00946483,82141.21,73
C00946509,47503.42,7
C00946533,67546.6,13
C00946541,1113.0,3
C00946558,129858.52,16
C00946574,13912.08,8
C00946582,385842.7,67
C00946624,83998.08,22
C00946665,750.0,1
C00946681,2095.6,3
C00946723,28420.66,14
C00946731,568.72,3
C00946772,87264.92,18
C00946798,240555.19,65
C00946814,10118.96,5
C00946822,162227.09,17
C00946830,57753.5,16
C00946855,461.69,1
C00946871,1380.4,4
C00946889,4640.36,1
C00946897,15719.62,18
C00946921,762994.27,23
C00946939,15000.0,2
C00946962,15157.6,7
C00946988,16753.12,10
C00946996,24713.01,13
C00947002,21852.34,6
C00947028,928.0,1
C00947051,18884.92,14
C00947069,108397.38,40
C00947077,217677.01,42
C00947101,4639.23,5
C00947127,23931.67,7
C00947135,29344.89,20
C00947184,164302.85,22
C00947200,5332.1,5
C00947218,11321.54,17
C00947226,151346.2,6
C00947242,8500.0,3
C00947275,14150.0,16
C00947283,3000.0,1
C00947291,178042.6,132
C00947358,1032.26,1
C00947382,15567.51,5
C00947416,8889.48,6
C00947424,172325.65,60
C00947432,62806.22,64
C00947440,10544.25,5
C00947473,124364.06,23
C00947481,296.25,2
C00947515,9543.77,21
C00947531,2487.6,2
C00947580,65443.62,12
C00947614,19500.0,6
C00947648,19407.5,30
C00947655,7477.19,19
C00947663,115321.79,20
C00947721,2635.0,2
C00947762,19485.4,3
C00947796,92002.48,11
C00947853,19803.03,9
C00947945,204038.83,65
C00947978,59017.42,29
C00948000,1000.0,1
C00948018,10980.4,2
C00948034,36453.5,25
C00948059,179565.24,7
C00948075,5669.12,11
C00948109,1000.0,1
C00948117,750.0,1
C00948174,500.0,1
C00948182,4660.3,5
C00948190,50343.14,30
C00948208,108698.15,12
C00948216,26367.9,16
C00948224,126911.85,11
C00948232,2803.0,5
C00948265,3026.96,10
C00948406,34411.49,54
C00948422,19181.0,4
C00948448,2906.62,4
C00948497,134084.98,25
C00948505,11600.0,4
C00948521,218458.17,8
C00948547,1200.9,2
C00948554,43384.09,143
C00948562,74167.98,5
C00948661,169503.8,77
C00948695,23387.91,4
C00948729,32195.0,9
C00948737,28979.67,27
C00948778,22791.35,6
C00948794,331275.0,3
C00948802,17582.72,13
C00948844,7588.02,3
C00948851,28423.02,11
C00948885,880.0,6
C00948901,2422548.85,206
C00948943,1422.89,2
C00949032,37999.04,51
C00949057,8292.45,9
C00949073,215503.69,61
C00949099,14440.0,2
C00949115,5000.0,1
C00949149,528.81,6
C00949164,2982.25,6
C00949172,15042.22,13
C00949198,6960.0,1
C00949214,3870.0,2
C00949230,153496.42,11
C00949248,7691.36,8
C00949255,2548.25,1
C00949347,7258.22,1
C00949487,59458.6,10
C00949529,211.5,2
C00949552,1464.17,7
C00949560,249.51,4
C00949594,400.0,1
C00949636,985.0,1
C00949644,4734.01,2
C00949693,415.68,5
C00949735,650.0,1
C00949834,768419.18,95
C00949867,1115608.86,81
C00949917,6096.04,9
C00949925,88569.33,10
C00949933,15733.07,11
C00949941,10335.9,9
C00949982,2287.42,5
C00950006,44.46,1
C00950030,140138.47,6
C00950048,36100.94,46
C00950055,46959.7,67
C00950097,14806.0,10
C00950105,1361.75,5
C00950113,20268.14,11
C00950238,467915.46,103
C00950261,220000.0,3
C00950287,183153.43,69
C00950303,115948.31,55
C00950329,7153.19,11
C00950345,38306.0,13
C00950402,7225.0,2
C00950501,11803.87,26
C00950543,72149.66,65
C00950600,9887.5,2
C00950667,836.25,1
C00950675,23225.78,41
C00950683,1097.9,8
C00950709,3222.35,5
C00950717,36000.0,4
C00950766,2106099.35,30
C00950816,7668.38,29
C00950832,175948.72,47
C00950840,278.6,5
C00950873,67607.73,98
C00950881,1798.98,9
C00950964,1323772.52,23
C00950972,4900.0,1
C00951053,274299.64,52
C00951061,5151.7,7
C00951079,2000.0,1
C00951087,500.0,1
C00951103,500.0,1
C00951152,7811.71,5
C00951202,2500.0,2
C00951228,1580.0,2
C00951277,4481.16,4
C00951293,18185.52,22
C00951335,4095.98,4
C00951343,30675.23,46
C00951376,1000.0,1
C00951400,556734.91,77
C00951426,5366.67,1
C00951509,25999.1,31
C00951533,4300.0,3
C00951608,2107.2,1
C00951632,6059.22,8
C00951673,162176.66,3
C00951681,5069.1,3
C00951731,56263.35,24
C00951798,2156.21,6
C00951806,400.0,1
C00951822,36035.39,35
C00951830,3052.79,2
C00951897,2076.55,3
C00951939,2276.14,7
C00951947,1300.0,3
C00952002,1269.28,5
C00952028,2000.0,2
C00952036,8539.28,9
C00952044,20330.91,23
C00952051,17967.22,12
C00952127,4844.25,10
C00952135,13373.35,16
C00952176,69161.41,22
C00952184,13564.36,10
C00952218,4601.2,4
C00952259,250.0,10
C00952267,3000.0,1
C00952309,1965.15,1
C00952325,10555.02,2
C00952358,526.94,1
C00952366,10440.0,1
C00952390,44678.5,4
C00952440,12499.71,8
C00952473,7000.0,2
C00952499,614.53,2
C00952507,25599.63,4
C00952515,4355.0,1
C00952531,934782.31,92
C00952556,204502.24,69
C00952564,280.9,3
C00952572,64698.26,47
C00952598,582871.08,47
C00952606,395.0,2
C00952630,27300.0,3
C00952655,7085.0,2
C00952663,1119176.95,35
C00952671,411.86,1
C00952713,2999506.96,41
C00952721,281804.85,157
C00952770,7245.82,6
C00952812,2651.8,2
C00952838,6000.0,2
C00952853,1659.0,1
C00952861,472.5,1
C00952937,82393.7,19
C00952978,3300.0,1
C00952994,57973.63,9
C00953018,11733.9,3
C00953067,4900.07,7
C00953075,1867.9,2
C00953125,222205.12,26
C00953133,535732.02,124
C00953166,14144.9,3
C00953257,256665.0,13
C00953265,14010.4,5
C00953281,8384.15,5
C00953307,125000.0,1
C00953315,33847.92,18
C00953455,1001.5,4
C00953471,352.0,1
C00953547,7665.0,8
C00953646,2697.5,2
C00953802,40.3,1
C00953836,6000.0,2
C00953877,10440.0,1
C00953927,20562.37,1
C00953935,1343.0,2
C00953992,10400.0,1
C00954073,375.25,1
C00954149,1679.74,2
C00954164,907.6,2
C00954222,533.25,1
C00954255,19401.2,3
C00954263,1853.17,4
C00954388,41937.5,1
C00954495,540.6,1
C00954594,325268.0,5
C00954719,260.9,1
C00954834,15408.0,21
C00954875,1366.14,5
C00955328,1522.5,13
C00955351,2107.46,3
C00955369,2040.0,3
C00955377,1392.46,3
C00955393,30532.26,3
C00955500,13040.0,2
C00955930,24500.0,7
C00955948,356250.0,1
C00956326,10300.0,2
C00956417,10440.0,1
C00956532,545.88,3
C00956805,750.0,1
C00956912,697552.99,26
C00956987,10440.0,1
C00957258,565.0,2
C00957308,95244.26,5
C00957639,12940.0,5
C00958199,970.81,8
C99002396,2601437.84,328
