cmte_id,total_amount,total_count
C00000422,139060.91,65
C00000489,1000.0,1
C00000729,50966.31,63
C00000885,48463.0,7
C00000901,104804.42,51
C00000935,192363224.57,30564
C00001016,33249.0,6
C00001198,5741.82,22
C00001305,253178.96,66
C00001313,4411931.17,1162
C00001388,19115.6,31
C00001461,425.0,2
C00001636,-50300.0,43
C00001727,56072.89,320
C00001743,107772.95,47
C00001917,168101.51,358
C00002089,351682.26,122
C00002238,11214.55,34
C00002261,17530.12,38
C00002469,13810.21,705
C00002766,208115.47,34
C00002790,381.31,5
C00002832,16250.5,6
C00002840,1876945.71,155
C00002881,12729.95,21
C00002907,5637.08,7
C00002972,11943.0,3
C00003111,173548.43,200
C00003160,60067.03,46
C00003194,5328.0,20
C00003251,48334.32,25
C00003418,246620959.33,17378
C00003558,118525.4,112
C00003590,180613.96,63
C00003632,146393.99,24
C00003764,45035.31,72
C00003806,5330.56,1
C00003855,25407.95,39
C00003863,840.03,19
C00003988,176056.58,43
C00004036,16370771.17,290
C00004101,1603.82,7
C00004325,684581.41,86
C00004606,2203709.02,213
C00004812,18829.29,40
C00004861,0.0,2
C00004994,2321.61,121
C00005132,10628.1,6
C00005157,211.01,2
C00005173,71157.54,25
C00005462,100518.91,74
C00005561,1261537.79,650
C00005660,16173.86,12
C00005785,185927.16,321
C00005801,1318.77,3
C00005926,1793822.55,692
C00006080,16334.14,57
C00006486,192903.17,59
C00007070,71.71,1
C00007450,303.26,11
C00007542,9151.08,23
C00007658,87153.14,29
C00007880,69486.35,115
C00007898,22806.86,15
C00007922,156583.94,70
C00007948,946.98,24
C00008086,482636.03,515
C00008169,750.0,1
C00008227,1315704.57,1131
C00008664,169699.32,39
C00008748,646.4,3
C00008839,16678.52,75
C00009282,1481.17,23
C00009423,145.0,10
C00009639,210.0,1
C00009704,20852.35,63
C00009845,147673.91,183
C00009936,34973.56,51
C00010033,878700.91,588
C00010082,18.44,1
C00010124,25880.52,50
C00010363,145990.35,73
C00010421,596.32,16
C00010439,101707.91,136
C00010603,420805013.05,31766
C00010793,30184.89,39
C00010868,13649.49,35
C00010876,3660.0,3
C00011114,196195.57,556
C00011197,458134.04,114
C00011262,2280.7,21
C00011544,7905.73,8
C00011627,91.18,9
C00011643,12282.73,17
C00012310,3798.02,6
C00012401,7572.97,20
C00012468,928.0,27
C00012476,0.0,2
C00012914,29809.51,421
C00013128,4987.44,1
C00013342,181913.28,40
C00013748,199804.41,411
C00013961,1036.97,2
C00014092,234.27,1
C00014498,3517417.3,793
C00014555,2977.11,44
C00015552,1479.24,25
C00015594,275897.12,180
C00015933,261.94,4
C00016386,1000.0,4
C00016899,1918469.54,517
C00017194,7451.25,5
C00017244,50.0,1
C00018028,2774.7,23
C00018135,208.0,13
C00018929,172390.33,388
C00019083,3341.37,24
C00019331,5556708.3,1516
C00019380,391769.22,189
C00020818,66854.58,440
C00021121,759483.02,48
C00022343,77209.09,40
C00022368,5763.82,33
C00023028,10636.06,87
C00023580,1584226.41,133
C00023838,518840.31,312
C00024372,357022.54,479
C00024521,365394.69,108
C00024679,74345.23,30
C00024869,9728.69,26
C00024968,71299.35,93
C00025254,4546567.65,1111
C00025379,28687.95,16
C00025536,6300.9,24
C00027342,5000.0,1
C00027359,639.74,2
C00027466,163713953.11,8980
C00028860,631100.0,7
C00029348,3806.47,66
C00029447,114164.82,38
C00029504,138296.44,21
C00030718,3577826.34,63
C00030734,-8702.38,58
C00030809,15471.63,527
C00031054,1317798.11,1172
C00031088,2009489.56,1158
C00032334,798871.22,796
C00032607,11500.0,7
C00032698,142.0,8
C00032979,14747.44,30
C00032995,4659.41,490
C00033134,1352877.06,900
C00033589,3881.86,22
C00033779,16923.33,52
C00033969,1546.24,21
C00034033,368583.02,298
C00034066,1316.25,1
C00034132,45.0,2
C00034157,2172.61,20
C00034272,161.82,1
C00034330,736.12,1
C00034405,73.38,1
C00034470,-714.09,8
C00034488,3601.94,22
C00034645,10910.8,39
C00034678,80.0,4
C00034785,12720.88,28
C00035451,43618.73,93
C00035519,389.0,24
C00035535,3617.15,24
C00035600,671148.94,447
C00035618,147935.07,319
C00035675,23782.77,10
C00035691,207.0,1
C00038505,4110908.71,5620
C00038604,11178.98,45
C00039214,17452.16,41
C00039305,320.0,1
C00039321,86.85,2
C00039578,131230.56,68
C00040220,1866995.44,521
C00040253,4214.45,44
C00040279,4276.12,24
C00040329,149.99,1
C00040584,603.28,9
C00040659,5741.0,3
C00040857,608271.86,2035
C00040949,8841.21,5
C00040998,1544160.9,41
C00041160,1612892.08,625
C00041236,103105.07,157
C00041269,2948862.94,1974
C00041566,5600.38,24
C00041590,9296.83,30
C00041954,13000.0,14
C00042366,126288281.77,9726
C00042622,357018.25,315
C00043059,7435.79,26
C00043091,23289.53,42
C00043471,148.84,6
C00043919,6337.87,21
C00044776,1983161.62,553
C00044842,1397126.23,1024
C00044990,80156.38,91
C00045781,1399.32,12
C00046474,274.48,1
C00048181,439.77,2
C00048702,874.43,16
C00051979,1734.9,7
C00053553,2980108.42,447
C00055582,1174925.31,597
C00056523,14.12,1
C00059238,1193.88,6
C00059733,753.25,1
C00060103,44.4,3
C00060707,178776.04,110
C00062836,62279.43,6
C00063164,11876.48,22
C00064766,530.0,1
C00064774,4115.78,5
C00065219,13490.21,42
C00065870,23424.68,7
C00066472,25834.7,404
C00067231,12478.49,74
C00068353,511700.46,170
C00068692,104.0,1
C00071365,221547.89,259
C00072025,502768.78,1846
C00072769,6456.5,10
C00073056,185222.05,106
C00073627,1500.74,20
C00073791,9608.5,19
C00074096,1417.39,47
C00074393,750.0,1
C00074450,4034537.22,874
C00074799,615.55,12
C00075275,2565.83,30
C00075341,0.0,2
C00075820,118968339.36,8429
C00076299,18356.44,24
C00076810,2061.28,20
C00077305,1064.0,2
C00077321,46422.08,26
C00077701,1627.0,2
C00078196,193705.95,255
C00078287,1215.69,4
C00078535,2118.39,6
C00079541,67672.99,185
C00079566,1689.27,3
C00079681,8921.89,39
C00080135,1129.99,12
C00080648,2969.73,42
C00081273,8063.53,2
C00081414,3765.0,12
C00081547,4660.66,26
C00082040,297.15,1
C00082271,1760.38,9
C00082800,1648.0,2
C00082834,18552.45,35
C00082917,0.0,2
C00082925,7662219.3,496
C00083279,853063.71,88
C00083758,122.17,6
C00084061,1097.32,11
C00084368,678455.6,324
C00084491,57374.09,27
C00084871,3442.7,23
C00084954,248529.89,377
C00085506,41021.13,245
C00085910,4088.06,23
C00085977,15.78,1
C00087874,3511.56,22
C00088435,1057.87,20
C00088591,178471.98,42
C00089086,7508.29,24
C00089136,8378.24,54
C00089243,801598.27,350
C00089458,38639.73,19
C00089482,558717.17,122
C00090415,186.66,6
C00091561,600523.32,158
C00092247,14801.22,68
C00092957,38611.84,277
C00093054,1131.28,2
C00093963,7198.79,3
C00094573,6500.0,1
C00095117,915.72,25
C00095869,295.0,2
C00096156,2012765.85,200
C00096412,629303.62,572
C00097485,974.84,6
C00097725,480.0,24
C00097865,7956.67,2
C00098061,312.23,1
C00099259,1417211.3,1380
C00099267,210999.17,52
C00100107,6855.6,27
C00100321,9570.0,2
C00100644,66171.09,35
C00100693,5268.92,9
C00101105,192458.62,3
C00101204,3447.11,20
C00101626,4363.16,22
C00101766,840.0,38
C00102368,43255.47,45
C00102764,8397.56,24
C00103549,6245.7,1
C00103861,4441.45,37
C00103903,140.0,6
C00104109,8799.37,26
C00104455,422.27,8
C00104471,75222.36,27
C00104802,1406.8,24
C00104901,30480.82,21
C00105338,12679.63,26
C00105668,1077108.64,420
C00105973,626610.13,597
C00105981,32149.65,89
C00106146,29412.95,52
C00106435,4058.61,33
C00107128,5035.76,44
C00107136,2748.11,22
C00107235,143406.19,15
C00107300,250.0,1
C00108035,35547.73,67
C00108209,50.0,2
C00108613,443979.28,396
C00109546,498.34,1
C00109595,9980.5,3
C00109678,1073.07,14
C00109819,6041.15,12
C00110478,6204.05,23
C00110585,2407.85,12
C00111237,2750.0,4
C00111278,4868.46,42
C00111302,3209.48,36
C00111476,67907.12,174
C00111534,100.0,2
C00111559,120.0,4
C00112896,25.0,3
C00112995,1132.02,4
C00113159,10000.0,1
C00113225,26308.65,20
C00113241,119175.35,177
C00113753,47856.26,21
C00113803,24684.92,89
C00113811,120346.32,34
C00113845,14.94,1
C00114025,8166.15,95
C00114108,1975.41,5
C00114132,3359.34,25
C00114439,1798279.11,1006
C00114694,1031.32,27
C00115527,163646.14,54
C00116020,1180.88,2
C00116632,752852.61,394
C00117861,1879.5,1
C00118208,1454.25,10
C00118430,493.25,18
C00118943,4967.53,40
C00119008,1465.0,7
C00120030,3419.36,21
C00120055,3270538.79,625
C00120873,856.87,10
C00121368,15.0,1
C00121582,5525.0,21
C00122101,7624.77,71
C00122499,14915.92,14
C00123612,586.34,9
C00125534,389691.11,49
C00125641,29508.93,46
C00125732,3116.15,21
C00126086,1248.33,1
C00126763,40524.49,71
C00127258,450.0,6
C00127811,21604.66,40
C00128678,2724.69,6
C00128975,22.0,1
C00129189,188134.32,1
C00130658,3583206.07,704
C00130773,2566.0,21
C00130831,10377.4,7
C00131185,867509.9,150
C00132282,5774.6,66
C00132480,1000.0,1
C00133389,70.0,2
C00133611,375.0,1
C00134676,148923.27,43
C00134726,4164.0,4
C00135368,47857.08,57
C00135541,40416.23,125
C00135558,731408.23,415
C00136200,446579.46,263
C00136457,1099394.37,890
C00136689,7668.75,9
C00136853,37688.47,55
C00137265,99.0,8
C00137273,11928.32,85
C00137729,163.77,1
C00138966,8397.37,9
C00138974,5502.61,9
C00139071,8755.72,24
C00139451,748.0,1
C00139477,778.66,16
C00139568,1100.42,17
C00139600,18825.76,80
C00139659,722591.22,479
C00139964,113.57,24
C00140061,24118.55,40
C00140590,2857727.19,315
C00140707,2962.8,1
C00140715,1427199.43,777
C00140855,286.81,1
C00141218,6341.44,8
C00141572,162216.18,106
C00141812,1029111.04,634
C00142083,672.34,2
C00142299,8657.63,25
C00142711,1285.8,27
C00142786,252.27,1
C00143230,587966.89,467
C00143396,34.0,1
C00143743,2428926.53,1702
C00143867,762.47,3
C00144261,61353.11,63
C00144345,6267.45,67
C00144766,991.74,17
C00145342,1750.0,4
C00145623,8810.55,19
C00145862,5522.0,10
C00146506,1404.99,14
C00147173,35391.25,71
C00147231,1812.09,16
C00147512,12040281.31,858
C00147975,43161.35,28
C00148510,1415.9,3
C00148999,675932.18,561
C00149104,1472.69,1
C00149641,361055.61,400
C00150045,19250.0,1
C00150367,13495.97,176
C00150672,4072214.91,285
C00150797,2880.49,22
C00151175,1112.04,18
C00151340,109868.7,6
C00151688,6059.7,30
C00151787,2620.05,20
C00153031,313869.98,450
C00153445,1710.46,1
C00153577,500.0,1
C00153684,110820.99,36
C00154104,798.86,9
C00154625,4895870.38,593
C00155440,145974.65,84
C00155952,274946.01,313
C00156216,35.0,1
C00156554,12978.47,36
C00156612,2043.37,8
C00156810,1228030.4,679
C00157677,0.0,2
C00157941,232319.13,55
C00157958,1665.91,10
C00158402,44254.68,17
C00158576,98785.47,18
C00159954,3417.5,22
C00160259,4577.77,91
C00160770,87.88,2
C00160937,294196.97,489
C00161067,29284.53,61
C00161141,107.0,9
C00161190,652.74,4
C00161265,56407.28,40
C00161786,1140610.75,1254
C00161810,580106.21,392
C00162339,6128433.59,988
C00162578,102913.08,31
C00162818,443.58,1
C00163048,8555.05,25
C00163212,1980.44,34
C00163238,823.81,3
C00163253,702.84,5
C00163832,354.1,1
C00163956,15870.0,4
C00164145,250.0,3
C00164236,1138.35,3
C00164418,166790.39,393
C00164509,490.0,14
C00164848,4969.15,7
C00164939,492.59,1
C00165142,19293.94,55
C00165159,699726.86,141
C00165365,2310.0,1
C00165472,70.04,1
C00165522,139.44,1
C00165548,165831.31,79
C00165688,301525.68,64
C00165944,279.0,1
C00166272,3460.36,7
C00166348,3167.91,4
C00166355,6879.84,23
C00166710,1387366.12,755
C00167015,391478.11,379
C00167130,241270.22,31
C00167213,516068.8,260
C00167320,981857.72,741
C00167346,407325.7,535
C00167460,1955.03,17
C00167585,874628.06,351
C00167684,500.0,5
C00167759,2774.03,16
C00168070,3006.84,1
C00168864,363.97,7
C00169441,635.0,4
C00170175,134351.21,102
C00170258,27915.09,50
C00171330,38796.07,46
C00171504,1205.56,7
C00171926,978.69,19
C00172205,4209.16,21
C00172296,451008.87,83
C00172361,29960.07,14
C00172494,2424.66,3
C00172510,414333.21,588
C00172619,823446.77,396
C00172833,5395.36,21
C00172841,7037.53,46
C00173096,578.66,11
C00173153,127000.0,1
C00174334,22766.12,26
C00174847,9002.2,20
C00175521,3443.05,11
C00178038,584254.99,322
C00178418,14966.13,21
C00178541,1600.0,2
C00179408,248731.48,61
C00185652,7720.96,4
C00186064,163.53,3
C00187450,161411.74,184
C00188011,3926.92,11
C00188078,20398.45,24
C00188177,1528.55,30
C00188193,29341.24,67
C00188367,392451.07,647
C00188987,1426.2,18
C00189100,3281.13,5
C00190934,106158.69,36
C00190991,31714.91,28
C00191247,437744.76,373
C00191288,279530.37,95
C00192153,487.9,43
C00193342,987093.48,393
C00193383,628.0,1
C00193433,53788055.83,10323
C00193441,10343.74,18
C00193623,225391.24,83
C00193631,13850.51,47
C00193854,9761.41,57
C00194647,178.23,1
C00194746,16609.21,25
C00195024,5770.54,11
C00195628,18271.35,56
C00195891,767.72,15
C00196089,10234.23,30
C00196246,296.45,6
C00196428,102.11,25
C00196444,55550.83,18
C00196725,4371.2,38
C00196774,1104809.96,1341
C00196915,62248.65,31
C00197103,5101.84,2
C00197160,19673.79,57
C00197715,1366.8,12
C00197749,2105.01,22
C00198259,5500.0,6
C00198861,3500.0,27
C00199257,8743.94,8
C00199703,1687.38,20
C00199711,247.65,1
C00200584,53918.04,34
C00200865,159824.24,81
C00201533,700.0,2
C00201863,1887.54,3
C00201871,16771.61,6
C00202176,5537.05,33
C00202184,1276.93,6
C00202416,6863.29,7
C00202804,6811.75,2
C00203497,272376.02,45
C00204453,7500.0,6
C00205369,3000.0,4
C00206136,891.71,4
C00206177,151544.6,20
C00207258,588.3,3
C00207308,220.5,10
C00207399,75394.33,182
C00207944,1301.68,3
C00207969,7500.0,2
C00207993,4554.6,2
C00208322,734.77,7
C00208991,291963.12,50
C00210344,4312.32,24
C00210526,2049.0,2
C00210617,784.85,19
C00211318,549607.56,72
C00211524,88322.53,16
C00211763,258536.39,48
C00212092,2997.69,12
C00212423,11409.75,17
C00212787,177883.51,240
C00213066,15824.54,20
C00213173,6118.0,48
C00213512,7723628.11,1237
C00213645,2236.33,2
C00213819,21073.51,127
C00214072,651.3,14
C00214148,8379.19,22
C00214643,6813954.82,48
C00214981,5265.28,23
C00215129,1628.99,1
C00215384,50.0,4
C00215905,5869.07,13
C00216127,25098.1,6
C00216184,2207.42,12
C00216614,1817133.1,2708
C00216770,2183.86,28
C00216895,6990.3,23
C00219121,39.0,13
C00219444,37090.53,49
C00219568,20330.17,62
C00219642,322000.23,27
C00219881,12620.64,18
C00220269,10719.73,2
C00220558,3348.46,5
C00220566,500299.84,305
C00221077,3858.1,28
C00221507,674.74,14
C00222000,12300.0,2
C00222422,1358.43,7
C00223297,1806.66,1
C00224717,898370.78,5643
C00225342,48296.0,30
C00226522,1672458.75,839
C00226928,2136141.9,760
C00227546,1693.89,24
C00227744,383460.59,34
C00228296,4374.81,8
C00229104,42200.58,32
C00229377,301618.09,92
C00230342,15729.94,25
C00230482,782034.32,354
C00232835,8388.0,10
C00232967,275.16,1
C00233049,10430.0,6
C00233353,10200.0,24
C00233361,36647.32,57
C00235184,3447.3,13
C00235572,121529.63,61
C00235655,640094.35,149
C00235739,1227.1,23
C00235762,663.9,12
C00235853,193045.9,279
C00236414,1301.02,27
C00236489,33862.7,175
C00238204,196628.44,196
C00238444,45911.44,138
C00238725,375661.85,51
C00238865,953383.81,619
C00238907,497705.84,409
C00239038,2244.0,4
C00239780,1183.22,13
C00239848,4109.12,24
C00239905,11407.27,25
C00240457,223.31,11
C00240796,8.16,4
C00240911,919.79,13
C00241083,32923.82,140
C00241323,572.27,7
C00241349,89.16,1
C00241380,8473.97,7
C00242024,1000.0,1
C00242057,1524.28,13
C00243428,767.26,1
C00243659,21227.7,2
C00244335,289030.6,221
C00244533,14608.21,26
C00245548,12788.82,77
C00246306,29813.24,26
C00247197,51162.39,1
C00247262,505.0,2
C00247403,598363.37,335
C00247783,112.0,7
C00248427,300.0,7
C00248658,12108.14,25
C00248690,300.0,1
C00248948,58005.55,30
C00249342,7409.78,23
C00250027,1053.01,11
C00250068,304.5,4
C00250399,1458485.68,1008
C00250753,13894.75,98
C00250993,63344.66,76
C00251447,5024.63,44
C00251751,0.0,2
C00252056,58594.15,20
C00252338,84.76,2
C00252395,222128.16,96
C00252551,77335.27,340
C00252684,1031.91,17
C00252825,18030.81,9
C00252940,151677.98,1136
C00253153,214.59,3
C00253187,13255.46,7
C00253260,129161.51,151
C00253294,1162130.57,940
C00254193,18076.35,9
C00254201,734.33,8
C00254490,14405.14,6
C00254938,17935.66,35
C00255091,615.1,49
C00255562,1355590.68,504
C00255695,2651965.22,2322
C00255752,294172.65,104
C00255976,69360.0,33
C00256453,272.83,16
C00256925,887497.47,547
C00257246,506.96,3
C00257279,53654.67,74
C00257329,810.96,10
C00257337,7556475.75,1104
C00257642,1730741.24,1461
C00257956,43583.58,67
C00258236,5336.81,7
C00258475,537846.75,192
C00258855,19338.26,17
C00259143,23459.34,24
C00259481,573853.4,228
C00259572,767.08,12
C00261339,600.45,3
C00261891,68285.77,23
C00263053,165606.1,169
C00264101,53634.97,46
C00264564,8882066.45,423
C00264689,69359.2,36
C00264697,97460584.55,2517
C00265033,3215.43,25
C00265603,146607.13,41
C00266940,1629033.84,637
C00267385,47057.26,44
C00267849,65530.59,4
C00269241,32.0,2
C00269340,31995.0,28
C00269779,520.51,13
C00270934,278503.64,420
C00270967,358.0,23
C00271312,478716.8,359
C00271338,4893357.76,743
C00272153,2629.5,2
C00272211,174964.0,128
C00272724,42571.29,31
C00273169,1199.95,4
C00274423,9139.56,105
C00274944,4989.98,41
C00275230,11990.5,8
C00276311,2500.0,1
C00276485,119.61,3
C00276592,469.49,2
C00276659,5162.0,44
C00277152,423.35,2
C00277335,478084.82,426
C00277541,358053.39,421
C00278101,6255.74,260
C00278689,6606.35,14
C00279182,4000.0,2
C00279224,85.83,5
C00279331,750.0,2
C00279380,146831.84,78
C00279455,469.31,9
C00279737,3000.0,8
C00279802,303881.88,347
C00279828,11247.83,7
C00279851,1294816.65,721
C00280222,275123.83,55
C00280743,-101.27,6
C00280909,268.44,6
C00281162,16625.24,25
C00281212,890.25,15
C00282343,48018.84,36
C00283135,16575.62,21
C00283523,13707.24,14
C00284810,5458.85,13
C00284885,9995.8,32
C00285171,659203.11,406
C00285254,21825.65,52
C00285593,0.0,2
C00286401,6255.13,14
C00286500,209283.27,182
C00286807,678.95,1
C00286880,73525.67,33
C00287003,0.0,2
C00287045,297.19,1
C00287904,866399.01,498
C00287912,838404.01,508
C00289603,1927931.0,991
C00290304,6643.21,51
C00290502,10.0,1
C00290825,750000.37,303
C00290973,1094.77,24
C00291914,14936.71,15
C00293910,91500.0,20
C00294918,52834.17,37
C00295527,16546.23,78
C00295964,73047.3,26
C00296640,727054.82,193
C00296822,230.41,1
C00297531,26900.75,74
C00297630,20600.0,3
C00297671,8500.0,3
C00297739,6835.45,42
C00298000,1849091.03,439
C00298190,636.12,7
C00298356,1688.12,3
C00299396,48221.74,22
C00299404,6223.58,10
C00299867,6925.33,4
C00300236,14189.0,119
C00300376,2647.97,7
C00300707,6925.14,98
C00300731,67806.76,169
C00300921,2114983.69,1654
C00301838,38801.26,36
C00301929,773.65,8
C00302232,5834.82,5
C00302240,1988.29,18
C00302695,493.71,6
C00303024,454646.17,41
C00303305,455484.57,290
C00303339,254433.54,122
C00303883,500.0,2
C00304477,298.0,1
C00304634,1593.6,16
C00304709,1228585.55,871
C00304758,87443.05,33
C00305318,1847812.48,384
C00305805,149750.95,211
C00306035,52706.66,53
C00306175,348.0,12
C00306449,15682.17,21
C00306860,26177.7,14
C00306894,10894.77,109
C00307314,605722.1,423
C00307991,12806.6,78
C00308460,575.0,4
C00308478,10151.57,34
C00308676,2298211.37,1312
C00308742,699712.38,446
C00309567,389581.05,2382
C00309716,81.0,7
C00310532,985283.97,433
C00311043,146377.01,165
C00311142,17364.92,22
C00311308,260.0,8
C00311639,845329.14,435
C00311878,327.27,18
C00311944,86563.91,34
C00312017,14531.06,64
C00312223,719.33,15
C00312785,557.74,17
C00313247,1385718.34,461
C00313510,1260309.66,546
C00313700,1160.0,18
C00314575,615684.7,578
C00314617,16035.58,146
C00316455,433.34,1
C00318196,532.0,2
C00318766,1260.0,3
C00319319,1179.0,34
C00319681,500.0,1
C00319723,2902.67,21
C00320101,999.96,1
C00320218,9373.2,23
C00320432,57389.06,135
C00321943,350163.72,494
C00322768,15367.31,52
C00323048,1429.65,37
C00323352,110515.87,128
C00323576,4195.59,3
C00323758,1175.85,5
C00323923,81584.79,372
C00324673,5000.0,1
C00325076,305082.91,375
C00325092,2574.31,20
C00325324,1155.5,47
C00325332,23401.86,428
C00325357,24040.71,11
C00325464,86799.63,55
C00325639,4113.87,27
C00325647,700.33,2
C00325936,13196.8,300
C00325993,59153.43,16
C00326082,3648.45,7
C00326363,2080431.0,1085
C00326439,227039.63,62
C00326595,105.0,3
C00326751,22109.99,40
C00326801,52117144.7,4583
C00326835,30534.32,30
C00327023,1151965.44,768
C00327072,1185.24,17
C00327106,242779.42,198
C00327189,360329.08,54
C00327478,9512.14,50
C00328211,38868.82,39
C00328369,1093.02,13
C00329326,3500.0,2
C00329425,12217.0,3
C00330118,18488.82,37
C00330142,1279219.46,1224
C00330233,3594.54,13
C00330696,4557.5,7
C00330720,34016.49,15
C00330886,926966.22,675
C00330894,751.0,2
C00331314,7161.02,45
C00331397,1246045.09,617
C00331454,13326.11,2
C00331694,303463.56,193
C00331769,245558.29,119
C00331918,10800.83,25
C00332221,9819.04,63
C00332296,123309.62,42
C00332643,175.0,1
C00332841,3204.35,33
C00333104,2166.81,11
C00333427,75723.43,129
C00333666,17500.0,9
C00334029,600.0,1
C00334193,300.0,1
C00334383,46375.01,16
C00334417,1647.59,6
C00334706,89168.08,58
C00335257,8243.92,8
C00335570,253.28,1
C00336743,46855.21,277
C00337394,1370.0,1
C00337626,2017.18,20
C00337733,5083255.43,925
C00337808,1177.0,1
C00338020,194065.84,65
C00338558,51.95,2
C00339226,10884.59,13
C00339655,5619.71,41
C00340018,169.01,7
C00340075,15711.88,22
C00340356,4174.99,20
C00340364,1011.2,13
C00340455,871.0,17
C00341396,51395610.68,2292
C00341792,1025.0,3
C00341800,3597.39,29
C00342022,10005.88,24
C00342394,222.0,5
C00342857,247480.58,429
C00342907,36347.49,43
C00343137,58007.26,126
C00343459,22601.96,23
C00343574,127554.16,110
C00343871,60545694.42,2572
C00344010,383.33,12
C00344234,4319916.74,400
C00344325,31710.74,99
C00344473,711852.48,349
C00344648,65007.25,61
C00344697,47076.08,163
C00344721,687.24,19
C00344770,2056.8,48
C00344788,18237.91,18
C00345058,76556.62,32
C00345132,53244.65,37
C00345546,1623992.48,671
C00346130,239.6,8
C00346239,15872.56,9
C00346296,2250.0,2
C00346312,3017597.65,651
C00346353,625.0,2
C00346403,1840.0,22
C00346619,6714.31,12
C00346726,6100.12,31
C00347195,486735.4,217
C00347260,19842.4,7
C00347476,15364.52,23
C00347492,240890.28,31
C00347591,30694.36,11
C00347955,3292.13,22
C00348243,8647.37,67
C00348540,77373.0,11
C00348607,1406944.03,375
C00348623,1417.08,1
C00349217,477859.58,432
C00349233,373684.13,150
C00349506,9271568.24,2748
C00349902,6001.85,4
C00350744,1126.63,9
C00350991,117439.39,160
C00351015,2300.0,1
C00351031,68886.67,84
C00351197,16056.57,74
C00351270,3345.83,27
C00351379,2803.75,1
C00351924,6620.6,10
C00352922,80.0,4
C00353037,7973.17,11
C00353797,201.75,4
C00354332,11403.04,28
C00354548,4658.67,6
C00354605,5865.76,63
C00354688,1095805.39,888
C00354753,4331.78,8
C00355289,1500000.0,3
C00355677,7379.99,94
C00356477,3823.1,37
C00357863,297.64,3
C00357905,166184.38,66
C00358234,52.0,4
C00358440,3320.23,21
C00358663,2626749.56,640
C00358812,68357.86,31
C00358903,8142.24,16
C00358960,5565.16,3
C00358994,1264.94,8
C00359034,1665870.65,443
C00359075,2516.33,10
C00359380,5035.15,36
C00359463,2400.0,8
C00359539,55013.68,45
C00359588,282.18,2
C00359992,7929.65,7
C00360008,5683.2,39
C00360354,2951.7,25
C00360669,4051.21,2
C00361014,480.5,14
C00361410,103712.94,114
C00361485,29766.74,29
C00361758,1320.0,2
C00361949,9858.5,1
C00361956,32208.19,42
C00362178,15184.03,26
C00362236,12996.99,13
C00362624,49700.12,26
C00363317,8280.55,11
C00363648,168573.18,229
C00363770,10074.91,5
C00363838,3669.46,13
C00363879,7584.18,23
C00363986,14098.62,34
C00364109,2969.45,65
C00364133,43596.32,26
C00364158,32125.34,105
C00364174,6371.5,7
C00364778,594.62,1
C00365270,346183.22,168
C00365502,1440.67,8
C00365536,11061121.68,1685
C00365551,7206.82,8
C00366468,1719.39,14
C00366948,771484.58,451
C00367094,18318.76,5
C00367177,829.82,16
C00367862,1913870.53,759
C00367995,9.68,1
C00368332,15571.67,52
C00368522,857817.58,821
C00368696,744326.13,216
C00368720,0.0,2
C00369033,783730.93,601
C00369090,3785.69,14
C00369181,165413.4,244
C00369660,17074.05,22
C00369751,285.0,12
C00369801,1647799.86,860
C00370007,70.5,1
C00370056,569886.37,746
C00370122,153560.14,165
C00370130,53897.33,31
C00370221,416722.76,622
C00370577,1010.97,16
C00371203,1552112.63,410
C00371302,2269897.51,1498
C00371948,500.0,2
C00372201,36580.35,67
C00372367,20.0,4
C00372532,1358496.05,541
C00372722,1336.81,9
C00372862,120.0,4
C00373001,1112869.25,414
C00373050,149.8,6
C00373563,55714.0,7
C00373696,8957.74,51
C00373837,1140.81,24
C00373910,3028.81,46
C00374058,448022.03,722
C00374066,3644.32,2
C00374355,300.0,1
C00374363,358.8,12
C00374447,1458.63,9
C00375048,4848.73,19
C00375154,5061.14,9
C00375279,3940.13,35
C00375360,24855.93,49
C00375584,425869.31,272
C00375691,3700.0,3
C00376038,356717.95,143
C00376087,1530825.69,704
C00376343,13212.46,99
C00376582,3704.86,40
C00376665,31294.89,33
C00376673,881652.21,449
C00376756,6222.71,11
C00376939,11955463.2,1240
C00377143,179526.01,116
C00377168,1298.4,24
C00377598,592.5,5
C00377689,139031.49,95
C00378216,300.0,1
C00378356,500.0,3
C00378695,137939.33,53
C00378752,387.51,8
C00378950,2000.0,2
C00379180,6735.0,24
C00379479,142081.13,85
C00379735,4900118.66,600
C00379768,14297.87,24
C00379974,2294.05,30
C00380196,679.5,2
C00380352,4984.7,51
C00380527,0.0,2
C00380568,322818.7,104
C00380675,8180.0,20
C00380873,17708.89,41
C00381277,8964.5,3
C00381681,12826.62,44
C00381699,10000.0,2
C00381806,37151.33,34
C00381954,201.0,3
C00382028,18017.7,59
C00382143,3597.1,23
C00382150,1106.19,17
C00382283,1086.11,4
C00382424,11435.79,439
C00382432,417.47,5
C00382457,376.0,2
C00382556,14078.0,5
C00382796,165.0,11
C00383604,1850.2,26
C00383661,3225.6,32
C00383828,19874.42,85
C00383950,36233.44,13
C00383976,99323.06,212
C00384016,119.0,1
C00384057,1538337.34,526
C00384479,6344429.6,1041
C00384529,695015.33,539
C00384578,390.0,1
C00384693,15768.45,29
C00385039,388.02,1
C00385187,1921.87,1
C00385195,562.15,14
C00385377,23258.14,32
C00385393,29564.35,87
C00385534,47663.22,48
C00385740,729.04,3
C00385773,2018624.6,2032
C00385799,56825.19,170
C00385849,1908.03,28
C00385989,32357.91,24
C00386136,596.0,2
C00386300,1000.0,2
C00386524,245.0,2
C00386532,13633.91,41
C00386748,1938351.06,1188
C00386755,16709.24,23
C00386847,18104.91,32
C00386904,31981.31,55
C00387274,27885.93,24
C00387464,1657011.34,402
C00387555,72940.89,40
C00387696,6491.82,5
C00387720,1425.0,2
C00387894,395.95,2
C00388181,2500.0,2
C00388470,637.15,5
C00388504,852.0,3
C00388587,220.52,1
C00388819,639.95,6
C00388827,1958.98,20
C00388934,570578.54,199
C00389189,15871.54,64
C00389510,9298.0,21
C00389585,1058.72,21
C00389858,245.0,1
C00389916,24497.31,9
C00389981,158942.17,148
C00390104,8820.6,32
C00390161,109244.64,72
C00390351,1329.6,9
C00390476,2784347.01,1219
C00390526,1059.66,74
C00390641,1165.0,2
C00390674,404140.0,98
C00390724,1578178.51,796
C00391029,1588970.45,403
C00391797,376121.83,119
C00391979,16579.07,23
C00392670,16066.63,27
C00392688,3174990.34,913
C00392738,543292.27,288
C00392795,24171.72,31
C00392928,51749.07,154
C00393041,61225.71,121
C00393173,100.0,2
C00393298,30585.97,5
C00393348,169356.0,170
C00393553,8089.01,1
C00393629,1294153.68,704
C00393652,8206.76,29
C00393728,2144.48,225
C00394163,1626.5,2
C00394445,125.0,24
C00394452,44010.61,70
C00394460,36965.92,24
C00394957,6474607.43,1113
C00395541,769.0,3
C00395590,34389.45,41
C00395723,10135.73,28
C00395848,1424146.42,485
C00395889,30172.72,106
C00395947,873.14,9
C00396242,3600.0,2
C00396556,4417.84,16
C00396671,19056.22,95
C00396895,388.01,4
C00396994,12090.72,34
C00397505,1293024.81,2258
C00397554,663.48,16
C00397851,1337.19,17
C00398040,7502.0,11
C00398248,5980.06,5
C00398644,58440.12,59
C00398750,315286.99,150
C00398800,715.6,9
C00399071,135872.71,273
C00399196,562963.6,112
C00399444,100848.01,173
C00399642,243.75,8
C00400317,694.0,1
C00400333,877.94,7
C00400465,69963.48,54
C00400929,474.88,1
C00400945,6626.67,3
C00401034,498277.78,324
C00401083,20805.23,4
C00401190,42279.3,87
C00401224,87074366.99,14164
C00401463,2500.0,10
C00401687,4051.0,24
C00401786,817724.96,389
C00402081,1471.96,9
C00402628,165470.53,233
C00402768,690.24,2
C00402800,238935.94,628
C00402826,7838.58,7
C00402842,36812.89,56
C00403071,118646.5,148
C00403105,739.24,16
C00403477,217.87,1
C00403535,47510.54,60
C00403592,325498.23,218
C00403675,38.0,2
C00403709,2976.25,7
C00403741,29033.25,41
C00403816,4471.11,14
C00403824,3459.91,22
C00403881,13583.51,50
C00403907,359.4,1
C00404020,31729.63,32
C00404145,3092.19,15
C00404178,6164.95,30
C00404301,58096.12,200
C00404319,25800.2,47
C00404335,159.02,3
C00404392,308178.08,140
C00404434,6330.52,62
C00405043,600.0,2
C00405050,172330.0,132
C00405076,1441.11,3
C00405233,39799.5,84
C00405340,2047.89,8
C00405506,1890.6,5
C00405555,4082.13,5
C00405563,2329.86,4
C00405597,165.0,22
C00405878,140014.52,469
C00406041,319590.67,340
C00406256,6290.0,14
C00406447,97253.02,161
C00406553,18143.95,60
C00406645,287164.74,410
C00406801,988.0,3
C00406850,7760.75,23
C00406876,4440.85,19
C00407007,22731.15,30
C00407080,972.05,6
C00407635,86.05,19
C00407841,4336.14,27
C00407866,707.68,14
C00408088,250.0,1
C00408120,13894.75,16
C00408260,50197.15,45
C00408344,15423.73,32
C00408435,145.0,8
C00408484,28934.35,74
C00408518,3389.74,20
C00408534,1580464.55,1047
C00409003,1841463.26,536
C00409102,37273.74,38
C00409110,17741.93,21
C00409219,773811.45,347
C00409227,476.28,3
C00409276,440186.73,153
C00409359,7984.03,56
C00409391,25778.34,33
C00409490,16770.74,26
C00409516,56495.9,5
C00409565,3301.63,78
C00409581,1619335.02,823
C00409623,203246.47,114
C00409714,10183.34,24
C00409730,3507788.78,783
C00409797,2910.0,30
C00410043,1019.76,6
C00410068,385697.42,164
C00410084,1683.3,11
C00410092,592880.05,229
C00410118,14083.34,45
C00410167,3974.22,13
C00410233,1104662.66,473
C00410274,6827.94,48
C00410308,233741.23,264
C00410407,38807.69,23
C00410621,108649.88,36
C00410639,598175.86,20
C00410670,761.5,18
C00410753,566.28,3
C00410761,1046553.89,525
C00410803,4246534.39,1191
C00410829,1457.11,6
C00411082,20761.28,110
C00411116,1861.7,18
C00411173,15784.17,44
C00411306,270.0,1
C00411330,6399122.6,1440
C00411553,11774.78,54
C00411587,224771.48,167
C00411611,43940.53,22
C00411694,759.49,8
C00411918,225.24,8
C00412072,47864.61,152
C00412098,5223.93,20
C00412288,15208.34,27
C00412304,85747383.06,2576
C00412569,261884.77,395
C00412619,783.04,11
C00412635,180.0,6
C00412759,2143082.16,618
C00412791,1097046.49,342
C00412890,1409180.44,598
C00413096,6256.77,3
C00413179,468.93,6
C00413567,3218.83,32
C00413914,12833719.9,1076
C00413948,731909.9,244
C00414474,3693.24,55
C00414490,150.0,1
C00414649,1083.0,19
C00415075,19792.65,17
C00415182,138810.97,193
C00415208,104709.76,86
C00415331,884518.44,987
C00415372,311.77,2
C00415745,906.44,4
C00415752,605975.82,477
C00415869,125.0,1
C00415992,51879.62,29
C00416131,1682471.42,704
C00416594,9714058.12,1603
C00416743,184832.17,294
C00416982,583.12,1
C00417063,678985.46,451
C00417097,616.9,4
C00417295,1500.0,1
C00417493,167542.85,240
C00417584,5288.23,34
C00417634,26081.61,220
C00417733,3402.86,29
C00417766,35.0,1
C00417865,9591.46,8
C00418103,1449.12,23
C00418293,503908.74,796
C00418400,29000.0,4
C00418582,8289.33,10
C00418731,4512.6,24
C00418830,1949.88,24
C00418889,165356.32,191
C00418897,6157827.08,1610
C00419051,45.2,1
C00419242,7956.81,8
C00419283,18005.11,4
C00419630,72128.12,120
C00419911,2622.0,2
C00419986,29312.55,52
C00420398,6018.53,88
C00420695,49006.49,69
C00420745,284208.39,237
C00420760,2487125.43,862
C00420836,7633.96,9
C00420935,11117110.65,976
C00421230,3102.91,44
C00421982,16263.98,9
C00422022,7564.45,56
C00422428,14747.75,112
C00422519,4750.0,3
C00422774,195757.24,81
C00422980,243038.41,97
C00423012,19761.19,135
C00423079,122362.7,67
C00424143,13469.0,15
C00424218,970.85,17
C00424382,1821.1,19
C00424515,3659.79,14
C00424713,662309.59,873
C00424788,716.64,11
C00424838,209.97,1
C00425439,96230.01,19
C00425470,491421.52,425
C00425520,7336.42,11
C00425546,1071.42,1
C00425975,100.0,1
C00426072,350.0,14
C00426163,4172.49,3
C00426320,176869.69,680
C00426445,15832.65,3
C00426775,1139.92,2
C00426809,743343.85,84
C00426874,6908.44,77
C00426965,7265.92,29
C00427203,19657.1,85
C00427401,86197.39,29
C00427435,197470.07,483
C00427575,8324.09,52
C00427617,5129.87,13
C00427856,2495.94,5
C00428052,2084702.48,406
C00428094,183.24,4
C00428110,273.27,25
C00428375,204.0,1
C00428391,3042.81,20
C00428516,54111.77,180
C00428649,3058.7,5
C00428706,29256.08,32
C00429001,323.78,1
C00429175,69.0,3
C00429464,1918.4,6
C00429571,22549.67,53
C00429787,8307.74,12
C00429886,393.08,38
C00430108,20410.02,73
C00430157,2909.22,1
C00430280,111728.99,74
C00430397,144.0,1
C00430421,2658.01,7
C00430462,196613.0,36
C00430579,97896.78,39
C00430991,1841742.56,735
C00431056,56242796.65,2087
C00431072,445.6,2
C00431114,2704.43,14
C00431197,1248.74,8
C00431304,111904.76,101
C00431312,8557.49,19
C00431353,12782362.06,2199
C00431403,177886.68,79
C00431460,10783.68,10
C00431478,370908.32,1124
C00431544,50566.7,86
C00431601,220969.75,165
C00431643,1000.0,1
C00431874,291842.2,150
C00431924,1368.39,32
C00431932,2164.55,29
C00432096,3085.0,3
C00432104,10532.69,14
C00432260,101956.84,564
C00432393,44.95,1
C00432401,-6804.5,2
C00432526,366.84,4
C00432757,7495.67,46
C00432765,4750.0,19
C00432815,12284.65,28
C00432823,1845.48,16
C00432856,50.0,1
C00432930,9881.44,25
C00433060,859738.86,168
C00433219,33394.01,20
C00433318,13657.98,5
C00433391,239787.19,371
C00433524,10000.19,3
C00433680,449111.31,238
C00433730,29346.33,22
C00433805,1216.85,21
C00434191,829517.96,544
C00434563,11326745.53,1241
C00435024,663.72,5
C00435099,1894846.74,799
C00435321,3795.96,4
C00435651,650.0,1
C00435974,595759.54,602
C00436022,1054428.41,291
C00436055,837.01,2
C00436386,3937233.27,691
C00436998,59714.6,109
C00437079,9856.22,30
C00437277,1044555.63,1058
C00437376,20868.96,3
C00437525,584.0,1
C00437889,1098642.47,681
C00438002,1765.29,2
C00438028,2327.53,4
C00438291,426743.32,175
C00438481,33461.07,15
C00438697,887142.26,285
C00438713,1069966.91,515
C00438754,871.46,10
C00439398,102483.37,615
C00439521,281004.07,75
C00439646,15616.2,197
C00439992,208360.36,107
C00440032,40342.65,28
C00440362,444370.5,182
C00440453,219.0,1
C00440644,101650.47,65
C00441014,1828956.72,697
C00441352,26447.55,56
C00441733,3374.15,22
C00441808,2813.68,24
C00441949,44596.44,163
C00442020,11369.71,40
C00442368,692233.23,210
C00442434,30.41,1
C00442624,1365.38,2
C00442913,57.78,2
C00442921,957556.93,604
C00442996,8993.86,48
C00443119,16972.2,12
C00443218,6268020.33,1705
C00443580,228996.68,446
C00443671,1102.74,20
C00443689,622737.08,453
C00443705,79742.39,72
C00444117,13995.94,38
C00444224,500.0,2
C00444430,3758.16,76
C00444620,1409985.45,1116
C00444638,60.0,5
C00444968,518672.52,386
C00445023,2139321.48,498
C00445163,13839.51,15
C00445379,13909.95,18
C00445452,2030304.74,814
C00445593,1198.8,50
C00445817,1239.98,4
C00446237,1625.27,312
C00446294,5000.0,1
C00446815,1082651.07,1170
C00446906,5385.83,10
C00447185,18038.71,33
C00447284,12429.36,35
C00447474,22491.13,28
C00447565,62658.79,85
C00448001,41797.3,32
C00448373,10650812.9,3759
C00448654,260.0,23
C00448696,2244048.5,490
C00449074,313.51,23
C00449512,28287.28,99
C00449538,5091.02,13
C00449645,6698.34,9
C00449686,25910.3,73
C00449926,8800.3,9
C00450049,1170380.03,976
C00450056,2938.22,20
C00450072,422.0,1
C00450098,1136275.93,627
C00450189,444.17,17
C00450239,-867.2,70
C00450320,20191.06,33
C00450353,690.0,1
C00450577,9635.24,10
C00450692,228425.47,128
C00450916,3562.81,11
C00451153,70075.95,36
C00451336,98366.88,30
C00451351,89.86,3
C00451583,71058.37,17
C00452037,2500.0,1
C00452276,19368.0,55
C00452482,67814.7,34
C00452490,1718.41,17
C00452748,21850.77,11
C00452763,33129.78,113
C00452847,320426.0,8
C00452854,14754.05,18
C00453290,2104.14,12
C00453704,23226.27,39
C00454074,1590043.64,601
C00454132,4617.63,1
C00454454,10978.32,20
C00454660,4857.01,28
C00454694,777947.93,51
C00454751,214.83,1
C00454793,2200.0,22
C00454819,4118.8,31
C00454942,501.25,1
C00455287,295.0,1
C00455352,8560.49,36
C00455394,87586.74,97
C00455659,21493.62,91
C00455683,54044.76,243
C00455717,247027.88,144
C00455725,26426.62,42
C00455865,225.0,1
C00455923,230954.1,104
C00456764,87421.72,155
C00456772,38165.12,148
C00457200,13842.32,31
C00457226,828.94,6
C00457242,243.05,14
C00457325,987419.38,649
C00457366,22010.55,74
C00457556,713168.17,779
C00457754,19421.11,18
C00458000,3967106.4,1402
C00458042,649.08,14
C00458117,1788106.77,300
C00458125,968339.19,312
C00458158,1611.47,10
C00458257,3324.58,39
C00458315,400473.54,869
C00458398,1390529.25,760
C00458463,188313.48,150
C00458570,64175.27,116
C00458679,602077.35,403
C00458794,13506.75,5
C00458828,3304273.07,531
C00458877,51881.95,28
C00458976,2218619.66,1343
C00459099,2223748.59,979
C00459123,14378.65,13
C00459222,9200.0,29
C00459255,1042732.81,715
C00459297,2917624.29,735
C00459693,2527.5,4
C00459925,23281.73,56
C00459941,300.0,1
C00460055,485229.6,479
C00460063,25242.77,33
C00460147,89939.76,2
C00460261,19538.34,47
C00460378,250.0,1
C00460402,2748.46,3
C00460550,716523.36,457
C00460659,682178.26,494
C00460899,600.0,2
C00460972,345248.95,636
C00461046,65192.94,57
C00461061,879130.59,511
C00461137,3051.74,3
C00461251,1460.87,12
C00461756,3514.75,18
C00461806,465140.55,477
C00461822,549987.67,621
C00461996,56304.5,77
C00462333,92003.39,41
C00462374,552842.78,315
C00462564,31630.6,5
C00462630,25997.08,23
C00462648,2810.16,2
C00462697,653160.5,391
C00462861,873726.41,1226
C00463828,19908.65,58
C00464073,183606.87,211
C00464149,1968.66,2
C00464339,83864.96,47
C00464602,9672.74,12
C00464727,1147.5,4
C00464982,432.93,8
C00465054,550.0,2
C00465211,12000.0,24
C00466094,566.0,5
C00466482,633128.39,601
C00466516,38694.62,34
C00466813,13050.76,57
C00466854,12301.28,55
C00466870,64991.26,83
C00467134,10451.13,5
C00467431,354726.67,102
C00467571,1939832.73,940
C00467639,4640.04,24
C00467837,75308.5,101
C00468256,449833.82,452
C00468314,92315.99,116
C00468405,2700.0,5
C00468579,42799.95,53
C00468660,433.33,1
C00469023,202587.63,138
C00469163,18780.5,10
C00469205,1343.36,13
C00469239,40174.89,160
C00469254,4224.14,14
C00469429,220714.56,105
C00469882,25912.04,38
C00469890,3143.95,17
C00470666,125.0,1
C00470757,9754.0,44
C00470765,55137.64,41
C00471169,276.71,1
C00471540,6198.12,44
C00471573,25263.57,1
C00471813,4088.1,4
C00472159,3696.66,12
C00472365,6166.04,9
C00472704,8657.76,21
C00472894,229191.58,272
C00473116,10256.21,28
C00473132,403.64,1
C00473272,8032.86,37
C00473371,470017.73,560
C00473827,4953211.78,1098
C00473918,1367858.72,86
C00474122,2408.09,9
C00474189,870625.86,1185
C00475335,2500.0,1
C00475343,261.33,22
C00475392,843562.11,544
C00475475,5000.0,1
C00475673,648.39,2
C00476192,27875.44,4
C00476291,1107542.51,308
C00476317,333138.55,334
C00476523,82268.13,47
C00476564,292942.02,129
C00476820,583536.29,378
C00476978,9655.46,83
C00477240,683859.82,596
C00477299,465.03,12
C00477323,9733.87,12
C00477745,2672118.13,609
C00478362,2324.82,15
C00478404,166751.35,8
C00478800,8005.99,27
C00479063,668431.68,279
C00479501,11378.52,28
C00480061,932.71,1
C00480145,1204.69,18
C00480228,604549.52,212
C00480830,92457.91,27
C00480863,200.0,5
C00481176,69439.63,27
C00481200,57947.56,57
C00481309,300.7,3
C00481531,54853.17,43
C00481911,1024640.37,580
C00481978,564.9,4
C00482463,504.0,4
C00482570,195.0,12
C00482703,26791.2,8
C00482737,567082.9,255
C00482984,4555570.73,827
C00483412,501.34,1
C00483487,88345.0,60
C00483677,4729.55,27
C00483693,463772.12,138
C00483883,6279118.47,332
C00483891,3420.0,79
C00484055,2356.48,1
C00484402,376550.85,134
C00484451,150.0,3
C00484535,24707.23,36
C00484592,2397.71,32
C00484642,50143794.0,1297
C00484725,2590.35,8
C00485102,230519.82,289
C00485540,2000.0,2
C00485896,3379.76,14
C00486050,305.11,8
C00486217,442.16,2
C00486498,427.57,8
C00486563,949664.32,389
C00486720,69937.15,40
C00486845,1540284.98,1252
C00486928,14172.46,39
C00486944,2460.61,21
C00487181,2629.13,26
C00487298,5796.2,17
C00487363,1096185.12,142
C00487470,3526604.91,915
C00487678,34500.0,9
C00487702,3727.79,46
C00487827,7161.14,35
C00487892,7256.19,33
C00487942,135359.17,42
C00488080,8702.24,10
C00488338,87504.05,38
C00488387,333927.83,648
C00488403,2287.79,20
C00488429,2700.0,13
C00488478,4802.13,22
C00488486,84563.25,7
C00488494,3246.88,6
C00488585,1840.0,1
C00488742,668646.0,42
C00489070,41.29,1
C00489112,68256.46,34
C00489252,50089.44,10
C00489336,406630.93,126
C00489419,148038.14,64
C00489427,123619.13,57
C00489617,26466.05,97
C00489799,7940105.86,635
C00489815,174018.32,7
C00489823,155.0,1
C00489831,7730.07,21
C00489856,219701.12,30
C00489898,627.06,1
C00489906,45422.8,31
C00490235,199150.04,70
C00490375,177766.67,19
C00490524,7231.26,3
C00490698,1595.1,9
C00490730,43173.78,9
C00490847,41019.96,50
C00490896,1724.16,3
C00490961,227.0,1
C00491050,3175.91,14
C00491118,4314.7,15
C00491142,9480.01,5
C00491183,61878.74,30
C00491241,4376.54,8
C00491357,577239.09,191
C00491365,308.98,6
C00491456,1401.8,2
C00491654,67480.23,18
C00491936,51159.46,100
C00491951,385.83,10
C00492025,47344.9,62
C00492058,298060.93,151
C00492082,1216.9,4
C00492116,602692.09,84
C00492140,22417.05,149
C00492157,38596.03,69
C00492280,7055.73,9
C00492363,6.38,2
C00492421,398901.54,184
C00492454,722.7,18
C00492520,207709.11,248
C00492579,22110.56,31
C00492587,3300.0,4
C00492595,54362.19,21
C00492645,9103760.37,1214
C00492785,74543336.99,2743
C00492819,15037.01,31
C00492983,551587.73,339
C00492991,399946.73,456
C00493072,155937.54,170
C00493221,2405714.18,624
C00493262,220733.13,10
C00493361,276548.75,66
C00493635,1285.49,66
C00493700,353154.61,155
C00493783,22301.71,7
C00493809,2908103.77,452
C00493890,2197.7,3
C00493924,148409.8,195
C00493940,3599.35,96
C00494005,97.99,1
C00494021,321708.24,29
C00494096,1748.7,23
C00494112,72795.89,68
C00494203,10398.64,47
C00494302,375989.11,113
C00494526,1850.89,17
C00494559,2068.75,5
C00494567,177902.85,70
C00494617,8986900.82,367
C00494682,8428.25,24
C00494856,2195557.4,770
C00494930,16691.0,15
C00494971,3216.92,8
C00494997,4210.0,12
C00495010,72718.58,535
C00495028,20239662.02,269
C00495358,18622491.37,1321
C00495481,1105.54,8
C00495507,81393.36,104
C00495580,303249.42,245
C00495705,21810.71,49
C00495846,2540407.03,928
C00495861,1309.54,22
C00495887,1173740.65,119
C00495952,2031358.67,1028
C00496075,7075623.81,2012
C00496513,2144.9,24
C00496521,258.5,1
C00496679,66499.33,243
C00496752,11100.0,6
C00496760,1079578.48,878
C00496919,224.16,1
C00497073,430107.07,175
C00497131,293370.67,241
C00497149,312.4,1
C00497305,15600.59,22
C00497321,710457.92,514
C00497396,438.0,2
C00497420,6688.94,22
C00497578,11275.13,9
C00497594,21423.12,48
C00497628,135.0,3
C00497818,654498.67,430
C00497842,167177.97,79
C00497917,1290.0,29
C00497933,590946.47,517
C00498105,8678.96,22
C00498121,1657798.91,595
C00498154,1829.0,10
C00498212,45569.02,15
C00498345,923348.49,182
C00498360,5992.83,11
C00498568,79327.74,236
C00498667,1089019.92,794
C00498691,2388.89,35
C00498873,713723.57,409
C00498907,7582035.46,2275
C00498931,59315.79,41
C00499020,1813490.48,466
C00499236,8676.5,42
C00499343,250.52,1
C00499392,4861145.23,831
C00499467,2438926.01,789
C00499525,5117.8,2
C00499798,876.53,1
C00499863,11919.05,7
C00499947,597652.81,433
C00499988,2670841.47,668
C00500025,802373.13,315
C00500207,17206.06,40
C00500256,9342.68,14
C00500421,769149.8,466
C00500793,22812.06,30
C00500843,5957904.34,2580
C00501106,1696.81,20
C00501205,98049.58,105
C00501429,25.34,2
C00501643,907784.05,612
C00501676,67687.73,26
C00501833,13431.21,14
C00501924,1169.92,16
C00502096,110512.22,85
C00502179,779372.42,804
C00502229,567253.84,887
C00502294,4047215.25,6375
C00502575,1987020.25,1253
C00502773,8189.6,32
C00502807,21061.53,12
C00502906,2802.43,14
C00503052,14586425.92,3101
C00503094,145742.48,45
C00503110,1269615.96,1145
C00503151,177365.8,71
C00503185,4526867.64,3794
C00503458,1275.0,1
C00503680,16302.95,21
C00503789,12657.42,37
C00503870,250.0,1
C00504019,551663.84,525
C00504522,2959417.05,1568
C00504530,38629.18,49
C00504704,3428113.73,1145
C00505552,103257.38,101
C00506048,6971.8,10
C00506410,1400.0,1
C00506832,1126453.27,992
C00506865,2525.1,1
C00506907,1547022.46,478
C00506931,306660.1,343
C00507368,792999.83,503
C00507384,26487.13,83
C00507574,355749.16,134
C00507699,2272.73,3
C00507962,317.41,1
C00508010,259.2,1
C00508309,674.08,15
C00508416,1730.0,27
C00508440,531273.66,152
C00508556,1126.91,24
C00508770,8481.55,38
C00508804,4880202.54,858
C00509356,1000.0,1
C00509422,519254.99,407
C00509463,79371.18,123
C00509521,9541.62,32
C00509729,640855.24,1240
C00509893,369071.24,136
C00509968,8509172.87,1892
C00510164,4535202.66,1180
C00510461,2496496.02,1247
C00510701,8143.0,18
C00510974,15994.76,3
C00511196,27833.25,26
C00511386,6909.69,17
C00511444,4077.44,25
C00511600,33547.5,76
C00511915,6270.0,22
C00511923,234.0,13
C00512293,28390.64,23
C00512335,2031.39,9
C00512426,199796.95,102
C00512855,1622.5,4
C00513002,124711.9,128
C00513077,619344.4,701
C00513176,3185861.53,845
C00513531,2177.53,2
C00513549,2434.08,5
C00513713,8940.0,4
C00513861,573.0,20
C00514026,10.0,8
C00514125,153182.74,38
C00514224,16842.21,9
C00514893,674417.19,755
C00515049,1377.13,35
C00515593,1686.5,20
C00516013,2804.54,5
C00516047,5355255.98,846
C00516526,1724.16,57
C00516666,1093280.0,1017
C00516724,11094.83,8
C00516864,328.0,1
C00516922,121.94,2
C00517052,7157.4,37
C00517235,280538.5,127
C00517276,267574.09,52
C00517870,10880.9,1
C00518605,34414.2,114
C00518910,3637.93,22
C00519355,401804.14,338
C00519363,41401.0,10
C00519371,7401.42,43
C00519413,363627.91,312
C00520312,795.12,24
C00520841,53081.14,10
C00520973,874.76,1
C00521013,5250.88,23
C00521039,2739.08,21
C00521211,6424.41,15
C00521286,7871.61,35
C00521310,30868.09,55
C00521328,1892.76,20
C00521948,12264.09,26
C00522094,25.0,1
C00522227,2655.0,5
C00522318,22418.36,29
C00522409,14454.29,41
C00522425,377704.21,200
C00522474,428.86,12
C00522730,54389.93,5
C00523241,4429656.62,639
C00523381,17351.0,11
C00523498,69164.47,199
C00523589,51087.76,40
C00523621,1354042.59,28
C00523936,173.45,2
C00524181,1001277.64,235
C00524280,1051.57,8
C00524314,248919.03,94
C00524322,11923.51,11
C00524603,29394.5,29
C00525030,180097.79,51
C00525055,14175.64,2
C00525212,73392.82,37
C00525238,101550.56,25
C00525295,13309.52,68
C00525402,7421.39,24
C00525543,71127.89,81
C00525592,4350.0,9
C00525600,1178099.14,579
C00525717,4200.03,21
C00525733,5380.73,3
C00525824,4050.0,7
C00526210,1798.28,59
C00526301,39667.93,56
C00526673,193983.63,5
C00526715,2796.65,8
C00527226,96173.93,84
C00527457,1357832.16,400
C00528026,8000.0,1
C00528075,1000.0,2
C00528166,628.06,1
C00528182,669470.66,999
C00528216,1153.2,8
C00528349,13030.49,28
C00528356,785.12,74
C00528380,1322.0,6
C00528414,152182.21,34
C00528448,7442.99,6
C00528547,750.0,1
C00528554,213030.77,27
C00528869,989.74,7
C00528901,72726.25,3
C00528950,1123082.78,181
C00528984,8124.11,23
C00528992,479.95,7
C00529594,222.41,1
C00529628,231533.26,495
C00529693,13845.04,42
C00529719,4786.77,6
C00529834,113.75,1
C00529891,9181.67,29
C00530766,2939608.27,521
C00530774,598.42,2
C00530808,9992.56,70
C00530865,2992.0,2
C00531517,10904.77,13
C00531590,41207.87,56
C00531624,122073.44,153
C00531632,46430.54,58
C00531756,3205.0,2
C00531764,163028.28,154
C00532366,54.0,4
C00532465,763614.86,465
C00532572,31546.5,18
C00532606,3331.09,22
C00532630,663884.0,29
C00532705,403168.68,103
C00534032,2144.5,7
C00536425,1117.5,1
C00536540,502531.11,142
C00536573,5392.51,2
C00536615,3600.27,47
C00536680,627992.41,640
C00536722,6817.4,29
C00538835,738930.41,304
C00538975,38628.39,21
C00539601,291414.29,130
C00539825,423368.15,180
C00539866,866164.71,1014
C00539890,10010.82,11
C00540054,394592.29,59
C00540062,221418.15,391
C00540112,3306.6,8
C00540146,161877.61,79
C00540153,1435.7,19
C00540187,465587.69,107
C00540203,184037.25,30
C00540229,2528289.96,521
C00540302,33484333.42,2768
C00540393,1666.44,1
C00540443,2548959.54,953
C00540500,3399496.31,955
C00540617,4147880.03,1306
C00540724,68832.11,63
C00540732,491419.36,628
C00540740,10000.0,4
C00540898,1153311.18,209
C00540989,10750.0,4
C00541011,4312840.3,356
C00541045,2483.0,9
C00541078,75433.05,144
C00541128,14150.0,29
C00541169,4269.21,40
C00541391,4580.1,34
C00541433,142169.87,26
C00541862,3834927.82,949
C00541888,2335541.38,749
C00542027,794600.99,128
C00542217,112490.27,22
C00542365,508.8,1
C00542423,1151332.39,467
C00542431,1381159.56,331
C00542464,377073.16,80
C00542555,125.0,5
C00542589,9763.89,9
C00542621,172132.83,187
C00542704,1005.43,17
C00542720,2532.21,11
C00542837,20787.65,94
C00542902,111474.87,18
C00543116,5907.41,31
C00543207,192586.23,41
C00543231,705013.43,264
C00543256,6117.32,2
C00543363,523284.37,630
C00543371,791.61,16
C00543504,39455.34,78
C00543579,1115.47,4
C00543710,9445.05,23
C00543876,2632.17,2
C00543892,621676.38,686
C00543967,1093369.48,597
C00543983,643275.52,454
C00544007,2400.0,8
C00544031,204.61,1
C00544171,5767.12,25
C00544254,260406.62,291
C00544270,28768.54,23
C00544387,917730.27,180
C00544445,2203.77,3
C00544510,1163.94,1
C00544551,426361.19,38
C00544650,543874.3,85
C00544676,8335.08,17
C00544684,1146091.31,836
C00544767,482086.46,382
C00544858,301.35,19
C00545079,31331.91,18
C00545137,7898.78,7
C00545152,19356.01,6
C00545194,743.76,16
C00545202,611.91,148
C00545236,29786.47,27
C00545616,9024.05,19
C00545632,175.0,1
C00545749,4604583.08,1448
C00545772,920912.32,985
C00545780,490965.17,203
C00545830,1228535.98,345
C00546119,750.0,1
C00546325,2000.0,3
C00546358,425601.32,573
C00546499,3038858.89,1318
C00546663,45702.78,31
C00546788,1636358.02,757
C00547117,3863.09,2
C00547216,17914.0,14
C00547240,1638322.31,1159
C00547349,493460.58,87
C00547356,9134.5,75
C00547448,47780.83,26
C00547679,623442.3,634
C00547893,6523097.2,1845
C00547976,28486.02,46
C00548008,17579.26,35
C00548081,552.0,1
C00548131,-2378.18,5
C00548180,1110080.22,677
C00548289,1065766.23,403
C00548461,109841.51,81
C00548651,124552.52,33
C00548719,22670.0,8
C00548818,55297.94,61
C00548867,25715.5,5
C00549014,9101.45,13
C00549279,100000.0,5
C00549568,275.0,1
C00550467,125444.11,28
C00550491,5310.28,3
C00550566,12337.32,42
C00550707,134425.07,29
C00550970,6707697.87,2849
C00551168,62202.47,27
C00551275,2564664.47,854
C00551366,53198.72,84
C00551374,1899040.1,663
C00551697,940.0,4
C00551812,1198.99,12
C00551846,330.0,11
C00551853,819392.78,347
C00552109,151.91,5
C00552141,4964.43,24
C00552489,28003.62,107
C00552539,174176.89,64
C00552547,11178.85,4
C00552588,125038.39,370
C00552679,1019.6,19
C00552851,2751101.99,626
C00552919,1197.21,3
C00553099,929.0,1
C00553560,2010.46,6
C00553859,859234.29,553
C00553883,14765.37,75
C00553966,1950.0,1
C00554709,372379.1,256
C00554881,11048.63,22
C00554949,3841.95,19
C00554980,320.0,20
C00555094,63300.0,4
C00555342,1943.91,6
C00555813,12574.78,22
C00555888,1199089.35,496
C00556258,29304.58,60
C00556274,23937.99,14
C00556365,50973.79,40
C00556506,1176425.77,472
C00556605,108421.69,169
C00556860,1470938.4,61
C00557256,384.0,24
C00557561,246119.0,30
C00557652,798739.0,446
C00557793,11505.63,23
C00558213,1258889.55,870
C00558262,30580.41,18
C00558320,947425.12,493
C00558437,748514.96,428
C00558445,84400.0,3
C00558486,1130991.8,447
C00558627,64822190.64,3661
C00558825,5361830.63,853
C00559021,54662.59,152
C00559146,6429.8,8
C00559211,1090.9,5
C00559302,3711.0,4
C00559393,2404629.46,1039
C00559492,138.0,24
C00559542,3166.5,5
C00559740,189.24,3
C00559906,1120911.71,36
C00560003,13593.25,13
C00560821,254.3,3
C00561001,1075.6,5
C00561183,-2000.0,1
C00561530,1274795.27,1238
C00561597,961478.18,1035
C00561647,77.31,5
C00561779,41376.03,17
C00562264,6333.0,24
C00562330,97877.26,53
C00562405,762.9,1
C00562587,4559.75,9
C00562595,8904.5,23
C00562777,82297.31,312
C00562983,8004759.53,292
C00563155,6353.99,12
C00563247,1239.29,9
C00563254,103222.47,134
C00563429,26810.5,40
C00563577,60.0,2
C00563601,86233.29,77
C00563726,554577.86,465
C00564138,525.0,1
C00564187,318682.18,90
C00564260,61331.3,117
C00564369,3052.88,5
C00564401,343.24,1
C00564658,608.82,2
C00564807,330.0,24
C00565226,2000.0,1
C00565309,210.0,1
C00565366,24014.27,28
C00565630,654.84,2
C00565689,1250.0,3
C00565929,3849.67,9
C00566042,40529.81,43
C00566059,123590.56,252
C00566067,16670.02,257
C00566117,14468.27,34
C00566133,5531.75,86
C00566182,1552.0,3
C00566463,29640.0,12
C00566562,173972.45,108
C00566851,790319.79,260
C00567313,10542.21,11
C00567396,318.0,1
C00567412,291.37,1
C00567495,7938.27,7
C00567545,926670.35,151
C00567693,365420.82,161
C00567784,145651.68,48
C00567792,65269.76,14
C00567818,6151.11,9
C00567883,14975.88,57
C00568089,11072.16,7
C00568113,11192.03,5
C00568162,7914376.19,370
C00568410,956.78,24
C00568444,6594.6,7
C00568519,60206.3,13
C00568667,16048.69,45
C00568709,3232.15,3
C00568931,11761.31,7
C00568956,3445.63,2
C00568964,66301.76,36
C00569319,1047.34,7
C00569343,1840.8,6
C00569491,737.5,1
C00569616,7195.0,7
C00569806,10067.0,12
C00569871,91411.67,61
C00569996,2075.0,2
C00570101,125550.56,109
C00570168,80548.75,167
C00570226,7446353.4,1272
C00570416,2784728.82,644
C00570606,3266.85,8
C00570721,110325.66,11
C00570770,42881.48,70
C00570861,63069.46,43
C00570945,538983.63,472
C00570960,178944.25,95
C00570994,703703.34,327
C00571000,655140.77,201
C00571018,411484.75,225
C00571042,8114.55,26
C00571091,3236.44,32
C00571117,125667.43,222
C00571141,349.5,9
C00571174,914250.08,564
C00571182,2257378.37,359
C00571208,149069.48,26
C00571216,1949.88,1
C00571323,969804.19,605
C00571398,15623.63,5
C00571521,6897.0,27
C00571570,9754.65,22
C00571588,2467542.18,247
C00571596,583789.13,46
C00571687,6782.1,4
C00571695,1589.87,21
C00571703,18069706.89,708
C00571729,176.0,8
C00571778,3652.15,30
C00571802,128432.93,67
C00571943,24753.62,110
C00571976,455807.2,161
C00572099,125339.92,46
C00572271,606538.44,161
C00572305,247268.2,32
C00572438,9338.41,16
C00572453,10000.0,1
C00572503,2369.7,10
C00572560,305.46,1
C00572586,5663.2,23
C00572602,184334.97,129
C00572743,5250.0,4
C00573014,316.76,1
C00573246,64610.8,159
C00573253,3540.94,110
C00573261,16231627.16,2021
C00573378,263727.2,163
C00573436,77943.53,86
C00573444,2581882.99,602
C00573493,45914.06,47
C00573519,933586.18,171
C00573550,8500.0,16
C00573709,882290.75,420
C00573733,40800.0,1
C00573758,591768.06,599
C00573949,2206937.87,789
C00573980,842749.59,293
C00574103,8011.43,618
C00574350,79.32,23
C00574368,19797.5,50
C00574376,14663.12,21
C00574533,3261.25,3
C00574624,139.0,1
C00574640,968.75,1
C00574749,69234.15,13
C00574889,3335634.08,1640
C00574921,115511.94,15
C00574970,879608.21,397
C00575050,2039782.46,726
C00575092,4535435.16,846
C00575126,2343091.51,1571
C00575167,6058698.8,1375
C00575209,7763499.73,2088
C00575233,2945.88,7
C00575373,4233.51,5
C00575449,9453.04,11
C00575456,1785.43,10
C00575548,2612504.28,787
C00575662,13460.24,74
C00575712,513.92,1
C00575894,19092.97,54
C00576041,1033621.42,496
C00576090,339382.7,169
C00576173,167690.65,179
C00576215,17560.28,32
C00576249,4593.24,7
C00576470,1429.5,2
C00576975,68758.61,52
C00577072,1092.35,3
C00577130,22828.95,75
C00577189,158835.76,94
C00577288,26995.92,34
C00577353,1190631.45,477
C00577361,399878.93,91
C00577908,1000.0,1
C00577973,3540.0,3
C00577999,5512473.01,1460
C00578245,432.0,24
C00578302,752289.79,211
C00578468,24337.66,58
C00578492,111.0,1
C00578567,193210.79,447
C00578609,2921394.46,667
C00578880,6405.88,34
C00579516,1445.0,3
C00579540,15.0,1
C00580043,164404.21,79
C00580068,69270900.09,1335
C00580100,17601857.8,302
C00580225,10118.38,25
C00580340,15609.49,4
C00580415,16836.05,65
C00580563,95057.45,54
C00581058,555.0,36
C00581074,1915648.35,986
C00581199,65706.45,640
C00581728,4245.49,22
C00581785,106172.69,153
C00581876,10655.62,69
C00581926,747.72,12
C00582072,1516.29,11
C00582304,1207317.09,600
C00582312,1680.0,6
C00582635,308.12,2
C00582700,1800.0,1
C00582726,6234.78,26
C00582817,735.49,18
C00582841,190838.32,117
C00582858,67.5,9
C00582890,35604.14,59
C00582999,423.0,7
C00583153,28082.39,100
C00583161,227133.41,164
C00583435,108696.77,180
C00583443,227.88,1
C00583492,54177.16,126
C00583526,52817.47,34
C00584805,71131.02,85
C00585687,327144.26,418
C00585737,725.86,18
C00585885,3965.75,23
C00585893,19139.05,48
C00587022,33098.5,20
C00587923,44285.17,12
C00588335,10144.92,41
C00588392,502465.4,395
C00588467,750.0,1
C00588509,6160.32,43
C00588657,2153409.53,628
C00588715,122177.25,73
C00588764,5075180.25,987
C00588772,1985681.2,895
C00588822,32400.0,3
C00589119,6049.54,25
C00589234,2600.0,1
C00589309,64417.43,126
C00589507,25891.65,95
C00589606,5667.34,11
C00589994,11649.96,27
C00590307,1147.46,68
C00590356,150370.94,65
C00590489,327481.56,220
C00590778,466256.97,234
C00591065,914839.1,745
C00591313,60.0,2
C00591826,467.3,1
C00592089,306887.25,84
C00592154,1363189.61,494
C00592196,1406.59,3
C00592303,111110.28,101
C00592337,6162.15,3
C00592535,22400.1,16
C00592659,2481770.31,1438
C00592808,165933.25,40
C00593491,477.6,1
C00594127,5705.0,3
C00594507,750.3,1
C00595686,2232.0,6
C00597013,16926.14,9
C00597062,133767.7,36
C00599050,4651.07,4
C00599092,77197.44,17
C00599464,902142.25,615
C00600718,820218.27,575
C00600809,1641.43,17
C00600916,8018.08,8
C00602698,3423.12,28
C00602805,2896.45,81
C00603019,197749.64,131
C00603076,28917.96,20
C00603084,19993455.33,2817
C00603134,19065.16,7
C00603639,38243.36,196
C00604496,5552.0,1
C00605410,51795.96,189
C00605592,2881151.37,982
C00606939,45683062.73,2655
C00606962,2533334.05,216
C00607200,7198912.33,1068
C00607374,1285452.56,622
C00607416,3315458.45,1140
C00607556,968414.08,518
C00607721,6210.8,18
C00607838,1144116.87,424
C00607861,5152.65,104
C00607937,30321.98,1
C00608174,1400.0,1
C00608380,599725.04,335
C00608398,9160199.81,1470
C00608463,7373.21,6
C00608489,69855.55,72
C00608505,5826.25,3
C00608695,10716718.78,663
C00608943,252669.41,134
C00609255,34097.08,53
C00609263,375.04,6
C00609388,5013099.52,523
C00609396,2736.0,47
C00609776,-1946.47,3
C00609784,40.0,2
C00609966,12023.45,16
C00610055,36095.85,37
C00610212,1068514.46,349
C00610337,803.88,3
C00610394,1560.0,6
C00610428,42822.95,47
C00610451,1072608.2,682
C00610527,330.0,9
C00610840,8619.63,53
C00610964,45265.15,48
C00611202,55065.21,31
C00611400,18219.91,11
C00611962,88568.78,28
C00612432,6432735.85,1434
C00612820,166427.69,149
C00612846,21460.78,13
C00613000,456.0,26
C00613018,1086.0,1
C00613133,4432.92,1
C00613489,17826.27,22
C00613810,29224.81,44
C00614115,240.3,3
C00614198,467716.32,70
C00614214,1815282.3,1703
C00614354,350.05,7
C00614552,10862.6,12
C00614776,2012485.01,1311
C00614826,1390052.83,766
C00614917,21281.29,26
C00615096,6943.29,59
C00615203,18006.32,60
C00615294,879741.73,318
C00615344,101280.35,82
C00615377,300.0,1
C00615898,1084.99,7
C00616250,440.65,1
C00616268,693257.67,319
C00616938,155.25,5
C00617381,658771.64,396
C00617480,12085.33,28
C00617662,603558.39,331
C00617803,333569.71,166
C00617944,480.0,24
C00618173,60619.38,22
C00618223,1435.37,13
C00618371,270097.55,49
C00618389,19428.76,5
C00618520,732.75,18
C00618777,11646.76,19
C00619072,97.72,4
C00619486,43647.48,108
C00619528,32174.98,165
C00619601,2944.87,2
C00619759,52567.58,49
C00619775,1000.0,2
C00620021,85030.96,124
C00620120,1262.86,4
C00620427,12136.08,38
C00620443,227359.64,218
C00620476,52932.21,12
C00620500,936.0,1
C00620518,1898295.72,455
C00620740,14138.89,27
C00620963,2089.53,2
C00620971,2432141.51,987
C00621086,14478.82,85
C00621185,4929.93,15
C00621276,549.25,2
C00621466,9742.08,28
C00621706,6930.0,4
C00621755,724.29,18
C00622118,69.64,3
C00622464,9664.0,3
C00622472,5897.38,7
C00622829,15065.22,6
C00623173,50.0,5
C00623397,90.0,1
C00623405,21301.37,29
C00623413,1412.16,2
C00623421,257084.91,86
C00623512,226967.01,143
C00623595,59.95,2
C00623710,8743.57,20
C00623728,1344.36,6
C00623884,397.0,1
C00623959,102616.36,36
C00624049,23347.13,134
C00624056,2872.59,9
C00624627,25271.95,34
C00624817,1458.28,20
C00624890,39711.16,15
C00624957,1452.26,1
C00625079,21084.94,18
C00625111,19744.57,47
C00625194,7129.13,19
C00625228,2679.0,10
C00625236,139939.24,811
C00625533,9119.48,19
C00625558,89429.93,85
C00625566,1124002.95,1088
C00625574,27993.31,25
C00625616,2809.87,13
C00625772,168094.35,263
C00625921,0.09,1
C00625947,1970.51,14
C00625988,435112.58,229
C00626036,13669.17,31
C00626119,18685.73,28
C00626184,750.0,1
C00626663,1350.0,5
C00626861,3685.81,23
C00626937,102.9,1
C00627075,41422.99,36
C00627125,4330.6,3
C00627141,116825.65,98
C00627158,6241.6,2
C00627372,6971.91,25
C00627679,2500.0,1
C00627737,140108.26,40
C00627836,464586.81,23
C00627992,20025.23,52
C00628008,76238.9,16
C00628115,496.37,3
C00628354,617714.11,241
C00628669,1600.0,3
C00628917,1398570.98,781
C00629063,496238.23,452
C00629212,846917.03,258
C00629311,513966.52,257
C00629444,16795.72,29
C00629451,11250.0,8
C00629477,48164.38,188
C00629576,48010.52,78
C00629659,2669049.92,663
C00629709,5072.78,18
C00629766,75.32,1
C00629832,20636.11,37
C00629865,282.21,2
C00630012,227978.04,716
C00630129,460648.32,36
C00630285,7106.67,18
C00630350,1856.0,14
C00630541,13158.03,25
C00630582,86.02,2
C00630632,2004600.82,697
C00630665,2809367.83,978
C00630707,1593653.72,793
C00630830,18150.0,10
C00631051,16676.57,20
C00631069,122.03,6
C00631085,547.4,1
C00631481,1931.5,4
C00631549,31907251.59,1498
C00631903,131319.54,27
C00631994,5965.61,36
C00632067,1424501.51,422
C00632133,11819108.66,2983
C00632257,3788104.6,2059
C00632281,55894.79,142
C00632323,346672.06,131
C00632398,3332750.32,787
C00632554,61231.03,146
C00632562,388547.05,319
C00632588,26487.64,35
C00632679,89119.69,29
C00632711,134782.83,97
C00632760,12105.82,37
C00632828,2419130.93,1154
C00632992,3485.97,2
C00633107,1052.94,13
C00633156,128255.11,83
C00633164,2067.09,7
C00633248,6520835.19,1271
C00633354,1094.2,13
C00633404,9220501.91,505
C00633610,171667.26,151
C00633792,35023.96,61
C00633818,111427.75,29
C00633982,287997.96,108
C00634006,59949.81,75
C00634212,134174.02,105
C00634253,5454586.07,1113
C00634261,7472.5,17
C00634519,28450.99,46
C00634774,6900670.96,817
C00634808,15125.13,29
C00635094,336.0,24
C00635201,438.0,2
C00635219,3710.0,4
C00635243,146344.9,200
C00635250,22367.45,54
C00635367,40519.22,105
C00635391,62548.24,159
C00635557,42701.46,33
C00635565,436807.39,69
C00635615,72.0,1
C00635664,219284.03,298
C00635888,0.1,1
C00636027,311270.55,73
C00636092,1442721.79,700
C00636100,110449.85,103
C00636571,222042.59,126
C00636837,153836.67,206
C00636944,1514304.85,266
C00636969,400.0,1
C00637215,1367648.0,1120
C00637322,3828.06,22
C00637348,16080.95,11
C00637363,1697727.22,1483
C00637371,1537956.97,780
C00637504,3606.99,88
C00637512,552720.59,81
C00637728,750.0,2
C00637850,2403.15,4
C00637868,343819.42,156
C00638023,633475.24,858
C00638049,473.1,1
C00638122,2975.15,66
C00638130,17587.5,32
C00638163,3010.23,2
C00638320,252748.61,229
C00638338,1649.34,1
C00638411,8851.9,42
C00638437,4520.0,16
C00638528,297345.25,84
C00638650,1487600.15,1469
C00638767,3904433.94,2326
C00639054,9250.32,37
C00639062,1600.9,3
C00639138,7382.95,70
C00639146,4672452.54,1312
C00639229,1485650.26,195
C00639245,3334.84,26
C00639435,16895.89,12
C00639591,16040698.5,1662
C00639674,4245.33,6
C00639948,62060.67,36
C00640003,4443281.88,1438
C00640029,359.4,12
C00640045,1805662.31,1349
C00640052,32156.32,6
C00640086,12407.59,71
C00640243,1838.37,20
C00640300,1445361.79,2645
C00640433,71804.64,79
C00640490,4652.84,135
C00640623,174544.49,222
C00640664,52088.46,81
C00640714,634017.15,538
C00641142,100095.42,201
C00641555,65275.32,210
C00646364,359.4,12
C00646703,2793.35,35
C00646844,9091.32,17
C00647065,7329.0,9
C00647149,24597.38,9
C00647206,14519.8,15
C00647214,5805.53,34
C00647297,336.85,40
C00647339,4975296.15,2003
C00647354,502249.78,343
C00647420,90417.88,29
C00647487,29482.84,26
C00647537,698.8,2
C00647784,3710.84,24
C00647966,126087.77,148
C00648220,10659568.92,2320
C00648253,1102047.81,911
C00648295,436896.07,690
C00648493,1719878.33,776
C00648626,339.8,4
C00648717,1119.0,3
C00648808,116013.76,105
C00648915,31537.71,25
C00648956,1957.49,8
C00649061,53043.65,53
C00649087,250.0,1
C00649350,8008.92,23
C00649376,3843.5,8
C00649525,70412.43,74
C00649574,467455.16,191
C00649772,57539.76,85
C00649798,201.0,11
C00649913,733317.66,549
C00649996,12479.01,14
C00650150,177372.62,182
C00650408,3230874.16,627
C00650432,42344.25,153
C00650515,2819.16,3
C00650622,23162.7,6
C00650655,1080.0,2
C00650697,2163622.67,830
C00650820,1784.12,4
C00650853,14569.14,10
C00650986,310.13,21
C00651026,4610.79,3
C00651042,3546395.74,695
C00651091,6663.0,8
C00651109,5633.95,45
C00651208,108464.83,10
C00651471,3827.72,1
C00651505,520681.49,130
C00651554,18440.96,63
C00652149,1052027.26,986
C00652164,724941.57,299
C00652206,15830.78,20
C00652297,12384.06,16
C00652305,181823.25,60
C00652529,16670.16,32
C00652537,526.62,13
C00652628,4764784.3,1203
C00652644,242659.06,236
C00652719,3262829.91,1367
C00652727,17387239.99,1860
C00652743,877196.98,350
C00652842,21515.88,4
C00652859,311.05,4
C00652883,87.27,3
C00652958,600.0,1
C00653030,2276.0,5
C00653147,256925.82,122
C00653188,51298.15,76
C00653196,63607526.5,2939
C00653220,1321951.9,396
C00653352,16757.5,33
C00653386,11760.37,10
C00653634,2230.77,17
C00653816,7538631.13,1704
C00653923,880949.29,598
C00654053,8584220.87,1128
C00654079,42004.05,69
C00654186,199737.12,179
C00654400,2654.0,10
C00654426,13164.9,4
C00654459,314893.74,73
C00654475,463570.23,208
C00654509,5054.8,41
C00654665,838.14,1
C00654681,170.0,1
C00654723,1174450.77,1101
C00654764,5184.0,1
C00655332,750855.93,616
C00655423,91132.93,73
C00655472,815.23,3
C00655571,4462526.14,1169
C00655613,5567920.14,1880
C00655647,649279.22,575
C00655696,692.7,2
C00655886,4656.76,7
C00656132,126688.4,130
C00656207,6389.2,28
C00656413,54599.71,58
C00656439,105055.58,80
C00656447,676.01,5
C00656546,2843.05,34
C00656611,110.6,1
C00656686,168257.77,171
C00656751,2400.0,2
C00656777,19712.03,37
C00656850,50665.86,51
C00656868,1299.22,22
C00656926,668.05,1
C00657155,910.0,4
C00657205,3797.39,9
C00657262,32172.14,50
C00657304,1203756.9,887
C00657361,222232.91,348
C00657411,18455.87,23
C00657452,232649.43,255
C00657593,514.43,14
C00657833,2725081.02,812
C00657866,8900343.25,245
C00658286,2943.6,4
C00658385,2065817.6,1840
C00658401,554833.71,231
C00658476,2455463.23,190
C00658484,145835.99,72
C00658567,8831585.91,1526
C00658633,323.25,1
C00658724,920.0,16
C00658815,39800.0,10
C00659011,41935.91,35
C00659029,544.0,1
C00659219,19212.58,21
C00659599,7743950.54,333
C00659607,2028.54,2
C00659672,810.19,82
C00659771,20171.41,39
C00659870,25353.05,48
C00659888,1417.48,19
C00660027,22104.0,3
C00660050,1370.42,1
C00660175,3187.1,11
C00660464,3692791.38,784
C00660472,4961.0,18
C00660498,210.0,1
C00660555,617000.03,336
C00660795,5094210.44,3362
C00660902,669.84,16
C00660928,1138.85,2
C00661116,283.38,1
C00661264,232553.1,1
C00661272,56080.21,183
C00661496,1350.0,11
C00661561,679952.37,893
C00661777,806606.83,712
C00661801,9154.0,23
C00661868,2914572.27,1938
C00662056,16289.6,30
C00662072,3652.3,11
C00662148,8654.24,35
C00662221,1055542.71,258
C00662577,420251.2,541
C00662601,886379.95,131
C00662619,10936.59,39
C00662650,1335029.45,383
C00662668,2957.4,31
C00662767,1779732.15,2791
C00662791,925.0,1
C00662874,16855.93,13
C00662940,505650.27,617
C00663062,1330.04,4
C00663211,398149.78,1061
C00663237,1115.0,2
C00663260,31993.26,21
C00663294,78.39,9
C00663393,8612.7,16
C00663435,962512.45,880
C00663609,348915.33,560
C00663633,2889.65,18
C00663724,150943.08,129
C00663781,1309408.5,947
C00663898,183328.94,16
C00663914,464549.85,219
C00663989,1800.0,2
C00664219,3250.0,7
C00664318,58207.58,165
C00664326,240.0,1
C00664375,151795.44,318
C00664706,15632.18,28
C00665638,6849924.98,1754
C00665695,4944.97,6
C00665752,406057.06,291
C00665786,2217.4,5
C00666040,20988.23,6
C00666149,5000.59,27
C00666321,1447.9,17
C00666388,29707.5,38
C00666396,2235168.53,1122
C00666453,4562.11,22
C00666859,211235.67,150
C00667196,345.0,13
C00667360,48108.73,23
C00667741,1611219.48,715
C00668137,10.0,1
C00668194,24203.2,62
C00668228,5367603.03,3473
C00668301,14908.0,24
C00668335,38511.18,59
C00668384,2370.66,21
C00668491,1293447.23,358
C00668517,461040.95,206
C00668608,3170791.52,2151
C00668905,485209.5,85
C00668921,3312.14,25
C00669242,700.42,22
C00669259,255.21,9
C00669325,1433.0,2
C00669358,1001021.64,939
C00669655,200.4,3
C00669929,1000.0,1
C00669960,147645.69,206
C00670034,5321457.2,1844
C00670141,303.25,1
C00670208,22436.5,12
C00670216,422318.39,707
C00670265,654.84,2
C00670463,519.07,33
C00670513,1000.0,1
C00670547,656843.86,457
C00670695,1041808.69,340
C00670737,780.14,1
C00670844,1224908.51,1331
C00671313,72.07,5
C00671479,7142.91,21
C00671628,44127.11,16
C00671669,2000.0,1
C00671685,690622.23,842
C00671891,988947.4,952
C00671933,12925.07,58
C00672139,25022.55,20
C00672204,1177.0,3
C00672295,2095868.77,1010
C00672402,3936.03,6
C00672576,43961.04,87
C00672634,2900.0,7
C00672667,14553.73,17
C00672733,55750.31,69
C00673525,1318.23,1
C00673590,155498.48,153
C00673715,165150.08,49
C00674028,1151.69,9
C00674085,166473.69,316
C00674093,1146328.09,452
C00674127,235104.98,212
C00674259,561131.89,199
C00674697,111767.82,271
C00675058,3282.84,16
C00675108,1753358.48,1567
C00675140,54949.21,183
C00675157,698.91,1
C00675215,3366.25,7
C00675348,559369.74,289
C00675884,16656.36,46
C00676064,58406.51,72
C00676247,65901.02,188
C00676395,11405055.88,664
C00676445,9783.83,31
C00676684,1200.0,2
C00676700,2620.54,2
C00676759,310.0,8
C00676957,4797.11,9
C00676965,39825678.7,3278
C00677146,60.0,4
C00677286,4837630.62,920
C00677427,1137.5,4
C00677492,473108.77,362
C00677591,129371.16,368
C00677708,39656.85,110
C00677773,10238.7,30
C00677799,293.52,1
C00677898,3799712.28,1452
C00678227,400.3,1
C00678243,4200.0,1
C00678367,2721148.34,98
C00678813,155440.6,76
C00678839,6736.87,103
C00678854,39172.4,61
C00678888,521.4,2
C00678987,3541.98,7
C00678995,1889.0,22
C00679159,1834.77,10
C00679167,5403.01,8
C00679191,436330.66,88
C00679316,5000.0,1
C00679423,330.0,11
C00679555,1548.99,2
C00679837,22.5,1
C00679910,1072.41,24
C00679985,5518.1,17
C00680082,3020.19,3
C00680132,229516.14,164
C00680264,687.58,6
C00680314,57889.49,43
C00680322,6534.06,14
C00680405,6290.05,13
C00680504,1371.95,21
C00680512,197110.35,78
C00680728,34330.0,78
C00680769,13397.79,38
C00680777,5775.34,21
C00680918,888463.98,156
C00680926,27350.16,49
C00680934,7231945.14,3164
C00681015,1617.0,2
C00681221,17824.76,18
C00681320,2087.91,25
C00681429,813.94,1
C00681437,806.27,9
C00681478,13101.86,4
C00681494,3935.0,73
C00681585,11327.43,11
C00681643,2448.85,8
C00681700,4264.57,10
C00681718,1050.0,3
C00681825,7608697.0,856
C00681973,1549.98,11
C00682088,71754.99,86
C00682138,305.5,1
C00682195,300.0,2
C00682211,980888.0,260
C00682344,1554.91,20
C00682393,944.33,3
C00682492,2747.37,96
C00682559,490.5,3
C00682617,1268.15,4
C00682633,27749.6,8
C00682815,432.0,2
C00682898,2834.32,2
C00682948,14252.01,15
C00682963,36721.23,1056
C00682971,1016.71,12
C00682989,24607.65,161
C00683102,550.0,1
C00683243,503980.84,24
C00683250,148740.18,172
C00683391,520.0,1
C00683458,2500.0,10
C00683508,100712.07,78
C00683649,3630939.06,309
C00683664,3343.25,5
C00683961,12000.0,6
C00684175,800.0,2
C00684217,661.83,1
C00684258,188280.82,179
C00684266,3333.5,3
C00684506,29975.23,72
C00684522,8146.95,22
C00684530,485318.42,88
C00684969,107924.9,84
C00685115,74795.36,20
C00685156,1167.84,2
C00685289,8167.3,13
C00685297,6079254.21,808
C00685370,3500.0,2
C00685552,2484956.25,670
C00685628,12587.98,24
C00685693,882319.54,790
C00685719,163484.88,124
C00685768,42488.07,71
C00685776,843652.45,916
C00685982,525117.2,706
C00686154,3444.68,11
C00686287,69.04,1
C00686337,186.85,2
C00686402,23412.41,17
C00686410,6289.01,29
C00686477,1100.0,4
C00686576,1668.6,1
C00686584,1015.7,2
C00686659,2121.99,2
C00686709,2500.0,1
C00686816,19124.47,28
C00686832,128206.98,71
C00686949,1218.09,106
C00686980,129047.9,76
C00687020,9982.0,6
C00687079,8000.0,1
C00687103,86.0,1
C00687137,4464.0,32
C00687194,125.0,1
C00687327,7161.75,11
C00687343,42810.22,49
C00687491,672384.9,135
C00687525,20284.2,72
C00687533,6723.4,9
C00687574,138272.96,140
C00687582,303820.6,153
C00687699,1387.46,1
C00687772,7060.18,3
C00687830,5180.05,9
C00687848,646695.74,103
C00688168,18558.03,70
C00688200,379.92,12
C00688226,2366.95,2
C00688432,212034.44,42
C00688465,1495.62,46
C00688549,25315.91,13
C00688580,352568.5,22
C00688606,232.0,8
C00688655,9536956.88,551
C00688739,86327.01,194
C00688846,99817.35,191
C00688945,2060.0,3
C00689208,36621.39,42
C00689638,1671.39,20
C00689745,25579.8,5
C00689828,4656.0,4
C00689836,16716.05,23
C00689844,2991.7,5
C00689893,12156.96,8
C00690032,15368.4,46
C00690073,50545.08,101
C00690263,174746.98,182
C00690271,1739.72,7
C00690297,4650.0,10
C00690669,500.0,1
C00690693,33249.93,7
C00690735,247.96,1
C00690776,47976.27,9
C00690891,14890.27,5
C00691147,21154.31,44
C00691154,303339.91,66
C00691162,92391.73,51
C00691170,89366.27,55
C00691220,675.0,1
C00691345,279.22,1
C00691352,24414.65,58
C00691501,63644.98,38
C00691584,24727.27,19
C00691618,2500.0,1
C00691626,24085.28,11
C00691634,13.0,1
C00691790,185886.18,299
C00691915,8390.86,33
C00691931,1058970.28,705
C00692087,8891.25,21
C00692111,492802.77,179
C00692129,129342.57,527
C00692137,110932.38,289
C00692202,151832.27,251
C00692319,3656251.17,1486
C00692327,1033813.5,149
C00692343,1623114.49,657
C00692467,136551.22,189
C00692590,19268.99,53
C00692640,233455.77,107
C00692673,1168.27,5
C00692715,57999.69,21
C00692806,533.0,14
C00692897,65603.71,68
C00692921,21456.2,3
C00693002,2925.26,30
C00693093,3000.0,2
C00693127,404190.4,97
C00693143,44894.92,56
C00693192,33368.36,57
C00693234,7327.64,36
C00693309,2987.55,7
C00693317,416.79,1
C00693382,765437.94,64
C00693515,346276.12,1186
C00693549,1155.03,63
C00693606,32871.6,26
C00693655,16176.12,110
C00693663,3875321.29,782
C00693671,202882.93,135
C00693713,41740.22,238
C00693796,388589.19,133
C00693838,599363.4,228
C00693853,12338.08,50
C00693895,3605.2,15
C00694299,87461.16,96
C00694323,8224493.64,167
C00694414,60847.58,83
C00694455,21224.9,8
C00694471,48483.32,162
C00694604,1651.57,3
C00694778,1756753.08,1291
C00694810,1580257.64,376
C00694943,47884.42,34
C00694992,15.48,1
C00695163,1138736.98,851
C00695239,466.0,1
C00695304,1201.55,19
C00695346,3098214.68,927
C00695395,78219.55,205
C00695411,79689.0,36
C00695429,25203.0,5
C00695528,23033.17,21
C00695544,5471.24,2
C00695569,492.3,14
C00695866,291156.6,229
C00695874,96131.03,129
C00695940,52937.64,63
C00695981,3793.22,8
C00696088,34733.21,94
C00696104,1448.84,21
C00696112,17774.97,34
C00696153,759908.52,212
C00696179,66.98,1
C00696211,4175.0,1
C00696393,36858.57,58
C00696484,162589.34,200
C00696526,7217935.21,1074
C00696591,320616.07,94
C00696666,36839.62,161
C00696799,48.0,3
C00696815,1019.1,3
C00696948,1118114.64,166
C00696955,405.0,2
C00697052,30798.22,45
C00697250,492481.73,309
C00697326,124342.69,121
C00697334,1680189.59,971
C00697342,51180.54,178
C00697391,121819.32,125
C00697441,353966.42,270
C00697466,1000.0,1
C00697540,900.0,3
C00697581,1303.84,9
C00697615,127517.35,304
C00697649,894729.43,803
C00697656,8239.4,1
C00697698,16690.63,15
C00697730,22220.5,19
C00697755,103128.79,97
C00697789,2149212.62,386
C00697979,1430.0,5
C00698092,13731.55,31
C00698340,16573.37,52
C00698472,8253.75,13
C00698555,5.0,1
C00698753,640.0,1
C00698894,61279.65,58
C00698936,1819.22,17
C00698977,4628.64,9
C00699140,1757.62,25
C00699215,405.43,6
C00699421,83164.23,174
C00699462,113.66,1
C00699470,298.18,1
C00699553,99214.97,102
C00699603,40251.11,14
C00699652,2113.0,2
C00699660,190381.31,400
C00699702,946.91,31
C00699744,1407772.58,1898
C00699785,233488.6,331
C00699801,1201853.81,692
C00699843,1000.0,1
C00700120,435.0,3
C00700161,1373.21,1
C00700187,49490.09,431
C00700203,35159.76,28
C00700237,7885.55,13
C00700260,118891.67,54
C00700377,2016.1,17
C00700641,190040.29,49
C00700799,516.21,12
C00700898,160.0,1
C00700906,1387.5,7
C00700922,2712.3,7
C00700955,599.2,1
C00701003,2011276.49,1621
C00701102,6474378.58,1651
C00701656,11019.06,47
C00701672,1748614.6,814
C00701680,50808.17,159
C00701748,67.25,2
C00701755,638.3,4
C00701797,64909.07,80
C00701805,169702.69,50
C00701888,2954795.57,516
C00701938,1564.62,6
C00701946,14327.48,6
C00701953,669653.62,1452
C00701961,3107.73,9
C00702019,1900.0,1
C00702191,9298.17,33
C00702381,9481.12,12
C00703058,5969915.43,891
C00703082,48402.11,91
C00703173,94025.08,33
C00703579,1447.9,2
C00703843,1585272.76,964
C00703892,23262.62,27
C00703975,1153258832.51,22172
C00704049,1318047.19,882
C00704247,122591.38,145
C00704593,99336.12,167
C00704650,750.0,1
C00704981,9077689.89,1305
C00705152,13882.5,22
C00705236,32326.88,99
C00705277,7998.9,29
C00705368,50541.58,35
C00705384,614816.85,314
C00705996,1280.0,2
C00706176,13423.15,21
C00706226,1058.25,5
C00706267,3475506.41,1616
C00706341,72255.0,7
C00706374,3205.34,13
C00706507,75117.26,49
C00706549,10300.82,91
C00706614,4674788.58,1302
C00706630,53264.89,55
C00706689,2466.83,6
C00706697,102585.96,15
C00706747,1437064.43,926
C00706812,164796.65,99
C00706861,199775.72,106
C00707091,1895133.21,1512
C00707232,376106.94,691
C00707489,5200.0,2
C00707513,500.0,1
C00707802,240.0,1
C00707844,832855.51,312
C00707992,3803.0,2
C00708024,2891.71,18
C00708164,2757.74,27
C00708172,12302.13,35
C00708180,500.0,1
C00708255,1862.5,5
C00708263,25200.0,19
C00708289,9035322.37,1742
C00708552,566808.08,309
C00708560,2998.43,15
C00708594,1580.29,2
C00708636,21640.54,49
C00708644,1027633.59,259
C00708867,6240.74,7
C00708891,7518.58,48
C00709006,2918.95,110
C00709113,4934394.43,127
C00709196,5622985.5,1798
C00709295,964.35,8
C00709410,9243.81,50
C00709477,3500.0,7
C00709485,19162.76,99
C00709501,101976.2,179
C00709576,7466.23,22
C00709691,1361699.03,635
C00709782,6817.7,1
C00709816,2483.28,8
C00709832,8061.06,9
C00709881,1563.48,7
C00709899,350965.27,194
C00709956,2500.0,3
C00709998,26357.91,11
C00710103,3005772.49,796
C00710160,3422112.42,82
C00710178,1675972.59,718
C00710202,1250.0,2
C00710319,1179.77,1
C00710533,20474.14,23
C00710616,8009.0,4
C00710640,500.0,1
C00710657,91.49,7
C00710707,1307.0,2
C00710715,500.0,1
C00710723,500.0,1
C00710731,1141.06,3
C00710772,14792.29,72
C00710848,306766.42,202
C00710871,3725.0,1
C00710889,65539.16,30
C00710962,14229.87,21
C00711010,13355.98,12
C00711051,14172.51,27
C00711119,5834.89,3
C00711150,9836702.34,1005
C00711317,4887314.51,1552
C00711358,72985.26,95
C00711549,372731.46,611
C00711929,1340326.86,1028
C00712109,963.97,112
C00712190,1000.0,1
C00712257,1112.79,3
C00712364,9922.97,35
C00712380,4000.0,28
C00712398,5607.5,3
C00712539,2576.68,22
C00712695,28212.74,28
C00712760,12376.49,15
C00712885,1516883.45,635
C00713271,1231.75,31
C00713297,1781.98,11
C00713461,23526.26,30
C00713560,15996.03,73
C00713693,15132.73,33
C00713933,228.96,6
C00714238,1282.51,3
C00714261,1729117.27,898
C00714378,48250.94,160
C00714394,1872.5,3
C00714501,69130.39,74
C00714527,62415.2,129
C00714543,5467.32,3
C00714865,1840245.2,965
C00715102,11864.53,6
C00715136,3888.73,122
C00715375,16901.78,22
C00715409,10987.96,56
C00715433,1744258.98,167
C00715854,89980.76,52
C00715862,1521.76,3
C00715896,15815.88,12
C00716092,57987.9,12
C00716423,98904.67,99
C00716498,15930.33,18
C00716670,189213.23,178
C00716704,28771.89,53
C00716720,948991.7,448
C00716803,14785.66,28
C00716860,-580.87,2
C00717223,5189.0,5
C00717272,29427.5,6
C00717421,1794.34,3
C00717553,9598.3,117
C00717587,24314.85,55
C00717710,18500.0,4
C00717728,217935.28,228
C00717876,18618.02,18
C00717918,8416.0,28
C00717959,1581703.82,729
C00717991,3430.05,74
C00718197,1256.25,4
C00718221,66113.9,71
C00718239,3298521.1,725
C00718296,24468.77,7
C00718320,1289.85,12
C00718346,601698.08,854
C00718353,38165.0,18
C00718486,318.0,3
C00718510,183121.85,349
C00718585,303.81,1
C00718593,58888.15,143
C00718627,1955652.78,729
C00718635,1368155.22,898
C00718650,810.45,8
C00718841,19274.04,26
C00718866,5080431.63,790
C00718890,1000.0,1
C00719021,731.0,22
C00719070,1442.2,14
C00719112,2715.2,1
C00719294,2282256.13,622
C00719393,1580.59,11
C00719559,1197016.42,790
C00719781,2117.5,6
C00719872,42835.86,57
C00719971,941362.64,210
C00720011,777960.86,582
C00720029,897022.53,282
C00720052,1181.35,8
C00720078,679706.91,311
C00720128,1309.95,19
C00720375,1428871.77,783
C00720524,629.0,1
C00720540,39924.64,58
C00720565,4606.7,11
C00720573,120811.99,179
C00720649,80995.6,40
C00720862,90.0,1
C00720870,14940.19,34
C00720912,8098.29,20
C00720920,7361.73,62
C00721019,300.0,1
C00721076,467.5,3
C00721142,348047.5,159
C00721225,28235.54,120
C00721233,40095.99,60
C00721308,1130375.59,1050
C00721332,741257.07,669
C00721365,75509.43,43
C00721449,849114.65,1258
C00721548,159478.98,560
C00721597,36255.78,244
C00721688,1675.05,2
C00721696,1464.75,3
C00721787,30314.79,15
C00721811,225.0,8
C00721878,24336.61,40
C00721969,894.63,1
C00722025,246581.4,47
C00722165,209.65,4
C00722207,11170.76,61
C00722272,109.32,3
C00722306,5901.46,4
C00722348,3060.89,49
C00722363,2573.69,8
C00722371,5786.15,8
C00722835,14523.34,10
C00722876,500.0,1
C00722884,141754.22,75
C00722892,11918.0,18
C00722975,11959.55,22
C00723098,21993.1,38
C00723114,53142.58,57
C00723189,872546.49,318
C00723577,18673.65,30
C00723676,9547.15,16
C00723916,1241654.78,760
C00724203,1834188.43,509
C00724229,26999.31,21
C00724237,6008.25,54
C00724286,280.0,3
C00724419,3000.0,1
C00724443,8735.82,136
C00724559,31987.66,56
C00724633,3205.06,3
C00724781,17169.47,54
C00724914,16303.4,18
C00725044,944.72,1
C00725101,40157.9,57
C00725184,1828.77,20
C00725200,5636.83,42
C00725317,4757.25,5
C00725341,15250.0,7
C00725465,570450.85,307
C00725739,1103.13,10
C00725747,268076.22,69
C00725853,1352995.0,1209
C00725879,8448.36,35
C00726000,95.4,1
C00726042,851916.19,1183
C00726067,13186.0,1
C00726117,322627.63,650
C00726208,1856.35,4
C00726224,54250.61,17
C00726323,7680.38,28
C00726372,271543.76,248
C00726513,7254.99,3
C00726687,5520386.59,290
C00726729,7000.0,2
C00726802,17720.99,70
C00726828,7146.95,12
C00727008,365808.28,349
C00727164,716525.93,2829
C00727529,3122915.55,861
C00727602,1299.78,5
C00727784,6798.05,23
C00727834,359.4,12
C00728014,7536.11,104
C00728030,2167.65,21
C00728097,23164.5,33
C00728154,17075.21,2
C00728238,5304586.67,1065
C00728311,6863.99,32
C00728352,3070.8,11
C00728360,908908.99,51
C00728386,125038.3,38
C00728667,31496.06,55
C00728683,22712.36,58
C00728832,11767.84,38
C00728873,5393.52,13
C00728899,1078.43,7
C00728907,960.0,7
C00729277,1019349.38,748
C00729350,12437.2,9
C00729574,31230.3,260
C00729616,5250.0,20
C00729798,1914.21,1
C00729871,9140.4,8
C00729897,866.8,1
C00729939,10811.46,18
C00729954,2057393.03,742
C00730150,799714.11,885
C00730531,3317463.26,1283
C00730549,4625.32,7
C00730754,4817.7,18
C00730796,28622.59,25
C00730812,141700.2,338
C00730820,4116.41,25
C00730895,1955726.22,799
C00730903,4517.35,27
C00731000,805.78,3
C00731042,4142971.74,2315
C00731133,1296.34,5
C00731307,1324.46,3
C00731356,84498.41,100
C00731422,448.0,8
C00731489,15849.3,7
C00731760,34.11,1
C00731802,5807.84,19
C00731851,57790.09,8
C00731885,22787.86,61
C00732172,137844.58,65
C00732644,21709.0,11
C00732651,1642.47,4
C00732727,1000.0,3
C00732768,913497.95,151
C00732826,1212188.97,1100
C00732925,26522.69,42
C00732958,63412.19,119
C00733329,5372848.0,3233
C00733352,105314.92,13
C00733402,37548.83,13
C00733485,159653.04,176
C00733691,8586.17,5
C00733766,5411.48,8
C00733840,397165.34,538
C00733956,1116.0,2
C00733972,2000.0,2
C00734038,88821.13,109
C00734251,2095.56,4
C00734319,1223653.18,222
C00734426,1177.48,13
C00734491,6976.47,3
C00734608,944.1,1
C00734616,305.0,1
C00734657,186415.52,98
C00734731,11912.08,26
C00734822,12716.04,30
C00734871,2484.66,3
C00734913,23558.46,49
C00735100,864.0,7
C00735183,67060.99,200
C00735472,52324.81,55
C00735670,100.0,4
C00735688,19183.09,55
C00735696,481.5,2
C00735738,247799.6,278
C00735852,4005.44,3
C00735894,178468.83,25
C00735985,1106036.63,297
C00736009,64040.39,42
C00736041,27118.05,33
C00736124,24315.25,15
C00736140,15902.3,25
C00736223,282.35,1
C00736264,2478.32,120
C00736348,4094.14,9
C00736637,283044.01,355
C00736751,2559.94,1
C00736876,4218827.82,854
C00736975,66271.92,17
C00736983,9917.2,7
C00737064,738.6,2
C00737197,19547.41,99
C00737270,27541.32,9
C00737411,152578.7,85
C00737767,2092596.32,396
C00737890,931.44,8
C00737940,1871.04,20
C00738039,17151.38,127
C00738096,399.34,1
C00738104,4631.6,24
C00738237,3156.87,3
C00738260,29683.05,22
C00738336,306.0,2
C00738500,14853.02,12
C00738674,202006.17,6
C00738815,12473.0,63
C00738856,42.15,3
C00738872,940051.03,573
C00738997,15017.11,37
C00739003,149451.52,30
C00739193,341.96,1
C00739250,3154.41,1
C00739409,15644.42,28
C00739490,6527.36,16
C00739557,178076.33,49
C00739565,60758.08,11
C00739581,44709.93,61
C00739755,39186.74,134
C00739771,35293.37,15
C00740068,511.62,14
C00740100,445387.38,181
C00740126,603386.7,312
C00740225,233978.49,120
C00740274,2945.48,1
C00740415,273960.72,27
C00740514,720.0,2
C00740555,85638.77,146
C00740597,43966.36,156
C00741017,3000.0,2
C00741041,14918.58,88
C00741090,1189400.63,731
C00741355,13250.82,46
C00741363,250.0,1
C00741371,147340.21,342
C00741397,297.0,1
C00741413,5668.0,7
C00741553,13502.97,63
C00741611,498890.33,243
C00741710,65445.0,53
C00741736,1098.88,3
C00741769,45870.11,63
C00741876,351.97,6
C00741900,20718.03,85
C00742007,7113293.58,946
C00742080,18764.28,76
C00742130,16871.25,19
C00742205,1262096.49,476
C00742239,4900.45,9
C00742247,377290.01,573
C00742296,71731.0,19
C00742338,100.0,4
C00742346,20800.74,24
C00742395,612.0,2
C00742429,46905.82,44
C00742494,9899.9,14
C00742619,300600.0,4
C00742635,83699.24,30
C00742668,2671.1,2
C00742759,46.99,14
C00743021,2300.2,24
C00743195,509.28,5
C00743203,3108.29,22
C00743377,3288.0,22
C00743427,214878.8,276
C00743542,54516.14,37
C00743641,1394666.69,313
C00743682,634023.64,15
C00743724,38755.0,13
C00743823,68.1,2
C00743906,250.0,1
C00743989,29750.0,21
C00744185,128174.91,150
C00744532,16610.31,21
C00744540,36481.35,135
C00744573,129129.72,63
C00744599,4552.45,14
C00744714,23706.59,23
C00744789,2300.0,10
C00744821,141183.63,59
C00744847,12278.08,68
C00744920,17132.67,46
C00744938,724.62,4
C00744946,396184973.29,3875
C00744987,85519.19,114
C00745182,4349.97,7
C00745190,12800.66,12
C00745208,105267.8,60
C00745273,563.25,3
C00745307,2000.01,1
C00745315,2971.58,1
C00745588,68.0,6
C00745745,1806542.58,133
C00745786,3962850.57,266
C00746040,67058.29,25
C00746073,31186.16,157
C00746107,1421456.8,94
C00746255,6222.66,38
C00746560,196902.07,82
C00746628,40965.5,9
C00746719,1495.89,9
C00746735,60323.15,80
C00746784,6030.0,1
C00746867,523.25,1
C00746909,16474.14,12
C00746917,3081.03,11
C00747097,49065.42,79
C00747121,835949.74,413
C00747170,283886.96,157
C00747204,1776.21,4
C00747220,234587.33,116
C00747469,4500.0,1
C00747485,40298.68,124
C00747642,5436.5,16
C00747691,82400.33,117
C00747725,2602.5,3
C00747766,510981.31,239
C00747840,112206.52,150
C00747865,925.0,3
C00747907,23642.12,37
C00747998,368357.11,434
C00748061,80967.29,21
C00748186,408753.7,142
C00748228,56487.41,375
C00748301,47938.85,183
C00748400,1218.58,26
C00748418,1287.07,15
C00748475,252340.11,75
C00748509,264.0,1
C00748582,389219.17,235
C00748640,74967.05,53
C00748673,547855.8,483
C00748764,849.0,11
C00748772,2018.75,7
C00748798,32256.27,8
C00748814,8000.0,2
C00749085,49563.97,33
C00749101,19116.27,55
C00749143,814483.66,165
C00749150,3006.58,1
C00749317,21518.67,5
C00749481,156230.49,114
C00749572,367574.0,249
C00749671,14759414.78,4660
C00749747,749.0,1
C00749788,94359.42,95
C00750026,1564.62,5
C00750166,935806.32,313
C00750174,10799.64,14
C00750182,798324.67,61
C00750224,4404.96,17
C00750307,338884.3,315
C00750356,61787.66,32
C00750505,71732.53,26
C00750521,21678366.26,141
C00750539,2747.33,4
C00750786,510938.21,39
C00750901,14165.94,81
C00750919,247470.64,212
C00751032,8268.0,9
C00751099,9372.86,24
C00751339,16705.52,162
C00751503,86111.91,32
C00751701,401899.77,69
C00751784,271482.85,268
C00751826,488546.34,2100
C00751883,1325.0,1
C00751982,185789.72,162
C00752048,80715.08,26
C00752089,9171.7,16
C00752147,1052.0,2
C00752253,6243.4,9
C00752287,111754.81,41
C00752303,50.0,3
C00752378,165888.79,58
C00752469,9132.93,34
C00752519,242646.71,60
C00752576,166728.11,178
C00752584,902249.06,1563
C00752691,3267539.77,290
C00752790,7928.03,5
C00752923,539.99,1
C00752964,239.49,1
C00753046,51678.1,15
C00753186,158.68,2
C00753277,447499.83,125
C00753319,4639.85,4
C00753327,9141.91,66
C00753350,350.0,1
C00753384,8435.44,13
C00753400,299544.7,80
C00753475,4214.02,6
C00753491,1420.09,2
C00753558,10299205.47,453
C00753632,5296.0,6
C00753731,500.0,1
C00753822,377.5,5
C00753889,13969.76,6
C00753913,1173536.6,456
C00753947,146808.62,105
C00754044,761258.08,266
C00754051,10477872.04,470
C00754069,1072538.41,552
C00754077,5929.97,14
C00754192,140208.24,338
C00754218,2845.6,10
C00754242,71506.24,103
C00754333,1687.48,28
C00754515,1010.5,2
C00754598,167461.83,154
C00754655,51475.98,360
C00754671,23072.13,132
C00754697,128517.12,192
C00754754,391832.06,144
C00754762,2238.37,2
C00754960,5255.05,4
C00754994,2009.96,1
C00755033,7660.02,25
C00755074,376444.63,292
C00755173,55591.26,93
C00755199,183708.62,224
C00755363,231884.61,122
C00755405,16.0,1
C00755454,9115.2,64
C00755520,1055.11,2
C00755694,257917.23,160
C00755702,844509.79,346
C00755728,66321.43,53
C00755801,282.67,3
C00755819,11731.36,121
C00755942,17385.07,8
C00756056,525.0,1
C00756080,579198.13,407
C00756205,77269.2,44
C00756304,3010.05,16
C00756445,375.0,3
C00756528,2593.82,3
C00756544,3545.0,7
C00756551,32317.57,38
C00756569,6178903.27,701
C00756593,9666.08,33
C00756635,7454.38,17
C00756643,618.9,1
C00756726,480.0,8
C00756791,6158.19,6
C00756825,30754.33,32
C00756841,309.82,1
C00756858,275.0,1
C00756866,28202.13,73
C00756874,346.85,1
C00756916,5751.43,39
C00757120,11330.0,27
C00757203,5174.1,20
C00757294,34261.01,38
C00757302,12114.15,17
C00757344,40238.08,54
C00757419,5035533.78,621
C00757633,10498.94,61
C00757724,62869.0,41
C00757823,15856.2,12
C00757831,456.5,11
C00757922,130396.39,56
C00757930,8271.0,16
C00758003,56800.2,86
C00758011,65638.49,25
C00758078,13090.77,74
C00758102,1718.5,3
C00758193,3412.61,21
C00758219,1347614.18,579
C00758250,624.0,1
C00758318,5507.58,2
C00758375,10807.89,6
C00758433,80781.2,37
C00758508,35.0,3
C00758516,123.0,3
C00758532,32108.28,45
C00758607,850.0,1
C00758672,900.0,1
C00758722,76058.9,25
C00758789,17432.17,29
C00758813,5982.23,5
C00758847,19246.26,16
C00758862,16107.75,18
C00758938,3255527.5,646
C00759019,264041.99,108
C00759035,6738.31,11
C00759159,3022.15,1
C00759332,14928.31,18
C00759365,2998.25,12
C00759456,10000.0,1
C00759548,31255.18,67
C00759597,23494.6,33
C00759662,2767.61,3
C00759910,5320.9,6
C00760009,11491.28,18
C00760082,2403.74,10
C00760108,241892.82,214
C00760116,11570.9,28
C00760124,1620933.84,201
C00760132,66.25,3
C00760215,33425.54,46
C00760256,500.0,1
C00760306,15156.42,3
C00760348,2753.44,1
C00760397,22241.93,33
C00760413,227245.37,67
C00760488,117944.0,83
C00760603,8873.4,16
C00760629,26543.95,50
C00760694,33744.64,21
C00760736,306398.64,185
C00760801,5653.61,20
C00760827,3127098.09,353
C00760835,12953.59,17
C00761049,3464.02,15
C00761064,330270.44,146
C00761072,38722.27,30
C00761213,47508.61,30
C00761239,26520.61,101
C00761528,4616.73,4
C00761577,1200.0,1
C00761726,1110.0,3
C00761791,17433.07,24
C00761957,15841.14,83
C00761965,27077.21,119
C00762062,13362.59,150
C00762161,1199.09,98
C00762260,201406.02,88
C00762286,5000.0,1
C00762328,47493.07,61
C00762369,53273.15,64
C00762377,2659.94,1
C00762419,360.0,4
C00762559,1203.38,9
C00762591,94009057.9,2349
C00762658,7187.3,24
C00762666,68764.32,272
C00762682,261540.77,132
C00762815,2412.79,3
C00762823,1302.5,4
C00762930,75372.91,87
C00762963,5535.07,7
C00763037,250.0,1
C00763045,792443.16,643
C00763169,202860.98,233
C00763227,1637738.43,387
C00763326,15528.44,19
C00763359,426400.48,313
C00763375,9532.39,66
C00763391,9051.23,3
C00763409,1544924.53,30
C00763433,8127.27,44
C00763466,20362.55,72
C00763524,11160.2,5
C00763649,1703405.5,633
C00763748,29419.88,44
C00763797,118052.6,1223
C00763888,138931.27,134
C00763912,300.0,1
C00763946,3140.0,2
C00764027,27792.61,78
C00764126,11394.85,13
C00764134,6855.8,9
C00764159,1724.1,512
C00764209,100517.68,105
C00764217,15081.6,76
C00764233,4506830.64,832
C00764274,503903.45,142
C00764357,5802.8,37
C00764373,70679.3,62
C00764381,805547.91,509
C00764415,39273.29,63
C00764431,34862.12,58
C00764480,400.0,8
C00764506,2001.99,2
C00764522,1520.49,9
C00764571,1731.26,8
C00764753,47840.4,44
C00764761,216776.05,73
C00764795,5284.73,4
C00764803,93721.93,36
C00764829,626806.01,239
C00764860,30302.48,88
C00764878,9313.7,9
C00764886,36974.0,20
C00764894,19525.36,91
C00764993,971.04,10
C00765024,57468.09,47
C00765099,933200.93,852
C00765164,1416914.48,488
C00765198,18114.38,52
C00765206,3475.0,3
C00765230,300.0,1
C00765313,5600.0,35
C00765412,2450.0,1
C00765453,48961.81,337
C00765461,739586.48,1219
C00765529,974786.96,564
C00765537,20040.88,99
C00765552,7410.3,14
C00765560,50.0,2
C00765578,19226.33,42
C00765594,2713.6,1
C00765644,75860.87,116
C00765701,900.0,2
C00765719,7314913.93,999
C00765727,49039.7,28
C00765768,144974.71,244
C00765800,5590646.81,1780
C00765883,19454.26,93
C00765891,394796.26,406
C00765909,3072039.0,2
C00765917,506698.62,482
C00765982,5074457.91,605
C00766030,862.5,1
C00766048,920.0,29
C00766113,2125.13,2
C00766154,4076.89,1
C00766162,1435136.9,385
C00766196,121706.98,150
C00766204,43238.79,90
C00766220,75004.28,75
C00766329,32901.89,24
C00766402,76997.92,102
C00766428,2012354.94,402
C00766493,6622.13,6
C00766519,62574.59,325
C00766527,33422.93,7
C00766659,1567700.59,1608
C00766691,384054.74,184
C00766733,6156.15,4
C00766774,36332.41,97
C00766782,677014.13,16
C00766790,42289.14,56
C00766816,14606.07,102
C00766964,6456.88,12
C00766972,231921.85,87
C00766998,354.57,5
C00767046,45458.87,26
C00767079,45510.18,44
C00767137,583.16,1
C00767194,40835.45,6
C00767285,25.76,3
C00767319,476.12,13
C00767327,259206.93,93
C00767343,8634.94,9
C00767350,9797.57,13
C00767368,964.3,2
C00767400,253976.56,509
C00767608,402.99,1
C00767616,1022.97,2
C00767640,2509981.62,1109
C00767749,814020.95,43
C00767764,15874.6,4
C00767772,50694.21,48
C00767806,5907.0,13
C00767863,2118.33,2
C00767871,200120.25,97
C00768085,18869.52,42
C00768101,601541.36,324
C00768127,446.03,2
C00768200,805086.16,249
C00768309,168.31,4
C00768317,7780.0,19
C00768408,7886.9,57
C00768523,19054.0,14
C00768531,119.8,4
C00768614,600.0,3
C00768671,2857.11,6
C00768689,692719.68,380
C00768705,6377.86,17
C00768762,141417.66,186
C00768838,502504.1,404
C00768887,20491.59,75
C00768929,47234.29,130
C00768994,6548876.94,3471
C00769059,583.69,16
C00769109,479799.69,236
C00769125,44359.11,58
C00769216,20553.63,7
C00769232,4675810.28,143
C00769299,114676.65,55
C00769406,926.45,1
C00769414,37985.19,17
C00769463,4821.21,4
C00769521,71284.8,28
C00769604,5243.58,59
C00769687,6937.99,14
C00769695,81039.53,27
C00769711,414482.39,254
C00769745,4415.5,30
C00769828,148417.33,107
C00769844,81968.31,90
C00769901,648.0,6
C00770040,4767.5,1
C00770057,5125.7,13
C00770149,33333.41,36
C00770180,2296365.96,410
C00770214,5907449.97,849
C00770255,16012.0,43
C00770263,14025.9,26
C00770297,141479.6,63
C00770347,38245.62,74
C00770362,116257.45,237
C00770370,1199.83,4
C00770412,643111.6,320
C00770438,5348872.08,1858
C00770511,11022.27,82
C00770594,1890.3,4
C00770636,3562.05,3
C00770776,3607.69,16
C00770818,1801672.55,1046
C00770941,78504506.36,3806
C00770982,29813.32,22
C00771048,269.0,1
C00771063,12337.8,16
C00771071,3000.0,2
C00771097,11212.13,59
C00771113,820496.02,219
C00771139,222133.38,103
C00771238,840048.33,227
C00771246,6547118.02,410
C00771279,1020.0,2
C00771360,3115.55,3
C00771394,2354493.59,275
C00771436,1345.13,28
C00771477,18715.0,4
C00771501,4024.03,23
C00771527,4326.04,13
C00771543,664691.85,275
C00771592,925.52,8
C00771709,18727.69,7
C00771824,5245.89,2
C00771865,529786.77,472
C00771899,356.75,3
C00771949,327178.64,299
C00771972,22813006.87,2063
C00772020,3589.88,4
C00772079,63798.25,7
C00772152,435313.3,162
C00772194,8462.4,3
C00772228,37475.65,25
C00772244,784244.53,317
C00772269,68.02,2
C00772335,8139.06,1
C00772434,89876.91,55
C00772442,1600.0,5
C00772517,548948.36,260
C00772624,32695.6,109
C00772673,15371.25,2
C00772848,2227766.2,593
C00772913,2186874.31,216
C00773028,455.98,1
C00773101,666699.75,250
C00773234,85439.77,46
C00773283,98008.13,100
C00773390,945711.47,1037
C00773416,73784.49,30
C00773762,81966.5,190
C00773788,374960.62,526
C00773820,8384834.23,1553
C00773846,78254.03,145
C00773853,23874.44,103
C00773903,259612.82,135
C00773911,22257646.59,22250
C00774042,272948.1,56
C00774059,9489.54,5
C00774109,916240.22,834
C00774125,1736.27,4
C00774141,1369.98,6
C00774232,3159.01,1
C00774240,512.5,1
C00774257,40260.35,21
C00774273,4538.05,13
C00774281,671926.98,365
C00774323,1705592.54,597
C00774422,5843.0,11
C00774455,1450.0,1
C00774463,14394.72,68
C00774497,19002.82,130
C00774570,56509.91,44
C00774588,81172.61,83
C00774596,2461.31,3
C00774695,26.17,1
C00774703,647086.89,210
C00774893,442.5,5
C00774901,6033.0,41
C00774919,4766.07,38
C00774943,1601983.04,491
C00774950,300.0,1
C00774976,19183.12,17
C00774984,1484.32,1
C00775007,4450.87,1
C00775015,1532142.7,668
C00775023,1807.53,1
C00775049,7035.23,15
C00775064,3438.02,1
C00775072,1336.5,1
C00775080,1635.73,1
C00775098,1580.66,1
C00775106,2750.32,1
C00775122,2815.68,1
C00775205,457122.26,251
C00775254,2667.32,1
C00775262,2667.32,1
C00775270,3017.77,1
C00775288,3940.68,1
C00775296,3061.82,1
C00775304,3321.64,1
C00775320,5460.83,1
C00775338,1308.39,1
C00775353,3475.08,1
C00775361,2601.01,1
C00775387,664.6,2
C00775411,1086.95,3
C00775478,28160.44,96
C00775510,19374.1,8
C00775544,3867.48,9
C00775585,2036.51,9
C00775601,2416.14,63
C00775635,350.0,1
C00775643,2593.14,1
C00775650,3280.65,1
C00775684,2889.35,1
C00775692,2662.31,1
C00775726,1644.23,1
C00775734,1729.8,1
C00775759,2750.32,1
C00775767,2894.64,1
C00775841,79444.45,119
C00775858,3532.63,1
C00775866,2952.76,1
C00775890,3038.23,1
C00775908,3287.06,1
C00775916,3257.81,1
C00775940,4094.24,1
C00775999,24561.36,41
C00776005,19844.0,24
C00776062,98575.18,211
C00776120,6381516.82,1125
C00776161,103192.69,55
C00776187,4139.49,15
C00776237,17077.39,12
C00776310,20722.58,57
C00776328,7627.81,13
C00776385,246181.81,37
C00776393,1057469.61,321
C00776419,163416.85,228
C00776476,4832.89,13
C00776484,2902.78,38
C00776526,1231172.03,319
C00776575,555319.41,263
C00776609,16782.58,125
C00776658,19294.59,113
C00776682,116380.15,186
C00776708,168575.96,56
C00776740,117752.4,98
C00776757,11662.48,10
C00776765,810797.75,71
C00776799,10000.0,2
C00776823,27789.48,41
C00776880,1001.5,5
C00776930,170417.68,93
C00776948,24489.36,128
C00776971,16047.17,39
C00776997,450.0,1
C00777136,250.0,1
C00777185,221732.06,55
C00777276,598.73,31
C00777326,6516.05,10
C00777334,40548.27,19
C00777540,220.0,1
C00777565,20502.9,7
C00777599,76050.0,10
C00777771,106985.34,79
C00777904,82705.63,225
C00777920,15180.0,6
C00777953,33070.78,36
C00777995,10256.05,13
C00778084,1178.91,1
C00778134,35440.03,76
C00778159,9299642.01,1699
C00778274,33430.0,16
C00778290,11576.57,33
C00778308,41530.67,55
C00778357,70374.44,48
C00778381,28463.7,87
C00778407,22402.13,10
C00778415,24929.98,38
C00778423,3978.72,5
C00778449,3636.6,4
C00778464,24428.71,35
C00778506,11787.25,15
C00778548,-1000.0,3
C00778761,3160.8,6
C00778928,42763.19,73
C00779058,74829.07,66
C00779223,3571955.76,1717
C00779314,11400.0,8
C00779405,840.0,10
C00779439,69565.38,132
C00779488,8370.5,12
C00779520,49162.92,78
C00779538,1036.0,17
C00779603,2353961.25,1422
C00779611,138.34,1
C00779686,4469.19,36
C00779736,5385.94,5
C00779819,2314.0,22
C00779827,124383.3,118
C00779843,28459.56,31
C00780023,13021.7,8
C00780049,0.52,1
C00780056,1744540.06,777
C00780122,9147.53,1
C00780155,1484.35,3
C00780171,969.62,15
C00780262,3494.0,1
C00780361,2500.0,2
C00780411,172703.91,176
C00780429,33705.79,319
C00780437,3290.93,58
C00780452,2401.51,1
C00780619,6193.03,17
C00780635,1478.1,1
C00780684,9374.58,3
C00780759,44.94,1
C00780809,4453.29,2
C00780833,14863.76,46
C00780841,187291.13,86
C00780858,11703.79,2
C00780866,253814.32,108
C00780965,12794.37,14
C00780999,184377.31,89
C00781021,56.14,5
C00781039,6113310.28,278
C00781112,1338397.32,1080
C00781211,1205.85,4
C00781229,2418.64,9
C00781252,7199.74,39
C00781328,11585.04,39
C00781336,2700.0,1
C00781419,15774.27,21
C00781427,1177.99,1
C00781443,1431704.79,862
C00781468,120887.77,49
C00781476,200.0,1
C00781484,232.83,1
C00781492,4190.0,3
C00781575,4500.0,1
C00781658,8639.59,17
C00781666,33843.27,105
C00781674,144908.88,154
C00781708,11956.52,3
C00781716,41992.75,96
C00781740,2183.0,7
C00781815,4220.0,13
C00781930,1305.33,3
C00781971,20959.75,26
C00782037,4868.69,1
C00782151,3740.01,6
C00782177,88424.67,133
C00782219,1700.0,2
C00782268,279.74,1
C00782326,997.2,17
C00782458,941.99,10
C00782482,490.0,2
C00782508,503139.21,369
C00782532,2750.34,24
C00782581,1803941.61,643
C00782599,1826796.33,273
C00782631,32704.22,25
C00782656,9473.66,11
C00782664,932899.02,108
C00782698,6620.4,21
C00782706,646.25,4
C00782797,20701.55,46
C00782847,95732.57,32
C00782854,882.78,11
C00783027,15241.17,9
C00783118,6016.09,1
C00783134,10.14,1
C00783142,2310159.46,403
C00783159,130.24,3
C00783167,415621.08,68
C00783175,7752.57,12
C00783266,536495.97,294
C00783274,115140.3,170
C00783332,2915.8,2
C00783365,2081.86,5
C00783381,2275.99,4
C00783423,4232.65,54
C00783464,1459.28,3
C00783498,5653.93,3
C00783589,494.45,3
C00783605,75.0,3
C00783639,163.0,3
C00783696,20098.72,9
C00783712,1637.58,23
C00783720,4066.24,2
C00783837,293391.0,245
C00783969,82206.87,69
C00784025,985500.84,524
C00784041,4281.52,6
C00784074,10569.98,38
C00784132,26880.63,48
C00784165,96097.36,17
C00784173,37380.0,21
C00784249,285016.99,168
C00784264,733.1,1
C00784272,4447.01,16
C00784314,1129.94,4
C00784371,7399681.22,1070
C00784389,5729832.72,731
C00784413,42518.31,3
C00784496,912222.83,643
C00784512,5000.0,1
C00784520,5495645.23,1372
C00784587,20423.08,44
C00784637,680.0,7
C00784652,54029.83,15
C00784694,11211.85,19
C00784785,1410.26,9
C00784801,11962.0,7
C00784835,16732.27,77
C00784843,28876.23,35
C00784868,3600.0,4
C00784876,4755.0,2
C00784884,40723.63,43
C00784926,2867065.73,666
C00784934,8178227.72,717
C00784959,850631.86,656
C00784983,1843738.12,2121
C00785006,6375.43,24
C00785014,35859.58,28
C00785196,34086.62,5
C00785279,93999.68,83
C00785311,4778.96,132
C00785360,4700.0,1
C00785436,2798.47,4
C00785550,8574.96,4
C00785568,2524.25,4
C00785584,903235.59,349
C00785634,1000.0,3
C00785675,8558.65,5
C00785717,2251.91,6
C00785733,34801.56,21
C00785774,58733.03,269
C00785790,6883.6,10
C00785816,961990.11,272
C00785899,64488.48,49
C00785956,548.0,2
C00786004,6653.43,6
C00786038,13686.01,12
C00786061,3009.86,12
C00786087,11690.43,47
C00786095,8109.87,14
C00786152,54134.48,32
C00786186,18178.19,47
C00786194,6633884.78,904
C00786202,17152.49,42
C00786293,3985.34,2
C00786343,905.85,4
C00786368,28281.56,45
C00786392,130404.63,198
C00786434,3107.59,22
C00786475,606.24,2
C00786566,8081.32,19
C00786574,2493.15,10
C00786624,4260210.8,77
C00786632,989.26,7
C00786657,945647.73,1145
C00786665,4959.85,6
C00786723,2353.2,2
C00786731,320.32,2
C00786772,27907.1,74
C00786798,4843.75,3
C00786806,119445.02,492
C00786822,2362591.72,2296
C00786830,98603.03,127
C00786996,416054.74,220
C00787002,112521.35,57
C00787101,351530.37,187
C00787135,116155.19,70
C00787150,4656.84,19
C00787200,3067.52,5
C00787242,708.6,14
C00787267,1250.0,5
C00787283,250.0,1
C00787317,113630.41,126
C00787325,5974.07,33
C00787374,147.66,2
C00787390,16045.5,55
C00787432,5512.5,2
C00787515,17575.67,10
C00787549,1746.53,6
C00787580,913.04,1
C00787648,4658174.33,1696
C00787671,274569.9,447
C00787721,21957.11,2
C00787788,8060160.1,1422
C00787812,2373273.26,2176
C00787820,6786587.08,1299
C00787853,870204.97,205
C00787879,68490.29,140
C00787887,1268.55,1
C00787929,2709.99,6
C00787945,2542677.9,599
C00787978,4569.93,1
C00788067,46430.1,18
C00788075,500.0,1
C00788083,126379.51,164
C00788091,1705.4,1
C00788117,679.89,4
C00788166,500.0,1
C00788190,6616.17,7
C00788232,407.4,5
C00788299,147.02,3
C00788356,42180.65,360
C00788380,1822.05,19
C00788414,408826.41,345
C00788448,222377.87,196
C00788463,28655.92,8
C00788547,108529.65,67
C00788679,532046.8,25
C00788810,55364.27,49
C00788869,18056.0,38
C00788877,728.92,3
C00788943,2226246.49,2463
C00788968,48016.0,14
C00788976,1435.03,6
C00788992,5422.58,33
C00789008,488.99,1
C00789016,8958.95,3
C00789081,1825.12,8
C00789123,487.92,1
C00789164,19081.2,7
C00789222,12087.36,2
C00789339,105856.5,17
C00789370,5217.53,1
C00789404,6903545.56,1959
C00789461,39538.79,29
C00789586,5467161.09,795
C00789602,1157.11,8
C00789644,3228.05,10
C00789693,6137.8,3
C00789727,7566.92,8
C00789776,13546.06,15
C00789792,34774.37,66
C00789834,370759.71,132
C00789842,6291.22,2
C00789867,2229.6,55
C00789933,1007658.19,31
C00789966,546814.62,1019
C00789974,13854.5,12
C00790089,136656.37,23
C00790287,3436.19,6
C00790360,24150.0,11
C00790386,1833.31,38
C00790410,69.8,2
C00790436,3128.55,5
C00790444,10812.97,13
C00790469,12250.0,2
C00790477,303635.66,24
C00790527,750.0,3
C00790543,19935.02,34
C00790568,2697.0,32
C00790592,123167.76,37
C00790659,145038.46,77
C00790691,44703.34,26
C00790733,131398.45,158
C00790758,27376.23,27
C00790766,72396.32,28
C00790790,84167.15,452
C00790808,5975.0,1
C00790824,785067.18,19
C00790865,40748.34,6
C00790915,700.0,3
C00790923,229708.63,47
C00790964,12541.3,3
C00791004,659.81,3
C00791012,35695.79,91
C00791020,301.41,1
C00791038,1750.0,4
C00791103,3516.5,11
C00791137,2040.0,17
C00791178,1438.7,1
C00791186,51365.08,55
C00791202,500.0,1
C00791236,181741.42,723
C00791293,640373.49,429
C00791301,791.2,2
C00791335,3696820.11,901
C00791392,821962.36,1021
C00791442,12725.6,31
C00791491,14750.76,35
C00791509,232.36,1
C00791517,8300.16,1
C00791525,23887.2,39
C00791541,177240.69,57
C00791574,3309376.79,379
C00791582,4896.41,5
C00791673,308.04,1
C00791756,6071075.68,1054
C00791780,1914262.27,757
C00791848,233799.86,37
C00791855,118982.93,35
C00791897,681105.95,985
C00791962,4810.02,4
C00792002,3600.0,2
C00792028,49572.0,7
C00792069,114646.54,88
C00792077,205.0,6
C00792085,749412.33,645
C00792093,506349.7,155
C00792127,2581.85,31
C00792135,4566.35,11
C00792168,10131.49,12
C00792184,548291.67,680
C00792192,2680.7,4
C00792218,40.0,1
C00792226,4630.0,8
C00792259,10108.0,4
C00792267,4051.6,7
C00792283,474156.64,536
C00792341,2669785.88,971
C00792382,2712.08,26
C00792408,55034.29,30
C00792432,5484.01,23
C00792465,45954.27,55
C00792507,12286805.27,1796
C00792598,1057683.42,1057
C00792614,2554.05,11
C00792754,22354.14,29
C00792770,2399.12,1
C00792887,400.0,2
C00792911,13603.33,20
C00792960,16474.53,19
C00792994,1024503.8,265
C00793083,39078.69,22
C00793166,-378.51,6
C00793208,4818.0,3
C00793273,603.48,11
C00793281,1467.23,4
C00793315,40.0,2
C00793380,218204.16,325
C00793448,797.78,2
C00793513,556.9,7
C00793539,1253.5,1
C00793570,33585.81,20
C00793638,12891.91,8
C00793646,23743.16,64
C00793679,303612.14,43
C00793687,170942.52,443
C00793695,14318.6,13
C00793703,5244923.58,1652
C00793760,9643953.78,1033
C00793869,19270.7,4
C00793877,6746.05,8
C00793919,152644.05,411
C00793935,4792675.05,1021
C00793943,4983.33,15
C00793950,1402170.18,569
C00793976,5038767.33,884
C00794016,16119.04,58
C00794024,531391.41,98
C00794032,553063.97,191
C00794040,7838.15,7
C00794065,13254.92,8
C00794198,170716.15,56
C00794263,194.0,1
C00794354,16905.11,100
C00794396,432984.77,99
C00794404,29503.92,263
C00794412,2682.34,1
C00794438,305.72,1
C00794453,3139.0,15
C00794479,11168.96,7
C00794495,564405.93,355
C00794560,600.0,1
C00794578,3587.22,3
C00794602,16251.88,9
C00794610,286947.42,68
C00794669,12556.84,36
C00794685,9048.06,9
C00794719,1513.52,2
C00794727,507352.59,606
C00794743,862.37,1
C00794750,5867.07,24
C00794768,350.0,2
C00794800,564.31,32
C00794859,38237.41,51
C00794867,1070.0,3
C00794891,11213.86,40
C00794925,1878.0,2
C00794982,1018.75,3
C00795005,549976.25,710
C00795088,5475.11,7
C00795104,6717.16,37
C00795211,5021670.95,1418
C00795252,427026.25,630
C00795278,3500.0,2
C00795351,2450.06,1
C00795450,1505185.21,1263
C00795476,23400.31,30
C00795526,704.0,28
C00795534,189.0,3
C00795542,73678.42,108
C00795591,743075.6,550
C00795708,52127.5,28
C00795765,1063.75,7
C00795799,25020.07,3
C00795823,770399.13,541
C00795880,3112.0,12
C00795930,501444.17,150
C00796037,834.24,9
C00796045,5020601.52,561
C00796086,684128.89,757
C00796144,2522697.13,954
C00796177,79515.72,29
C00796193,48.0,3
C00796227,109.85,4
C00796250,14842.14,4
C00796425,2519.19,2
C00796433,1136689.6,533
C00796441,2220.0,2
C00796516,3704.7,7
C00796524,17842.54,10
C00796540,4413.06,7
C00796623,1080.0,25
C00796672,621456.96,820
C00796763,350.0,1
C00796821,1653.63,18
C00796847,5052.64,26
C00796854,2069.91,4
C00796946,0.0,2
C00796995,5450.07,8
C00797027,18116.0,7
C00797043,2543101.99,753
C00797084,19050.0,3
C00797118,250.0,1
C00797175,1088064.22,989
C00797183,155998.29,10
C00797217,2327308.8,924
C00797241,283331.36,164
C00797282,16207.74,18
C00797316,28449.64,197
C00797332,11100.48,11
C00797340,205116.32,295
C00797381,2900.0,1
C00797464,592292.24,222
C00797506,2500.92,21
C00797597,85944.75,41
C00797613,300.0,1
C00797639,3088.44,5
C00797647,666.0,24
C00797670,2609838.29,106
C00797795,911015.07,846
C00797803,40.0,4
C00797829,13940.95,6
C00798009,69576.64,20
C00798025,2566.45,8
C00798033,6221.2,4
C00798041,298.0,14
C00798066,4431.93,2
C00798124,2741.51,1
C00798132,2846388.68,694
C00798231,2741.51,1
C00798264,2593.14,1
C00798272,2731.5,1
C00798280,2667.32,1
C00798298,2667.32,1
C00798306,3203.34,1
C00798322,4233218.65,883
C00798355,265839.89,193
C00798363,1346.0,1
C00798405,25538.96,17
C00798454,3092.71,1
C00798462,2667.32,1
C00798488,2815.68,1
C00798553,6222.07,29
C00798561,5057.54,11
C00798579,21693.3,48
C00798587,147296.03,128
C00798637,3295.42,1
C00798645,5226.4,1
C00798652,4078.92,1
C00798660,5567.98,1
C00798678,2824.98,1
C00798686,4043.43,1
C00798694,4218.1,1
C00798744,1500.0,1
C00798777,4680.35,22
C00798850,6583.08,3
C00798900,655215.98,168
C00799031,14906956.72,225
C00799072,150.0,3
C00799098,107.53,1
C00799130,23370.18,28
C00799171,187256.65,451
C00799189,161861.79,42
C00799239,700.0,5
C00799247,885.29,1
C00799270,40586.32,18
C00799288,742170.75,89
C00799312,7882.5,10
C00799320,924.5,3
C00799361,685525.12,71
C00799379,7931.9,1
C00799387,1170.04,9
C00799437,3736.73,27
C00799478,6999.99,6
C00799494,11397.08,14
C00799502,448.01,60
C00799510,6397.2,19
C00799528,18815.0,9
C00799601,12292.95,6
C00799684,63372.54,39
C00799700,2116.99,3
C00799767,2223457.73,528
C00799775,6934.72,2
C00799791,697.17,4
C00799809,16679.08,25
C00799817,44349.27,44
C00799866,5000.0,1
C00799882,270.0,1
C00799916,1921.5,5
C00800003,1036846.36,421
C00800037,2326.69,20
C00800045,357601.21,36
C00800060,2275.69,12
C00800086,461.8,1
C00800102,2224.83,4
C00800144,721337.24,632
C00800201,1098.27,2
C00800227,49957.65,97
C00800250,3500.0,2
C00800268,32353.17,10
C00800276,3478344.16,1200
C00800326,4585.93,4
C00800409,3641.28,4
C00800425,550.0,1
C00800458,614881.27,227
C00800599,135.0,1
C00800607,450.0,1
C00800623,26566.56,14
C00800649,1082510.27,744
C00800656,20324.28,76
C00800672,1550.0,4
C00800755,26168.99,21
C00800847,26157.4,10
C00800904,8248.81,1
C00800912,228567.76,260
C00800938,128390.93,214
C00800979,40595.87,55
C00800987,9015.65,13
C00800995,258004.62,82
C00801050,8333.57,11
C00801076,5511.82,7
C00801084,5200.0,3
C00801118,11774.7,42
C00801241,1780730.68,550
C00801274,5136382.75,1616
C00801316,3800.0,1
C00801324,14314.3,72
C00801357,3502.75,4
C00801423,50.0,1
C00801431,6131286.81,1425
C00801456,2614.55,2
C00801498,337.92,7
C00801514,4500.0,1
C00801530,9423.73,3
C00801571,39368.36,59
C00801662,4600.0,11
C00801688,12489.26,27
C00801746,2994.89,3
C00801761,578117.08,224
C00801803,3988542.74,127
C00801902,7440.0,5
C00801910,21454.16,22
C00801951,29.3,1
C00801985,3709653.34,1403
C00801993,3478.39,2
C00802009,5286.79,5
C00802082,241.13,1
C00802165,401.0,1
C00802207,63941.46,15
C00802215,1438.69,6
C00802223,233.91,1
C00802264,9064.52,18
C00802280,11059.83,21
C00802298,1455187.4,851
C00802322,2647.66,25
C00802348,200.0,1
C00802355,300.0,1
C00802371,66776.43,13
C00802389,3593086.77,748
C00802488,9080270.61,585
C00802504,934093.26,531
C00802595,223481.21,152
C00802603,428508.72,963
C00802652,8670.94,30
C00802678,3437.06,6
C00802827,140766.8,533
C00802876,29948.19,8
C00802934,6400.0,5
C00802959,3251.29,2
C00803049,3350.0,8
C00803098,75.0,3
C00803197,714.44,45
C00803254,118.0,1
C00803288,910.0,8
C00803312,61.26,2
C00803320,8869.0,14
C00803452,860.0,7
C00803486,44014.81,37
C00803494,4959.5,20
C00803502,9494806.53,1327
C00803569,3392.81,23
C00803585,13355.75,75
C00803593,61.0,3
C00803643,1639.2,1
C00803676,952.84,24
C00803726,15630.92,42
C00803742,712.5,3
C00803759,112986.64,133
C00803767,4.3,1
C00803858,772.96,2
C00803924,4033.29,25
C00804096,729.66,1
C00804104,14428.35,4
C00804138,1322.68,5
C00804153,67210.99,42
C00804161,821.85,11
C00804179,49240.77,19
C00804187,679.5,2
C00804310,2050.0,2
C00804377,26013.47,34
C00804427,5530.1,14
C00804500,81084.59,133
C00804526,80223.45,32
C00804534,14367.81,14
C00804542,2815.0,1
C00804633,51208.87,5
C00804682,4028.28,13
C00804690,376812.59,82
C00804724,105.0,7
C00804732,39250.0,1
C00804740,4793.51,5
C00804773,6000.0,3
C00804807,1420.05,42
C00804823,1015204.33,142
C00804831,48703.3,44
C00804849,1332.7,1
C00804856,4398589.03,245
C00804872,5637.37,13
C00804914,1299.35,29
C00804930,1563.0,1
C00804971,5935.76,6
C00804997,23074.5,29
C00805002,840.74,3
C00805010,2010.0,1
C00805036,442.83,3
C00805184,26665.7,51
C00805192,1855.83,3
C00805275,16828591.69,1452
C00805283,643113.96,120
C00805333,32970.09,19
C00805374,1422.99,13
C00805556,83881.97,66
C00805671,17446.14,22
C00805762,2998.67,3
C00805804,1998.29,5
C00805846,52546.21,69
C00805853,1990.0,2
C00806018,3084932.16,698
C00806075,6798.0,4
C00806083,16845.5,6
C00806117,4520.0,20
C00806133,25707.3,8
C00806174,11698632.37,1749
C00806190,42675.24,63
C00806216,2608.42,4
C00806307,4175627.83,1600
C00806315,3861.58,23
C00806323,45.97,1
C00806372,321.0,1
C00806380,2318.36,8
C00806398,1040.67,3
C00806406,6002.49,6
C00806430,359.13,3
C00806455,5978.91,23
C00806489,2582.84,2
C00806513,1295.26,7
C00806521,3010000.0,5
C00806547,7328.62,18
C00806554,4275.83,17
C00806562,6406.0,1
C00806588,1125.0,1
C00806604,50085.94,27
C00806612,2923920.69,1841
C00806620,40873.65,156
C00806638,5062.41,4
C00806752,9873.77,31
C00806760,6728.78,11
C00806836,3175.0,8
C00806844,667805.34,231
C00806851,527.3,2
C00806885,133420.0,143
C00806893,1285880.81,491
C00806901,1225.0,1
C00806935,3557.93,16
C00806976,175.0,7
C00807081,1410.0,1
C00807123,30236.71,36
C00807198,3731.27,5
C00807214,2596.03,2
C00807222,6569.43,10
C00807289,10050.09,11
C00807297,27825.79,50
C00807305,5000.0,1
C00807321,21935.57,29
C00807404,245.0,5
C00807412,3320522.36,767
C00807420,7500.0,1
C00807610,78813.97,26
C00807628,1445105.41,896
C00807719,38617.91,11
C00807727,2849594.65,658
C00807735,1041.1,4
C00807743,1861838.3,544
C00807768,26550.87,17
C00807792,3538.71,11
C00807818,104866.3,2
C00807909,24263.86,51
C00807974,1667997.35,598
C00807982,1079.0,2
C00808022,181383.48,682
C00808055,4750.0,1
C00808063,76903.32,80
C00808071,2500.0,1
C00808089,12580.0,7
C00808105,19169.74,30
C00808121,124814.99,11
C00808139,760.0,4
C00808154,143.99,9
C00808162,1603.04,9
C00808170,212.0,3
C00808196,2000.0,2
C00808212,1971.49,1
C00808253,14493.2,66
C00808279,4258783.91,1439
C00808287,2238.4,31
C00808303,5755.0,13
C00808329,387.0,1
C00808360,1000.0,1
C00808386,1018.0,3
C00808436,3826.55,18
C00808568,3961.75,12
C00808584,125018.71,124
C00808634,203.64,1
C00808683,1246.04,16
C00808717,16546.81,33
C00808733,49467.19,77
C00808758,6558.62,11
C00808840,113873.28,202
C00808998,3029.06,84
C00809012,30877.24,23
C00809038,570.55,1
C00809087,642.9,3
C00809095,10781.09,164
C00809145,154415.91,153
C00809178,1165324.84,92
C00809186,2821.07,5
C00809343,282705.17,162
C00809350,1262.17,8
C00809384,105372.56,270
C00809426,4233138.39,1161
C00809467,255310.96,441
C00809475,989945.41,73
C00809483,88752.2,19
C00809491,1646.06,2
C00809509,1020.0,4
C00809533,11917.35,9
C00809566,23307.24,28
C00809574,16058.9,18
C00809624,579.0,2
C00809632,47468.42,4
C00809640,22891.6,72
C00809657,43024.05,9
C00809665,1940.05,2
C00809673,692.72,1
C00809699,624056.17,285
C00809749,59743.0,14
C00809756,9722.22,11
C00809830,46993.75,6
C00809871,36804.15,20
C00809970,563737.9,162
C00810044,63062.75,43
C00810051,16500.0,7
C00810077,11075.01,27
C00810127,1520.07,7
C00810184,2104.18,2
C00810283,12389.35,4
C00810374,82465.0,13
C00810408,228812.33,41
C00810416,1206660.93,538
C00810457,13598.31,73
C00810499,33310.86,19
C00810598,5210.0,6
C00810606,14752.05,6
C00810614,1000.0,1
C00810754,29639.55,52
C00810770,1120.0,1
C00810788,535.87,5
C00810820,679.88,13
C00810861,50544.55,226
C00810879,1987.93,4
C00811034,6900.37,24
C00811125,360.0,10
C00811166,22467517.69,927
C00811174,79157.51,177
C00811182,392.0,2
C00811216,9882.54,18
C00811257,50.0,1
C00811273,16158.41,21
C00811307,756518.98,56
C00811323,49019.57,16
C00811448,885.42,2
C00811489,9800.0,25
C00811513,1400.0,6
C00811554,32601.3,27
C00811711,1501.45,3
C00811729,163747.45,110
C00811778,697.01,1
C00811786,104794.82,222
C00811802,30750.0,3
C00811844,992046.05,886
C00811877,4567.43,3
C00811927,3550.0,4
C00812024,475.35,1
C00812032,8220.0,24
C00812123,156.0,8
C00812230,1399.67,3
C00812305,74.2,5
C00812339,927.02,16
C00812370,16101.01,2
C00812388,12725140.37,3643
C00812420,1800.0,2
C00812479,220216.39,143
C00812495,28987.71,53
C00812511,3430.1,3
C00812586,37170.0,42
C00812602,10074.25,11
C00812644,6442.51,9
C00812677,4228.71,10
C00812685,113506.86,72
C00812727,4477.22,48
C00812735,1518.11,16
C00812743,1601.71,9
C00812776,553.32,2
C00812792,237772.19,291
C00812826,500.0,1
C00812859,2000.0,1
C00812891,1271.44,2
C00812917,5589.43,25
C00812933,4000.0,3
C00812941,41904.37,60
C00812966,256650.51,275
C00812974,326889.16,443
C00813006,18391.0,5
C00813048,47221.96,150
C00813063,51040.33,56
C00813089,7888.19,8
C00813113,500.0,1
C00813162,25001.0,67
C00813170,21719.25,49
C00813188,43055.02,162
C00813196,38525.0,5
C00813212,26449.56,116
C00813261,3170.55,34
C00813295,371583.45,71
C00813378,23834.46,62
C00813410,7500.0,2
C00813436,17072.71,9
C00813535,2010.0,1
C00813543,4000.0,1
C00813550,206.1,1
C00813758,535949.9,608
C00813824,80503.35,77
C00813873,4319.41,3
C00813881,2236.83,2
C00814020,42600.09,90
C00814129,73793.11,107
C00814152,1321470.51,437
C00814194,30754.86,21
C00814202,845691.94,65
C00814244,3036.25,2
C00814251,350.0,1
C00814343,2400.0,1
C00814350,432.47,2
C00814376,1747.2,1
C00814434,250.0,1
C00814442,2986.89,12
C00814509,18844.84,57
C00814533,1200.0,1
C00814541,3252.23,22
C00814616,274367.69,227
C00814624,11241.0,6
C00814780,50754.69,132
C00814798,4500.0,1
C00814806,13167.5,5
C00814897,35812.04,45
C00814905,3647.7,58
C00814921,10305.98,3
C00814947,17884.43,12
C00814996,2500.0,1
C00815001,9.0,1
C00815019,5000.0,1
C00815027,2020.85,8
C00815035,1263.35,10
C00815084,15610.25,47
C00815134,31395.53,127
C00815175,317.12,1
C00815282,1576.06,1
C00815290,7820507.49,1721
C00815373,1609711.91,747
C00815381,15707.3,10
C00815407,3000.0,1
C00815415,8099964.78,2085
C00815464,2000.0,1
C00815506,10330.77,7
C00815563,14792.85,6
C00815589,912.5,1
C00815613,302.99,1
C00815621,80306.43,186
C00815647,2153.65,7
C00815704,12187.52,17
C00815720,5737.0,18
C00815738,749.96,1
C00815753,26475.41,84
C00815761,340.0,1
C00815779,21777.69,2
C00815795,108.88,1
C00815803,4365.09,11
C00815886,12569.86,79
C00815928,364555.58,131
C00816009,4023.03,5
C00816017,312158.07,74
C00816025,3882.06,16
C00816033,1919.7,1
C00816066,532.72,4
C00816082,68459.61,80
C00816108,100211.07,109
C00816124,29279.8,28
C00816173,14795.9,15
C00816215,84.0,7
C00816322,275.0,11
C00816330,1175.31,1
C00816355,14906.82,20
C00816371,3462.75,13
C00816389,110950.65,41
C00816405,673.45,1
C00816553,48.0,3
C00816561,8453.5,22
C00816611,164725.17,75
C00816660,2588185.54,1171
C00816694,300.0,1
C00816744,195859.32,105
C00816751,23984.59,32
C00816827,1329.98,4
C00816843,28168.0,11
C00816868,4489723.93,240
C00816876,207906.68,37
C00816892,423448.83,42
C00816967,23.98,2
C00816983,1158366.45,358
C00816991,11003.38,22
C00817023,13102.5,12
C00817064,761.11,1
C00817072,562410.3,119
C00817098,3101.0,3
C00817122,407615.75,131
C00817148,12588.39,5
C00817171,2090.58,1
C00817239,1052.5,2
C00817338,25707.21,41
C00817346,19328.71,29
C00817379,116873.99,273
C00817395,642.94,9
C00817411,5742.28,80
C00817437,3086.22,3
C00817452,468.93,1
C00817528,5250.0,7
C00817536,329313.68,74
C00817551,240.0,8
C00817601,6742.31,4
C00817635,49470.04,27
C00817643,16274.33,6
C00817650,5575.0,2
C00817668,123737.65,164
C00817692,10226.76,61
C00817700,253879.32,81
C00817775,2066.5,3
C00817809,4222.06,9
C00817825,22729.37,13
C00817874,64918.32,60
C00817908,21630.78,8
C00817932,728347.59,1034
C00817965,18245.76,4
C00817981,1149.27,3
C00818047,4398.0,9
C00818062,88096.65,142
C00818161,63603.75,18
C00818179,2250.0,1
C00818237,85.2,2
C00818252,11527.49,17
C00818286,71357.09,69
C00818302,30662.41,68
C00818328,5902.79,19
C00818344,5122.58,23
C00818393,250647.61,82
C00818401,1000.0,1
C00818468,22.17,1
C00818492,20.21,4
C00818518,8216.09,10
C00818526,19458.62,32
C00818542,14792.52,20
C00818559,48179.14,31
C00818591,54500.0,8
C00818617,3499.0,2
C00818682,648.46,4
C00818708,3471.61,6
C00818740,42699.4,16
C00818807,26030.41,207
C00818815,27722.34,7
C00818849,6460.16,3
C00818864,1099.19,1
C00818872,1542.43,1
C00818880,1682.37,1
C00818906,1098.29,1
C00818922,1474.11,1
C00818930,1682.37,1
C00818948,1098.29,1
C00818955,1098.29,1
C00818963,1203.34,1
C00818971,1459.96,1
C00818989,2129.57,1
C00818997,1644.33,1
C00819102,9143.23,50
C00819110,6670.27,81
C00819177,2922.49,2
C00819227,55713.99,125
C00819342,551.12,3
C00819425,28895.5,55
C00819441,15663.49,60
C00819466,6420.0,7
C00819508,30500.0,5
C00819565,2000.0,2
C00819573,224680.63,163
C00819631,3990526.68,244
C00819649,4382.5,8
C00819680,3069.8,24
C00819714,67294.54,82
C00819730,12500.0,3
C00819854,28117.07,25
C00819862,1900.0,1
C00819888,93906.92,69
C00819912,829316.76,322
C00819961,1360.22,5
C00819979,5443.97,4
C00819987,389.59,1
C00819995,1027.39,1
C00820001,8000.0,2
C00820019,26633.13,39
C00820035,51806.04,60
C00820068,100787.6,39
C00820100,70115.45,88
C00820167,225.3,5
C00820175,14004.91,3
C00820209,13961.05,53
C00820225,44786.76,88
C00820308,2562.5,3
C00820316,4708.96,18
C00820324,10602.3,39
C00820357,20186.0,8
C00820399,4495.78,16
C00820431,1437.59,3
C00820464,6992.86,50
C00820480,11121.2,25
C00820548,341897.0,4
C00820621,158.29,2
C00820712,25100.52,7
C00820761,97.0,8
C00820779,4627.24,11
C00820787,4255.0,8
C00820811,801.0,1
C00820845,7258.5,20
C00820894,319.8,1
C00820969,10513.84,55
C00820985,7226.5,8
C00821033,48.0,1
C00821041,716.25,3
C00821058,1206669.52,884
C00821082,3906.25,8
C00821124,1364.79,8
C00821132,260.0,1
C00821231,259196.31,1014
C00821249,300.0,1
C00821280,15504.76,17
C00821314,9278.82,29
C00821330,10945.55,25
C00821348,108656.81,187
C00821371,1500.0,1
C00821421,23127.13,9
C00821439,57860.04,19
C00821447,3216.71,1
C00821462,336339.68,37
C00821488,8360.0,3
C00821504,656.1,1
C00821546,32480.65,120
C00821561,9778.27,59
C00821579,2639470.87,156
C00821587,55620.0,4
C00821611,25599.28,73
C00821629,6766.25,6
C00821652,4597.5,3
C00821678,665.0,1
C00821686,9056.96,20
C00821744,500.0,1
C00821751,765.48,2
C00821793,15622.79,8
C00821926,3868.5,3
C00821934,3000.0,3
C00821942,4850.0,6
C00821959,6434.79,46
C00821975,25416.41,12
C00822015,1329.38,15
C00822049,1386.51,1
C00822056,16394.21,62
C00822064,18870.85,54
C00822072,5509.98,2
C00822098,795.58,1
C00822106,310885.58,231
C00822205,8250.0,2
C00822288,14360.0,6
C00822379,2187.9,6
C00822429,8870.53,26
C00822437,112233.81,31
C00822478,20661.59,53
C00822486,6740.85,8
C00822494,6569.69,2
C00822502,13309.7,2
C00822536,172847.18,147
C00822544,156.0,6
C00822577,19916.5,55
C00822601,983.0,1
C00822643,738.0,1
C00822650,5477.5,2
C00822700,55000.0,1
C00822759,53798.36,172
C00822767,3027250.72,401
C00822775,155837.77,44
C00822833,22580.35,32
C00822890,1000.0,1
C00822908,9358.39,19
C00822916,600.0,15
C00822940,1475.0,2
C00822965,2680.0,3
C00822999,10534.76,1
C00823070,1500.0,1
C00823088,69815.73,2
C00823120,249.5,1
C00823146,4722.5,1
C00823153,5197.0,10
C00823252,2018.6,1
C00823286,19417.0,23
C00823302,376.3,10
C00823310,394.5,10
C00823351,42802.62,58
C00823435,96305.27,116
C00823468,7049.49,25
C00823500,61685.32,37
C00823534,842183.34,144
C00823559,444.79,5
C00823609,76569.94,396
C00823617,13977.34,126
C00823773,54947.07,56
C00823815,37720.66,34
C00823856,6851.64,17
C00823864,184500.88,67
C00823914,9358.36,11
C00823922,11522.79,20
C00823930,108075.93,88
C00823963,817.95,5
C00823997,54019.83,76
C00824037,1612.85,2
C00824045,4018.18,7
C00824060,8439.2,1
C00824086,5040.0,1
C00824102,327.27,1
C00824128,20.2,1
C00824144,49888.1,6
C00824151,21124.86,22
C00824169,448.33,16
C00824292,422710.35,98
C00824334,6711379.52,302
C00824342,3583.26,4
C00824425,809.95,3
C00824466,1845.8,1
C00824474,4455.07,3
C00824490,5379.65,5
C00824532,5078.35,2
C00824607,11268.5,5
C00824656,187946.72,43
C00824672,86367.93,64
C00824680,24251.93,7
C00824698,11105.63,18
C00824748,4199.8,1
C00824813,284.4,1
C00824821,1259309.1,513
C00824896,980.23,4
C00824912,100921.18,53
C00824920,6365.0,2
C00824938,44015.41,31
C00824961,500.0,1
C00825034,139174.19,121
C00825042,750.0,1
C00825075,1465.55,2
C00825091,106887.2,57
C00825158,1965925.97,61
C00825182,1764.06,1
C00825257,1714.4,7
C00825281,3823073.2,171
C00825331,8048.02,3
C00825364,5545.1,16
C00825372,1767.52,1
C00825398,10225.0,7
C00825430,18785.87,22
C00825463,16786.6,33
C00825471,2035.33,24
C00825562,108565.67,100
C00825679,6178.89,8
C00825711,2750.0,1
C00825786,75383.06,156
C00825802,5000.0,1
C00825810,181227.82,51
C00825836,1452.72,9
C00825844,313.65,1
C00825851,18497358.73,1280
C00825877,8774.94,6
C00825885,253606.55,26
C00825968,200.0,2
C00826024,35835.39,5
C00826057,11194.68,8
C00826073,71591.36,28
C00826115,2000.0,4
C00826180,7864.11,17
C00826230,213864.66,159
C00826263,1063711.16,207
C00826271,21472.08,2
C00826297,176450.35,198
C00826354,8517.16,40
C00826362,964206.9,240
C00826404,4842.96,47
C00826412,13515.79,18
C00826420,554.25,1
C00826453,40231.23,14
C00826461,30953.26,16
C00826479,58895.92,122
C00826537,11207.75,15
C00826586,11373.85,37
C00826636,500.0,1
C00826644,112959.75,5
C00826669,133252.81,91
C00826677,1537.38,3
C00826685,42041.27,81
C00826719,178727.97,83
C00826735,7500.0,1
C00826768,400.6,1
C00826776,86453.82,47
C00826792,2749.82,3
C00826800,3203.64,11
C00826826,500.0,1
C00826917,53559.16,99
C00826925,140060.83,65
C00826974,13087.83,43
C00826990,7001.28,9
C00827014,34006.41,11
C00827022,25428456.68,1136
C00827030,122570.09,190
C00827063,25000.0,1
C00827097,250.0,1
C00827147,31503.85,23
C00827162,13617.52,39
C00827196,385.0,2
C00827253,4489504.32,270
C00827261,2055.6,8
C00827295,84253.87,66
C00827329,1108.95,4
C00827394,11015.0,13
C00827469,491.3,1
C00827519,111251.94,80
C00827535,880.46,2
C00827543,1765943.81,232
C00827675,1213.6,3
C00827691,29983.43,82
C00827790,20119.62,8
C00827824,9057.0,2
C00827832,1151.76,6
C00827881,10474.48,17
C00827899,1000.0,1
C00827949,25613.58,2
C00827964,138477.68,287
C00827972,2025.38,25
C00828061,5395799.98,475
C00828129,5169.99,3
C00828152,13441037.68,689
C00828178,59654.43,22
C00828202,984331.6,297
C00828210,114.65,4
C00828251,10975.64,88
C00828293,31727.74,39
C00828301,490.0,1
C00828343,73782.59,54
C00828392,43716.85,75
C00828400,250.0,1
C00828426,1118.85,1
C00828434,9655.39,4
C00828475,3007498.79,1456
C00828483,381772.4,239
C00828509,17566.46,21
C00828541,462716417.73,7577
C00828590,58788.86,38
C00828608,1724046.76,290
C00828699,4461.08,11
C00828749,13433.08,4
C00828764,101757.86,500
C00828806,48492.39,52
C00828830,2761.67,42
C00828905,2622.03,12
C00828921,41874.16,108
C00828939,2207.88,7
C00828947,1269786.21,239
C00828988,18023.31,103
C00829069,66369.09,37
C00829119,37354.28,48
C00829135,4678.88,17
C00829242,33064.56,29
C00829390,5089.29,260
C00829408,48624.98,54
C00829432,1481377.16,152
C00829457,3642.5,1
C00829465,15409.08,149
C00829481,9976.74,26
C00829499,13420.8,213
C00829515,1609.51,157
C00829523,8961.88,24
C00829531,12007.34,2
C00829564,400.0,8
C00829598,1253.9,9
C00829655,22139.2,50
C00829663,45553.78,29
C00829671,4113.28,33
C00829705,135494.79,105
C00829713,45047.12,8
C00829721,6579980.64,1360
C00829754,408397.88,177
C00829770,7894.11,7
C00829788,43549.55,19
C00829812,2301467.16,1145
C00829887,1000.0,1
C00829895,978539.14,396
C00829903,115659.61,213
C00829929,391646.23,187
C00829945,4907.4,6
C00829978,167136.31,307
C00830018,2850.0,3
C00830026,329755.53,409
C00830034,366.57,1
C00830042,12850.0,16
C00830083,1344.35,6
C00830174,57320.73,130
C00830182,13670.19,43
C00830224,2000.0,1
C00830265,914.91,9
C00830315,383183.14,298
C00830422,162012.06,147
C00830463,53504.4,21
C00830471,934775.34,489
C00830489,6635.1,12
C00830505,97538.6,156
C00830521,4345.0,3
C00830554,969892.02,885
C00830570,676.8,6
C00830620,28793.04,50
C00830638,2084.47,4
C00830653,30336.48,162
C00830661,17495.68,196
C00830679,4369864.58,151
C00830687,669916.61,297
C00830729,24316.39,64
C00830745,69584.92,244
C00830752,1231.12,2
C00830877,11626.2,146
C00830885,237603.56,213
C00830919,13609.4,32
C00831008,125.0,3
C00831032,5903.42,6
C00831040,1391246.25,244
C00831057,14686.69,28
C00831107,27128287.16,1663
C00831123,1352483.95,68
C00831131,53923.32,55
C00831149,40225.36,664
C00831156,20563.95,41
C00831164,523396.3,517
C00831172,4000.0,1
C00831206,381.99,2
C00831214,48850.05,80
C00831222,1509260.75,232
C00831248,176799.84,95
C00831255,19077.29,49
C00831263,10000.0,8
C00831289,1259856.15,338
C00831321,1389411.68,652
C00831347,3592.38,6
C00831354,17555.38,14
C00831362,21189.62,15
C00831388,121230010.0,4
C00831396,171.16,1
C00831404,480366.84,346
C00831453,65.0,1
C00831479,32454.11,94
C00831487,1503128.02,618
C00831495,149970.19,180
C00831503,20035.28,18
C00831537,6537237.97,1147
C00831545,155806.77,189
C00831552,1711892.98,162
C00831560,44197.52,15
C00831578,1015383.83,138
C00831636,11986294.47,699
C00831644,7794.34,30
C00831651,558238.25,373
C00831669,43385.77,107
C00831677,41511.01,31
C00831685,6716.0,21
C00831693,11720.43,15
C00831735,40603.73,66
C00831743,34491.85,52
C00831750,18040.05,32
C00831792,61315.12,66
C00831826,11144.15,30
C00831834,3656.2,81
C00831891,549706.25,36
C00831917,114730.7,92
C00831925,8372237.02,310
C00831974,312578.84,159
C00831982,293.45,4
C00832006,2676.22,18
C00832055,112222.87,40
C00832063,1970.95,18
C00832071,27048.81,66
C00832089,19181.08,23
C00832113,58513.81,125
C00832147,78582.65,48
C00832154,993232.7,487
C00832162,51296.39,11
C00832170,339270.34,252
C00832188,18260.07,32
C00832196,5238.25,13
C00832204,143047.01,225
C00832238,46536.77,30
C00832253,856975.32,630
C00832261,15491.0,9
C00832279,1565517.73,484
C00832287,11148.0,4
C00832311,29564.87,19
C00832337,2007.99,13
C00832386,5888.56,4
C00832402,1449913.29,192
C00832436,5312240.97,1127
C00832444,53757.32,4
C00832451,24135.03,42
C00832469,58774.25,66
C00832477,61095.79,121
C00832485,500595.32,50
C00832493,1293606.42,495
C00832501,177224.84,103
C00832550,20488.2,16
C00832568,31762.5,18
C00832576,85243.13,184
C00832584,2006907.63,444
C00832592,31496.82,78
C00832600,84618.12,41
C00832618,95115.53,220
C00832626,326433.0,176
C00832642,13487.58,14
C00832675,1726611.91,1603
C00832683,400034.15,297
C00832691,1182551.03,288
C00832733,2083067.93,167
C00832741,2128.54,1
C00832758,223221.03,127
C00832774,12862.58,16
C00832782,318771.0,183
C00832816,217120.37,107
C00832824,10231.91,33
C00832865,1022009.69,761
C00832873,187965.16,323
C00832881,500.0,1
C00832899,8462.32,57
C00832915,28027.1,19
C00832949,315053.66,130
C00832956,40935.9,22
C00832964,5323.57,59
C00832980,164179.31,44
C00833012,19.36,1
C00833020,12909.45,186
C00833046,6601.76,77
C00833053,88961.46,50
C00833103,780507.39,62
C00833111,194.99,3
C00833129,113839.14,136
C00833137,8399.79,34
C00833145,42899.73,23
C00833152,31598.15,81
C00833160,27952299.98,1034
C00833202,528.99,6
C00833228,18951.04,7
C00833236,100213.47,35
C00833244,842.7,4
C00833277,12288.85,10
C00833293,676694.51,396
C00833301,1053.5,4
C00833319,246647.18,161
C00833343,5025.42,56
C00833350,1234948.0,268
C00833368,2275.55,10
C00833392,50079723.67,2107
C00833400,246662.34,22
C00833418,6662.16,10
C00833459,19374.98,34
C00833467,7851.0,12
C00833566,314544.6,76
C00833574,542.3,6
C00833590,205015.64,80
C00833608,5414078.22,1088
C00833624,474227.71,110
C00833632,247778.13,309
C00833640,2510.84,13
C00833657,165541.76,114
C00833681,68315.53,13
C00833707,306.0,3
C00833715,47820.71,26
C00833731,120781.46,159
C00833749,2200837.4,172
C00833814,18704.67,29
C00833830,61848.44,23
C00833848,69832.23,107
C00833855,921.26,3
C00833863,130588.96,193
C00833889,566929.81,273
C00833905,28868.63,41
C00833913,42059191.63,2919
C00833939,341950.12,220
C00833947,25059.72,18
C00833954,6816.08,3
C00834028,9967564.3,1373
C00834044,78396.66,66
C00834069,63687.34,137
C00834077,88757787.41,3169
C00834101,52531.53,74
C00834127,69230.74,45
C00834143,56531.27,125
C00834184,272.56,1
C00834218,49838567.58,4223
C00834226,246346.37,175
C00834259,264192.14,204
C00834283,40934.17,11
C00834291,1895061.39,1380
C00834333,109451.65,14
C00834358,1681.17,8
C00834408,77139.85,63
C00834424,6532821.51,4833
C00834432,14361.29,7
C00834440,67408.07,174
C00834457,90792.48,69
C00834465,68333.7,5
C00834481,8836.94,7
C00834507,337979.44,185
C00834515,1060.0,10
C00834549,94326.66,117
C00834580,21255.29,81
C00834598,3046.09,6
C00834606,51150.06,17
C00834622,27411.74,29
C00834630,1255725.28,122
C00834648,6294.48,28
C00834705,1000688.07,71
C00834721,4645.21,33
C00834739,1505.04,5
C00834754,16591.71,64
C00834762,19782.72,32
C00834770,33532.55,44
C00834846,63266.74,61
C00834853,23195.64,22
C00834861,271571.93,389
C00834911,850.0,2
C00834929,18512.0,12
C00834945,505.25,1
C00834952,4000.0,1
C00834960,88798.39,97
C00834986,5172.74,10
C00834994,35186.52,24
C00835009,5184903.78,280
C00835017,1600.0,3
C00835025,14222.42,14
C00835041,13478928.11,492
C00835066,13182.87,6
C00835082,406174.35,620
C00835108,10444.37,10
C00835140,35957.15,153
C00835165,14552.22,76
C00835173,658855.75,210
C00835181,108910.57,363
C00835199,12255.45,19
C00835231,10000.0,4
C00835264,40749.99,19
C00835272,2697.0,20
C00835298,800.0,1
C00835314,901907.49,421
C00835322,2001.8,3
C00835363,91917.01,23
C00835389,1112.48,7
C00835405,3866.85,14
C00835488,281.25,2
C00835504,62073.19,22
C00835579,21155.5,28
C00835587,4417293.85,672
C00835611,300.0,1
C00835637,2783.02,33
C00835652,8628.0,4
C00835678,18723.02,19
C00835694,81391.11,36
C00835728,904.73,1
C00835751,467389.66,256
C00835769,1638.48,6
C00835827,15101.87,19
C00835868,14354.86,77
C00835926,217495.64,91
C00835934,764.92,6
C00835942,30468.11,7
C00835959,68913945.83,245
C00835967,1670220.01,131
C00835975,22864.02,20
C00836007,215582.82,187
C00836015,9878.04,34
C00836031,47099.37,29
C00836056,217091.4,87
C00836072,29045.92,83
C00836122,202669.07,310
C00836189,60530.94,16
C00836221,1213292.76,78
C00836304,3506.03,11
C00836312,70840.51,197
C00836320,1843801.86,360
C00836338,4744523.24,63
C00836346,7423624.95,359
C00836361,81632.1,120
C00836395,1100.0,1
C00836403,4877052.96,356
C00836411,18887.0,1
C00836478,455871.04,239
C00836486,351902.78,87
C00836494,726772.17,501
C00836502,6014194.01,1169
C00836510,48339.28,46
C00836528,352341.83,193
C00836544,11416512.0,1344
C00836569,904409.65,356
C00836577,545566.32,559
C00836585,309291.01,109
C00836601,75769.33,38
C00836627,748829.56,341
C00836635,190505.34,257
C00836676,20157.33,31
C00836700,79975.57,206
C00836718,340469.22,324
C00836759,11841.74,15
C00836767,2641178.77,747
C00836775,88872.61,16
C00836783,105906.53,27
C00836791,458630.86,21
C00836809,793364.04,492
C00836833,14667.47,11
C00836841,49894.46,38
C00836858,5494.74,7
C00836866,124079.67,133
C00836890,1216089.01,418
C00836916,64228283.14,8394
C00836924,12489.6,5
C00836940,145860.5,295
C00836973,75873.86,66
C00836999,494.66,1
C00837021,375741.6,450
C00837047,518079.79,166
C00837054,985566.79,460
C00837062,2268115.09,627
C00837070,239104.08,10
C00837088,127068.06,66
C00837104,1122371.85,272
C00837112,947277.24,553
C00837120,2724.88,6
C00837138,432668.48,189
C00837146,5000.0,1
C00837161,64917.96,231
C00837229,30498.87,59
C00837260,7723.52,8
C00837278,49087.19,26
C00837377,10568.0,2
C00837401,31412.02,153
C00837427,1919781.07,405
C00837435,205498.58,111
C00837468,213904.14,426
C00837476,2013579.98,503
C00837484,25805693.28,1984
C00837492,1884036.42,357
C00837518,1286611.33,85
C00837526,806864.78,638
C00837534,711.0,1
C00837542,202078.32,160
C00837559,45453.27,267
C00837567,2612652.36,473
C00837575,13182.51,12
C00837591,20768.18,25
C00837609,32311.62,60
C00837617,590624.61,411
C00837625,420359.13,5457
C00837641,1348.46,6
C00837658,259268.83,138
C00837666,16265.9,17
C00837682,199378.2,227
C00837716,41421.14,59
C00837765,80389.57,37
C00837773,2159.06,8
C00837781,4640952.72,982
C00837815,6962.1,7
C00837849,13391.2,5
C00837856,24043.57,50
C00837914,85948.22,92
C00837971,488846.0,237
C00837989,66816.22,66
C00837997,126344.78,83
C00838003,814450.34,210
C00838029,1000.0,1
C00838037,133987.69,31
C00838052,48727.74,156
C00838060,1387893.41,1253
C00838102,12405.69,4
C00838110,966500.0,522
C00838128,1017.97,2
C00838144,692783.97,238
C00838151,3125.0,5
C00838169,321979.05,28
C00838177,97555.03,35
C00838185,133273.63,151
C00838193,365.0,12
C00838201,34021.09,10
C00838219,37840.48,66
C00838235,4382.32,1
C00838243,102183.14,85
C00838250,3949.02,6
C00838268,4593.75,7
C00838292,34238.86,37
C00838300,398410.21,263
C00838318,144717.57,131
C00838326,10687.34,11
C00838342,7292.19,22
C00838359,4501483.75,25
C00838367,5205.53,3
C00838391,3273.85,5
C00838417,779689.32,191
C00838433,59225.54,156
C00838441,154061.06,293
C00838458,44674.5,12
C00838466,171658.78,279
C00838474,2309.43,6
C00838490,395.0,1
C00838599,464483.22,250
C00838607,136940.11,250
C00838649,26829.75,32
C00838672,37679.74,4
C00838698,42399.47,28
C00838722,108649.37,298
C00838748,403250.1,654
C00838763,155908.08,86
C00838805,1851269.85,452
C00838847,37215.54,20
C00838854,636542.78,96
C00838888,6344.19,5
C00838896,530196.71,111
C00838912,1760869.84,120
C00838938,193146.75,299
C00838946,4317.7,26
C00838953,255633.82,147
C00839027,6867.58,3
C00839092,37787.76,53
C00839100,3552469.67,494
C00839118,43160.41,88
C00839126,138754.7,52
C00839159,10713.65,14
C00839167,921.16,1
C00839183,14723.16,24
C00839209,2662.02,10
C00839217,24733.34,7
C00839241,7500.66,23
C00839290,1044064.18,200
C00839308,293862.47,64
C00839316,308.0,2
C00839332,5578.45,14
C00839357,13632.0,11
C00839365,1338830.02,108
C00839373,28084.73,10
C00839381,9040.0,5
C00839407,1153124.67,165
C00839423,226.0,3
C00839449,522727.37,220
C00839456,12734.03,5
C00839464,1594326.51,185
C00839480,354813.56,137
C00839563,398914.99,534
C00839597,92500882.26,1933
C00839605,10371.84,17
C00839613,28978.05,96
C00839621,876.17,2
C00839639,23148.68,36
C00839654,10017.14,12
C00839662,24593.18,74
C00839670,871259.54,184
C00839688,33187.62,26
C00839696,172043.71,394
C00839704,754302.11,350
C00839720,88229.26,365
C00839738,39872.89,59
C00839787,131986.19,217
C00839845,875200.0,11
C00839852,160407.63,72
C00839878,33630.86,38
C00839886,9357.18,16
C00839894,173741.7,863
C00839902,153224.64,82
C00839944,841936.22,177
C00839951,888.5,14
C00839993,197.35,1
C00840009,62128.94,28
C00840017,30482880.86,2048
C00840025,132950.21,59
C00840033,36006.21,34
C00840041,1418361.04,369
C00840058,7120.0,24
C00840074,626.26,2
C00840108,4643491.03,457
C00840124,5168.23,7
C00840132,252440.09,121
C00840140,478649.68,85
C00840157,25856.94,55
C00840165,6739377.07,834
C00840181,1726.62,15
C00840199,302.79,3
C00840207,381.25,3
C00840256,16200.82,15
C00840280,3389.44,2
C00840298,72394.09,34
C00840306,305306.52,191
C00840322,20313.43,36
C00840330,66372.56,103
C00840348,5850.67,16
C00840355,67193.73,34
C00840363,24450.0,8
C00840439,8220.94,27
C00840454,3400.0,6
C00840462,39384.92,68
C00840470,31103.33,75
C00840512,110236.27,21
C00840520,1130665.95,380
C00840538,15001.59,44
C00840561,1033.98,5
C00840579,56383.12,71
C00840587,643687.84,652
C00840611,149.99,12
C00840660,189595.14,49
C00840686,2333.33,4
C00840702,2343155.43,300
C00840710,9776.25,5
C00840744,14883.01,60
C00840751,1522356.26,376
C00840868,57206.59,158
C00840876,20794.47,23
C00840918,8421.97,38
C00840934,1160408.92,643
C00840959,1011137.18,483
C00840975,55324.37,58
C00840983,259309.75,172
C00840991,6508.77,22
C00841015,1072.45,1
C00841023,36721.51,14
C00841064,11259.72,9
C00841072,596639.42,288
C00841080,39869.18,106
C00841098,1513980.57,38
C00841114,65629.2,45
C00841122,9133.32,6
C00841130,31219894.4,4313
C00841148,853473.73,120
C00841155,1460580.6,270
C00841189,5056.02,10
C00841205,63708.83,32
C00841247,34991.98,34
C00841262,299209.78,238
C00841288,329732.11,226
C00841338,2802.09,11
C00841353,7515.28,21
C00841361,380887.41,1040
C00841395,5472.8,15
C00841403,107076.94,161
C00841551,158666.56,120
C00841569,1250.0,2
C00841593,4616042.98,225
C00841601,5102.12,27
C00841619,1138223.13,482
C00841627,331.0,1
C00841643,6175950.22,1141
C00841650,1000.0,2
C00841718,400.0,1
C00841726,1000.0,2
C00841734,2955.17,10
C00841742,13456.05,8
C00841767,193445.91,277
C00841775,7028.35,8
C00841783,184614.23,197
C00841825,35066.6,10
C00841874,403008.82,211
C00841908,18268.24,47
C00841916,38051.42,91
C00842039,6421140.76,653
C00842062,24931.37,1
C00842088,772110.02,115
C00842104,5750299.28,798
C00842112,143468.53,241
C00842146,4700.0,13
C00842187,137079.47,33
C00842203,3500.0,5
C00842211,3090617.33,149
C00842229,57042.59,111
C00842237,7161063.01,662
C00842252,999.0,2
C00842302,16818409.97,786
C00842310,297019.76,188
C00842336,4889563.09,1768
C00842344,4932251.79,176
C00842369,43902.61,70
C00842377,9740.53,69
C00842385,275.39,1
C00842393,989.3,2
C00842401,20652.14,63
C00842443,14379.92,4
C00842476,68680.5,13
C00842500,286257.77,175
C00842526,646361.19,123
C00842559,3268.97,3
C00842567,3604.26,11
C00842575,832681.35,188
C00842583,2519.74,18
C00842617,57783.74,315
C00842682,57039.11,115
C00842708,67164.12,110
C00842716,18988.32,44
C00842724,12658.31,61
C00842732,45528.98,17
C00842740,47967.25,8
C00842757,74405.71,15
C00842765,1731228.97,943
C00842864,45441.0,27
C00842898,94.0,18
C00842906,237.54,3
C00842914,51647.17,93
C00842948,606535.09,255
C00842955,344234.05,219
C00842963,2395.68,9
C00842971,1707804.83,737
C00842997,20717.15,14
C00843003,1756819.02,530
C00843011,11785.52,15
C00843029,1758490.56,362
C00843078,77511.69,190
C00843110,7409952.99,682
C00843144,33395.28,38
C00843151,31991.91,55
C00843219,22333.08,8
C00843227,1360270.73,577
C00843235,7534.25,14
C00843250,15413.26,15
C00843284,9709.93,12
C00843292,7016.5,23
C00843318,1150.09,5
C00843326,1576.0,4
C00843334,3000.0,6
C00843367,208044.58,89
C00843383,18655.57,26
C00843391,9053048.09,1568
C00843425,7389219.88,1015
C00843433,130331.26,35
C00843441,1667733.71,335
C00843466,8845.12,72
C00843508,1299388.63,2353
C00843540,1440987.09,495
C00843557,685493.41,228
C00843573,8762.66,14
C00843599,255.64,1
C00843607,623.52,2
C00843623,755.0,1
C00843656,260.86,17
C00843714,5592.0,7
C00843722,3495.0,1
C00843763,3682016.7,819
C00843771,470210.01,629
C00843912,123712.52,94
C00843920,3009.87,13
C00843938,143652.94,94
C00843953,1322.46,9
C00843979,2250.0,2
C00843995,100235.02,77
C00844001,208536.25,222
C00844050,20206.79,29
C00844076,16745.08,15
C00844159,26398493.6,2407
C00844167,8102.75,5
C00844183,3921095.94,760
C00844191,128764.96,172
C00844225,547760.84,761
C00844258,223101.41,152
C00844282,362154.19,137
C00844290,1797.57,8
C00844308,132276.05,214
C00844316,88571.14,91
C00844324,1654015.46,130
C00844340,7923.98,32
C00844357,5210.25,33
C00844365,24501.12,36
C00844373,645.4,1
C00844381,132496.86,40
C00844449,581035.09,274
C00844480,7573832.18,1210
C00844506,36329.18,101
C00844522,952488.22,461
C00844530,310653.41,186
C00844548,37188.15,7
C00844563,688.3,5
C00844589,55355.31,160
C00844597,90882.51,51
C00844613,812147.0,324
C00844621,35954.22,6
C00844639,641065.45,154
C00844654,6002.02,2
C00844688,703814.05,453
C00844696,16872.16,18
C00844704,297.18,4
C00844712,1017.4,1
C00844720,123892.9,83
C00844753,100812.57,96
C00844779,263191.27,208
C00844787,13194.07,6
C00844795,370434.36,170
C00844803,16262.97,15
C00844811,5314.3,3
C00844837,4960.25,15
C00844878,858116.22,170
C00844936,4946.26,7
C00844977,1376202.58,234
C00844985,2898504.67,952
C00844993,6254349.22,856
C00845008,6134751.11,1211
C00845016,89044.56,125
C00845024,711137.42,360
C00845032,22649329.06,1664
C00845040,47066.42,103
C00845065,1096678.19,566
C00845099,16012.82,4
C00845107,459.74,8
C00845131,11562.0,5
C00845149,62476.39,151
C00845156,16108.26,13
C00845164,594762.58,265
C00845180,520984.94,234
C00845198,3472.56,2
C00845271,32650.0,11
C00845289,16303.38,27
C00845305,3625.02,92
C00845313,86100.0,73
C00845339,193396.29,119
C00845347,1732154.04,670
C00845354,26068.68,25
C00845370,440.25,1
C00845388,1100.0,11
C00845396,125663.54,95
C00845404,287.87,1
C00845412,4577.0,14
C00845438,34832.58,180
C00845461,3964370.84,918
C00845479,5574.91,51
C00845487,4664.07,8
C00845503,31483.25,30
C00845537,56947.45,119
C00845552,115920.49,101
C00845560,41470.45,38
C00845586,7845.33,7
C00845594,1375.62,1
C00845651,1478.49,23
C00845685,916921.32,132
C00845693,18903.8,4
C00845735,1942678.07,345
C00845743,536996.93,259
C00845750,1141237.25,463
C00845768,28.0,4
C00845776,235901.9,95
C00845784,14159.02,28
C00845792,6275391.88,108
C00845826,2139937.26,1253
C00845859,96274.22,117
C00845925,3048.71,7
C00845933,1034415.18,364
C00845941,28632.21,27
C00845966,142029.86,130
C00845974,32681.62,19
C00846014,295669.39,72
C00846048,25787.97,46
C00846063,91916.79,206
C00846071,35734.69,102
C00846089,488778.3,291
C00846105,17003.12,102
C00846121,72532.15,106
C00846139,45975.21,2
C00846154,124226.56,64
C00846162,334703.18,168
C00846196,22732.82,35
C00846212,303360.12,265
C00846279,116405.38,74
C00846303,29544.45,153
C00846329,3250.0,5
C00846337,40097.15,39
C00846378,108128.88,78
C00846394,9792.77,36
C00846402,22871.57,27
C00846428,79953.5,23
C00846436,243593.97,91
C00846444,9543.01,17
C00846451,1248244.87,230
C00846477,2834.68,8
C00846485,10278.68,62
C00846501,1586737.7,708
C00846519,68084.41,34
C00846527,72399.0,15
C00846535,13497.58,9
C00846550,292620.3,92
C00846568,169453.34,161
C00846576,16231.29,13
C00846584,12289.27,85
C00846600,10751.64,44
C00846618,77951.34,73
C00846642,1159851.57,355
C00846675,30759.62,45
C00846683,1871169.8,146
C00846691,5264.52,8
C00846709,40699.03,77
C00846717,3074.89,20
C00846766,57626.08,19
C00846808,3375.6,2
C00846840,80797.81,48
C00846857,8500.1,167
C00846873,11241.62,54
C00846915,56797.01,73
C00846931,382953.41,463
C00846998,1307900.7,114
C00847004,52172.27,20
C00847020,2042435.72,872
C00847053,76882.78,90
C00847061,1127159.0,16
C00847079,17840.0,3
C00847087,11503.41,5
C00847095,4515.82,11
C00847103,18669.17,18
C00847129,11400.0,4
C00847137,1548712.7,617
C00847145,575348.77,52
C00847178,427.5,3
C00847194,14393.93,12
C00847202,10001.51,12
C00847210,785.0,6
C00847228,4130.38,4
C00847236,1360190.23,87
C00847277,76503.72,95
C00847319,43936.84,54
C00847327,8931.52,4
C00847335,10.0,1
C00847368,95579.62,38
C00847384,374911.03,146
C00847400,7382024.65,1003
C00847418,2989084.48,267
C00847467,112772.16,147
C00847483,3522848.08,423
C00847491,8734.9,18
C00847509,8101.68,27
C00847525,35419.11,43
C00847574,2000.0,1
C00847582,285243.6,93
C00847590,151653.88,141
C00847608,12417.27,30
C00847616,69958.87,83
C00847624,1699.0,5
C00847632,1497.07,28
C00847657,440445.27,544
C00847665,16987.63,54
C00847673,7531348.18,249
C00847699,84258.83,47
C00847715,249140.18,150
C00847756,5768.29,25
C00847764,59.74,1
C00847806,166641.01,293
C00847814,11769.6,96
C00847848,325.25,1
C00847897,329310.84,250
C00847905,20951.52,47
C00847921,514.0,2
C00847939,2969.59,27
C00847947,32862.38,50
C00847970,500.0,1
C00848002,10686.34,51
C00848010,285098.24,149
C00848028,695267.47,534
C00848101,419348.61,48
C00848119,866585.5,154
C00848150,1760074.13,546
C00848168,2121792.5,230
C00848176,150850.22,116
C00848226,154510.56,135
C00848242,30272.45,25
C00848275,29870.39,16
C00848291,17986.4,7
C00848309,117018.66,231
C00848317,149626.67,157
C00848325,11871.29,18
C00848333,2716618.4,2744
C00848366,89414.22,146
C00848374,50754.12,19
C00848408,153886.39,139
C00848416,19003.5,2
C00848432,6090.1,24
C00848440,1067857.46,75
C00848457,3741.8,4
C00848465,52288.41,35
C00848507,780087.07,113
C00848515,3750.0,3
C00848556,3347.71,7
C00848580,13320.97,26
C00848598,32492.17,64
C00848606,105597.96,76
C00848622,2876.85,27
C00848648,36271462.99,1593
C00848697,2668.14,26
C00848713,462.86,2
C00848739,154636.15,27
C00848770,40086.53,15
C00848796,1283123.08,117
C00848804,690233.83,140
C00848812,411374.54,21
C00848838,7996.87,14
C00848861,2150.0,5
C00848879,49774.07,78
C00848903,113003.47,221
C00848911,6769.31,9
C00848937,241674.19,98
C00848986,2539.4,17
C00848994,20644.09,185
C00849018,671523.97,307
C00849026,60510.8,61
C00849042,277012.92,67
C00849067,7361.4,12
C00849125,106168.0,45
C00849174,950805.78,237
C00849182,68679.64,97
C00849216,79337.85,103
C00849257,54147.58,58
C00849273,74210.27,59
C00849281,33326.62,96
C00849299,3356.2,3
C00849315,198524.17,348
C00849323,100946.4,20
C00849349,999527.64,620
C00849356,6306.82,23
C00849372,755739.0,41
C00849406,7556.21,14
C00849414,16093.14,17
C00849422,36867.71,38
C00849455,16343.76,26
C00849463,111014.94,64
C00849471,2655.98,3
C00849489,5325601.36,314
C00849497,4832.0,7
C00849513,2042.36,5
C00849588,2040.0,3
C00849620,33539.07,19
C00849661,11122.53,16
C00849679,2731.31,6
C00849711,2404850.0,1
C00849729,7077749.69,110
C00849745,205734.44,726
C00849752,3952.35,7
C00849778,3686101.7,277
C00849794,590558.7,268
C00849802,18627.05,96
C00849810,12402637.89,667
C00849828,202461.66,107
C00849836,3180156.03,761
C00849844,2534828.34,690
C00849851,763516.89,258
C00849869,34983.35,99
C00849877,43474.71,23
C00849893,22553.13,9
C00849901,115810.4,64
C00849968,488995.18,319
C00849984,957.92,2
C00850032,101590.96,142
C00850040,1223062.81,119
C00850057,257361.09,123
C00850065,25638.84,37
C00850073,72056.56,191
C00850081,13000.0,3
C00850099,7198.7,25
C00850107,650.0,1
C00850164,39606.03,48
C00850214,2982.0,5
C00850222,2156.25,3
C00850230,2835.8,2
C00850248,19331.27,33
C00850255,538315.69,655
C00850305,1386046.41,59
C00850321,684191.6,196
C00850339,50.0,5
C00850347,34389.51,12
C00850388,3332.59,3
C00850396,1296.09,8
C00850404,643710.36,219
C00850420,6195726.54,645
C00850446,67476.8,31
C00850461,159080.58,75
C00850479,12340.19,47
C00850487,4593.0,2
C00850495,660.0,1
C00850537,24873.47,62
C00850545,2500.0,1
C00850552,81512.05,86
C00850560,61321.48,70
C00850578,385635.79,110
C00850610,74791.75,11
C00850636,2206414.78,598
C00850651,3123.49,12
C00850677,14406141.58,1955
C00850743,1428782.64,420
C00850784,4773.04,26
C00850792,7543.55,9
C00850826,14551.44,12
C00850842,967.75,2
C00850883,19153.17,56
C00850891,3814.09,20
C00850909,12313.67,27
C00850917,7806.44,6
C00850925,636848.32,205
C00850933,84123.02,89
C00850966,10903.14,13
C00851006,1215456.2,630
C00851048,37998.46,38
C00851055,5112.0,25
C00851121,4809.5,9
C00851139,21884.75,13
C00851170,178644.37,107
C00851204,261129.67,66
C00851220,2188.96,3
C00851238,116012.88,221
C00851246,1497330.6,322
C00851253,17526.15,3
C00851279,5199.5,3
C00851303,4588.9,18
C00851329,294061.43,146
C00851352,9501.13,40
C00851386,8644.6,22
C00851410,243852.63,89
C00851436,22550.56,1
C00851451,32485.36,20
C00851501,54.0,3
C00851519,5861.66,12
C00851576,11793.18,54
C00851584,14779.5,8
C00851592,66157.2,106
C00851618,4070.0,4
C00851659,63717.19,168
C00851667,24781.87,63
C00851683,128938.22,22
C00851725,1388996.07,538
C00851733,200505.58,143
C00851790,5314281.21,996
C00851865,5675.46,9
C00851873,800.0,18
C00851881,10864.04,16
C00851907,4683.77,6
C00851949,5220.0,1
C00851956,334203.72,315
C00851964,136357.73,36
C00851972,1074098.34,240
C00851980,33091283.57,2231
C00851998,222500.27,62
C00852004,472309.08,274
C00852012,1474638.58,342
C00852020,164879.85,80
C00852038,332960.8,80
C00852053,246807.19,146
C00852061,3524423.25,530
C00852087,492289.84,105
C00852095,281440.75,169
C00852111,257247.57,183
C00852129,39644.31,54
C00852137,3663612.55,700
C00852145,81751.88,41
C00852152,246045.24,301
C00852160,475197.82,147
C00852178,252985.35,327
C00852186,285058.44,240
C00852194,1662432.14,398
C00852202,189421.0,177
C00852210,892581.66,272
C00852244,368131.73,92
C00852269,3850.0,3
C00852277,189670.46,82
C00852301,11806.61,34
C00852335,78372.04,69
C00852343,25461929.37,2235
C00852350,42657.93,32
C00852368,6444672.06,756
C00852392,4511.6,3
C00852400,1761214.56,238
C00852418,4114.45,3
C00852426,34860.12,40
C00852434,2124759.02,433
C00852467,2865208.37,719
C00852483,299262.94,68
C00852491,3341.9,8
C00852509,29429.86,17
C00852517,15518.78,94
C00852525,1139550.2,179
C00852533,9398.96,33
C00852558,2449.0,2
C00852574,26188.55,222
C00852582,1372.41,5
C00852608,7292.97,9
C00852657,1723.0,3
C00852681,41756.02,74
C00852699,59905.36,40
C00852749,16799.67,17
C00852756,14781.2,43
C00852764,1819.88,3
C00852780,13.47,3
C00852871,30737.94,30
C00852889,2329732.79,818
C00852897,19688309.9,1651
C00852905,4046.54,17
C00852939,209567.47,166
C00852962,67179.86,157
C00852996,23775.0,7
C00853002,59.06,2
C00853010,1378.85,17
C00853044,19227.28,17
C00853051,188218.92,102
C00853077,1415228.54,234
C00853085,11319.34,22
C00853119,17251.32,17
C00853150,544009.44,291
C00853200,407137.46,435
C00853218,37040.0,5
C00853234,263221.73,101
C00853242,378027.56,458
C00853259,419512.06,266
C00853291,16031.18,30
C00853317,102430.15,83
C00853358,1854.74,5
C00853366,57662.82,42
C00853374,864469.58,290
C00853416,300.0,1
C00853457,327244.8,225
C00853465,21692.2,14
C00853473,5359336.0,570
C00853481,1314199.86,125
C00853499,4490252.25,860
C00853515,199409.41,55
C00853523,45161.22,26
C00853531,3510.69,3
C00853549,30023.73,69
C00853572,54927.11,68
C00853598,8685.81,39
C00853606,2175.25,8
C00853614,469732.7,411
C00853630,18908.52,26
C00853671,497824.74,540
C00853697,254056.24,228
C00853705,190124.25,69
C00853721,44883.37,62
C00853739,19916.24,25
C00853747,42936.44,286
C00853754,39383.75,20
C00853770,149899.43,32
C00853788,381052.44,284
C00853796,16047.82,11
C00853846,69904.31,174
C00853853,16351.97,28
C00853861,1160801.07,116
C00853887,1012234.12,489
C00853895,383498.54,156
C00853903,82191.97,48
C00853911,1905.0,5
C00853929,3210510.56,539
C00853937,67276.31,105
C00853945,92824.29,71
C00853952,357306.0,201
C00853986,1849406.15,648
C00853994,2589.11,23
C00854059,344465.33,103
C00854067,159457.56,121
C00854075,3054.0,4
C00854083,175425.7,159
C00854109,11058.84,7
C00854117,173485.17,146
C00854125,198986.31,79
C00854133,9759.64,82
C00854190,14061.03,10
C00854216,56939.4,117
C00854224,7973.99,3
C00854257,6324.65,21
C00854299,172277.38,55
C00854307,2522353.46,602
C00854315,267273.3,104
C00854356,67869.1,35
C00854364,78056.34,134
C00854380,1000.0,1
C00854414,20079.86,18
C00854422,11509.91,3
C00854430,4047.06,28
C00854448,212024.82,8
C00854471,5713297.56,573
C00854489,13583.72,38
C00854539,19565.56,100
C00854588,43024.41,91
C00854604,1787.34,6
C00854620,5700.01,6
C00854638,14334.1,22
C00854661,979.0,2
C00854737,4606.94,6
C00854745,750.0,1
C00854752,1800.0,4
C00854760,6450.45,2
C00854778,7578512.37,1348
C00854786,3366173.77,169
C00854794,22750.0,1
C00854810,12305.39,19
C00854844,4361.0,2
C00854851,7201.16,18
C00854869,125674.23,20
C00854893,2609650.89,549
C00854935,43581.91,32
C00854943,0.0,1
C00854984,3110.94,8
C00854992,154876.76,61
C00855015,2139.42,7
C00855023,160601.04,132
C00855049,200393.95,98
C00855056,189630.02,187
C00855064,526667.67,54
C00855072,280278.56,262
C00855098,9500.0,25
C00855114,54475.88,20
C00855122,186702.38,118
C00855171,44575.0,21
C00855197,3540.0,6
C00855205,5290.81,9
C00855213,231589.04,24
C00855239,18461.57,6
C00855247,21627.7,15
C00855270,139097.97,78
C00855288,2492562.21,553
C00855304,133180.49,67
C00855312,157882.74,233
C00855320,1010016.16,288
C00855338,621581.16,324
C00855346,17194.77,66
C00855353,2084434.1,468
C00855361,2279386.37,380
C00855379,84000.0,2
C00855387,6976.79,10
C00855395,146195.39,122
C00855403,873.69,22
C00855411,38504.83,71
C00855437,68193.44,37
C00855445,375728.96,188
C00855452,23477.22,6
C00855460,3004.0,13
C00855478,2458.58,12
C00855486,54348.73,122
C00855494,3800773.12,423
C00855502,776815.06,133
C00855528,2624985.44,210
C00855536,81364.89,69
C00855551,941587.46,436
C00855569,2114048.29,159
C00855577,11020.92,5
C00855601,1141.6,5
C00855619,300.0,1
C00855627,14994.84,12
C00855643,91923.01,59
C00855668,1009334.04,172
C00855676,205104.46,131
C00855684,7474.19,21
C00855692,14072.0,41
C00855734,6775.27,3
C00855742,392496.97,367
C00855767,20835.93,32
C00855791,13625.0,4
C00855809,131540.52,30
C00855817,2187.11,7
C00855825,26526.92,26
C00855833,55822.46,5
C00855858,65187.96,98
C00855866,155764.62,71
C00855882,52240.3,34
C00855890,34372.52,47
C00855916,245750.56,319
C00855924,267194.0,24
C00855965,115392.82,128
C00855973,53035.35,15
C00855981,23857.03,34
C00856005,1336729.17,500
C00856013,329.7,8
C00856021,5526203.93,947
C00856039,4345.48,10
C00856047,553719.01,208
C00856054,5080.0,3
C00856062,2154683.85,597
C00856070,37806.63,15
C00856088,30440.98,38
C00856096,632328.06,323
C00856104,41532.17,23
C00856112,3418153.12,1625
C00856120,3771329.99,371
C00856153,431829.87,86
C00856161,122480.72,92
C00856195,35308.75,25
C00856203,551117.58,263
C00856237,2500483.54,567
C00856252,32584.46,93
C00856278,75.0,5
C00856286,5312.02,14
C00856294,126989.51,88
C00856302,616701.97,124
C00856344,1369370.92,321
C00856385,75870.43,36
C00856393,153918.25,58
C00856401,885093.68,177
C00856427,795393.18,125
C00856443,176466.19,35
C00856450,26281.16,50
C00856468,3677.04,11
C00856526,1903365.24,887
C00856534,328248.6,138
C00856542,745441.8,114
C00856559,15768.49,26
C00856567,122786.11,90
C00856575,812226.07,267
C00856591,38382.24,33
C00856609,86057.65,80
C00856674,10652.73,6
C00856682,23437.15,41
C00856716,784626.96,266
C00856732,10000.0,1
C00856765,3030834.08,274
C00856773,75287.32,64
C00856781,1953911.48,424
C00856807,27049.17,46
C00856823,359201.46,118
C00856831,1725564.53,409
C00856849,73090.0,20
C00856856,49380.27,42
C00856864,2814.14,7
C00856872,55795.53,117
C00856880,18071.23,7
C00856914,691664.14,99
C00856948,37833.52,130
C00856955,17496289.55,935
C00856963,2547277.8,700
C00856971,187328.89,279
C00856989,273558.19,117
C00856997,61928.85,69
C00857003,292477.69,121
C00857011,484147.99,46
C00857037,12667.22,22
C00857060,623737.9,184
C00857078,18900.0,6
C00857086,5316.29,4
C00857094,1762427.42,578
C00857102,56258.61,58
C00857110,88785.72,88
C00857136,1927.35,6
C00857144,1894813.52,119
C00857151,124140.71,62
C00857169,59695.53,7
C00857177,286505.5,35
C00857219,350423.38,261
C00857235,50218.61,42
C00857243,313175.67,101
C00857268,22219.16,20
C00857276,1146.85,14
C00857300,165335.64,20
C00857342,167016.64,151
C00857359,1554234.7,713
C00857383,768929.73,28
C00857391,278219.99,107
C00857409,6790.45,12
C00857417,549984.59,225
C00857425,16700.0,1
C00857433,731695.78,230
C00857466,8545.5,18
C00857490,18309.62,64
C00857508,8064.12,50
C00857540,19715.23,112
C00857557,17114.12,1
C00857599,64524.19,41
C00857607,4585.05,5
C00857615,1159026.67,110
C00857623,13515.0,6
C00857631,64554.23,17
C00857649,275406.26,42
C00857664,242.02,3
C00857680,1223146.98,155
C00857714,342938.54,366
C00857722,135541.42,24
C00857763,340221.8,94
C00857797,21403.11,49
C00857805,985.0,1
C00857813,3301.17,1
C00857821,104573.08,90
C00857839,1010.0,1
C00857854,6428.16,49
C00857896,14483.52,23
C00857912,5605.54,13
C00857953,54932.88,62
C00858001,2010.0,1
C00858019,90867.15,35
C00858027,15786.46,55
C00858043,613715.44,309
C00858050,447.25,8
C00858100,297903.26,121
C00858118,131381.16,24
C00858126,235321.71,98
C00858142,249289.08,124
C00858175,1710.0,1
C00858191,2279.23,4
C00858209,81127.43,85
C00858225,18738.75,6
C00858233,355197.19,45
C00858258,16428.03,64
C00858266,115249.42,97
C00858274,233344.52,273
C00858290,12639.16,6
C00858316,31841.84,37
C00858324,116119.98,85
C00858332,9861.25,102
C00858357,1010.0,1
C00858365,2032.5,1
C00858373,8426435.46,213
C00858381,407001.81,71
C00858399,17803.57,7
C00858415,1007082.59,264
C00858431,900.0,2
C00858456,268301.81,46
C00858472,326003.01,53
C00858506,95865.28,150
C00858522,21231.33,69
C00858530,46209.46,35
C00858548,56397.1,58
C00858589,902563.86,137
C00858621,74354.05,58
C00858639,6533.0,4
C00858647,287572.41,139
C00858654,454808.73,64
C00858688,5982653.1,1030
C00858753,37317.52,70
C00858761,4020086.04,86
C00858779,1393434.51,180
C00858795,6064.94,25
C00858811,157178.89,40
C00858845,340568.43,182
C00858852,77535.35,27
C00858878,7985.0,11
C00858894,9947.68,21
C00858928,93034.84,28
C00858936,40647.23,105
C00858944,3871.81,15
C00858969,3257745.79,514
C00858993,2956.65,7
C00859017,7225.73,26
C00859033,161522.29,71
C00859041,6445458.63,1124
C00859058,2180333.7,239
C00859066,20091.93,102
C00859082,29443.97,15
C00859108,1682552.93,377
C00859116,121577.62,54
C00859132,15295.02,10
C00859140,27255.71,34
C00859157,7694.92,17
C00859173,12152.0,5
C00859181,8289.51,9
C00859199,85914.85,56
C00859207,85803.43,159
C00859215,1694304.84,145
C00859223,1064.9,5
C00859249,17419.03,8
C00859264,1404620.25,92
C00859298,1133228.19,345
C00859306,24783.81,74
C00859314,2085.74,17
C00859322,2455.53,2
C00859355,1091927.23,138
C00859371,10000.0,1
C00859389,34822.18,35
C00859405,66143.45,68
C00859421,630939.0,130
C00859439,2979923.82,428
C00859462,309325.29,72
C00859470,294484.08,44
C00859496,1311647.09,532
C00859512,3289.47,10
C00859520,1271.9,7
C00859538,25043.0,22
C00859546,5170.0,13
C00859553,627711.86,164
C00859587,144276.04,54
C00859595,20.0,1
C00859603,52827.95,141
C00859611,31217.56,13
C00859660,159245.94,109
C00859702,5172.0,8
C00859710,344713.47,171
C00859785,18187.0,26
C00859793,2312.23,13
C00859868,51056.84,48
C00859884,1930654.2,129
C00859892,2152434.33,420
C00859900,54955.7,124
C00859934,14660.82,28
C00859942,64002.74,65
C00859975,274307.52,64
C00860007,1206.34,8
C00860015,1272.0,3
C00860023,348300.26,55
C00860049,2123514.09,471
C00860064,742446.81,444
C00860080,10873.6,10
C00860098,55282.95,168
C00860106,15820.4,5
C00860148,198726.68,30
C00860155,107350.25,50
C00860163,3051099.38,273
C00860171,426194.77,171
C00860213,2116339.71,199
C00860247,12269.23,37
C00860254,6251.99,10
C00860270,18575.46,47
C00860288,5431.75,29
C00860304,17390.2,30
C00860312,21903.59,6
C00860338,19668.51,87
C00860346,7972.4,8
C00860379,158780.29,104
C00860395,194439.11,99
C00860411,102857.02,20
C00860429,2790952.95,150
C00860445,10085.25,40
C00860452,1000.0,2
C00860460,1350.0,3
C00860478,638081.16,83
C00860486,4845.0,7
C00861153,189231.61,421
C00861179,1207.55,3
C00861518,3421.0,19
C00861922,1331.69,18
C00862094,178471.98,34
C00862144,19516.75,12
C00862169,1465545.16,108
C00862177,14380.81,38
C00862540,717929.71,96
C00862680,12516.65,6
C00862748,3163.32,9
C00862854,142788.5,27
C00862862,11647.46,23
C00862888,351684.2,117
C00862896,5299.7,2
C00862912,104528.87,81
C00862920,20594.8,70
C00862938,11801.3,15
C00862946,238128.53,21
C00862995,435468.09,128
C00863019,24672.6,51
C00863035,7779.14,52
C00863050,5510.83,8
C00863068,714503.24,234
C00863084,13727.9,3
C00863092,40977.02,36
C00863126,20140.83,30
C00863142,1729.56,9
C00863167,117669.35,123
C00863217,1212.78,20
C00863357,38518.84,58
C00863373,9123.57,22
C00863381,98308.81,170
C00863399,151450.93,44
C00863415,579.12,1
C00863423,5862.93,18
C00863456,41361.69,15
C00863464,5206.0,1
C00863480,950.0,1
C00863506,63090.15,117
C00863514,9973.7,4
C00863530,171610.44,251
C00863548,1304534.66,179
C00863571,38727.27,65
C00863589,8456.32,20
C00863605,31926.95,142
C00863613,6557.65,18
C00863621,306091.39,183
C00863639,23525.45,55
C00863670,2127.9,10
C00863696,150.0,4
C00863704,17362.64,47
C00863712,726.75,11
C00863738,31575.96,36
C00863746,39232.35,80
C00863753,293.33,5
C00863761,20314.8,10
C00863787,95102.28,8
C00863803,28122.02,12
C00863829,1574264.43,273
C00863928,56967.69,20
C00863936,5322.02,15
C00863951,365.38,1
C00863969,8614.74,9
C00863993,246809.58,132
C00864009,344269.54,138
C00864017,14200.0,7
C00864025,14938.59,23
C00864033,21459.91,29
C00864058,15715.0,10
C00864066,13353.45,38
C00864090,4209671.81,525
C00864116,24939.08,12
C00864124,1074584.11,446
C00864140,126781.91,47
C00864157,467951.87,204
C00864165,756335.83,226
C00864173,28300.66,20
C00864207,6000707.91,589
C00864215,11771.9,4
C00864223,7000.45,26
C00864231,18622.72,52
C00864272,285518.86,35
C00864280,199662.6,61
C00864306,52592.98,46
C00864314,86674.1,114
C00864330,9364.84,24
C00864348,2500.0,1
C00864363,2044213.11,124
C00864371,22984.56,5
C00864389,139499.55,118
C00864405,96963.6,16
C00864421,28007.45,10
C00864439,5832.06,17
C00864447,4000.0,2
C00864454,7160.55,16
C00864470,42062.27,5
C00864488,863674.88,139
C00864512,5589857.79,607
C00864538,2993194.94,160
C00864553,46443.1,5
C00864561,2482.49,3
C00864579,79749.08,163
C00864611,140963.82,60
C00864629,481743.45,69
C00864637,3999764.0,115
C00864702,31181.24,15
C00864744,2813.49,13
C00864777,49961.51,45
C00864785,288602.19,127
C00864793,372939.91,125
C00864801,31941.97,35
C00864819,839692.09,845
C00864827,892.88,23
C00864835,7236.35,36
C00864843,31006.33,48
C00864876,3186.95,7
C00864884,13614.85,10
C00864900,8052.03,14
C00864918,22778.77,20
C00864926,555174.47,48
C00864934,37442.23,27
C00864975,34914.12,24
C00865048,50496.31,84
C00865055,98179.5,12
C00865063,193398.26,124
C00865071,60302.67,49
C00865089,821154.84,111
C00865097,19303.85,4
C00865113,21091.5,79
C00865121,16145.51,53
C00865154,374507.64,84
C00865170,242866.42,15
C00865188,9410.59,4
C00865196,17884.07,20
C00865220,454266.85,100
C00865238,9930.23,4
C00865246,7422.31,6
C00865253,1171449.41,525
C00865279,51681.02,42
C00865287,13327.99,59
C00865303,196501.23,127
C00865311,106348.63,264
C00865337,984.57,1
C00865345,17097.88,15
C00865352,587964.01,91
C00865394,18307.0,4
C00865402,91085.01,41
C00865410,13209.0,37
C00865428,256911.36,87
C00865444,1764930.39,139
C00865493,4250.0,3
C00865501,229637.36,163
C00865519,30909.82,63
C00865592,1047688.52,726
C00865600,269198.49,194
C00865626,339700.2,468
C00865634,4172.4,5
C00865642,270.0,1
C00865667,922.53,46
C00865675,14708.76,144
C00865691,1926.79,20
C00865717,770.25,7
C00865725,371976.3,14
C00865766,17365.79,47
C00865790,188444.97,100
C00865808,9171.26,44
C00865816,17368.23,20
C00865840,21085.8,52
C00865865,422.1,1
C00865881,46933.09,11
C00865899,153450.99,61
C00865923,3000.0,1
C00865956,6713007.85,1585
C00865980,12580.7,12
C00866004,274.39,1
C00866012,21218.0,9
C00866020,9481.18,23
C00866038,300.0,1
C00866046,750.65,2
C00866053,2739546.64,504
C00866079,884567.79,75
C00866095,114007.6,72
C00866103,15514.35,43
C00866111,8335.18,20
C00866129,77546.56,68
C00866137,2089.56,4
C00866145,47056.45,42
C00866152,3960572.06,822
C00866194,1576735.0,71
C00866228,47421.62,25
C00866236,751241.71,69
C00866244,2450.0,3
C00866251,8244.11,5
C00866269,135049.44,28
C00866285,3672.35,6
C00866293,508312.58,354
C00866319,5780.0,2
C00866350,10355.96,2
C00866368,274270.14,28
C00866376,7161.0,3
C00866384,47368.92,20
C00866400,4259.12,66
C00866426,932635.21,143
C00866434,40202.71,115
C00866475,60456.28,41
C00866483,0.0,2
C00866491,423481.18,45
C00866517,17400.05,13
C00866533,24536.63,13
C00866582,22136.21,40
C00866590,115323.45,30
C00866608,163096.04,58
C00866624,72314.94,71
C00866632,33524.58,53
C00866640,188.6,4
C00866673,26878.33,10
C00866681,54447.44,203
C00866699,584821.25,121
C00866707,59957.42,12
C00866723,5830.0,2
C00866731,8280.45,41
C00866749,122212.7,90
C00866764,53391.3,11
C00866772,6876.37,14
C00866780,760461.65,75
C00866798,39297.45,62
C00866806,500.0,1
C00866848,122701.42,261
C00866855,9226.62,25
C00866889,107370.85,126
C00866921,4063.0,11
C00866939,11120.16,37
C00866947,28789.27,63
C00866954,122230.84,48
C00866962,3594.93,12
C00866988,1358.0,3
C00867002,1015140.83,318
C00867010,4302910.4,468
C00867028,133667.9,109
C00867036,1395893.44,260
C00867044,88996.66,80
C00867093,19646.34,92
C00867119,26216.14,32
C00867135,5360.08,16
C00867150,109382.28,70
C00867168,89324.95,34
C00867176,459.31,3
C00867184,1731.14,5
C00867192,49052.06,33
C00867200,9659.6,8
C00867218,1124708.14,256
C00867226,2780.0,3
C00867234,148752.41,840
C00867291,10850.6,8
C00867317,185161.47,193
C00867366,2406.01,13
C00867382,107922.05,118
C00867390,4486.83,6
C00867481,202878.11,138
C00867507,9792.33,1
C00867531,11751.41,36
C00867549,556149.44,142
C00867572,10034.42,18
C00867598,371.88,2
C00867606,7617.51,6
C00867622,10984.58,6
C00867630,28157.42,21
C00867648,276561.08,91
C00867663,67673.67,22
C00867689,33930.82,37
C00867705,58477.96,23
C00867713,165354.46,38
C00867747,1307844.06,371
C00867762,189144.0,5
C00867770,1140.14,2
C00867804,23874.95,17
C00867812,603816.77,398
C00867846,1038454.67,119
C00867853,671159.95,250
C00867861,81437.15,14
C00867879,238369.18,33
C00867887,352.58,3
C00867895,3612.48,12
C00867911,376984.13,145
C00867937,104130896.66,1288
C00867945,100000.0,4
C00867952,15328.8,19
C00867960,188981.52,79
C00867978,16245.0,25
C00867986,5459.3,17
C00868000,333949.08,94
C00868026,61337.82,16
C00868034,383960.65,177
C00868042,5245.89,10
C00868059,47784.58,8
C00868075,4899.7,3
C00868083,12917.41,10
C00868091,4997.96,12
C00868109,92398.89,64
C00868117,74055.92,24
C00868125,126624.67,375
C00868141,82972.59,150
C00868174,63706.93,22
C00868182,18106.68,23
C00868190,4705.6,5
C00868216,315.1,3
C00868224,110332.35,26
C00868240,1450.0,4
C00868257,5000.0,1
C00868265,69607.61,17
C00868273,2989.17,8
C00868299,802058.2,106
C00868307,118351.89,93
C00868323,43198.9,22
C00868331,526408.93,62
C00868349,93923.47,70
C00868356,64491.93,80
C00868430,114841.48,71
C00868448,462152.8,27
C00868463,37174.97,20
C00868471,109390.21,26
C00868489,3032.92,7
C00868505,479.16,2
C00868513,1175906.92,438
C00868521,3664.62,4
C00868539,25000.0,1
C00868547,40400.0,17
C00868562,999800.0,21
C00868596,175388.55,35
C00868604,14692.49,9
C00868612,42624.5,8
C00868679,439026.61,21
C00868687,10375.72,10
C00868711,61416.05,53
C00868729,17760.52,19
C00868737,895.4,1
C00868745,11064.94,41
C00868778,4200.58,13
C00868786,22.31,1
C00868794,4624.99,4
C00868810,5141.13,19
C00868844,7815.07,85
C00868869,365.0,1
C00868877,21594.79,18
C00868885,219.67,23
C00868893,1116.94,1
C00868927,340862.02,65
C00868935,375.0,2
C00868943,27181.74,14
C00868976,967348.26,325
C00868992,14440.53,21
C00869008,8052.15,42
C00869016,12041791.54,1762
C00869024,8285561.71,228
C00869040,3643.1,3
C00869057,1613.5,4
C00869073,1748732.69,77
C00869115,107387.64,44
C00869123,52010.97,38
C00869149,228991.86,229
C00869164,14593.1,16
C00869172,8600.0,2
C00869206,20090.63,19
C00869214,14278.02,54
C00869230,677.23,4
C00869297,247.56,1
C00869313,18728.03,20
C00869321,3437568.01,48
C00869347,13319.17,22
C00869370,1535739.07,510
C00869388,93056.57,23
C00869461,2128.1,49
C00869479,35570.25,11
C00869487,432976.48,18
C00869503,3230.1,3
C00869529,3014.29,7
C00869685,50600.0,17
C00869719,36936.2,10
C00869727,2080468.77,110
C00869743,16469.2,6
C00869776,2546.01,17
C00869826,2340.0,2
C00869875,24839.29,9
C00869891,66531.18,19
C00869933,52769.98,25
C00869958,59308.64,37
C00869974,369840.56,199
C00869990,217941.83,36
C00870006,158235.84,77
C00870014,3680.0,1
C00870022,25688.09,6
C00870030,3589226.87,103
C00870055,126332.01,123
C00870063,4610.2,13
C00870071,225978.26,331
C00870121,40248.67,50
C00870139,31356507.02,655
C00870154,44891.67,43
C00870162,6100.0,4
C00870170,9637.96,10
C00870196,182290.3,9
C00870204,197.5,1
C00870212,583.64,4
C00870220,23090.0,8
C00870238,1480016.97,254
C00870253,7960.87,8
C00870279,5325.0,1
C00870287,124816.5,142
C00870303,6371.0,13
C00870311,233371.48,88
C00870337,2173092.76,992
C00870352,4500.0,1
C00870360,85509.12,107
C00870386,148044.13,103
C00870394,7359.23,2
C00870410,2935.0,2
C00870428,420601.09,92
C00870436,311012.45,86
C00870444,25107.58,37
C00870451,16801.95,32
C00870527,10328.72,10
C00870535,38662.91,29
C00870568,4900149.29,561
C00870576,2303.1,2
C00870584,8000.0,1
C00870592,453009.84,76
C00870600,108088.75,68
C00870618,319667.19,66
C00870626,7140.39,7
C00870634,709730.66,173
C00870642,5090.0,2
C00870667,571445.39,209
C00870683,375.0,3
C00870691,5366.79,7
C00870709,6350.0,19
C00870717,15323.65,6
C00870725,57017.06,47
C00870758,1242002.89,439
C00870766,5000.0,2
C00870782,7641.65,10
C00870790,53.65,2
C00870808,89259.51,63
C00870816,177402.58,16
C00870832,3515.02,6
C00870840,39578.04,44
C00870873,27172.47,33
C00870899,123475.46,28
C00870907,6960.0,1
C00870923,2962.52,6
C00870949,6100140.71,300
C00870956,18939.15,39
C00870980,32785.47,14
C00871012,4150.0,5
C00871020,268775.47,151
C00871046,363209.24,158
C00871079,48336.0,6
C00871087,10808.79,10
C00871111,8367.8,4
C00871152,39636.29,72
C00871160,35926.26,55
C00871178,4275.0,11
C00871186,107245.14,320
C00871194,21872.07,45
C00871202,11128.81,54
C00871228,1073.74,4
C00871236,35878.2,39
C00871244,7853.72,23
C00871251,472.84,11
C00871293,13538.74,15
C00871327,759.85,1
C00871335,11637.0,13
C00871343,4884.89,11
C00871350,8000.0,2
C00871368,3913510.42,116
C00871376,21997.36,44
C00871384,900.0,9
C00871392,5970.84,5
C00871426,621332.73,557
C00871442,39998.82,48
C00871459,35967.44,24
C00871475,131664.79,75
C00871483,4816.78,3
C00871491,2087.04,2
C00871509,279522.66,112
C00871517,29743.07,23
C00871525,262.54,3
C00871533,462231.82,403
C00871541,27101.5,6
C00871566,52206.9,8
C00871582,15700.0,3
C00871608,21962.01,13
C00871624,36863.38,104
C00871657,14895.78,35
C00871665,25820.26,37
C00871772,29195.82,36
C00871947,180.0,4
C00871988,193521.68,54
C00871996,175450.89,53
C00872002,11574.27,38
C00872010,261040.13,121
C00872028,2035.0,19
C00872036,20886.46,31
C00872044,1243611.27,157
C00872085,155982.5,65
C00872101,341111.08,50
C00872119,19575.72,9
C00872127,13261.73,8
C00872143,17907.44,21
C00872150,78018.63,15
C00872200,7688.75,3
C00872226,4988.0,2
C00872234,5620.95,7
C00872242,19168.09,25
C00872275,5004.6,5
C00872317,1742.92,8
C00872325,599.07,16
C00872333,19500.17,14
C00872341,4.3,1
C00872374,4081.09,12
C00872382,11843.89,10
C00872416,9848.56,23
C00872424,223144.36,231
C00872440,39573.5,78
C00872457,2466.14,2
C00872473,2046147.78,387
C00872481,35905.0,19
C00872499,32613.64,58
C00872507,15009.85,8
C00872515,7161.34,16
C00872523,2132.35,7
C00872531,2805.32,10
C00872549,271829.22,68
C00872556,6566.5,3
C00872580,3559.1,4
C00872598,387228.28,63
C00872606,210.87,1
C00872622,930.55,2
C00872655,593579.69,43
C00872705,3101.55,31
C00872713,10922.27,14
C00872739,24809.13,69
C00872754,12621.06,26
C00872788,2749.95,15
C00872796,5888.82,10
C00872804,1671935.7,319
C00872838,19925.0,4
C00872879,174013.01,72
C00872887,1792495.01,382
C00872903,6693.76,10
C00872945,29092.17,22
C00872952,1514.89,13
C00872960,1480.63,2
C00872994,30962.16,14
C00873018,95147.76,61
C00873034,17809.6,16
C00873042,45803.54,17
C00873059,16045.26,53
C00873075,4835.13,15
C00873125,986282.43,182
C00873166,6160.0,5
C00873174,285380.5,65
C00873190,124.57,4
C00873216,671539.19,266
C00873224,2874.99,1
C00873232,236339.9,13
C00873307,23192.0,7
C00873315,33639.81,30
C00873331,3119.99,8
C00873356,1374.85,13
C00873364,26139.48,67
C00873398,85136.93,20
C00873406,347374.03,30
C00873414,6537.58,5
C00873430,5255.5,13
C00873448,17634.54,17
C00873513,10214.6,8
C00873539,2500.0,1
C00873554,70453.85,166
C00873612,48146.65,177
C00873620,8375987.29,404
C00873638,94433.06,17
C00873646,4888.45,5
C00873653,84265.13,10
C00873661,479810.39,237
C00873679,66973.77,26
C00873711,3670.0,5
C00873737,41802.37,24
C00873752,108217.27,96
C00873778,10611.38,27
C00873828,459121.51,187
C00873844,2487.44,4
C00873869,2664.5,3
C00873877,129618.46,4
C00873885,23298.82,75
C00873893,179870015.62,6347
C00873901,52025.0,7
C00873927,82588.47,24
C00873976,380758.01,123
C00874008,88990.04,67
C00874024,2799.29,7
C00874032,8281.95,23
C00874115,2798672.28,103
C00874156,367335.65,33
C00874172,1663.0,4
C00874214,177588.9,49
C00874230,68978.24,29
C00874248,8489.98,7
C00874305,5591161.37,135
C00874321,36048.52,61
C00874354,4096.3,8
C00874362,600.0,1
C00874370,567038.65,43
C00874404,60153.59,6
C00874438,15491.46,21
C00874479,5925.94,19
C00874487,120354.6,11
C00874503,65912.11,5
C00874511,97976.43,21
C00874529,13363.9,9
C00874560,600.6,2
C00874602,419573.31,235
C00874636,1327548.24,255
C00874677,17961.78,55
C00874693,472778.47,140
C00874701,28241.26,95
C00874743,400642.45,80
C00874750,537248.15,78
C00874776,2300.0,2
C00874784,303998.5,77
C00874792,17950.0,7
C00874800,16023.2,6
C00874834,82811.24,18
C00874842,31684.8,5
C00874859,5867.81,1
C00874875,72764.4,9
C00874891,594561.76,181
C00874925,534527.74,142
C00874941,1200.02,1
C00874966,220.8,1
C00874974,229.82,1
C00874982,3979.83,26
C00874990,17197.77,19
C00875005,18900.0,4
C00875021,23600.0,8
C00875039,202638.55,25
C00875054,94457.78,42
C00875062,7937.54,9
C00875096,42208.26,37
C00875112,15837.4,21
C00875120,7102.79,11
C00875153,2746287.1,335
C00875161,6531.59,3
C00875179,600.0,1
C00875195,2157.03,6
C00875203,10573.33,15
C00875229,5331.23,20
C00875245,4186.86,34
C00875252,42424.4,29
C00875286,12893.97,5
C00875294,941648.66,68
C00875302,11911.34,22
C00875328,8703.35,2
C00875336,823107.85,85
C00875369,10430.43,10
C00875435,290.0,2
C00875443,96691.0,11
C00875450,27525.51,7
C00875500,38701.85,65
C00875518,1480326.92,388
C00875526,33338.29,9
C00875542,230000.0,7
C00875567,19722.4,14
C00875583,368942.61,37
C00875609,33856.43,70
C00875617,39483.3,11
C00875625,121897.01,23
C00875641,1113.75,1
C00875690,65112.5,2
C00875716,3178.45,13
C00875732,53.0,1
C00875740,1138179.7,6
C00875757,23123.39,19
C00875765,3550.0,4
C00875781,1883.29,7
C00875799,894.77,3
C00875807,149728.46,76
C00875815,2318088.91,99
C00875823,10081.71,6
C00875849,4494.22,7
C00875856,512186.53,40
C00875864,16551.63,11
C00875880,300.0,1
C00875898,39155.07,34
C00875906,49587.48,57
C00875914,11625.0,8
C00875922,42670.98,27
C00875955,5582.42,19
C00875989,5668.1,7
C00876037,36198.7,13
C00876060,16649.7,32
C00876094,227205.05,39
C00876128,8348.8,24
C00876144,126.0,1
C00876169,3079.72,4
C00876193,1494.6,5
C00876201,9008.18,17
C00876219,9564.51,13
C00876227,8138.0,11
C00876235,64111.03,62
C00876243,64143.34,26
C00876284,3855.55,4
C00876292,31860.56,66
C00876375,33437.25,24
C00876383,93829.93,303
C00876391,12407.06,19
C00876409,285439.67,24
C00876425,14646.33,50
C00876433,94408.03,133
C00876458,344689.61,18
C00876466,11972.13,29
C00876482,595457.2,55
C00876490,2253516.77,310
C00876508,1497.79,34
C00876516,3021.36,28
C00876524,5998.01,23
C00876557,62834.08,28
C00876565,5000.0,1
C00876599,73105.8,44
C00876623,6459.7,4
C00876649,424.0,1
C00876656,16571.5,12
C00876680,45530.99,59
C00876714,20540.0,19
C00876730,41282.01,58
C00876748,31707.09,28
C00876789,13888.8,16
C00876821,2952.0,8
C00876839,115302.6,148
C00876847,65202.82,13
C00876854,28265.16,24
C00876888,54964.32,56
C00876896,21886.75,23
C00876904,324.98,2
C00876912,5189.69,12
C00876953,65817.94,45
C00876961,3629.86,8
C00877001,32764.27,76
C00877027,505804.75,976
C00877035,500.0,1
C00877076,19800.0,6
C00877167,17986.87,6
C00877183,14959.9,17
C00877191,35361.8,7
C00877209,18248.81,10
C00877217,2809.54,32
C00877225,309486.34,147
C00877233,863.89,5
C00877241,20333.5,10
C00877324,1261986.94,389
C00877357,452099.46,64
C00877373,1098864.2,302
C00877506,5736.86,10
C00877514,652.5,4
C00877530,385921.19,57
C00877548,9844.37,18
C00877589,15217.6,73
C00877621,1180.64,7
C00877670,31102.5,5
C00877688,21847.1,90
C00877704,9647.09,20
C00877720,500.0,1
C00877746,134444.26,71
C00877753,78353.5,7
C00877761,456050.94,81
C00877779,313398.28,74
C00877787,10407.5,3
C00877829,56971.11,15
C00877845,141106.99,163
C00877860,7778.82,22
C00877878,7459.58,8
C00877886,62032.51,43
C00877894,439382.73,79
C00877928,8108.54,26
C00877936,10548.5,4
C00877951,2051.0,4
C00877969,9853.97,16
C00878009,91743.94,41
C00878017,56165.49,27
C00878041,4970.0,2
C00878108,978882.42,141
C00878116,92987.46,36
C00878124,168726.04,49
C00878132,13204.33,20
C00878140,140302.34,35
C00878157,253879.56,49
C00878165,159890.84,89
C00878173,1520.22,2
C00878207,1900.71,2
C00878215,4716.29,4
C00878264,36161.29,6
C00878280,23663.06,9
C00878306,16132.07,50
C00878348,450.0,1
C00878355,3765.2,5
C00878389,2700.0,7
C00878413,10068.05,20
C00878439,1284.0,1
C00878454,4183491.66,481
C00878496,95320.52,53
C00878504,2886.34,9
C00878520,25038.7,39
C00878561,248400.5,89
C00878579,1592.88,10
C00878595,79579.2,29
C00878603,459481.02,133
C00878611,142479.64,10
C00878629,6819.9,10
C00878652,89543.66,11
C00878678,86220.9,24
C00878686,6375.0,2
C00878702,6559.06,20
C00878728,51973.77,56
C00878777,320.7,8
C00878785,3143.5,9
C00878801,1021522.8,35
C00878819,8981.39,21
C00878827,12740.31,39
C00878843,5166.07,16
C00878850,3358.5,7
C00878868,3970.79,39
C00878884,15167.66,28
C00878892,12755.31,6
C00878900,4374.84,8
C00878918,3976.47,5
C00878934,29906.12,44
C00878942,2724.92,8
C00878959,9279.41,7
C00878975,51890.2,26
C00878991,24507.84,30
C00879031,308036.16,82
C00879056,51837.81,32
C00879072,2539.89,4
C00879080,20450.73,40
C00879098,4124.35,9
C00879122,7000.0,1
C00879130,4519.79,12
C00879155,5016.02,17
C00879163,26835.28,17
C00879189,3451.09,4
C00879197,863.24,4
C00879205,18942.27,9
C00879221,464808.83,85
C00879247,12391.94,9
C00879270,1740.0,1
C00879312,4290.58,5
C00879320,8423.38,16
C00879338,77782.33,36
C00879379,21752.0,4
C00879387,244.55,4
C00879395,24521.84,19
C00879411,13762.9,27
C00879429,3083.6,18
C00879445,51513.37,41
C00879502,113189.35,56
C00879510,87537003.78,385
C00879536,6786.98,14
C00879569,59633.54,10
C00879577,4784.52,6
C00879585,15605.27,6
C00879601,3160.0,2
C00879619,61537.93,47
C00879627,944.5,2
C00879643,99895.75,10
C00879676,1500.0,1
C00879684,15530.42,34
C00879718,2144.15,5
C00879734,300.0,1
C00879759,500.0,1
C00879817,1110.88,6
C00879833,6770.76,17
C00879908,1418302.05,20
C00879916,4161.51,11
C00879932,5117.97,13
C00879957,300.0,1
C00879965,482392.9,82
C00879973,826531.75,42
C00880005,839.4,7
C00880039,11468.71,5
C00880047,3315.32,7
C00880054,1259.73,5
C00880062,1437018.03,76
C00880070,73789.95,28
C00880104,16860.35,17
C00880187,1315.76,2
C00880195,3834.26,4
C00880203,9895.85,15
C00880237,437.5,2
C00880245,789.65,1
C00880260,664.42,2
C00880294,45277.7,25
C00880302,9689.49,5
C00880336,131697.74,42
C00880369,8492.14,20
C00880401,1651924.29,63
C00880419,4307.0,16
C00880435,32435.34,3
C00880484,479.7,1
C00880492,12592.04,29
C00880518,2078.0,1
C00880559,102268.64,41
C00880617,6852.23,8
C00880641,15118.6,3
C00880674,2950.0,2
C00880682,23686.28,39
C00880690,29303.42,17
C00880708,84107.95,48
C00880724,1191.2,3
C00880732,2003.32,12
C00880740,96114.3,32
C00880765,226414.45,57
C00880781,4718.08,3
C00880815,183128.42,12
C00880849,4578.95,4
C00880864,1781.78,13
C00880880,378.05,1
C00880906,51782.7,12
C00881003,19565.24,9
C00881011,52361.54,45
C00881029,8133.0,5
C00881052,11070.98,14
C00881078,28473.66,14
C00881177,238099.77,44
C00881227,19011.93,14
C00881235,14840.37,32
C00881243,14869.0,7
C00881268,210.6,1
C00881292,13017.9,5
C00881300,41606.84,44
C00881391,3065.48,14
C00881417,2109.7,4
C00881425,7500.0,2
C00881433,915.3,11
C00881441,19116.26,26
C00881458,43706.96,143
C00881474,212521.25,21
C00881482,25800.0,4
C00881490,3250.0,5
C00881508,7059.1,26
C00881540,31974.57,33
C00881565,16876.76,6
C00881573,5639.01,3
C00881581,1582.02,9
C00881599,28715.0,29
C00881623,1450.0,2
C00881631,7912.0,6
C00881656,141890.14,24
C00881672,90314.12,74
C00881680,11126.68,9
C00881698,5662.6,27
C00881748,77137.08,44
C00881763,97829.08,53
C00881805,22381.35,13
C00881854,5722.13,7
C00881912,1030.0,1
C00881938,64882.54,19
C00881961,10911.55,11
C00881979,200.3,1
C00881987,42904.73,21
C00882001,7635.42,12
C00882043,12233.59,9
C00882050,476773.5,23
C00882068,608.85,7
C00882100,1046519.7,13
C00882126,701116.98,29
C00882134,532.92,3
C00882191,4908.7,5
C00882266,59650.41,10
C00882282,688.13,4
C00882308,267647.27,93
C00882324,99748.04,215
C00882332,1961.0,8
C00882340,9102.48,33
C00882373,1000.0,1
C00882381,404159.07,18
C00882399,450579.99,42
C00882407,2226.61,5
C00882431,92508.67,21
C00882449,596.25,2
C00882480,10613.5,6
C00882530,6741.3,5
C00882548,4428.46,14
C00882555,303388.44,31
C00882571,8534.06,4
C00882621,31640.75,11
C00882662,178613.47,153
C00882688,16359.29,8
C00882696,2138.48,5
C00882720,93.55,3
C00882779,7500.0,3
C00882811,329044.15,4
C00882829,900.0,2
C00882852,4212.45,9
C00882878,2741.35,11
C00882902,2609.41,12
C00882910,3067.38,8
C00882936,46000.0,3
C00882944,346871.14,29
C00882993,1572.38,3
C00883017,5097.52,41
C00883041,30504.78,9
C00883074,7351.17,18
C00883108,60599.39,36
C00883140,5282.0,3
C00883157,10592.65,26
C00883165,9926.81,3
C00883173,2559.8,5
C00883199,5617.93,18
C00883207,26764.0,2
C00883215,877.94,10
C00883223,50885.61,34
C00883298,2000.0,5
C00883314,2321.92,22
C00883322,28700.34,25
C00883330,3795.0,1
C00883405,2818.62,2
C00883413,1283.19,7
C00883421,8994.4,20
C00883447,225.87,3
C00883470,4279.24,2
C00883504,10200.72,26
C00883520,29118773.28,75
C00883553,4004.43,7
C00883561,55550.85,4
C00883595,1202.85,5
C00883611,122767.29,29
C00883660,31879.19,21
C00883678,1.03,1
C00883736,4353.14,3
C00883751,566491.4,241
C00883785,986529.61,53
C00883793,17143.03,8
C00883827,126612.9,10
C00883876,13454.1,15
C00883892,8714.24,9
C00883918,6930.26,8
C00883934,10934.54,6
C00883959,10479.98,12
C00883967,21464.57,24
C00883975,10.0,1
C00883983,6683.86,2
C00884007,8644.09,23
C00884015,15978.7,15
C00884023,54236.4,63
C00884049,25337.06,8
C00884056,26586.69,11
C00884155,5729.86,4
C00884163,4167.91,4
C00884213,13474.62,11
C00884239,332013.25,67
C00884254,419863.4,3
C00884262,32454.25,9
C00884288,62896.95,18
C00884296,5130.79,4
C00884361,220654.43,41
C00884379,4259.18,6
C00884395,3608.87,2
C00884452,600.0,3
C00884478,560770.58,46
C00884494,78851.58,6
C00884510,660694.79,52
C00884551,62410.3,7
C00884585,6331.0,72
C00884601,18295.92,10
C00884619,37231.63,15
C00884643,10403.0,1
C00884742,2113.93,10
C00884759,4704.11,13
C00884783,2000.0,2
C00884817,120472.62,41
C00884841,31773.24,19
C00884874,457460.09,74
C00884940,19138.23,42
C00884973,17503.77,8
C00885012,631.07,4
C00885038,15060.91,16
C00885095,59310.46,2
C00885137,56077.62,34
C00885145,7376.1,4
C00885210,10407.46,20
C00885228,2017.26,10
C00885236,1657.67,11
C00885244,11615.62,21
C00885285,141.41,7
C00885301,309534.71,101
C00885319,7337.94,4
C00885376,5021.72,4
C00885426,91024.01,68
C00885467,1125.54,6
C00885483,21150.0,8
C00885491,54.62,9
C00885517,34120.3,78
C00885525,203493.79,102
C00885533,60321.17,10
C00885574,8124.7,10
C00885590,919.38,7
C00885640,14000.0,1
C00885657,16896.14,15
C00885665,5000.0,3
C00885673,4959.37,8
C00885681,94351.89,27
C00885699,3103.45,4
C00885707,323559.28,23
C00885715,12231.99,21
C00885731,1250.0,3
C00885749,19297.53,2
C00885764,21873.28,22
C00885780,5554.69,6
C00885806,6243.89,7
C00885830,2067.94,7
C00885905,12058.66,12
C00885913,11530.86,19
C00885939,7108.4,11
C00885947,5912549.51,197
C00885962,8685.24,15
C00885970,500.0,1
C00885996,5031.37,1
C00886002,2500.0,1
C00886010,296304.85,25
C00886028,2500.0,1
C00886036,96577.53,23
C00886093,1087512.66,1072
C00886234,1938.75,3
C00886242,16287.8,23
C00886267,3561.01,3
C00886317,41473.83,25
C00886341,17796.9,23
C00886358,3634.8,5
C00886374,1304.51,5
C00886390,3899.46,12
C00886408,100.0,1
C00886424,4825.99,9
C00886440,64475.08,16
C00886465,500.6,2
C00886473,51209.0,61
C00886481,9280.8,34
C00886515,3725.0,1
C00886549,5581.77,8
C00886564,58783.2,19
C00886598,2075.0,2
C00886614,99094.86,33
C00886630,4459.48,17
C00886671,30.0,2
C00886747,3719.72,2
C00886804,1402143.41,9
C00886812,5921.4,2
C00886820,1624.39,12
C00886838,9641.05,14
C00886846,14689.06,9
C00886853,19906.27,6
C00886879,300.42,4
C00886929,28130.63,18
C00886978,606108.13,36
C00887026,6820.33,8
C00887034,9302.5,4
C00887042,4837.94,5
C00887075,4090.42,7
C00887091,87671.94,7
C00887125,537.0,1
C00887141,35329.4,13
C00887158,1952.36,10
C00887174,78203.39,24
C00887208,20439.5,243
C00887216,67399.08,36
C00887257,2617.12,9
C00887273,19074.42,14
C00887299,169917.07,28
C00887307,4012.22,6
C00887323,105563.31,66
C00887356,15729.3,17
C00887364,3776.72,9
C00887380,2410.92,2
C00887414,360095.62,20
C00887430,2162.0,4
C00887471,11728.19,14
C00887505,17465.5,12
C00887521,3726835.64,16
C00887539,5000.0,2
C00887547,328260.39,89
C00887554,10092.2,25
C00887588,969591.23,73
C00887612,6223.41,19
C00887620,7304.04,9
C00887646,1000.0,1
C00887653,5303.69,8
C00887661,19059.06,16
C00887679,398551.0,380
C00887703,220002.92,6
C00887729,93783.21,28
C00887745,7472.69,6
C00887752,4640.78,5
C00887760,160.0,8
C00887778,58030.92,7
C00887786,15341.82,13
C00887794,270.06,1
C00887802,1545.11,5
C00887851,61550.0,4
C00887869,189.0,5
C00887877,3211.73,2
C00887885,5028.0,1
C00887901,236393.68,128
C00887950,4480.0,2
C00887968,15029.65,21
C00887984,25708.99,42
C00887992,145.0,2
C00888016,44916.63,15
C00888073,500.0,1
C00888131,134173.06,12
C00888149,179014.14,78
C00888172,1947392.52,179
C00888180,5854.06,11
C00888222,17036.24,22
C00888255,250.0,1
C00888289,57437.5,5
C00888297,780.0,4
C00888305,2381.2,5
C00888313,91792.61,11
C00888321,478531.82,27
C00888347,6298.33,3
C00888404,4729.71,7
C00888420,4067.16,16
C00888453,4995.12,8
C00888479,9600.0,5
C00888495,3170.53,6
C00888503,147614.89,28
C00888552,42542.23,12
C00888578,34456.87,6
C00888586,3212.5,1
C00888602,8671.57,12
C00888644,5446.94,8
C00888677,557004.5,8
C00888719,3158.1,3
C00888743,2533.18,5
C00888768,5394.14,2
C00888800,282164.72,16
C00888883,9125029.41,55
C00888909,204809.96,179
C00888925,3119.43,6
C00888958,1000.0,1
C00888966,4089.25,3
C00888990,1482.4,1
C00889006,90.0,6
C00889188,291.8,1
C00889196,44277.62,11
C00889212,3231.62,4
C00889220,5450.65,1
C00889238,6327.95,5
C00889246,8856.5,3
C00889279,52810.47,18
C00889287,29382.87,8
C00889295,4871.74,7
C00889311,2732.12,1
C00889329,13898.31,17
C00889337,275.0,1
C00889352,1806.8,4
C00889360,12276.89,11
C00889386,6000.0,1
C00889444,275.0,1
C00889451,2645.19,5
C00889469,6233.14,25
C00889493,6570730.95,69
C00889535,15910.0,4
C00889543,27606.2,9
C00889584,6250.0,1
C00889618,1491.43,3
C00889659,2106.0,2
C00889709,51445.61,61
C00889741,326.6,1
C00889766,9264.84,9
C00889782,32735.96,51
C00889808,9752130.59,48
C00889873,30051.2,9
C00889899,1000.0,1
C00889907,32323.31,8
C00889915,284000.0,3
C00889931,35992.5,9
C00889956,10.0,1
C00890004,27166.35,11
C00890012,15674.15,13
C00890020,42375.39,9
C00890053,650107.46,121
C00890061,3798.72,3
C00890079,14658.23,12
C00890087,55000.0,4
C00890137,2533.08,5
C00890186,1817.99,6
C00890202,20607.09,22
C00890236,6357.72,28
C00890251,753.3,3
C00890335,26851.25,17
C00890392,644833.0,3
C00890400,7871.0,1
C00890418,32435.0,1
C00890426,230170.0,1
C00890442,7536.26,11
C00890483,872.71,3
C00890533,3219.15,6
C00890608,29124.0,2
C00890624,240.12,1
C00890657,2500.0,1
C00890665,285449.03,3
C00890723,264466.35,126
C00890814,1000.0,1
C00890855,175.0,1
C00890871,2987.29,6
C00890889,61776.93,28
C00890913,3933470.49,37
C00890921,32482.0,20
C00890939,5867.24,17
C00890947,1172.87,2
C00890962,4426602.69,40
C00890988,500.0,1
C00891002,23500.0,7
C00891010,4845.61,13
C00891028,41608.55,6
C00891044,56201.95,15
C00891093,11.91,3
C00891135,201572.12,2
C00891143,2054.03,5
C00891150,6243895.7,15
C00891168,3110065.87,30
C00891192,7.0,1
C00891234,267853.45,14
C00891242,23186.7,7
C00891259,339.21,1
C00891275,52000.0,1
C00891291,15000.0,2
C00891309,100000.0,1
C00891317,3685553.72,17
C00891440,9633.31,2
C00891465,230000.0,3
C00891515,159900.0,8
C00891523,1109.4,19
C00891549,568930.88,15
C00891572,1650.0,1
C00891648,477.46,4
C00891671,3000.0,3
C00891721,30500.0,8
C00891861,1578.5,2
C00891879,14349.0,1
C00891895,2500.0,1
C00891903,29091.27,1
C00891937,24461.73,18
C00892000,225.61,8
C00892281,35521.58,14
C00892463,21533.25,6
C00892505,4102.67,9
C00892653,2878.52,14
C00892737,293113.17,13
C00892752,1053.23,6
C00892786,97518.12,63
C00892943,1979.7,2
C00892950,12013.21,8
C00892968,3597.24,3
C00892984,2800.0,1
C00893032,2000.0,1
C00893099,3145.71,2
C00893123,18799.12,16
C00893230,3416.76,4
C00893297,3500.0,1
C00893362,353.11,1
C00893446,10191.91,5
C00893495,5000.0,1
C00893586,364.34,4
C00893610,3590.11,7
C00893776,14084.68,31
C00893826,13536.0,3
C00893982,671.5,3
C00894022,2000.0,1
C00894246,212.0,1
C00897298,16063.81,28
C00899070,54733.75,27
C99002396,3143362.28,238
