cmte_id,total_amount,total_count
C00000422,41019.32,50
C00000489,10000.0,2
C00000729,49812.82,47
C00000885,12886.0,5
C00000901,81043.32,52
C00000935,214970644.64,30936
C00001016,11500.0,2
C00001198,7998.04,51
C00001305,492806.5,90
C00001313,2663443.07,1600
C00001388,11243.15,27
C00001461,476.73,7
C00001636,9372.35,16
C00001727,40433.59,349
C00001743,96061.93,27
C00001917,246865.21,371
C00002089,668320.03,96
C00002238,25709.07,75
C00002261,17996.95,35
C00002469,11260.43,479
C00002766,128152.27,20
C00002790,882.14,8
C00002832,16200.0,7
C00002840,1748087.02,231
C00002881,350.0,10
C00002907,13517.13,15
C00003111,167675.38,352
C00003160,4067.73,27
C00003194,4992.52,13
C00003251,72212.38,59
C00003418,279075911.68,22913
C00003558,86037.01,139
C00003590,114283.42,61
C00003632,23505.69,28
C00003764,31257.9,73
C00003855,16332.21,70
C00003863,3318.26,16
C00003988,78486.29,32
C00004036,11172199.58,192
C00004101,1176.67,2
C00004325,516544.49,83
C00004606,516429.83,339
C00004812,14087.42,31
C00004994,2344.24,122
C00005132,51990.76,111
C00005157,5140.0,1
C00005173,62211.78,28
C00005462,179261.27,106
C00005561,920675.75,486
C00005660,5547.0,2
C00005785,198868.89,348
C00005801,711.0,1
C00005926,2350565.26,690
C00006080,16998.87,65
C00006486,393110.42,106
C00007070,142.35,2
C00007450,374.37,10
C00007542,8048.5,23
C00007658,120201.24,32
C00007880,55451.41,145
C00007898,35699.16,16
C00007922,140743.46,26
C00007948,1036.63,24
C00008086,351028.27,506
C00008169,1631.57,3
C00008227,1884254.12,986
C00008268,14497.53,2
C00008474,32275.0,3
C00008664,97983.38,22
C00008839,9072.74,80
C00009282,1932.18,18
C00009639,-100.0,1
C00009704,59464.62,125
C00009845,207332.11,295
C00009936,30443.47,52
C00010033,491179.92,481
C00010082,35107.78,19
C00010124,19780.45,36
C00010363,137562.84,102
C00010421,1560.46,14
C00010439,448993.93,367
C00010603,288530957.45,34557
C00010793,23328.62,36
C00010868,18252.98,87
C00010876,3116.25,5
C00010983,1500.0,2
C00011114,135948.15,546
C00011197,894030.4,652
C00011262,2955.93,21
C00011544,6846.72,10
C00011627,62.73,7
C00011643,1693.69,7
C00012229,304121.81,332
C00012401,7739.98,21
C00012468,380.0,1
C00012476,778585.0,2
C00012914,61257.21,111
C00013128,3912.68,4
C00013342,92970.29,32
C00013748,197573.92,332
C00014092,10768.4,22
C00014498,4195043.25,1055
C00014555,1453.67,20
C00015552,1261.51,46
C00015594,294658.37,143
C00015933,269.23,8
C00016386,17318.45,9
C00016899,1505991.06,525
C00017194,4922.0,4
C00017244,90.95,2
C00018028,1691.97,14
C00018135,352.0,22
C00018929,145690.45,364
C00019083,2666.4,21
C00019331,3311158.16,1657
C00019380,113388.12,36
C00020818,157761.63,523
C00021121,902474.18,64
C00022343,61148.85,44
C00022368,3394.0,27
C00023028,6700.19,61
C00023580,2176274.9,130
C00023838,853065.54,355
C00024372,226539.4,275
C00024521,256177.92,111
C00024679,171747.1,232
C00024869,9248.21,26
C00024968,76083.15,129
C00025254,3814589.21,1110
C00025379,55806.05,49
C00025536,5593.72,24
C00027359,1278.07,4
C00027466,146843274.16,6979
C00028860,51153.82,2
C00029348,2570.24,41
C00029447,65038.33,37
C00029504,24152.01,22
C00030718,1277027.19,96
C00030734,6150.64,40
C00030809,19002.11,287
C00031054,1537016.45,953
C00031088,2453554.18,1058
C00032334,872484.94,624
C00032698,69.94,6
C00032979,16130.58,60
C00032995,1123.95,291
C00033134,3170420.41,1269
C00033423,1461.26,3
C00033589,1086.0,18
C00033779,15516.45,52
C00034033,269347.0,322
C00034066,11351.0,13
C00034157,386.0,6
C00034256,967.9,5
C00034470,-708.75,6
C00034488,3560.14,22
C00034595,386.31,1
C00034645,11379.26,32
C00034678,80.0,4
C00034785,12897.73,33
C00035451,87202.84,63
C00035519,381.4,24
C00035535,4598.4,20
C00035600,312647.57,346
C00035618,121784.53,354
C00035675,2194.54,16
C00038505,4333933.8,5570
C00038604,11745.84,49
C00039214,3632.4,27
C00039321,469.21,13
C00039461,505.03,10
C00039578,107606.41,73
C00040220,1464082.45,627
C00040253,4531.41,35
C00040279,7938.35,24
C00040394,36.18,1
C00040568,77.71,2
C00040584,1286.44,21
C00040659,976.0,2
C00040725,3585.75,19
C00040857,1029515.53,3388
C00040949,17730.79,13
C00040998,1268449.53,48
C00041160,1027935.73,1527
C00041236,31321.33,96
C00041269,1653397.74,1288
C00041566,4175.15,36
C00041590,7108.19,54
C00041954,25656.7,11
C00042002,30.0,1
C00042366,135207786.8,9632
C00042622,105786.21,63
C00042895,1950.0,1
C00043059,11392.83,25
C00043091,13285.47,31
C00043471,711.44,11
C00043919,9871.56,4
C00044776,994693.28,538
C00044842,1641398.59,1121
C00044990,405529.79,311
C00045781,614.18,11
C00046086,973.8,18
C00046474,3.0,1
C00048181,2004.24,16
C00048702,891.86,12
C00051979,1425.26,5
C00053553,930194.49,167
C00055582,1243602.99,887
C00056523,158.77,6
C00059733,929.58,17
C00060103,263.0,12
C00060707,243347.61,124
C00062836,20314.89,14
C00063164,10168.84,24
C00064766,47615.11,29
C00064774,13952.73,7
C00065219,19952.41,41
C00065870,21292.24,14
C00066472,20581.08,332
C00067231,8145.3,30
C00067884,1333.0,1
C00068353,943580.2,531
C00068692,73.0,2
C00071365,214214.09,221
C00072025,259094.83,1574
C00072751,208.45,1
C00073056,38843.71,94
C00073627,1264.14,20
C00073791,436365.95,122
C00074096,1482.9,32
C00074393,2000.0,4
C00074450,2303496.77,1079
C00075275,681.24,16
C00075820,126425538.91,7772
C00076299,14024.87,25
C00076737,107.5,9
C00076810,1158.0,16
C00076893,278.63,1
C00077321,6899.38,22
C00077701,278.5,2
C00078196,513823.9,233
C00078287,1102.27,2
C00078451,945.36,14
C00079541,70205.33,177
C00079566,10000.0,2
C00079681,7037.22,23
C00080135,289.5,3
C00080648,2604.86,37
C00081273,2289.22,1
C00081414,10449.67,14
C00081547,3123.53,22
C00082040,207.46,5
C00082271,977.27,9
C00082792,2283.9,6
C00082834,3356.56,20
C00082917,0.0,2
C00082925,832158.84,516
C00083279,554828.49,39
C00083428,206805.31,26
C00083758,94.98,4
C00084061,626.12,10
C00084368,777781.93,351
C00084475,14208.34,16
C00084491,54796.89,25
C00084871,3518.77,22
C00084954,15109.0,2
C00085506,70452.14,428
C00085910,9007.58,22
C00087874,1553.54,17
C00088435,147.65,2
C00088591,168284.03,44
C00089086,7915.03,24
C00089136,7148.38,47
C00089243,586085.51,287
C00089458,30953.92,19
C00089482,7302.06,5
C00090357,3401.28,16
C00090415,634.85,14
C00091561,471764.72,163
C00092247,12688.29,72
C00092957,31804.77,187
C00093963,6113.33,1
C00094581,341.74,10
C00096156,1552447.47,108
C00096412,1152978.02,752
C00097196,512.13,1
C00097485,2230.65,21
C00097568,6968.31,19
C00097725,480.0,24
C00097865,11566.22,35
C00099259,1183992.13,2609
C00099267,640993.8,228
C00100107,1264.76,10
C00100321,4450.0,1
C00100644,92527.72,123
C00100693,6511.36,22
C00101105,500.0,2
C00101204,223.09,9
C00101592,22.0,1
C00101626,23768.78,29
C00101766,405.0,27
C00102368,52210.02,68
C00102764,71961.45,26
C00103549,0.0,2
C00103861,4244.65,6
C00103903,22750.0,7
C00103937,680.31,11
C00104109,1725.12,18
C00104299,50.0,2
C00104455,1005.83,17
C00104471,75233.08,26
C00104802,1300.5,24
C00104901,32146.36,17
C00105338,13544.6,23
C00105668,1562329.48,426
C00105973,447642.79,497
C00105981,22282.9,102
C00106146,19567.33,58
C00106435,4157.76,87
C00107136,4829.07,22
C00107235,264053.98,35
C00107300,460.2,1
C00107771,700.95,11
C00108035,16386.4,40
C00108209,107.62,3
C00108613,212021.47,355
C00109546,414.91,1
C00109595,159.37,2
C00109678,947.14,14
C00109819,1244.98,20
C00110262,357.71,4
C00110478,4346.75,21
C00110585,2470.15,15
C00111237,3300.0,2
C00111278,59782.48,61
C00111302,2262.4,22
C00111476,1765.32,4
C00111534,350.0,7
C00111559,330.0,11
C00112763,129.93,1
C00112995,403.0,1
C00113019,163960.59,47
C00113225,21727.85,19
C00113241,81402.7,165
C00113803,19430.59,80
C00113811,89464.99,20
C00114025,5115.84,26
C00114108,16689.97,30
C00114132,2957.77,23
C00114314,251.88,5
C00114439,785986.46,850
C00114694,942.0,15
C00114702,14875.0,1
C00115527,110407.98,68
C00116020,-100.0,1
C00116632,858794.98,386
C00118430,1849.41,56
C00118919,3152.24,23
C00118943,9367.78,50
C00120030,4004.57,16
C00120055,592458.35,143
C00120873,200.0,8
C00121350,8595.03,12
C00121368,240.0,16
C00121582,7566.3,30
C00122101,10480.97,113
C00122499,10417.59,12
C00123612,433.63,8
C00125534,209389.44,58
C00125641,4634.34,52
C00125732,1076.21,23
C00126086,360.0,1
C00126763,32735.02,77
C00126847,1000.0,1
C00127258,450.0,4
C00127779,25.0,1
C00127811,22142.68,42
C00128678,2221.25,4
C00128876,11548.68,7
C00128918,1010.0,2
C00129189,699.0,1
C00130658,2635919.83,748
C00130831,16614.9,4
C00131185,525030.74,137
C00132282,4398.81,48
C00133611,1219.0,2
C00134676,11400.0,24
C00134726,1749.64,4
C00135368,-232.24,71
C00135541,40608.39,98
C00135558,239365.23,344
C00136200,444456.44,250
C00136457,1887810.57,1544
C00136689,6460.0,6
C00136853,79972.26,76
C00137265,1676.0,13
C00137729,139.26,9
C00138966,4417.58,7
C00138974,2200.38,12
C00139071,4951.91,34
C00139477,857.43,21
C00139519,123.54,2
C00139600,313065.45,86
C00139659,431547.94,433
C00139964,1292.83,16
C00140061,17198.72,24
C00140590,2183065.5,251
C00140715,2120517.85,924
C00141044,474.67,1
C00141218,1187.93,6
C00141572,132210.74,74
C00141747,1506.29,4
C00141812,932606.55,442
C00142299,8482.23,25
C00142711,700.0,8
C00142786,166.75,7
C00143230,697749.28,639
C00143438,190.0,1
C00143560,-472.13,3
C00143743,3753851.37,3391
C00143867,99.07,2
C00144170,1410.3,9
C00144261,57231.01,61
C00144345,6234.98,71
C00144766,2094.23,21
C00145037,1735.74,11
C00145342,7250.0,4
C00145623,9410.06,29
C00145862,5066.14,8
C00146506,216.0,12
C00147173,26110.11,70
C00147231,1846.62,20
C00147512,8707082.85,840
C00147975,44544.22,26
C00147983,3028.0,3
C00148999,664170.3,509
C00149641,83553.81,198
C00150045,2625.0,1
C00150367,12489.78,103
C00150672,7152334.11,175
C00150797,2710.65,22
C00150805,269.61,1
C00151175,120.68,2
C00151340,102603.82,12
C00151688,4008.0,13
C00151787,334.52,22
C00152280,2010.59,26
C00153031,5666.0,8
C00153684,205850.15,31
C00154104,717.19,11
C00154625,3736862.06,543
C00155440,62553.29,27
C00155952,716572.25,326
C00156216,50.0,10
C00156554,218.29,13
C00156612,7172.84,31
C00156810,1553799.47,939
C00157677,15.76,1
C00157941,282091.22,80
C00157958,5746.95,22
C00158402,38193.49,20
C00158576,2284.81,15
C00159319,4215.67,4
C00159954,10265.77,23
C00160259,4178.77,35
C00160937,547848.57,575
C00161067,14549.0,25
C00161265,33788.3,13
C00161414,36.0,1
C00161422,2807.8,1
C00161786,3040481.27,882
C00161810,468187.56,349
C00162339,1313925.88,718
C00162578,90703.22,38
C00162818,24684.0,4
C00163048,8051.78,23
C00163212,682.08,23
C00163238,127.5,1
C00163253,790.62,2
C00163832,2888.49,7
C00163956,26288.11,7
C00164145,13050.0,6
C00164418,263227.03,788
C00164509,525.0,15
C00164848,5754.27,7
C00164939,325.12,1
C00165142,42706.99,68
C00165159,526666.12,103
C00165324,356.25,1
C00165472,760.19,14
C00165548,112115.45,47
C00165688,107338.92,49
C00165944,1201.0,1
C00166074,4212.97,1
C00166272,1998.18,18
C00166348,1990.0,2
C00166355,14491.21,22
C00166504,7707.71,3
C00166553,234.19,2
C00166710,436821.97,530
C00166827,152.04,8
C00167015,521718.82,247
C00167130,1019313.67,352
C00167213,162866.06,324
C00167320,1151474.75,528
C00167346,374928.38,531
C00167585,1247695.23,420
C00167684,400.0,4
C00167759,1213.27,7
C00168070,2015.28,1
C00168864,2522.82,24
C00169441,9774.0,10
C00170175,30879.65,68
C00170258,29443.88,54
C00171330,36302.59,11
C00171504,2055.3,66
C00171926,997.2,18
C00172296,514028.36,85
C00172361,20322.12,12
C00172510,481864.49,718
C00172619,488172.07,543
C00172833,4987.84,20
C00172841,8629.02,57
C00173096,1145.5,15
C00173393,1657.53,23
C00174334,9398.41,5
C00174847,29423.79,28
C00175521,7289.25,7
C00178038,1707106.19,883
C00178418,19740.35,16
C00178541,8800.0,4
C00179408,208349.51,57
C00186064,132.0,3
C00186288,185.72,1
C00187450,48400.77,76
C00188011,73.24,1
C00188078,13202.22,16
C00188177,1146.88,28
C00188193,16994.79,54
C00188367,560528.46,513
C00189100,6036.27,8
C00189266,1125.0,9
C00190934,367087.04,545
C00190991,27455.57,23
C00191247,169190.94,64
C00191288,32057.67,20
C00192062,24240.62,18
C00192153,205.6,17
C00193342,4933813.56,438
C00193433,61046686.88,12162
C00193441,4344.67,18
C00193623,317167.6,347
C00193631,9184.35,36
C00193854,13326.89,62
C00194647,4440.3,90
C00194746,5890.5,8
C00194803,54657.0,12
C00195024,4318.73,8
C00195628,242832.79,383
C00195891,385.05,12
C00196089,3597.58,31
C00196246,1460.56,20
C00196253,0.01,1
C00196428,1138.44,22
C00196444,27270.86,16
C00196725,10244.33,37
C00196774,1105148.62,690
C00196915,51066.15,54
C00197095,2306.31,9
C00197103,5227.64,3
C00197160,25871.17,55
C00197715,68975.76,41
C00197749,2666.32,24
C00198861,2400.0,24
C00199257,8542.19,8
C00199703,1861.04,22
C00199711,36.22,1
C00200584,1056521.85,685
C00200865,149840.61,75
C00201533,742.43,23
C00201871,5360.38,8
C00202176,4245.97,23
C00202184,1867.77,46
C00202416,64888.74,31
C00202804,9556.59,3
C00203497,223093.5,41
C00204180,1360.0,2
C00204370,17866.37,53
C00204453,10000.0,8
C00205369,3521.61,4
C00206177,64866.42,30
C00207308,14.0,7
C00207399,18835.73,64
C00207993,372932.49,301
C00208249,967.05,1
C00208322,865.65,6
C00208439,1014.88,2
C00208991,162477.48,34
C00210344,1804.17,9
C00211318,594947.35,65
C00211524,49380.39,9
C00211763,249371.9,55
C00212423,7354.18,15
C00212522,80483.49,2
C00212787,160748.05,234
C00213066,7744.7,13
C00213173,5706.5,48
C00213348,3500.0,2
C00213512,10807416.14,1377
C00213645,1332.0,2
C00213819,5916.07,106
C00214072,794.5,17
C00214148,5573.85,20
C00214643,70118.6,59
C00214809,2258.76,2
C00214981,4225.35,31
C00215129,8755.54,8
C00215285,2600.0,1
C00215699,225.0,15
C00215905,899015.05,757
C00216127,24598.08,5
C00216184,4650.0,10
C00216614,865513.31,1354
C00216770,2164.44,32
C00216895,13631.24,25
C00217877,207.85,1
C00219121,54.0,18
C00219444,19268.91,44
C00219568,15060.52,34
C00219642,300870.81,17
C00219881,60287.13,27
C00220269,4525.19,4
C00220558,18903.68,22
C00221077,4147.23,35
C00221507,633.73,23
C00222000,5131.28,1
C00222422,4732.0,26
C00223073,1431.38,3
C00223297,1540.0,2
C00224691,1681.72,4
C00224717,1840220.16,12842
C00225342,53103.43,53
C00226522,1599133.44,848
C00226928,2662413.22,785
C00227546,8203.17,47
C00227744,312092.66,36
C00228106,506.0,1
C00228296,13311.61,6
C00229104,44768.43,47
C00229377,402702.08,70
C00230342,1460358.59,1298
C00230482,10677677.81,1360
C00231076,1200.0,1
C00231670,500.0,2
C00232629,834.15,1
C00232835,6333.5,8
C00232967,524.05,3
C00233049,9075.0,9
C00233353,10200.0,24
C00233361,10899.84,41
C00235184,4705.03,14
C00235572,136741.23,121
C00235655,619112.48,164
C00235739,1269.41,25
C00235762,850.0,3
C00235853,72388.31,821
C00235929,236.05,3
C00236414,116.38,7
C00236489,46819.7,89
C00236513,23643.36,21
C00237495,6973.63,11
C00238204,143045.62,264
C00238444,44360.76,133
C00238725,188092.97,22
C00238865,1433058.83,726
C00238907,460732.5,329
C00239038,9237.0,11
C00239780,245.68,4
C00239848,3878.69,31
C00239905,2201.48,18
C00240457,658.27,22
C00240796,129.79,17
C00240911,2110.51,26
C00240986,5823.33,11
C00241083,46296.19,180
C00241323,1118.95,62
C00241349,2881.81,5
C00241380,3547.51,6
C00241851,113.98,6
C00242057,1774.27,18
C00243428,14639.38,49
C00243659,38874.95,5
C00244335,319606.68,257
C00244533,23677.36,36
C00244863,11764.63,22
C00245548,9810.15,78
C00246306,1883.49,25
C00247403,353000.55,384
C00247981,195.24,11
C00248658,4863.82,24
C00248849,9000.0,2
C00248948,35577.0,36
C00249342,9985.61,26
C00250027,2801.45,22
C00250399,1365540.82,1078
C00250753,25526.66,57
C00250993,36914.15,55
C00251132,3500.0,6
C00251447,5528.46,34
C00251751,3.93,1
C00251876,1751.57,8
C00251918,3149.69,2
C00252056,37129.77,13
C00252338,1129.78,25
C00252395,151506.89,84
C00252551,93661.96,154
C00252684,5290.09,14
C00252825,2788.73,6
C00252940,147983.74,1214
C00253153,1652.54,20
C00253187,61795.21,72
C00253260,146111.91,192
C00253294,985425.25,689
C00254185,10975.62,41
C00254193,15973.34,10
C00254490,16179.16,14
C00254573,91163.23,94
C00254938,23166.56,78
C00255091,476.28,41
C00255562,1581748.93,557
C00255695,3663367.01,1889
C00255752,206629.34,101
C00255976,3510.0,3
C00256453,424.96,20
C00256925,808443.85,582
C00257121,190480.45,278
C00257279,129554.96,279
C00257329,132.8,8
C00257337,3611853.67,950
C00257642,24982499.5,3856
C00257956,35247.5,63
C00258236,16854.29,26
C00258244,217.82,1
C00258475,1638172.52,443
C00258855,27192.32,52
C00259143,144027.47,183
C00259481,669490.34,209
C00259572,6954.85,15
C00261339,250.0,1
C00261891,8255.39,10
C00263053,124517.01,304
C00264101,46440.16,44
C00264564,828616.64,456
C00264689,44055.29,43
C00264697,3018973.35,744
C00265033,3027.2,26
C00265603,308888.65,171
C00266585,369.74,1
C00266932,25635.82,22
C00266940,3131615.41,803
C00267385,8562.07,12
C00267849,176253.44,8
C00268904,11.0,3
C00269241,32.0,2
C00269340,25401.75,38
C00269779,397.13,10
C00269837,144720.63,150
C00270934,161786.74,354
C00270967,1322.96,24
C00271312,477760.18,382
C00271338,3513477.46,849
C00272153,4450.41,3
C00272211,178093.48,124
C00272724,6555.32,24
C00273003,12.0,1
C00273169,4395048.88,715
C00274423,40453.92,123
C00274944,4826.5,42
C00275230,1500.0,2
C00276485,687.64,4
C00276592,740.55,3
C00276659,11672.38,9
C00277335,372557.23,380
C00277541,296716.08,480
C00278101,9489.01,340
C00278689,5701.15,10
C00279182,4208.0,4
C00279216,339.16,13
C00279224,53.65,3
C00279331,1322.0,3
C00279380,38124.62,47
C00279455,0.83,1
C00279802,133150.72,394
C00279828,9397.95,8
C00279851,1284114.1,769
C00280222,162380.21,61
C00280743,704.81,29
C00281162,576.06,1
C00281212,1059.76,17
C00282327,2134.64,10
C00282343,20583.44,24
C00283135,24081.82,25
C00283432,6459.69,81
C00283523,1204.0,3
C00283606,383.93,1
C00284810,692.0,1
C00284885,3397.31,31
C00285171,650740.23,406
C00285254,30192.7,78
C00285593,5385.69,4
C00285783,200.0,1
C00286187,22235.63,44
C00286401,8093.19,8
C00286500,988035.03,242
C00286880,9772.92,27
C00287045,1255.49,12
C00287714,376.3,13
C00287904,823129.89,645
C00287912,1295819.83,543
C00289603,2220106.8,1210
C00290064,222745.31,246
C00290304,9858.57,31
C00290502,367.39,2
C00290825,2725713.96,433
C00290973,170.73,4
C00291914,6534.6,15
C00293910,289900.0,14
C00295097,37.0,2
C00295527,14611.27,108
C00295964,70843.21,25
C00296640,1056627.58,311
C00296822,221.06,1
C00297531,23117.73,70
C00297630,1800.0,6
C00297739,5649.12,40
C00298000,3642719.14,620
C00299396,49825.43,23
C00299404,9475.87,16
C00299867,6362.06,4
C00300178,386.31,1
C00300236,20355.0,133
C00300376,3203.77,24
C00300418,468.93,1
C00300707,4197.74,77
C00300731,111254.93,175
C00300921,3173258.84,1718
C00301838,2231459.23,602
C00301929,2672.09,13
C00302240,2058.94,19
C00302844,316.09,5
C00303024,251221.8,16
C00303305,884191.41,367
C00303339,218265.41,120
C00303883,500.0,2
C00304634,2267.29,31
C00304709,928095.36,768
C00304758,400110.6,445
C00305052,1294.51,1
C00305318,1163233.37,312
C00305805,128507.74,209
C00306035,19500.56,20
C00306175,270.0,10
C00306449,11898.98,22
C00306860,11666.0,12
C00306894,8279.85,58
C00307314,839505.55,782
C00307777,1550.0,1
C00307991,45754.83,110
C00308387,29000.0,21
C00308460,410.0,1
C00308478,7449.0,23
C00308676,8687120.45,1402
C00308742,1193059.89,587
C00309567,608568.1,2057
C00309716,1053.32,12
C00310532,1365074.07,609
C00310896,3000.0,3
C00311043,721492.8,320
C00311142,21613.41,17
C00311308,320.0,16
C00311639,760889.53,449
C00311878,336.83,7
C00311944,76489.13,30
C00312017,373838.74,411
C00312223,929.19,13
C00313247,877503.72,419
C00313510,1137602.32,571
C00313700,131.0,2
C00314575,759051.16,561
C00314617,-11500.69,127
C00315713,254.52,1
C00317503,44948.77,38
C00318196,500.0,2
C00319319,1194.19,35
C00319723,801.02,15
C00320176,1306.24,2
C00320218,10151.84,21
C00320432,24631.12,95
C00321158,359.78,1
C00321596,1629.84,5
C00321943,548179.83,696
C00322560,2996.8,2
C00322768,5421.38,13
C00323048,1295.07,38
C00323352,51167.39,58
C00323576,1750.0,1
C00323659,6.5,1
C00323758,706.0,1
C00323923,49714.42,117
C00324673,3758.59,11
C00325076,339031.72,466
C00325092,51.31,1
C00325324,1913.13,88
C00325332,2242.52,41
C00325357,24939.7,15
C00325464,24083.31,32
C00325639,156.28,10
C00325647,2219.13,1
C00325936,20899.0,205
C00325993,212586.35,98
C00326082,367756.52,214
C00326363,1849682.57,893
C00326439,575440.34,235
C00326595,175.0,5
C00326751,23564.03,55
C00326801,3535754.94,1675
C00326835,71277.13,61
C00327023,1007872.94,818
C00327072,1152.19,14
C00327106,46304.48,118
C00327189,374001.64,76
C00327395,1003.71,9
C00327478,10940.35,47
C00327593,389.94,1
C00327783,1870.75,1
C00328211,33866.13,42
C00328401,205.2,2
C00329185,339.89,1
C00329425,4732.92,53
C00329896,42187.1,36
C00330118,17881.08,48
C00330142,1426174.85,1724
C00330233,3171.46,13
C00330696,3251.0,6
C00330720,155617.6,49
C00330886,6416699.66,998
C00330894,1627.33,26
C00331314,10678.93,113
C00331397,1452267.6,577
C00331454,250.0,1
C00331496,1406.0,18
C00331694,327869.63,244
C00331769,1877768.15,900
C00331918,7377.7,14
C00332221,35195.73,93
C00332296,279669.26,67
C00332395,76.0,2
C00332643,175.0,1
C00332833,25.0,1
C00332841,7043.3,21
C00333104,5390.83,58
C00333427,92143.95,190
C00333534,117.0,2
C00333666,24500.0,14
C00334383,89080.26,106
C00334417,1309.94,5
C00334706,142454.95,114
C00335257,478.34,14
C00336743,22885.98,134
C00336834,286.0,7
C00337626,2785.06,24
C00337733,3031971.11,879
C00338020,134200.38,64
C00339085,204.2,4
C00339655,8506.81,40
C00340018,81.32,4
C00340075,15602.36,26
C00340356,9486.76,32
C00340364,3595.55,23
C00340455,1334.0,21
C00341396,49291726.67,2356
C00341602,263.54,1
C00341792,225.0,1
C00341800,1728.51,19
C00342022,9457.23,26
C00342394,168.0,4
C00342857,18314.41,111
C00342907,42429.93,51
C00343137,57855.9,154
C00343459,29136.4,24
C00343574,145555.63,185
C00343871,16617078.01,1522
C00343947,62620.03,39
C00344010,425.37,12
C00344051,120658.35,25
C00344234,7187673.14,760
C00344325,19641.44,70
C00344473,1848284.59,671
C00344531,7065.68,6
C00344648,411505.34,158
C00344671,23147.76,44
C00344697,407631.58,1252
C00344721,664.07,18
C00344770,1469.0,39
C00344788,11897.0,9
C00345058,99548.3,28
C00345132,57154.37,40
C00345199,34709.7,51
C00345496,18000.0,1
C00345546,1198656.86,719
C00345868,2296.54,21
C00345942,3448.26,14
C00346015,7770.25,14
C00346080,450.0,1
C00346239,17061.56,9
C00346296,2039.24,2
C00346312,21110164.25,1128
C00346361,2500.0,1
C00346403,7072.06,13
C00346619,6063.21,8
C00346726,2468.69,22
C00347195,230672.7,167
C00347260,3916.17,4
C00347476,16366.0,24
C00347492,206044.88,29
C00347591,21061.07,17
C00347955,3166.96,21
C00347989,221.76,1
C00348540,139396.88,34
C00348607,723180.38,354
C00348623,250.0,1
C00349217,519751.37,582
C00349233,449585.13,211
C00349373,2159.24,14
C00349506,941917.73,572
C00349902,9.66,6
C00350421,78136.93,69
C00350744,90.0,2
C00350991,165254.93,82
C00351015,700.0,2
C00351031,117610.39,83
C00351197,21517.6,72
C00351270,2663.08,22
C00351924,6480.0,13
C00352922,1280.0,15
C00353037,764.04,3
C00353144,866.06,4
C00353797,590.19,15
C00354332,28141.78,87
C00354548,4532.45,9
C00354605,20795.59,117
C00354688,1757961.78,938
C00355289,503449.05,2
C00355677,7132.79,147
C00356477,2758.77,9
C00357905,132860.02,55
C00358234,1672.78,8
C00358440,2805.85,14
C00358663,2381597.22,623
C00358812,28570.57,237
C00358903,1865.0,2
C00359034,1493531.83,426
C00359075,774.15,3
C00359380,1510.79,26
C00359463,1950.0,8
C00359539,43875.65,46
C00360354,5067.41,56
C00360362,163.19,6
C00361014,387.33,12
C00361139,70000.0,3
C00361253,3663.0,2
C00361410,98601.11,105
C00361485,29378.14,73
C00361758,1000.0,2
C00361956,141151.62,187
C00362178,22580.54,27
C00362236,26673.05,14
C00362624,37467.44,19
C00363317,103477.42,26
C00363648,296758.45,160
C00363770,21629.58,13
C00363838,3999.63,29
C00363879,11238.53,25
C00363986,14717.09,20
C00364109,2080.79,34
C00364133,42666.23,31
C00364158,20735.65,140
C00364174,6487.77,7
C00364323,3407.23,1
C00365270,266140.46,96
C00365502,2734.02,14
C00365536,7692266.78,2083
C00365551,2872.96,3
C00366559,62.0,2
C00366948,584726.7,398
C00367094,2204.43,3
C00367177,1012.78,18
C00367862,1572926.43,765
C00368332,12780.94,65
C00368522,731676.07,1134
C00368696,779622.13,275
C00368720,-109.99,3
C00369033,1145456.53,637
C00369090,412.75,3
C00369181,256563.38,305
C00369660,5527.22,6
C00369801,1815966.04,953
C00370007,379993.91,517
C00370056,2490826.7,485
C00370122,95305.69,161
C00370130,36021.35,23
C00370221,428562.91,1379
C00370569,221.6,1
C00370577,1136.07,15
C00370759,11197.32,4
C00370874,1244.79,1
C00371088,2615.64,21
C00371203,1105616.32,448
C00371302,6117196.34,3222
C00371948,553.02,2
C00372201,33477.33,56
C00372367,115.0,22
C00372532,1015171.47,1093
C00372722,4386.17,17
C00373001,954183.69,416
C00373050,111.65,4
C00373464,397075.64,120
C00373563,75823.19,37
C00373696,10610.17,35
C00373837,216.38,4
C00373910,1141.34,29
C00374058,628801.72,759
C00374066,2751.62,2
C00374231,21769.81,14
C00374363,576.53,13
C00374447,5106.59,24
C00375048,11761.12,91
C00375154,0.42,2
C00375279,1339.48,24
C00375360,20673.12,71
C00375584,512302.12,195
C00375691,618.0,1
C00376038,242576.14,109
C00376087,1363804.17,602
C00376343,12943.42,118
C00376376,-100.0,1
C00376582,2650.43,26
C00376665,504084.53,546
C00376673,1246391.96,531
C00376756,8764.96,8
C00376939,1218738.06,800
C00377002,21.45,3
C00377051,213.1,1
C00377143,110518.5,121
C00377168,1406.6,26
C00377598,200.0,2
C00377689,520624.0,231
C00378216,972.74,4
C00378356,558.05,4
C00378661,4464.63,8
C00378695,138215.36,59
C00378752,1750.0,4
C00378950,1500.0,1
C00379180,6624.48,22
C00379479,164209.79,45
C00379693,7000.0,7
C00379735,2135683.51,523
C00379768,16592.33,24
C00379974,2481.46,17
C00380352,33967.66,79
C00380535,1387.99,14
C00380568,120016.47,157
C00380675,6175.68,30
C00380873,5950.0,5
C00381681,25736.46,18
C00381806,40521.65,39
C00381954,335.0,6
C00382028,3141.58,17
C00382143,14997.62,22
C00382150,42.77,1
C00382242,42955.57,27
C00382416,175.1,1
C00382424,694.6,30
C00382432,3513.79,13
C00382556,1189.29,12
C00382796,195.0,13
C00383604,336.0,24
C00383661,58.0,2
C00383745,16591.81,6
C00383828,200615.71,285
C00383869,926.45,1
C00383950,15150.0,5
C00383976,176851.98,329
C00384016,852.0,2
C00384057,1739490.83,554
C00384479,6171916.92,1149
C00384529,9632702.75,1544
C00384578,1220.0,2
C00384693,105608.86,118
C00385039,978.21,19
C00385187,2690.29,10
C00385195,60.75,4
C00385377,25034.49,33
C00385393,21617.0,43
C00385526,211957.39,163
C00385534,67507.02,47
C00385773,1527583.92,1829
C00385799,58179.53,185
C00385989,237.01,7
C00386136,522.0,2
C00386300,300.0,1
C00386532,305108.79,650
C00386748,1755438.68,1045
C00386755,2551.92,5
C00386847,19177.97,25
C00386904,21878.02,30
C00387274,23557.03,24
C00387464,1382532.12,418
C00387555,119923.64,30
C00387720,284.55,8
C00387811,63.05,11
C00387928,7852.57,1
C00388421,54265.0,12
C00388470,503.54,8
C00388819,824.93,8
C00388827,1495.15,16
C00388934,563320.25,176
C00389189,6807.82,15
C00389510,9582.34,24
C00389585,5526.42,47
C00389858,260.0,1
C00389916,2537.48,2
C00389981,76052.88,139
C00390104,24026.14,152
C00390161,75609.91,45
C00390351,25000.0,1
C00390476,4778223.98,1842
C00390526,781.66,56
C00390641,3016.49,3
C00390674,283674.09,101
C00390724,1143706.18,801
C00391029,1770160.76,451
C00391797,177242.24,109
C00391979,13110.28,29
C00392134,1000.0,1
C00392266,27491.5,5
C00392670,29732.67,57
C00392688,2428511.49,924
C00392738,490032.81,285
C00392795,33531.43,53
C00392928,32566.69,154
C00393041,43852.85,85
C00393298,112070.7,16
C00393348,106550.64,140
C00393629,2916150.83,774
C00393652,31342.06,34
C00393728,1607.59,130
C00394163,679.21,14
C00394445,144.0,24
C00394452,29012.2,49
C00394460,37042.87,25
C00394957,4367413.4,1004
C00395467,1401006.25,281
C00395590,68342.57,111
C00395723,9826.82,28
C00395848,1142856.26,416
C00395889,51236.4,116
C00395947,600.0,8
C00396242,2299.4,2
C00396556,892.25,3
C00396671,3728.03,97
C00396812,499.09,1
C00396994,2245.37,7
C00397505,1078422.36,2143
C00397851,2089.81,14
C00398040,6446.0,9
C00398222,75.0,5
C00398255,15000.0,1
C00398644,684147.18,1025
C00398750,317986.3,111
C00398800,964.98,11
C00398941,1000.0,1
C00399071,79141.58,173
C00399196,525302.45,156
C00399410,450.0,2
C00399444,122130.58,119
C00400135,914.25,7
C00400333,0.0,11
C00400465,28960.79,64
C00400945,220.0,1
C00401034,1465254.86,471
C00401190,268481.18,419
C00401224,66860022.21,16447
C00401463,8686.98,20
C00401687,3522.49,20
C00401786,1741521.03,556
C00402081,3780.01,22
C00402321,157.65,1
C00402628,37776.96,69
C00402669,4874.6,22
C00402800,296185.97,713
C00402826,18948.65,18
C00402842,34705.77,59
C00403071,79276.73,128
C00403105,722.9,16
C00403477,49912.56,20
C00403535,51302.85,176
C00403592,285090.18,167
C00403709,5000.0,10
C00403741,25352.65,32
C00403816,650.0,3
C00403824,9959.81,46
C00403881,12045.28,69
C00403907,58.26,2
C00404020,22109.89,57
C00404178,6696.7,25
C00404194,270.0,18
C00404202,68.88,1
C00404301,50257.05,262
C00404319,9279.69,23
C00404335,3434.0,1
C00404392,187044.09,99
C00404418,2418.95,2
C00404434,38427.76,102
C00405050,100966.53,58
C00405100,443.6,2
C00405233,17061.5,61
C00405340,3608.9,26
C00405431,19360.26,38
C00405506,55.8,1
C00405555,486.0,7
C00405563,700.0,3
C00405597,71.6,9
C00405639,10592.5,3
C00405878,162853.29,338
C00406041,273743.11,282
C00406256,6228.0,13
C00406447,34797.14,66
C00406553,14690.97,48
C00406645,501191.69,494
C00406801,719.0,2
C00406850,7515.47,24
C00406876,2794.92,3
C00406892,-96.0,2
C00407007,6216.84,80
C00407080,580.12,17
C00407841,3198.69,20
C00407866,846.15,15
C00408088,250.0,1
C00408120,40059.28,48
C00408260,39660.19,44
C00408344,8565.9,17
C00408435,2512.01,36
C00408484,2979.1,29
C00408518,2171.37,33
C00408534,1795341.38,949
C00409003,1037844.04,412
C00409102,42925.5,59
C00409110,402426.29,323
C00409219,1179037.94,425
C00409227,2252.97,4
C00409276,419304.54,181
C00409359,33065.69,83
C00409391,28172.91,27
C00409458,4317.75,14
C00409490,4180.55,9
C00409565,2016.2,59
C00409581,3783067.36,1164
C00409623,102609.91,54
C00409714,8352.33,24
C00409730,2371992.28,540
C00409797,2217.0,17
C00410001,111.28,3
C00410043,654.32,2
C00410068,294227.53,161
C00410084,1373.3,9
C00410092,415755.12,309
C00410118,10823.43,5
C00410126,1000.0,1
C00410233,2475045.45,502
C00410274,5736.22,46
C00410308,197042.91,233
C00410365,100.0,1
C00410407,5667.09,5
C00410621,93299.17,42
C00410639,820036.06,466
C00410670,1519.23,19
C00410753,266152.85,219
C00410761,1419843.97,602
C00410803,770331.25,676
C00410829,3489.72,10
C00411082,8798.28,95
C00411116,1010.41,25
C00411173,13038.59,33
C00411181,3200.0,1
C00411199,5000.0,1
C00411306,330.0,2
C00411330,10580407.88,1563
C00411454,2362.61,1
C00411553,14879.96,122
C00411579,16623.8,21
C00411587,227113.46,294
C00411611,31914.5,10
C00411900,-153.73,1
C00411918,202.91,8
C00412072,10390.05,42
C00412098,6604.15,21
C00412288,24415.11,27
C00412304,977378.81,468
C00412395,20029.16,26
C00412569,77363.58,214
C00412619,968.24,11
C00412635,180.0,6
C00412759,2147504.04,760
C00412791,800447.66,261
C00412841,135.84,1
C00412890,929242.65,724
C00413096,1060.0,3
C00413179,236712.64,213
C00413567,2569.58,28
C00413914,773582.52,720
C00413948,353573.12,118
C00413955,5916.38,15
C00414318,9642.85,36
C00414474,3195.72,35
C00414649,697.77,9
C00414896,700.9,5
C00415075,43152.61,87
C00415182,409602.9,475
C00415208,118772.24,69
C00415331,740747.23,671
C00415372,1749.06,24
C00415745,906.44,4
C00415752,310168.08,243
C00415869,200.58,2
C00415992,8070.3,24
C00416131,829846.94,377
C00416594,10803981.83,1994
C00416685,134.19,5
C00416743,314231.97,268
C00416982,1628.07,2
C00417063,403842.09,638
C00417097,737.98,5
C00417295,1000.0,1
C00417493,321958.07,326
C00417584,153829.63,170
C00417634,13179.89,321
C00417733,41255.36,102
C00417865,4236.13,5
C00418103,1588.0,31
C00418269,1271.2,19
C00418293,456838.63,623
C00418400,37500.0,3
C00418582,5633.78,7
C00418731,3623.18,24
C00418830,1874.05,24
C00418889,295609.74,816
C00418897,5848659.89,1480
C00419242,5336.8,10
C00419283,17988.61,4
C00419556,727.93,4
C00419572,384.82,10
C00419630,228792.01,227
C00419986,38618.6,65
C00420000,60.0,1
C00420398,2535.68,52
C00420695,38741.38,72
C00420745,606681.07,355
C00420760,736881.98,406
C00420935,25245898.57,2442
C00420950,162.9,1
C00421057,2698.97,7
C00421230,1324.94,7
C00421982,2569.1,4
C00422022,3124.69,26
C00422279,195.68,7
C00422428,204.47,28
C00422774,150604.02,153
C00422980,198460.43,103
C00423012,7543.35,120
C00423079,72552.65,59
C00423236,1075.75,4
C00423731,50.0,1
C00424143,9075.01,8
C00424218,3140.24,14
C00424226,1000.0,1
C00424382,623.58,10
C00424515,6722.28,27
C00424713,824816.38,404
C00424788,1195.0,53
C00425439,173662.19,25
C00425470,520256.8,458
C00425520,3985.42,9
C00425645,25096.21,4
C00425686,246.99,1
C00426163,2250.0,2
C00426320,165434.04,663
C00426775,1251.96,14
C00426809,422601.91,69
C00426874,6717.66,53
C00426965,7933.59,23
C00427203,10180.28,12
C00427401,24551.16,13
C00427435,148618.99,502
C00427575,36890.33,126
C00427617,12025.31,19
C00427781,5000.0,1
C00427856,60.0,1
C00428052,1951761.76,354
C00428094,2350.36,17
C00428110,94.42,20
C00428375,13041.25,22
C00428391,3399.15,12
C00428516,6030.54,64
C00428649,16980.03,9
C00428706,24761.63,33
C00429001,4770.4,3
C00429464,1281.82,4
C00429563,2709.95,42
C00429571,8789.66,42
C00429662,2082.5,19
C00429787,6933.45,16
C00429886,393.05,36
C00430108,1882.96,12
C00430280,89141.03,35
C00430397,216.0,1
C00430421,2352.8,8
C00430462,412841.45,58
C00430579,97927.91,44
C00430876,532.78,14
C00430991,1390107.66,580
C00431056,2617895.33,880
C00431114,1997.15,8
C00431197,63650.52,59
C00431262,1727.12,3
C00431304,240470.64,86
C00431312,4805.63,17
C00431353,3762366.29,1981
C00431403,275191.66,100
C00431460,15576.92,27
C00431478,309809.39,1148
C00431544,9553.71,12
C00431601,290445.46,224
C00431643,17083.31,35
C00431858,39.23,3
C00431874,282198.93,119
C00431924,2502.34,31
C00431932,1301.01,34
C00432096,42999.36,14
C00432104,6609.29,11
C00432260,173364.95,1281
C00432526,3057.47,29
C00432757,6250.93,45
C00432765,8000.0,25
C00432815,34172.1,31
C00432823,3748.98,17
C00432856,100.0,2
C00432930,36766.01,94
C00433060,628801.8,120
C00433219,88290.86,156
C00433318,4583.53,7
C00433391,320115.27,298
C00433524,5200.0,2
C00433680,589779.23,221
C00433730,21566.0,17
C00433805,1270.41,26
C00434191,1107935.08,608
C00434563,1116270.91,678
C00435099,5995620.43,825
C00435321,100.0,2
C00435651,550.0,1
C00435974,1494028.79,508
C00435990,708.22,4
C00436022,678036.03,192
C00436055,1130.23,3
C00436386,1496119.84,459
C00436998,132995.88,107
C00437061,3085.67,4
C00437079,11719.58,57
C00437277,1152818.31,1462
C00437376,11778.54,8
C00437525,350.0,1
C00437889,1010323.36,644
C00437913,5109.22,13
C00438002,641.9,2
C00438028,1083.24,2
C00438291,216286.38,81
C00438481,3500.0,2
C00438697,986180.02,404
C00438713,818228.29,401
C00438721,976.17,1
C00438754,400.48,2
C00439398,77241.0,330
C00439521,186878.86,87
C00439646,15391.8,248
C00439992,208539.33,98
C00440032,389641.11,189
C00440115,3600.0,1
C00440362,359703.65,198
C00440453,-100.0,1
C00440644,8240.32,36
C00441014,1669432.5,869
C00441089,5.0,1
C00441352,640233.53,143
C00441733,3870.39,23
C00441808,2499.37,22
C00441949,59003.81,23
C00442020,12895.37,42
C00442046,500.0,1
C00442319,3500.0,3
C00442368,495704.76,223
C00442434,254.58,7
C00442624,242.84,1
C00442921,926690.02,580
C00442996,6538.63,26
C00443218,928499.86,1004
C00443309,75.0,3
C00443580,258012.85,396
C00443671,1026.97,3
C00443689,699400.17,375
C00443705,271253.76,230
C00444117,8756.33,22
C00444224,4775.0,8
C00444430,2738.03,61
C00444471,49540.89,23
C00444539,4887.47,20
C00444620,1611163.11,961
C00444968,760907.2,510
C00445023,1641868.16,407
C00445163,1868709.74,312
C00445379,187966.53,86
C00445452,1533202.09,760
C00445593,1198.8,48
C00445817,517.5,2
C00446237,1012.59,276
C00446294,1000.0,1
C00446443,800.0,2
C00446815,1540961.81,1165
C00446906,4622022.18,676
C00447185,17813.85,45
C00447284,12615.32,23
C00447474,46656.97,46
C00447565,53708.67,87
C00448001,54905.69,22
C00448324,345.09,15
C00448373,12311492.26,4217
C00448654,220.0,22
C00448696,1764949.15,604
C00449074,337.72,24
C00449512,60884.5,154
C00449538,981.3,9
C00449686,44543.75,51
C00449926,13631.55,10
C00450049,1417505.66,968
C00450056,6447.69,13
C00450098,5256.91,14
C00450189,118.26,7
C00450239,-253.34,31
C00450320,18160.12,37
C00450353,16256.15,34
C00450429,869.45,2
C00450577,3386.0,5
C00450692,275407.47,132
C00450916,267.27,1
C00450965,468.39,3
C00451153,144449.58,56
C00451294,13000.0,17
C00451336,262410.1,80
C00451583,4774.29,14
C00451757,50.0,2
C00452276,14752.31,41
C00452482,32873.84,34
C00452490,413.21,21
C00452748,2899.53,9
C00452755,373.53,2
C00452763,44881.97,51
C00452854,9924.0,12
C00452961,534.0,8
C00453290,139.8,2
C00453704,1346.64,3
C00454074,3895697.86,932
C00454660,5265.82,30
C00454694,163767.49,62
C00454751,6066.09,4
C00454819,2818.8,31
C00455352,16593.23,29
C00455378,73024.43,183
C00455394,89613.74,80
C00455659,13223.02,65
C00455683,13722.66,144
C00455717,242149.53,182
C00455725,15851.29,38
C00455840,919.24,1
C00455865,1625.0,5
C00455923,138986.14,115
C00456764,111501.5,169
C00456772,60033.49,126
C00457077,-60.0,8
C00457184,376.64,11
C00457200,4834.86,25
C00457226,981.12,6
C00457242,24.72,4
C00457325,1056165.71,673
C00457366,9886.82,75
C00457556,560701.34,475
C00457697,50.0,2
C00457754,38349.69,20
C00457929,850.0,2
C00458000,4008650.96,1867
C00458042,129.9,1
C00458117,17988.02,52
C00458125,653114.18,321
C00458158,2000.0,1
C00458257,2819.63,31
C00458315,3874000.15,1339
C00458398,20236118.25,2198
C00458463,387106.39,259
C00458570,57514.09,83
C00458679,1582527.3,719
C00458828,6281944.07,757
C00458844,783.17,2
C00458877,1226183.49,535
C00458976,1466173.9,967
C00459099,2447259.31,738
C00459123,13281.27,12
C00459255,9328025.45,1756
C00459297,3121001.29,825
C00459693,9541.69,14
C00459925,17692.65,38
C00459933,40.0,2
C00459941,1200.0,4
C00460055,415522.71,217
C00460063,1722531.49,1012
C00460261,928386.92,307
C00460378,9573.18,42
C00460402,15202.13,20
C00460550,1192078.92,1058
C00460618,589.76,2
C00460659,388413.08,299
C00460972,291707.08,641
C00461046,363458.18,362
C00461061,1605796.42,623
C00461137,2880.65,3
C00461251,700.0,4
C00461418,8552.8,24
C00461624,14668.64,6
C00461723,8033.6,10
C00461756,2202.0,30
C00461806,837044.97,679
C00461822,498923.34,439
C00461996,49077.92,56
C00462143,5707.1,10
C00462333,35542.63,37
C00462374,642373.08,309
C00462556,20656.75,8
C00462564,44622.41,7
C00462630,22709.15,27
C00462697,826862.29,332
C00462861,4878277.76,1453
C00462879,1603.85,20
C00463828,13984.37,46
C00464016,8250.0,17
C00464032,555198.32,163
C00464073,96839.71,122
C00464149,4408546.32,1023
C00464297,16470.69,74
C00464339,94431.65,74
C00464602,3584950.57,616
C00464727,6091.82,7
C00465054,20.17,1
C00465211,12000.0,24
C00466094,500.0,2
C00466359,36260.0,39
C00466466,3810.24,2
C00466482,4654561.94,1445
C00466516,350733.44,151
C00466813,10222.33,56
C00466854,27495.03,51
C00466870,84975.15,95
C00467118,300.0,2
C00467134,0.0,2
C00467373,622.37,7
C00467381,202.17,7
C00467431,524840.31,89
C00467571,2017954.35,1230
C00467639,11691.68,34
C00467837,58584.6,78
C00468256,768834.81,700
C00468314,597953.47,157
C00468405,2553.98,7
C00468579,1043861.73,306
C00468660,2252.84,14
C00469023,168424.55,130
C00469080,1491.97,19
C00469163,580249.64,404
C00469205,1971.41,24
C00469239,42014.21,130
C00469254,4743.56,32
C00469429,88693.03,80
C00469882,60975.24,100
C00469890,46413.09,26
C00470666,350.58,3
C00470690,570.08,4
C00470757,25232.66,41
C00470765,23833.65,18
C00471334,1116.86,1
C00471508,298.15,9
C00471540,3720.03,30
C00471573,67537.05,3
C00471607,35441.45,16
C00471813,4235.81,3
C00472159,19356.88,62
C00472241,23554.79,18
C00472365,13830.45,30
C00472704,3152534.25,1315
C00472878,1090.0,1
C00472894,177331.48,122
C00473025,550.0,2
C00473116,23820.81,59
C00473132,2480765.02,349
C00473249,508.23,2
C00473272,21173.2,65
C00473371,4621335.39,1095
C00473827,10013097.1,2270
C00473918,1330170.59,125
C00474122,7268.32,28
C00474189,1087273.14,1171
C00475343,287.17,22
C00475384,15000.0,1
C00475392,714380.39,517
C00476192,7435.53,9
C00476291,16775.8,60
C00476317,6710765.75,891
C00476523,604873.09,208
C00476564,1046420.05,638
C00476820,1192286.78,598
C00476978,-301322.38,88
C00477240,433037.0,531
C00477299,97.64,4
C00477323,1347839.53,381
C00477356,870.78,1
C00477745,1075554.38,505
C00478362,2713.72,11
C00478404,449.35,13
C00478800,13937.57,32
C00479063,1234129.86,329
C00479188,1000.0,2
C00479246,1332.96,13
C00479501,17124.44,50
C00480061,2424.0,12
C00480145,4870.85,17
C00480228,471789.17,158
C00480830,66158.85,26
C00480863,182.0,4
C00481176,39291.02,27
C00481200,80043.86,83
C00481309,100.98,2
C00481531,20012.92,25
C00481739,20424.85,17
C00481911,625686.77,777
C00481978,10045.94,49
C00482182,2750.0,2
C00482463,6539.0,3
C00482570,840.5,7
C00482703,42153.44,12
C00482737,472244.61,205
C00482984,34353854.69,1466
C00483487,39299.81,21
C00483677,1481.61,11
C00483693,402591.21,191
C00483883,2923564.36,274
C00483891,1804.66,67
C00484055,17680.61,21
C00484154,210.0,1
C00484253,-106887.2,3
C00484360,2311.51,1
C00484402,412985.18,163
C00484451,438.98,20
C00484535,144119.75,8
C00484592,351.86,5
C00484642,49483375.12,2203
C00484725,5894.62,14
C00485102,422157.6,430
C00485540,2000.0,1
C00485854,242.75,4
C00486050,121.4,3
C00486159,2300.0,1
C00486217,7183.33,24
C00486332,5045.32,8
C00486563,923255.06,668
C00486720,66232.89,130
C00486738,1714.03,17
C00486845,4857930.75,1305
C00486860,28895.0,9
C00486928,10284.63,39
C00486944,4848.2,23
C00487181,8666.02,30
C00487207,72784.57,76
C00487298,6469.29,7
C00487363,253206.42,163
C00487470,1957393.06,1341
C00487678,33000.0,10
C00487702,8864.41,118
C00487827,3612.42,22
C00487892,6551.76,30
C00487942,72998.4,40
C00488080,3508.32,6
C00488338,70423.2,16
C00488387,206409.99,564
C00488403,2619.03,18
C00488429,1613.75,12
C00488437,9168.09,4
C00488478,3165.23,20
C00488486,256158.9,6
C00488494,3969.86,5
C00488742,47750.0,36
C00489005,41625.0,6
C00489112,49343.11,35
C00489252,73465.81,22
C00489302,27126.49,1
C00489336,345044.66,97
C00489419,89829.41,49
C00489427,121624.13,70
C00489617,27656.63,101
C00489641,282.74,1
C00489799,8049820.95,566
C00489815,148800.0,6
C00489823,658.0,2
C00489831,7137.45,20
C00489856,132272.67,21
C00489898,2030.8,5
C00489906,45044.31,22
C00490193,364.0,2
C00490235,188595.1,70
C00490375,781.91,17
C00490409,12000.0,1
C00490524,20743.56,17
C00490615,861.35,2
C00490730,3217.5,22
C00490847,38522.4,41
C00490896,9142.5,6
C00490961,90.0,1
C00490987,103.81,26
C00491050,12.0,1
C00491118,5211.8,25
C00491142,30000.0,2
C00491183,39661.68,31
C00491241,31911.75,38
C00491357,1092988.61,309
C00491456,728.55,3
C00491589,94.74,1
C00491654,162388.97,71
C00491936,65574.82,117
C00492025,41805.12,73
C00492058,150375.78,111
C00492082,2000.0,6
C00492116,681805.25,90
C00492140,24537482.57,835
C00492157,673.5,13
C00492231,31510.7,22
C00492280,13998.87,31
C00492363,1765.88,23
C00492421,979287.14,249
C00492454,74879.75,44
C00492520,477177.28,251
C00492579,15353.56,33
C00492587,2700.0,4
C00492595,580.11,10
C00492645,1469205.42,665
C00492785,19777111.32,1448
C00492819,14471.65,30
C00492983,97033.51,232
C00492991,9824094.68,668
C00493072,100179.22,129
C00493221,2529429.56,703
C00493239,298.45,1
C00493270,1833.0,1
C00493361,136656.57,47
C00493411,10525.67,12
C00493635,1446.75,62
C00493700,223015.03,107
C00493783,12559.87,5
C00493809,35053.42,45
C00493841,1275.0,2
C00493890,3084.96,6
C00493924,540908.21,538
C00493940,2501.82,43
C00494005,2131.11,40
C00494021,38668.35,41
C00494054,750.0,1
C00494096,3005.1,30
C00494112,71548.69,55
C00494203,12825.53,52
C00494229,6425.6,7
C00494237,332.4,11
C00494302,182863.69,78
C00494526,0.0,2
C00494559,2131.25,4
C00494567,124555.99,78
C00494583,6281.82,10
C00494617,393516.94,83
C00494682,9005.15,24
C00494856,1685679.62,564
C00494930,7414544.07,345
C00494971,3431.69,6
C00494997,4824.15,21
C00495010,551834.95,982
C00495028,4598503.53,217
C00495358,1002373.39,588
C00495481,364.01,1
C00495507,460737.02,118
C00495580,53897.0,62
C00495705,32258.05,57
C00495846,3347966.23,778
C00495861,800.0,14
C00495887,536940.1,79
C00495952,4831910.37,882
C00496075,20664808.44,2901
C00496497,2500.0,5
C00496513,2430.8,31
C00496521,-325.35,3
C00496679,30741.84,119
C00496752,10500.0,4
C00496760,1059024.65,881
C00497073,241857.62,146
C00497131,240452.01,210
C00497149,494.25,2
C00497305,13036.62,23
C00497321,674266.1,441
C00497396,1632.0,4
C00497420,4055.25,17
C00497578,4092.46,9
C00497594,14183.99,26
C00497628,180.0,4
C00497818,1420783.46,558
C00497842,104121.08,52
C00497859,833.14,1
C00497917,1360.0,31
C00497933,530883.79,523
C00498105,8590.83,23
C00498121,1379591.65,436
C00498154,4958.58,18
C00498212,160031.88,84
C00498345,5958514.29,421
C00498360,4219.23,8
C00498568,370133.9,505
C00498667,864205.08,634
C00498816,22.0,2
C00498832,120.0,5
C00498873,1587134.95,686
C00498907,664738.62,744
C00498931,45010.58,42
C00499020,3331701.96,633
C00499053,879.31,19
C00499236,30945.17,72
C00499392,3805040.08,801
C00499467,3517397.46,887
C00499525,818.53,1
C00499798,9895.9,12
C00499863,11936.15,7
C00499947,6348688.04,813
C00499988,3436802.52,658
C00500025,634153.18,246
C00500207,31208.65,64
C00500256,44002.03,31
C00500330,16885.51,10
C00500421,655108.66,448
C00500793,17220.22,20
C00500843,3919821.01,2177
C00501106,1624.93,24
C00501197,0.0,2
C00501205,648.94,3
C00501478,14722.75,3
C00501643,585349.41,441
C00501676,3934.76,12
C00501742,316.84,3
C00501833,17267.77,44
C00501924,31363.66,70
C00502096,69461.81,36
C00502179,864381.46,696
C00502229,748243.3,926
C00502294,3117807.97,4442
C00502310,247.5,1
C00502393,7338.5,5
C00502575,2656248.65,822
C00502773,8818.5,38
C00502807,12508.39,12
C00502906,1866.84,7
C00503052,5010349.14,1675
C00503094,213549.04,94
C00503110,1713788.53,1073
C00503151,184361.48,73
C00503185,2539096.96,1656
C00503458,6440.0,1
C00503680,15540.61,14
C00503789,304548.63,109
C00503870,1000.0,1
C00504019,570575.68,637
C00504522,1526672.92,1175
C00504530,56732.85,97
C00504704,341238.03,664
C00505552,115519.2,104
C00506048,2355243.96,354
C00506535,4755.51,19
C00506832,887204.82,758
C00506865,64638.36,13
C00506907,1087430.56,336
C00506931,967926.72,1204
C00507368,946378.93,553
C00507384,15512.33,37
C00507574,227442.39,113
C00507699,8423.75,41
C00508010,722.52,2
C00508101,219.01,6
C00508309,1759.75,20
C00508416,11103.81,141
C00508440,199720.44,99
C00508556,2627.5,28
C00508804,2096517.31,1245
C00509422,641188.59,437
C00509463,92030.91,119
C00509521,14960.71,63
C00509729,951133.46,1420
C00509893,471967.15,143
C00509968,5394268.77,1423
C00510164,2915326.96,921
C00510248,4188.99,2
C00510461,2512402.96,979
C00510701,23676.3,32
C00510727,1350.0,1
C00510941,1481.62,2
C00510974,32295.11,8
C00511196,22886.25,15
C00511386,4479.48,18
C00511444,3593.34,24
C00511600,13774.0,57
C00511915,879.0,39
C00511923,235.5,12
C00512202,1748.62,4
C00512293,60787.52,25
C00512327,126.74,1
C00512335,3665.37,7
C00512426,6311087.01,923
C00512673,6253.11,1
C00512855,16957.11,13
C00512871,240.0,1
C00512970,48444.7,69
C00513002,128783.34,103
C00513077,4607364.22,839
C00513176,2862785.49,817
C00513531,114891.3,71
C00513549,415.38,5
C00513606,110.65,1
C00513861,312.0,12
C00514026,0.0,4
C00514224,70727.0,22
C00514331,-5.0,1
C00514513,5000.0,1
C00514653,7015.72,3
C00514893,3990732.96,1548
C00515049,1695.13,40
C00515346,500.0,1
C00515593,1192.0,3
C00516013,11054.7,12
C00516047,213518.8,163
C00516526,160.05,5
C00516666,884946.17,900
C00516724,21515.13,21
C00516922,56.37,1
C00517052,6268.78,40
C00517235,196229.92,100
C00517276,219508.13,55
C00518365,90.0,18
C00518605,2006.67,101
C00518779,46100.0,4
C00518910,2555.2,18
C00519355,1398615.1,674
C00519363,122311.68,8
C00519371,3730.34,22
C00519413,318958.19,285
C00519900,1750.0,1
C00520312,1585.12,24
C00520841,37356.66,10
C00521013,14756.09,31
C00521039,5828.51,56
C00521211,5367.73,14
C00521286,7509.01,32
C00521310,34892.23,32
C00521328,2246.9,14
C00521823,2621.2,3
C00521948,3499315.15,828
C00522227,1335.0,6
C00522318,14638.56,25
C00522409,8107.54,63
C00522425,1260023.46,437
C00522474,486.4,21
C00522946,230.0,1
C00523241,3874497.98,557
C00523381,21349.4,26
C00523498,249835.58,230
C00523589,1502384.28,42
C00523621,759862.54,32
C00523936,2987.83,20
C00524181,750464.28,269
C00524280,4579.0,11
C00524314,39605.67,34
C00524322,64480.0,29
C00524603,47793.5,73
C00524611,1716.0,1
C00525030,125483.69,27
C00525055,45.0,3
C00525212,48288.63,36
C00525238,53536.76,21
C00525295,1690.53,30
C00525402,6065.05,15
C00525543,114594.74,83
C00525592,1500.0,3
C00525600,1568335.67,618
C00525675,17.33,1
C00525717,122144.65,52
C00525824,6632.2,11
C00525899,2584.36,3
C00526210,4661.69,87
C00526301,26553.86,45
C00526442,412.55,1
C00526509,2147.82,20
C00526673,364742.31,6
C00526715,4972.31,7
C00527226,106936.57,40
C00527275,697.5,1
C00527309,298.57,1
C00527457,1338560.16,547
C00527804,123.02,1
C00527846,731.71,1
C00528026,5000.0,1
C00528067,5343.58,1
C00528075,2544.05,2
C00528166,36710.0,26
C00528182,865704.13,1015
C00528216,3206.89,22
C00528349,60135.03,62
C00528380,3730.05,20
C00528414,68876.79,19
C00528448,1609.95,17
C00528455,713.35,13
C00528547,5771.75,3
C00528554,6216.5,10
C00528851,11906.78,1
C00528869,5426.25,29
C00528893,855.0,1
C00528901,25.0,1
C00528935,6199.0,4
C00528950,510223.31,219
C00528968,1597.26,1
C00528984,6861.63,29
C00528992,3920.91,18
C00529073,591.28,4
C00529594,406.25,1
C00529628,273545.55,303
C00529693,7703.19,17
C00529719,27099.86,15
C00529834,709.85,4
C00529909,3716.79,3
C00530758,5196.0,1
C00530766,2514807.39,440
C00530774,1243.65,4
C00530808,3661.19,60
C00530816,68836.59,34
C00530865,962.0,5
C00531285,54532.39,29
C00531517,13710.87,21
C00531590,118373.53,51
C00531624,40226.42,28
C00531632,30221.52,71
C00531756,3438.05,7
C00531764,106423.56,73
C00531814,2345.29,10
C00532366,232.94,11
C00532465,489402.69,312
C00532572,13620.0,3
C00532606,11396.53,34
C00532630,721720.0,37
C00532705,1070102.78,109
C00532788,65.87,2
C00534032,10323.48,10
C00536540,2166587.47,211
C00536573,2050.78,4
C00536615,6166.5,66
C00536664,31894.88,24
C00536680,569155.5,533
C00536722,138.23,2
C00538835,1518461.21,383
C00538975,31515.0,30
C00539601,228564.03,99
C00539825,372374.71,238
C00539866,736594.83,727
C00539890,46810.13,154
C00540054,298494.77,75
C00540062,1517.38,6
C00540112,10651.8,18
C00540146,100804.0,66
C00540153,1748.97,21
C00540187,390402.05,122
C00540203,364658.84,48
C00540229,50600.0,6
C00540302,26515479.05,3616
C00540393,51268.51,24
C00540443,3809491.59,579
C00540500,3889350.14,878
C00540617,1750880.59,668
C00540674,60.0,3
C00540724,64093.11,57
C00540732,3025310.84,850
C00540898,1063656.57,268
C00540906,101852.61,82
C00540989,1513.2,3
C00541011,8528321.21,725
C00541045,2000.0,6
C00541078,35758.78,91
C00541128,18000.0,14
C00541169,6092.42,36
C00541243,810.0,7
C00541391,3176.82,58
C00541433,71868.12,54
C00541540,11878.07,2
C00541862,2817257.74,1071
C00541888,1418876.03,650
C00542027,400875.13,128
C00542217,35305.2,19
C00542365,11527.11,20
C00542423,1712722.24,625
C00542431,56118.73,133
C00542464,2025051.09,447
C00542530,9.68,2
C00542589,15274.62,10
C00542621,54999.42,50
C00542704,795.66,10
C00542720,11074.92,21
C00542837,34960.73,141
C00542902,768914.56,1467
C00543116,6027.73,22
C00543207,24219.64,63
C00543231,1356387.8,1252
C00543363,557996.01,547
C00543371,1236.06,19
C00543504,200485.28,180
C00543553,9724.23,8
C00543579,1250.0,5
C00543710,14462.39,36
C00543892,559466.52,767
C00543967,1410134.48,580
C00543983,800518.59,519
C00544007,2100.0,8
C00544031,3978526.92,238
C00544171,7199.09,31
C00544254,254278.41,433
C00544262,5835.0,11
C00544270,24927.53,37
C00544387,518530.66,154
C00544445,183697.31,78
C00544544,28872.5,4
C00544551,549383.65,30
C00544650,571320.43,109
C00544676,5815.85,10
C00544684,855425.13,383
C00544767,2602319.2,876
C00544858,833.78,25
C00545079,17012.58,16
C00545137,197.5,1
C00545152,183497.52,32
C00545194,583.37,16
C00545202,910.31,92
C00545236,38047.0,41
C00545467,9849.54,19
C00545616,20995.22,52
C00545632,350.0,2
C00545749,2964105.81,1308
C00545772,973398.32,991
C00545780,483884.24,255
C00545830,13213.78,59
C00546325,2500.0,3
C00546358,416989.95,475
C00546481,5000.0,1
C00546499,1434300.1,812
C00546663,42128.98,41
C00546788,1548041.84,789
C00547216,7080.0,8
C00547240,1413044.95,856
C00547349,7544905.75,657
C00547356,8572.53,96
C00547448,1928.06,14
C00547570,7467803.85,426
C00547679,1500.0,5
C00547893,7627235.73,2470
C00547976,373414.19,164
C00548008,-1680.23,11
C00548081,2959.57,10
C00548131,1500.0,1
C00548180,1157138.19,710
C00548198,10000.0,1
C00548289,1207071.65,597
C00548461,141781.35,127
C00548651,86208.65,35
C00548677,486.63,1
C00548818,7799.95,15
C00548867,43380.5,8
C00549014,252930.32,112
C00549279,130939.6,10
C00549725,5383.9,9
C00550228,276.0,1
C00550467,110361.92,15
C00550483,247.06,1
C00550491,6634.36,20
C00550566,14501.85,46
C00550707,491916.45,493
C00550970,4084467.19,2150
C00551168,22309.6,9
C00551192,2035.0,2
C00551275,2564450.09,780
C00551366,23412.69,59
C00551374,677221.35,566
C00551697,557.5,4
C00551812,1379.49,13
C00551853,613096.73,213
C00552109,433.61,13
C00552141,2167.0,1
C00552489,25450.22,103
C00552539,177097.34,63
C00552547,475677.13,327
C00552588,301546.68,340
C00552679,1131.15,23
C00552711,10480.88,45
C00552851,3788128.73,567
C00552919,411.7,2
C00553560,769430.89,202
C00553859,518778.47,833
C00553883,9748.8,53
C00554055,1088.61,14
C00554113,337473.62,160
C00554311,600.0,1
C00554709,372989.28,212
C00554881,1376.99,7
C00554949,9411.08,9
C00554980,532.0,3
C00555094,11367.0,8
C00555342,1590.0,4
C00555813,587186.58,325
C00555888,1360678.42,586
C00556258,26343.34,76
C00556274,5774.0,2
C00556324,127.16,2
C00556365,805917.11,304
C00556506,930614.99,409
C00556605,57314.91,70
C00556860,18206.48,15
C00557223,97051.13,158
C00557256,229.0,14
C00557298,2125.0,1
C00557561,195347.0,25
C00557652,634045.12,474
C00557793,6368.26,43
C00557926,1910.0,4
C00557934,66.9,3
C00558114,2419.38,34
C00558213,1169319.18,862
C00558320,3437242.78,498
C00558379,400.0,1
C00558437,602126.43,419
C00558445,6777.05,5
C00558486,1452981.24,380
C00558627,1995761.84,762
C00558825,4181391.48,781
C00559021,41049.84,67
C00559146,39996.42,60
C00559211,957.63,5
C00559302,25582.0,5
C00559393,2367254.92,1006
C00559492,65.0,13
C00559542,3840.0,9
C00559609,22367.05,3
C00559740,3299.0,14
C00559906,795907.5,33
C00560359,12781.38,39
C00560599,500.0,1
C00560821,327.7,2
C00560854,3847.26,1
C00561001,1074.85,4
C00561530,2249493.02,1222
C00561597,943761.5,1179
C00561647,3354.86,51
C00561779,31077.37,18
C00562264,8094.53,24
C00562330,62666.89,30
C00562405,5555.0,2
C00562587,3889.75,28
C00562595,45812.49,40
C00562777,237892.68,163
C00562983,4412969.76,269
C00563155,18798.62,42
C00563247,451.27,18
C00563254,46859.35,117
C00563429,62182.57,49
C00563577,24177.0,6
C00563601,38161.32,26
C00563726,77168.95,95
C00563924,874.02,17
C00564187,259548.29,78
C00564260,39115.78,103
C00564369,22520.1,32
C00564658,25759.81,54
C00564807,405.0,27
C00565077,2500.85,16
C00565226,2900.0,1
C00565309,375.0,6
C00565366,6817.26,20
C00565630,642.97,2
C00565689,1550.0,4
C00565846,142.56,1
C00565929,2809.81,16
C00566042,35790.63,63
C00566059,238304.17,298
C00566067,25200.77,188
C00566117,8792.08,7
C00566133,1405.42,32
C00566182,2403.24,4
C00566232,135046.58,129
C00566547,490.25,13
C00566562,127162.94,99
C00566851,571469.42,243
C00567206,90576.63,90
C00567313,28054.09,13
C00567396,28535.35,25
C00567495,6852.59,10
C00567545,51543.77,21
C00567693,264291.02,98
C00567784,5000.0,2
C00567818,5949.26,11
C00567883,1909.88,19
C00568089,12631.55,10
C00568113,18667.24,24
C00568162,6734944.8,329
C00568261,1112.5,3
C00568410,859.74,22
C00568444,558444.61,26
C00568634,15710.73,1
C00568667,4628.69,68
C00568709,11419.05,5
C00568717,1200.02,2
C00568873,726.5,8
C00568964,127550.42,40
C00569285,81.61,1
C00569319,4948.95,28
C00569343,568523.7,13
C00569491,855.0,1
C00569533,4631.97,6
C00569616,5626.25,4
C00569707,112.0,23
C00569806,1100.0,7
C00569871,27198.99,43
C00569996,1750.0,2
C00570101,179155.64,72
C00570168,42847.24,99
C00570226,8599022.05,880
C00570416,1119401.24,451
C00570606,2468.1,17
C00570622,17655.46,27
C00570770,63875.35,49
C00570861,9731.25,25
C00570945,490583.7,620
C00570960,102907.89,56
C00570994,523108.85,294
C00571000,495418.93,177
C00571018,1035337.08,379
C00571042,7265.68,25
C00571091,3444.13,16
C00571117,415363.53,201
C00571141,347.0,7
C00571174,1203809.85,658
C00571182,1059293.99,393
C00571208,386227.21,72
C00571216,2000.0,1
C00571323,800758.22,140
C00571372,355290.34,102
C00571380,51156.43,16
C00571398,230849.09,98
C00571414,249.1,4
C00571521,24978.96,37
C00571570,5020.0,14
C00571588,2663104.28,408
C00571596,16393.16,10
C00571620,10088.57,12
C00571687,8150.0,5
C00571703,18252111.34,912
C00571729,13872.76,34
C00571778,2884.25,39
C00571802,894331.13,119
C00571927,29138.5,23
C00571943,26911.4,105
C00571976,326773.02,111
C00572040,37030.33,67
C00572099,11449.91,24
C00572271,436698.4,120
C00572305,91984.98,6
C00572438,24391.32,10
C00572453,1129.11,4
C00572495,15276.65,3
C00572503,3388.3,4
C00572586,2000.0,1
C00572602,68245.04,66
C00572628,726.99,2
C00572743,2800.0,2
C00572792,10500.0,7
C00573014,2326.5,4
C00573063,1844.44,13
C00573246,70776.96,201
C00573253,5249.43,121
C00573261,21966247.68,2289
C00573378,1323639.67,511
C00573436,10484.55,18
C00573444,235101.23,226
C00573493,138975.05,199
C00573519,379113.27,78
C00573550,12260.74,16
C00573626,27332.03,32
C00573709,370207.56,342
C00573733,74462.01,4
C00573758,5602388.39,892
C00573790,849.12,11
C00573949,3610538.09,806
C00573980,761605.91,276
C00574103,10573.16,351
C00574228,2027.1,1
C00574236,66592.28,113
C00574350,106.35,18
C00574368,37885.0,47
C00574376,118462.85,41
C00574533,40603.25,12
C00574640,243316.48,304
C00574723,1800.0,4
C00574749,384768.88,12
C00574889,15174450.03,2645
C00574921,101108.68,13
C00574970,715491.73,353
C00575050,1887661.27,785
C00575076,20002.8,106
C00575092,4899210.24,692
C00575126,2077185.35,1723
C00575167,3924474.5,1437
C00575209,8247140.53,1690
C00575233,2046406.6,609
C00575373,37850.19,26
C00575449,51159.97,9
C00575456,2820.69,12
C00575548,58966562.48,2097
C00575662,87478.48,304
C00575712,734.27,2
C00575795,213673.95,54
C00575894,18397.5,51
C00576041,1288247.11,513
C00576090,79694.27,40
C00576173,363844.74,183
C00576215,100258.37,86
C00576249,3991.5,5
C00576470,5306.2,2
C00576975,5404.86,24
C00577072,1569.35,10
C00577130,25012.68,54
C00577155,1035.87,2
C00577189,151195.55,145
C00577288,17196.18,28
C00577353,672144.77,420
C00577361,119093.73,38
C00577668,19788.39,3
C00577908,790.0,2
C00577973,8998.27,7
C00577999,1697995.81,606
C00578013,1890.21,5
C00578054,2134.0,12
C00578245,432.0,24
C00578302,749646.79,219
C00578450,8745.3,25
C00578468,22683.95,39
C00578492,2489.0,3
C00578542,305447.9,20
C00578567,196469.87,349
C00578609,99001.69,107
C00578823,3549.5,4
C00578880,2636.87,23
C00579458,762.5,2
C00579516,1714.0,4
C00579664,190.0,1
C00579920,1292.61,2
C00580043,207978.0,80
C00580068,38526912.41,1590
C00580100,12195731.54,581
C00580225,10962.25,36
C00580340,17500.0,2
C00580415,29055.04,95
C00580480,98301.45,12
C00580563,54508.79,71
C00581058,5433.51,37
C00581074,1024680.46,659
C00581090,4160.0,4
C00581116,1175.3,3
C00581199,82318.58,526
C00581686,380.0,9
C00581728,3667.54,22
C00581785,84364.91,142
C00581868,151577.2,133
C00581876,163353.34,183
C00581926,1520.45,5
C00582072,235.0,2
C00582304,1749744.11,485
C00582312,2494.0,21
C00582635,130265.53,517
C00582726,85413.9,53
C00582742,136374.01,19
C00582809,16678.94,64
C00582817,853.37,21
C00582841,124758.17,89
C00582858,135.0,18
C00582890,4260437.61,1180
C00582999,486.5,1
C00583153,49273.97,49
C00583161,202203.36,204
C00583435,28696.8,82
C00583443,1522.67,2
C00583492,11650.18,52
C00583526,39487.54,36
C00583567,6100.0,3
C00584805,47183.8,46
C00585687,248783.08,286
C00585737,845.88,21
C00585885,9156.99,31
C00585893,19616.86,39
C00586255,750.0,3
C00587022,26673.1,8
C00587782,682.62,12
C00587923,9557.87,6
C00588335,12297.24,56
C00588392,451043.85,502
C00588426,15307.82,65
C00588467,275.0,1
C00588509,2804.08,39
C00588657,1289665.6,494
C00588749,6895.5,5
C00588764,478279.13,318
C00588772,38723231.19,2678
C00588822,17446.63,7
C00589119,6246.45,34
C00589267,251.84,1
C00589309,33595.41,152
C00589507,98231.77,146
C00589606,1825.0,3
C00589663,1743.2,1
C00589994,10088.07,10
C00590067,387137.87,185
C00590307,1705.52,76
C00590356,132186.21,69
C00590463,154677.63,65
C00590489,75864863.42,2462
C00590778,2514941.78,1137
C00591065,1086767.98,761
C00591313,14208.51,36
C00591388,20612.16,35
C00592048,79015.03,247
C00592089,137632.56,58
C00592154,1251939.38,363
C00592196,121802.93,51
C00592303,166535.91,115
C00592337,195.0,1
C00592535,36403.2,40
C00592659,3943462.09,831
C00592808,136379.99,36
C00592816,16.0,1
C00594507,3894.56,3
C00596858,214.21,1
C00597062,34942.75,12
C00599050,1421.25,4
C00599092,33871.84,9
C00599464,822628.4,541
C00600718,869137.79,499
C00600726,4600.0,7
C00600809,2813.08,20
C00600916,451.67,1
C00602516,3000.0,1
C00602698,1907.01,39
C00602805,2179.85,79
C00603019,4100.29,31
C00603076,14271.9,21
C00603084,20423362.5,4974
C00603134,1381.15,5
C00603639,30401.26,110
C00604496,272.5,1
C00605212,9289.91,5
C00605410,52982.95,171
C00605592,1864538.95,823
C00606764,7306.63,3
C00606939,2914267.66,1076
C00606962,1476760.58,140
C00607200,1251121.73,611
C00607275,850.31,1
C00607333,144.0,2
C00607374,3428996.84,877
C00607416,3004757.03,906
C00607556,11628323.99,1138
C00607721,29717.07,17
C00607838,2415307.43,1050
C00607861,3475.09,68
C00608240,27.39,1
C00608380,93735.73,144
C00608398,27596514.6,2055
C00608406,139545.04,29
C00608463,33969.39,11
C00608489,2063319.31,583
C00608505,96416.53,48
C00608695,744952.3,635
C00608703,9138.23,7
C00608943,177027.81,150
C00609156,121.0,2
C00609255,12268.28,11
C00609263,2429.37,30
C00609388,3130191.78,514
C00609396,4238.0,55
C00609776,23415.84,11
C00609784,40.0,2
C00609966,19803.5,35
C00610071,2558.43,9
C00610147,1000.0,1
C00610212,1220906.74,466
C00610295,1740.41,3
C00610337,600.0,3
C00610360,150242.58,165
C00610394,2020.79,7
C00610428,91984.27,43
C00610451,2468171.94,614
C00610527,500.0,1
C00610840,13038.83,74
C00610964,751321.38,752
C00611202,20264.38,23
C00611400,13010.23,15
C00611962,59923.62,26
C00612036,5743.42,3
C00612432,7240695.38,1385
C00612820,495269.82,103
C00612846,366348.3,354
C00613000,1597.45,17
C00613018,11000.0,6
C00613091,15221.02,5
C00613364,2399.0,22
C00613489,16998.87,20
C00613810,622650.95,763
C00614115,1604866.37,1022
C00614198,88455.16,66
C00614214,1766247.09,1489
C00614354,7426.7,13
C00614453,400.0,1
C00614552,6073.99,10
C00614776,14887636.29,3059
C00614784,17445.69,31
C00614826,1403488.65,762
C00614917,6625.46,26
C00615013,-180.0,2
C00615096,2047.56,53
C00615203,1455.89,18
C00615294,583274.32,222
C00615344,37241.99,83
C00615351,976.39,1
C00615377,32785.18,16
C00615492,10424.34,33
C00615898,300.87,14
C00616045,165.88,2
C00616177,20.5,1
C00616250,2000.0,1
C00616268,799171.79,480
C00616730,1010.0,2
C00616938,1178.06,21
C00617381,787654.64,616
C00617480,39767.43,76
C00617662,996978.4,463
C00617712,165153.37,25
C00617803,188404.8,144
C00617944,1252.0,24
C00618223,6487.07,9
C00618371,12754044.11,487
C00618389,1725944.98,122
C00618520,851.13,21
C00618561,374.0,2
C00618777,17625.47,15
C00618876,9945.8,9
C00619072,292.71,5
C00619486,123102.35,154
C00619528,45422.64,125
C00619601,3000.0,1
C00619759,54928.58,41
C00619775,1000.0,2
C00620021,1380696.47,195
C00620120,717.5,3
C00620369,96.0,5
C00620377,280.0,20
C00620427,15144.67,83
C00620443,1134540.84,403
C00620476,591412.66,43
C00620500,2287.1,21
C00620518,45813507.42,1533
C00620740,10127.94,19
C00620930,85516.14,121
C00620971,-451374.84,306
C00621086,18973.1,75
C00621185,4292.21,9
C00621276,1478.26,4
C00621466,11671.48,39
C00621706,1126.14,3
C00621755,700.19,15
C00622118,1667.48,14
C00622159,27980.66,2
C00622308,523.0,1
C00622340,630.0,2
C00622464,136358.75,223
C00622472,2132224.69,989
C00622795,6260.83,1
C00622829,10200.0,24
C00622993,54765.41,12
C00623082,1482.74,2
C00623371,2500.0,2
C00623405,34824.03,35
C00623413,6512.24,12
C00623421,707937.52,117
C00623462,800.0,1
C00623512,111671.0,90
C00623710,887.18,1
C00623728,180.36,2
C00623884,6245.0,7
C00623959,303436.01,72
C00624049,39431.82,139
C00624056,8067.21,31
C00624114,225.56,1
C00624338,13914.77,11
C00624411,20227.38,19
C00624627,22599.39,38
C00624791,225.0,8
C00624817,2318.26,21
C00624882,2650.52,10
C00624890,23970.13,13
C00624957,3450.64,3
C00625020,4089.54,6
C00625079,24238.0,27
C00625111,5561.93,25
C00625145,5005.33,5
C00625194,2550.83,3
C00625228,3867.5,7
C00625236,97066.98,327
C00625533,19940.22,44
C00625558,36803.4,50
C00625566,834682.49,514
C00625574,16970.3,17
C00625616,2069.11,10
C00625772,73001.46,205
C00625947,4924.7,8
C00625988,390774.4,213
C00626119,35022.41,26
C00626663,442.5,2
C00626671,198.22,96
C00626861,991989.05,59
C00627075,38814.03,58
C00627125,3672.2,19
C00627133,1766.65,5
C00627141,190906.09,118
C00627158,21017.74,9
C00627372,98630.64,29
C00627489,17.65,1
C00627737,124414.89,29
C00627836,59257.2,11
C00627919,5027.03,14
C00627992,3817.67,21
C00628008,9352.77,20
C00628271,0.0,2
C00628669,1580.08,2
C00628842,1390.0,5
C00628917,1258536.86,631
C00629048,1339.03,5
C00629063,223469.41,406
C00629154,2371.46,2
C00629212,698352.46,192
C00629311,317066.14,235
C00629444,1745.0,1
C00629451,14751.65,3
C00629477,180803.17,194
C00629576,15406.45,74
C00629659,1696129.93,496
C00629709,12329.7,23
C00629766,3261.83,16
C00629832,12607.06,13
C00629865,510.9,3
C00629949,1827198.99,82
C00630012,104811.03,429
C00630038,1600.0,2
C00630103,2112.66,1
C00630129,18632.32,6
C00630285,9457.5,9
C00630350,1525.8,20
C00630426,676.0,3
C00630541,9468.83,41
C00630582,20682.9,32
C00630632,437001.49,336
C00630665,3959919.92,1954
C00630699,221.4,4
C00630707,3276800.31,848
C00630764,11816.49,40
C00630780,201.33,3
C00631002,3742.05,9
C00631051,55926.31,33
C00631192,1406.17,3
C00631317,1621.59,19
C00631382,9095.0,8
C00631481,3006.44,4
C00631549,6300198.08,871
C00631762,58.81,2
C00631895,68.21,1
C00631903,179530.0,32
C00631945,43481.81,12
C00631994,4362.06,17
C00632067,1273217.96,552
C00632133,11363806.97,3274
C00632257,4734622.53,2054
C00632281,40316.34,113
C00632323,212013.4,304
C00632398,4704835.02,962
C00632448,4883.8,2
C00632554,607762.86,253
C00632562,635995.38,352
C00632588,5993.83,37
C00632679,472868.74,89
C00632711,18445.64,28
C00632760,40212.57,60
C00632786,1344.0,14
C00632802,30.0,1
C00632828,2844180.05,1415
C00632992,111318.45,53
C00633107,1181.2,17
C00633156,48575.82,39
C00633164,2484.7,4
C00633248,8850873.79,1706
C00633321,204.57,1
C00633354,599.12,10
C00633362,2471.67,8
C00633404,15402371.63,574
C00633610,381508.88,314
C00633792,6402.66,11
C00633818,4204.74,10
C00633859,1141115.86,635
C00633982,883406.38,530
C00634006,38261.15,86
C00634212,571618.18,411
C00634253,6439474.39,1053
C00634261,2090.0,12
C00634436,46468.26,69
C00634519,12887.18,13
C00634717,6250.0,2
C00634766,142678.66,70
C00634774,138559.54,65
C00634808,2945.67,3
C00634964,0.0,2
C00635052,1500.0,3
C00635094,154.0,11
C00635201,2602.3,7
C00635219,2866.99,4
C00635243,796507.22,623
C00635250,25242.92,90
C00635367,30607.9,114
C00635391,78054.64,217
C00635482,3744.76,32
C00635557,11349.7,15
C00635565,399355.52,96
C00635607,576.84,1
C00635615,3627.5,7
C00635664,188312.18,366
C00635706,3115.18,5
C00635888,12710.75,106
C00636027,867833.77,287
C00636092,935160.34,582
C00636100,138522.83,85
C00636225,608.69,4
C00636571,28512356.72,2682
C00636670,1541541.78,744
C00636829,428.7,16
C00636837,162226.66,310
C00636944,292592.46,231
C00636969,600.0,1
C00637041,40870.0,39
C00637058,3232.26,1
C00637074,24601.38,22
C00637215,2890481.6,761
C00637322,13841.17,13
C00637348,25945.33,8
C00637363,1670072.67,1251
C00637371,4200738.0,1107
C00637504,6478.02,133
C00637512,672958.41,53
C00637546,8570.0,23
C00637645,16653.45,14
C00637728,437.5,2
C00637850,7211.97,14
C00637868,1167442.91,979
C00637918,5520.58,31
C00638007,18423.3,10
C00638023,5181120.73,1219
C00638049,46723.65,26
C00638064,10784.28,2
C00638106,728.22,3
C00638122,1021.9,42
C00638130,82740.02,81
C00638148,68455.84,44
C00638163,2195.15,19
C00638320,654872.34,266
C00638387,1738.99,4
C00638411,17130.73,38
C00638437,2700514.94,93
C00638528,34137.62,33
C00638650,5101169.72,1368
C00638767,2476400.27,1803
C00639054,126015.23,101
C00639062,102769.61,125
C00639138,-3145.17,82
C00639146,8441832.5,1633
C00639229,39808.71,24
C00639245,3443.39,23
C00639435,3740.0,7
C00639567,59.0,1
C00639591,11226687.3,1390
C00639674,12206.37,14
C00639948,39665.16,24
C00639997,12116.7,6
C00640003,7973952.4,1405
C00640029,359.4,12
C00640045,1951605.33,1264
C00640086,10860.75,91
C00640300,1203718.16,1754
C00640383,1509.49,2
C00640433,50665.6,50
C00640490,15271.72,414
C00640623,440726.03,190
C00640664,1114108.55,388
C00640714,1754225.19,1176
C00640938,6489.38,15
C00640953,220.56,14
C00641142,60942.29,35
C00641381,65612.75,70
C00641555,31568.64,126
C00646364,1692.64,7
C00646703,11321.7,48
C00646745,-28.4,1
C00646844,7183547.53,1589
C00646877,129689.33,18
C00647016,600.0,1
C00647065,19015687.18,1617
C00647149,177353.7,73
C00647206,5429.65,11
C00647214,16396.84,25
C00647222,144.0,3
C00647297,221.21,6
C00647339,1815376.33,970
C00647354,350982.63,223
C00647420,57333.91,27
C00647487,3165.0,7
C00647537,19459.76,48
C00647685,3293.75,7
C00647784,4788.62,42
C00647966,42512.72,47
C00648220,7246254.69,1657
C00648253,815808.38,667
C00648295,372742.91,613
C00648493,5752360.91,1496
C00648626,155870.99,78
C00648717,646.0,2
C00648725,150755.17,152
C00648774,270.41,5
C00648808,4617.12,4
C00648899,4850.0,2
C00648915,1958864.8,471
C00648956,290602.72,168
C00649038,300.0,1
C00649061,487876.74,258
C00649087,-164.69,3
C00649194,1800.0,3
C00649327,24646.43,13
C00649350,94817.85,117
C00649376,2827775.98,771
C00649400,2319.34,19
C00649483,30271.22,27
C00649525,60626.07,77
C00649574,345097.07,259
C00649707,7296.24,4
C00649772,20342.0,41
C00649798,1671.4,21
C00649897,8211.08,26
C00649913,9263361.67,1254
C00649996,1007.84,11
C00650150,11297521.0,2371
C00650168,1950063.24,322
C00650184,800.78,2
C00650267,750.0,2
C00650408,29872.17,66
C00650432,37181.8,203
C00650507,25357.85,23
C00650515,636.0,2
C00650622,48084.1,38
C00650648,29385.41,55
C00650655,650.0,3
C00650697,2037008.49,810
C00650853,13951.23,13
C00650911,576.0,1
C00650986,313.25,20
C00651042,948649.43,627
C00651091,36889.67,14
C00651109,15917.04,8
C00651208,110548.07,59
C00651505,97935.76,78
C00651547,27880.94,89
C00651554,27651.43,122
C00652065,18298.28,84
C00652131,13506.8,15
C00652149,1076447.41,696
C00652164,457092.06,335
C00652206,3333.9,9
C00652248,8590.0,28
C00652297,3931.64,35
C00652305,46313.4,28
C00652529,15086.74,21
C00652594,4898.33,34
C00652628,10908115.38,1223
C00652644,83910.77,92
C00652719,6287903.03,1430
C00652727,8833072.28,1416
C00652743,647626.32,379
C00652842,24026.0,3
C00652883,429.17,15
C00652958,1050.0,3
C00653030,464123.5,258
C00653147,653796.04,482
C00653154,2372.94,4
C00653188,27056.59,45
C00653196,10300018.38,961
C00653220,721665.75,348
C00653352,99671.77,146
C00653386,1451510.39,1108
C00653477,20.0,4
C00653634,2373302.74,919
C00653816,6012441.73,1451
C00653923,1059715.6,606
C00654053,3935153.01,1405
C00654079,768629.35,458
C00654186,51990.0,12
C00654277,3.46,1
C00654400,7922.8,22
C00654426,14317.05,7
C00654459,83486.78,20
C00654475,480239.99,282
C00654509,6749.87,35
C00654525,3862.17,9
C00654608,4211.25,10
C00654723,635466.52,524
C00654764,53023.83,20
C00654814,26048.02,40
C00655175,13545.0,3
C00655183,5552.15,26
C00655324,10194.15,43
C00655332,975031.28,649
C00655415,1000.0,1
C00655423,28513.84,32
C00655472,353.86,2
C00655498,3600.0,4
C00655522,591.96,4
C00655571,4173107.0,1185
C00655613,6260696.3,1786
C00655647,1067945.66,600
C00655696,9611.75,14
C00655761,5512.25,2
C00655886,38804.48,15
C00655985,2108.52,22
C00655993,526.25,5
C00656132,91397.56,111
C00656207,28177.04,64
C00656306,3407.5,13
C00656314,28669.25,88
C00656413,236114.67,102
C00656439,137732.19,122
C00656447,144.0,4
C00656546,349.9,12
C00656603,24400.43,17
C00656611,4367.23,30
C00656686,8831677.84,1130
C00656751,905.0,2
C00656777,44441.98,46
C00656926,35847.84,30
C00657155,7096.15,59
C00657205,27902.68,10
C00657262,81070.47,50
C00657304,5248346.0,985
C00657361,132016.84,181
C00657379,845.0,2
C00657411,6090847.53,2060
C00657452,558709.12,226
C00657593,410.06,14
C00657635,-4365.0,10
C00657650,16298.26,6
C00657833,1647744.87,899
C00657866,808798.8,222
C00657965,3607.26,9
C00658286,3400.0,4
C00658369,3865.0,5
C00658385,1752690.51,1826
C00658401,1888537.82,972
C00658476,6474666.05,297
C00658484,82269.44,59
C00658567,6921688.62,1318
C00658633,116292.91,64
C00658708,30974.5,49
C00658724,2014.75,44
C00658815,61996.76,13
C00659011,485880.04,447
C00659029,9431.02,26
C00659078,15495.54,27
C00659193,2220.53,5
C00659219,9364.77,20
C00659367,120626.28,146
C00659474,6844.0,7
C00659490,4664.16,3
C00659599,2502229.25,237
C00659607,8268.2,22
C00659672,791.05,52
C00659771,4340.52,18
C00659870,210302.7,285
C00659888,908.56,16
C00659938,230976.76,81
C00660050,5000.0,1
C00660464,5212455.8,818
C00660472,16073.75,30
C00660555,728507.88,354
C00660613,6206.72,2
C00660795,15569169.01,4821
C00660985,15282.87,26
C00661223,519.0,16
C00661264,363494.69,215
C00661272,38857.43,104
C00661488,9602.36,43
C00661496,2150.0,15
C00661561,772853.8,901
C00661629,180.67,1
C00661637,1054.54,1
C00661777,790188.8,627
C00661801,9552.0,24
C00661868,2578269.37,1391
C00662015,181.43,2
C00662056,14758.22,23
C00662072,90357.5,150
C00662148,450138.0,314
C00662171,18161.33,12
C00662197,179.5,1
C00662221,1442127.31,244
C00662387,1568.97,1
C00662577,3043443.17,934
C00662601,1019540.16,189
C00662619,2904256.54,1073
C00662650,1292848.04,353
C00662668,23946.74,45
C00662767,1526373.63,3054
C00662841,10637.04,4
C00662874,3276.2,23
C00662940,268454.79,308
C00663062,520.7,2
C00663211,248121.95,1191
C00663237,5330.0,3
C00663260,98415.45,50
C00663294,352.75,15
C00663369,28745.0,1
C00663393,21127.56,141
C00663435,822350.61,142
C00663542,1116.0,4
C00663609,848308.13,388
C00663633,264.0,17
C00663724,114670.63,89
C00663781,1698599.54,1136
C00663823,17553.98,8
C00663914,618532.85,384
C00663922,480.0,1
C00664219,3175.0,9
C00664250,2500.0,1
C00664318,98959.54,304
C00664326,16823.29,50
C00664375,10494097.95,1642
C00664409,5449.18,5
C00664581,9322.05,7
C00664706,31054.51,89
C00664797,11791.38,69
C00665331,1124.45,3
C00665638,8397187.54,1739
C00665653,1412.2,2
C00665679,1500.0,1
C00665695,5021228.18,927
C00665711,23799.23,75
C00665752,1441695.06,308
C00665786,2370.2,4
C00665885,7000.0,9
C00666040,825034.57,84
C00666149,44255.93,72
C00666321,14292.65,61
C00666388,3549.19,41
C00666396,2632097.33,1250
C00666453,21308.25,161
C00666461,2493.67,3
C00666750,35514.04,8
C00666776,16456.61,15
C00666859,5215804.01,1873
C00667196,3000.0,12
C00667360,19852.69,14
C00667592,5237.0,1
C00667667,26381.17,147
C00667741,1596930.62,761
C00667790,768424.66,633
C00667808,2447.34,1
C00667865,1999714.92,734
C00668137,5635.0,32
C00668194,94781.34,130
C00668228,5292870.07,3391
C00668301,16363.36,27
C00668335,13139.48,25
C00668368,498.5,5
C00668384,2053.64,21
C00668392,10756.0,3
C00668491,841320.05,271
C00668517,1494649.03,328
C00668608,3363503.28,1485
C00668699,4419.61,5
C00668905,759703.44,94
C00668921,2809.36,17
C00669242,199.59,3
C00669358,1136867.06,861
C00669531,147946.18,293
C00669598,257313.94,91
C00669622,17153.2,1
C00669655,3224.1,2
C00669929,3762.93,6
C00669960,1767006.78,384
C00670034,8146172.15,2183
C00670208,5355.85,20
C00670216,537930.11,754
C00670265,751.75,2
C00670463,196306.02,456
C00670489,375.0,1
C00670513,381.25,1
C00670547,1714317.29,754
C00670695,677231.67,515
C00670737,2469.85,4
C00670844,1473926.91,1117
C00670943,824.28,10
C00670992,763.2,15
C00671032,104.0,4
C00671099,1875.0,2
C00671313,216.0,1
C00671388,14198.22,9
C00671479,6296.31,18
C00671669,26000.0,3
C00671685,1326377.65,1216
C00671693,7045.5,48
C00671891,905899.38,999
C00671933,1355580.56,311
C00672139,51630.21,13
C00672154,170212.84,235
C00672295,4893464.45,967
C00672311,175311.75,136
C00672352,2197.21,13
C00672394,375940.78,38
C00672576,22187.96,84
C00672634,3310.0,10
C00672667,98187.88,85
C00672733,83852.47,76
C00673442,575.0,6
C00673525,175.0,1
C00673590,27704.42,114
C00673715,2260.26,1
C00674051,2178.99,6
C00674085,123661.17,1178
C00674093,2924803.37,688
C00674127,48422.11,76
C00674150,545.0,2
C00674259,408456.61,242
C00674465,886.46,17
C00674523,680.0,17
C00674697,112063.16,243
C00674937,860.92,1
C00675058,3497.39,32
C00675108,2304713.56,1082
C00675140,40767.07,221
C00675157,250.0,1
C00675215,4108.65,70
C00675348,701424.86,315
C00675397,26797.98,3
C00675413,2500.0,2
C00675884,68544.87,101
C00676064,34600.42,56
C00676247,109741.64,253
C00676254,1879.24,3
C00676395,4619455.71,590
C00676445,13590.0,29
C00676668,21875.0,3
C00676684,22449.69,25
C00676700,1750.0,3
C00676759,90.0,3
C00676957,1009251.46,323
C00676965,6224605.76,1385
C00677146,78.0,6
C00677161,500.0,1
C00677286,2454730.27,829
C00677419,331.0,1
C00677427,8273.5,14
C00677476,6745.75,14
C00677492,4293187.31,2426
C00677591,174182.78,404
C00677708,65218.04,123
C00677773,91504.86,50
C00677799,300.0,1
C00677898,3390337.88,1631
C00678045,7494.31,33
C00678060,0.33,1
C00678078,20198.5,32
C00678177,1156.4,1
C00678185,1908.25,8
C00678227,6562.7,8
C00678284,500.0,1
C00678367,3664.31,3
C00678680,6554.08,8
C00678813,84317.29,45
C00678839,9631.3,123
C00678847,822.0,1
C00678854,57649.53,51
C00678870,800.0,2
C00678888,2338.4,3
C00678920,11887.51,10
C00678987,3213.11,8
C00678995,3306.46,129
C00679159,8245.09,11
C00679167,547.27,4
C00679183,1758.2,9
C00679191,3565.37,47
C00679316,11345.93,9
C00679423,2760.0,13
C00679555,33472.23,24
C00679605,1086.12,1
C00679860,1240.0,2
C00679910,149.25,4
C00679951,1750.0,1
C00679985,5548.42,18
C00680082,337.5,1
C00680132,55179.63,42
C00680231,1500.0,1
C00680264,2498.58,43
C00680280,54829.13,166
C00680314,202112.91,100
C00680322,18309.41,30
C00680405,2700.0,4
C00680447,90.0,6
C00680488,1000.0,1
C00680504,310.18,8
C00680512,195088.11,102
C00680728,10360.0,98
C00680769,115255.5,165
C00680777,87734.05,71
C00680819,2996.52,2
C00680835,8.95,1
C00680918,657586.29,147
C00680926,48116.64,56
C00680934,2762476.08,1883
C00680983,67594.53,43
C00681015,1541.1,19
C00681023,4711.66,3
C00681221,11512.82,24
C00681320,5327.6,26
C00681429,12812.4,5
C00681437,814.98,3
C00681478,3870.68,2
C00681494,42643.42,283
C00681544,8713.06,9
C00681585,4977.66,3
C00681627,2448.5,7
C00681643,2829.45,6
C00681700,13566.6,100
C00681718,1121.25,1
C00681825,12866369.37,989
C00681973,2154.0,2
C00682088,29812.38,66
C00682179,8251.35,10
C00682195,1663.57,5
C00682203,14175.23,16
C00682211,2277196.97,544
C00682344,5537.19,82
C00682443,1084.0,1
C00682492,2717.02,142
C00682559,1021.0,2
C00682617,6763.33,7
C00682633,2212.36,8
C00682724,513.12,5
C00682815,634.0,3
C00682948,132157.01,42
C00682963,200.67,1
C00682971,401.96,4
C00682989,7252.01,22
C00683037,2012.5,4
C00683102,26068.6,89
C00683243,251.08,8
C00683250,57037.13,22
C00683391,353.13,4
C00683458,21242.7,35
C00683474,1509.0,5
C00683508,26549.48,26
C00683532,770.56,3
C00683599,299739.5,127
C00683649,2619777.46,320
C00683664,36643.5,35
C00683813,778675.67,42
C00683961,6395.0,5
C00684175,23669.83,17
C00684258,242014.22,89
C00684266,6303.1,15
C00684506,24944.03,129
C00684522,6671.1,34
C00684530,177158.75,77
C00684571,34414.39,47
C00684605,20091.94,8
C00684902,5658.58,36
C00684969,710606.34,169
C00685099,7000.0,2
C00685115,128690.28,42
C00685156,4254.23,5
C00685289,5713.08,8
C00685297,4546030.17,574
C00685347,500.0,1
C00685370,3297.7,12
C00685552,1557327.26,588
C00685628,26417.58,28
C00685693,2075898.73,154
C00685719,9875.6,41
C00685768,125118.99,122
C00685776,666795.6,442
C00685859,2551.54,29
C00685982,755633.34,1045
C00686071,2895.13,8
C00686154,3332.4,4
C00686253,972.3,7
C00686287,91.71,1
C00686337,1120.72,8
C00686352,172729.77,35
C00686402,37769.06,26
C00686410,20690.18,66
C00686477,9250.0,6
C00686493,9424.53,5
C00686535,455.16,1
C00686576,8960.75,8
C00686584,6720.9,12
C00686709,2331.99,1
C00686816,63399.16,77
C00686832,210552.25,103
C00686907,16506.74,8
C00686949,1147.03,19
C00686980,1000.0,1
C00687020,12822.89,7
C00687103,3103904.28,661
C00687137,27524.5,34
C00687194,125.0,1
C00687327,2250.0,2
C00687343,122766.83,40
C00687392,3000.0,1
C00687491,229960.52,123
C00687525,27196.14,44
C00687533,5901.03,8
C00687574,14757.7,17
C00687582,268272.82,151
C00687624,199853.26,32
C00687699,17605.77,39
C00687772,6855.94,17
C00687830,12483.62,23
C00687848,208971.14,72
C00688069,193578.09,377
C00688168,11800.17,58
C00688200,785.78,15
C00688226,3251.25,3
C00688341,-1678.41,1
C00688432,86393.52,37
C00688465,5641.86,30
C00688531,145.12,2
C00688549,4898.77,3
C00688556,500.0,1
C00688580,192629.99,25
C00688598,13537.07,17
C00688655,4854198.69,569
C00688739,977375.33,360
C00688820,1164.0,8
C00688838,8695.15,2
C00688846,43989.39,174
C00688903,4738.48,12
C00688937,277.48,2
C00688945,1350.0,3
C00688986,40.0,1
C00689034,8245.96,15
C00689208,9751.03,16
C00689265,380.4,1
C00689356,1930.0,4
C00689364,1700.0,1
C00689380,2015.19,18
C00689513,250.0,1
C00689638,2151.52,29
C00689828,354388.98,54
C00689836,9943.64,10
C00689844,7748.0,7
C00689851,1232.05,14
C00689885,9993.85,6
C00689893,33181.95,11
C00689943,150.0,10
C00690032,7763.83,34
C00690073,166066.13,205
C00690198,2060.0,6
C00690263,298075.65,206
C00690271,1265.88,40
C00690297,5207.5,10
C00690552,140.0,4
C00690586,1272.07,27
C00690669,18376.88,12
C00690693,7916.65,3
C00690891,12894.66,5
C00691147,18202.93,34
C00691154,489166.55,183
C00691162,171870.47,84
C00691170,204403.89,54
C00691220,557.25,2
C00691329,106056.49,13
C00691345,1168.05,2
C00691352,29188.77,53
C00691501,7189.17,7
C00691568,3497.44,5
C00691584,20919.56,12
C00691626,12336.33,5
C00691634,182.1,6
C00691790,191214.8,273
C00691832,124058.84,231
C00691915,8162.6,31
C00691931,1166710.51,233
C00691949,703240.42,156
C00692087,13019.56,17
C00692111,135264.49,73
C00692129,390283.26,597
C00692137,311366.32,297
C00692202,107569.34,242
C00692319,4027180.03,986
C00692327,741376.82,264
C00692343,298302.92,451
C00692467,117483.69,12
C00692590,16083.25,39
C00692640,130440.25,79
C00692673,28212.18,62
C00692715,17928.61,12
C00692731,600.0,3
C00692806,105.78,2
C00692897,16173.41,16
C00692921,25375.0,4
C00693002,1743.53,18
C00693044,375884.77,214
C00693051,10691.84,5
C00693093,209121.59,35
C00693127,296600.38,61
C00693143,43664.31,49
C00693234,586537.37,140
C00693309,7477.7,7
C00693317,1250.0,3
C00693382,660171.26,49
C00693499,27370.5,65
C00693515,929233.97,591
C00693531,73333.71,30
C00693549,1151.55,31
C00693556,889.37,1
C00693564,735.9,2
C00693580,2778.83,9
C00693606,52189.38,25
C00693655,9477.41,73
C00693663,1467066.05,437
C00693671,202373.86,87
C00693713,89091.07,240
C00693796,13168.3,36
C00693838,43477.0,19
C00693853,15360.73,64
C00693895,1730.33,6
C00694018,13648.64,21
C00694091,9113.74,34
C00694224,1147.1,4
C00694299,46109.8,76
C00694315,1500.0,2
C00694323,2061.84,5
C00694414,39688.58,62
C00694455,789562.94,119
C00694471,45208.13,127
C00694604,315969.63,431
C00694695,2500.0,1
C00694711,37419.82,4
C00694778,4353670.53,1446
C00694810,1801624.62,274
C00694844,9508.92,5
C00694943,583047.43,213
C00694992,65.0,2
C00695163,212452.17,112
C00695270,119694.95,49
C00695304,1711.82,16
C00695346,1430213.57,540
C00695395,157740.01,201
C00695411,26536.58,61
C00695429,2528.71,2
C00695437,14180.56,7
C00695510,879901.23,96
C00695528,9036.1,14
C00695544,147620.77,87
C00695569,597.5,53
C00695585,120218.28,14
C00695833,2427.05,1
C00695866,675965.7,482
C00695874,67870.45,96
C00695940,399366.16,149
C00695981,3758.16,18
C00696054,206821.62,163
C00696088,35045.02,67
C00696104,829233.98,579
C00696112,146367.56,36
C00696153,271588.43,155
C00696179,119.96,2
C00696393,59196.93,36
C00696419,17929.86,37
C00696484,605024.19,367
C00696492,93505.92,393
C00696500,250.0,1
C00696526,90413349.48,2422
C00696534,47486.96,42
C00696591,248469.82,92
C00696609,543.5,1
C00696666,97872.85,174
C00696724,6311.69,13
C00696815,56030.09,151
C00696948,2445627.35,372
C00696955,225.0,1
C00697052,515535.01,538
C00697144,4461.69,9
C00697151,804.67,1
C00697250,1574137.73,554
C00697326,55315.9,70
C00697334,270807.25,448
C00697342,125484.45,352
C00697367,250.0,1
C00697375,266.29,1
C00697391,133914.54,160
C00697417,12066.9,6
C00697441,342306.87,282
C00697524,6261.97,40
C00697540,2250.0,5
C00697581,329.25,3
C00697615,6460.43,29
C00697649,1299622.88,749
C00697698,6474.19,11
C00697730,118378.11,54
C00697755,77781.37,65
C00697789,788918.18,394
C00697862,3922.68,21
C00697953,14586.45,1
C00697979,2065.0,6
C00698050,9714.04,6
C00698084,309.0,4
C00698092,10761.2,18
C00698126,36343.14,20
C00698217,3921.04,18
C00698340,6448.11,39
C00698373,531.62,3
C00698472,5292.5,9
C00698597,6517.62,7
C00698738,55586.41,78
C00698753,2550.0,5
C00698779,231.0,1
C00698894,70644.74,35
C00698928,720.0,2
C00698936,250.0,1
C00698977,6135.4,12
C00698993,24475.62,111
C00699090,18841.46,20
C00699124,8000.0,4
C00699140,2226.8,13
C00699199,790.0,4
C00699215,3600.68,5
C00699272,5935.43,3
C00699363,5187.37,1
C00699421,444150.93,211
C00699462,234.61,1
C00699470,151025.65,64
C00699538,530.0,1
C00699546,397.51,1
C00699553,19375.74,20
C00699603,133996.03,49
C00699652,50929.79,8
C00699660,533334.53,1043
C00699694,131537.13,133
C00699744,860061.99,1450
C00699785,428994.51,7562
C00699801,1042743.53,996
C00699926,1056.59,2
C00700120,6855.75,9
C00700146,600.0,2
C00700161,183117.47,248
C00700187,135354.5,416
C00700195,14947.79,11
C00700203,20587.04,14
C00700237,73991.22,177
C00700260,39696.7,19
C00700377,2339.08,22
C00700518,2489.76,9
C00700534,8916.43,30
C00700559,4165.48,2
C00700641,909.42,5
C00700708,1792.15,26
C00700716,9334.48,8
C00700799,565.73,12
C00700823,61065.78,597
C00700831,2279.74,3
C00700898,1841159.15,854
C00700906,4981.05,27
C00700922,10359.97,26
C00700955,7621.04,7
C00701003,4053409.61,1907
C00701052,3264.1,5
C00701060,135820.22,38
C00701094,264.0,1
C00701102,7204215.42,1849
C00701284,12724.16,21
C00701334,4351.0,4
C00701375,106.0,1
C00701383,4173.95,12
C00701433,27163.79,22
C00701490,9941.8,68
C00701599,4795.02,8
C00701656,91933.0,96
C00701672,1056161.61,633
C00701680,36263.34,127
C00701748,10381.36,20
C00701755,1147423.47,402
C00701763,568.43,19
C00701797,292897.38,148
C00701805,90047.09,36
C00701821,1445.99,6
C00701847,764447.39,378
C00701888,5900619.28,656
C00701938,3897.78,6
C00701946,48488.98,10
C00701953,937685.91,1371
C00701961,996.43,3
C00702019,124828.5,81
C00702191,2983170.23,618
C00702225,15935.84,72
C00702332,60005.1,219
C00702381,57714.3,60
C00702415,2458.47,1
C00702449,1266.06,1
C00702456,2470.67,1
C00702464,505.67,3
C00702480,1163.46,1
C00702498,1674.73,1
C00702506,1438.37,1
C00702514,1378.95,1
C00702522,1423.96,1
C00702530,2729.0,1
C00702548,2583.43,1
C00702555,1500.0,1
C00702563,2123.65,1
C00702571,921.23,1
C00702589,1193.77,1
C00702597,1459.9,1
C00702605,1536.13,1
C00702613,1720.96,1
C00702621,1863.35,1
C00702639,2077.38,1
C00702647,8731.48,1
C00702654,1595.54,1
C00702662,1405.99,1
C00702670,1452.31,1
C00702688,2781.63,1
C00702696,2181.32,1
C00702712,1441.44,1
C00702720,1296.67,1
C00702738,1955.93,1
C00702746,1297.97,1
C00702753,2074.93,1
C00702761,1500.0,1
C00702779,1500.0,1
C00702787,2169.08,1
C00702795,1294.99,1
C00702803,1437.33,1
C00702811,1932.28,1
C00702829,3149.75,1
C00702837,1172.95,1
C00702845,2209.43,1
C00702852,1054.76,1
C00702860,1248.3,1
C00702878,2449.67,1
C00702886,932.59,1
C00702894,995.23,1
C00702902,2952.71,1
C00702910,2216.1,1
C00702928,1548.07,1
C00702936,1430.28,1
C00702944,1392.56,1
C00702951,1766.78,1
C00702985,7387.29,3
C00703033,8587.7,20
C00703058,4178243.28,600
C00703082,35088.97,80
C00703124,21436.13,46
C00703173,57773.41,35
C00703231,631.61,3
C00703256,1180.8,4
C00703520,1690.47,2
C00703702,80750.51,90
C00703835,1893.33,3
C00703843,1689640.44,944
C00703892,30391.19,24
C00703975,6988546.41,1199
C00704049,3097762.54,881
C00704064,6900.0,1
C00704247,41028.23,58
C00704270,218371.46,234
C00704304,171.92,1
C00704510,8410.84,7
C00704593,385821.31,222
C00704650,78473.53,79
C00704973,18130.79,67
C00704981,6752842.56,1228
C00705087,174.0,3
C00705152,15155.5,38
C00705186,3565.88,10
C00705236,3018586.76,2377
C00705277,5733.7,26
C00705301,42665.02,57
C00705368,12745.25,37
C00705384,215358.7,125
C00705483,58245.96,43
C00705905,1375.75,22
C00706077,279.83,1
C00706085,450.0,2
C00706093,440.0,1
C00706176,15329.06,18
C00706226,11577.0,55
C00706234,1115.76,13
C00706242,204122.62,133
C00706259,6139.36,5
C00706267,7124300.84,2114
C00706275,898497.44,433
C00706341,159824.78,114
C00706374,1136384.73,1112
C00706457,16361.63,60
C00706507,3683.09,21
C00706549,1669719.98,580
C00706564,19421.72,28
C00706572,733.81,9
C00706614,3942345.6,1224
C00706630,16850.56,35
C00706648,76329.62,22
C00706689,672.84,7
C00706697,35490.43,21
C00706747,4065121.11,1196
C00706788,516554.06,495
C00706812,162747.53,67
C00706820,209.82,1
C00706861,321957.89,212
C00707059,115860.52,66
C00707091,661283.08,690
C00707232,26592.77,52
C00707257,1340.69,6
C00707398,905705.35,317
C00707414,5410.0,1
C00707513,4015.5,2
C00707612,7674.2,4
C00707638,8985.23,17
C00707679,16198.25,8
C00707711,4311.23,5
C00707802,1469.0,3
C00707844,776057.05,284
C00707950,670.41,3
C00707992,9496.0,4
C00708024,46631.76,205
C00708073,58183.85,108
C00708164,237304.23,50
C00708172,4946.0,11
C00708180,19000.0,5
C00708255,24908.0,10
C00708263,826643.83,568
C00708289,10671653.85,2379
C00708453,1010991.73,219
C00708479,1491063.05,802
C00708487,1560.0,3
C00708552,654060.84,380
C00708560,68036.89,76
C00708594,3418.9,7
C00708628,9572.75,29
C00708636,10157.74,24
C00708644,139570.7,74
C00708669,4032.91,15
C00708883,5042.33,8
C00708891,55362.2,123
C00708909,2470.23,1
C00708982,252.04,1
C00709006,6186324.2,946
C00709113,4690222.72,176
C00709196,1899796.91,1458
C00709204,4312.84,22
C00709295,75.0,1
C00709410,69477.45,74
C00709477,51694.56,18
C00709485,25199.67,125
C00709501,25070.5,63
C00709519,553.69,1
C00709550,6724.77,44
C00709576,21896.4,42
C00709659,1714.27,5
C00709683,1503.04,2
C00709691,3182596.73,1768
C00709709,925.0,2
C00709782,50314.51,8
C00709816,3094.79,14
C00709881,6268.27,68
C00709899,921528.92,233
C00709956,1000.0,1
C00709964,17679.61,16
C00709998,28655.55,15
C00710038,36599.42,14
C00710103,5457375.23,794
C00710160,2188443.49,91
C00710178,5862465.48,938
C00710202,15834.04,14
C00710319,29026.37,158
C00710368,1151.09,2
C00710475,7632.11,2
C00710491,3025.5,8
C00710533,251927.11,194
C00710582,400.0,1
C00710616,2881.5,4
C00710624,784.55,1
C00710632,188211.43,415
C00710640,2700.0,4
C00710657,619.1,20
C00710681,257.98,1
C00710707,2700.0,4
C00710715,2700.0,4
C00710723,2700.0,4
C00710731,207016.44,37
C00710764,-2979.14,38
C00710772,21283.21,119
C00710780,1329.0,11
C00710822,236419.24,58
C00710848,264166.64,209
C00710863,10400.23,6
C00710889,252.72,4
C00710962,2382758.3,1002
C00710988,123.55,4
C00711010,3934100.17,1222
C00711051,58655.22,71
C00711069,154240.72,68
C00711119,41827.72,28
C00711150,3673214.15,899
C00711317,3715447.34,902
C00711325,35398.99,5
C00711358,102469.87,444
C00711390,524.1,2
C00711416,190449.73,155
C00711432,99770.67,21
C00711440,271.92,6
C00711549,1777181.67,934
C00711564,3192.5,17
C00711572,1482.23,1
C00711614,1453430.98,287
C00711630,10495.62,52
C00711689,66032.2,48
C00711739,4758.57,13
C00711754,3.96,2
C00711887,5194.67,17
C00711903,62441.5,11
C00711911,5075.31,8
C00711929,993761.18,1059
C00711986,9140.0,4
C00712026,51572.77,86
C00712109,6321.4,123
C00712190,17771.42,13
C00712208,972.1,21
C00712216,162.57,6
C00712257,196597.91,51
C00712349,3017.1,2
C00712364,20431.48,17
C00712380,2650.0,26
C00712398,413862.38,439
C00712539,2071.44,18
C00712588,750.0,2
C00712695,30699.99,29
C00712737,743.5,6
C00712760,126745.99,168
C00712794,11889.87,25
C00712885,1364355.46,754
C00712943,2615.1,1
C00712968,207.14,1
C00713040,920.0,2
C00713222,3496.27,3
C00713271,1781.0,16
C00713289,24208.77,19
C00713297,201362.23,153
C00713354,45897.51,28
C00713362,875.73,2
C00713404,8096.18,2
C00713412,284433.97,31
C00713461,44481.79,27
C00713511,574096.8,235
C00713529,927.3,16
C00713537,7400.13,10
C00713545,919.16,23
C00713560,6635.04,26
C00713693,15558.04,89
C00713701,40062.08,3
C00713743,25524.02,116
C00713750,86.11,3
C00713818,17684.33,4
C00713842,52.48,1
C00713909,2574.37,2
C00713925,710.75,1
C00713933,5906.12,26
C00713958,5523.07,4
C00714048,870.78,33
C00714089,1265.36,6
C00714113,2551.59,6
C00714238,937.5,1
C00714261,5284895.66,1765
C00714279,2642.44,6
C00714295,90350.84,85
C00714329,703.65,2
C00714378,358261.42,613
C00714394,1160.83,4
C00714501,14777.22,40
C00714527,6715.03,34
C00714535,1167.71,5
C00714543,783627.43,501
C00714741,9203.07,8
C00714865,2037625.46,1187
C00714964,28508.45,163
C00715037,45399.72,12
C00715052,4366.39,2
C00715060,3015.7,3
C00715136,11457.33,123
C00715235,28073.87,20
C00715375,3487.96,20
C00715409,10767.3,63
C00715433,2622278.77,304
C00715466,236.39,5
C00715532,2731.39,2
C00715763,27692.29,24
C00715854,4435353.62,1431
C00715862,42177.73,8
C00715896,18282.65,8
C00715904,16446.46,25
C00715953,1100.11,2
C00716159,7123.69,18
C00716183,1537.66,3
C00716258,129.26,1
C00716290,7097.46,9
C00716332,8413.13,1
C00716399,482772.31,137
C00716415,2542.24,8
C00716423,10763.29,19
C00716498,4853971.04,1431
C00716571,20656.65,38
C00716670,177927.78,182
C00716704,45681.92,32
C00716720,1391748.6,567
C00716803,25337.88,53
C00716860,46437.2,38
C00716878,15.83,1
C00717140,5146.23,55
C00717223,12809.65,28
C00717280,70.0,2
C00717322,4577.27,9
C00717421,11000.0,8
C00717439,900.0,2
C00717553,3219.66,34
C00717579,4720.0,2
C00717587,112546.59,208
C00717611,17957.83,24
C00717637,9635.35,7
C00717728,40430.16,69
C00717777,596.01,1
C00717785,572.28,1
C00717876,3741852.1,662
C00717918,17840.63,34
C00717959,1527394.17,782
C00717991,7931.16,69
C00718031,124939.55,87
C00718155,99316.54,346
C00718197,117250.09,197
C00718221,17947.81,43
C00718239,3313826.71,534
C00718247,26829.52,33
C00718270,9363.68,24
C00718296,81463.1,12
C00718320,1183.68,20
C00718346,1142393.88,1082
C00718353,11425.0,3
C00718403,1500.0,1
C00718411,3028.21,1
C00718486,10050.22,74
C00718510,515266.21,276
C00718593,58720.89,19
C00718627,1925378.37,589
C00718635,948679.58,738
C00718650,837639.18,208
C00718668,1650.0,1
C00718742,8738.75,2
C00718759,750.0,1
C00718767,750.0,1
C00718775,749.9,1
C00718783,750.0,1
C00718841,516994.33,260
C00718866,11882014.91,4228
C00718916,770.0,1
C00718957,596.01,1
C00719021,1205.66,30
C00719054,950.15,1
C00719070,119800.08,570
C00719104,43821.12,96
C00719112,24923.56,17
C00719138,2507.93,2
C00719278,23412.84,7
C00719294,1881612.7,449
C00719393,1195.56,8
C00719559,1282707.4,922
C00719716,3995.13,3
C00719781,1642.5,1
C00719799,18226.74,2
C00719807,1810.66,1
C00719831,14.49,1
C00719872,52549.1,80
C00719971,514746.74,125
C00720011,760277.99,430
C00720029,924482.9,906
C00720052,43392.98,39
C00720078,718538.98,384
C00720094,7194.33,12
C00720128,1168.82,18
C00720169,19590.2,8
C00720375,400014.77,513
C00720474,27506.97,41
C00720482,1011.78,1
C00720516,47823.09,67
C00720524,5400.0,6
C00720540,110951.55,76
C00720565,2595.87,9
C00720573,39342.04,253
C00720623,332.83,2
C00720631,4057.65,21
C00720649,14313.85,45
C00720805,10381.31,9
C00720862,400.0,1
C00720870,972254.45,402
C00720912,1719304.87,602
C00720920,2421.53,20
C00720987,279.16,1
C00721019,1290982.04,386
C00721027,2340.19,2
C00721076,195.0,2
C00721134,9315.0,8
C00721142,33986.02,8
C00721183,1400.0,3
C00721225,17390.73,77
C00721233,28121.95,48
C00721241,330.3,1
C00721274,1501.0,2
C00721282,20689.6,92
C00721308,986602.9,1125
C00721332,1058148.17,534
C00721365,2694585.09,1544
C00721449,766429.34,757
C00721472,1369.31,4
C00721480,1763.58,2
C00721498,3415.99,6
C00721530,506.3,5
C00721548,71330.81,256
C00721597,32241.06,198
C00721639,49.99,1
C00721670,9454.59,26
C00721688,6225.67,43
C00721696,66080.63,37
C00721787,134787.57,78
C00721811,90.0,8
C00721837,4681.42,24
C00721845,1000.0,1
C00721878,110384.99,175
C00721902,882.41,1
C00721969,3432.59,7
C00721993,142951.08,72
C00722025,60261.3,11
C00722082,1524.6,1
C00722108,2097.74,3
C00722165,482.4,12
C00722199,12984.99,9
C00722207,703922.64,225
C00722272,58995.79,21
C00722306,54616.26,128
C00722314,4211.56,8
C00722330,275.26,1
C00722348,1770.12,27
C00722363,51449.58,156
C00722371,14847.05,15
C00722413,310.5,1
C00722439,392.7,1
C00722454,1022.55,2
C00722470,155402.92,165
C00722587,2071.83,12
C00722637,4798.48,9
C00722835,196957.85,493
C00722876,5700.75,62
C00722884,743.4,2
C00722892,6330942.14,1294
C00722975,108843.92,6
C00723007,333692.84,265
C00723031,1229.94,8
C00723098,181529.09,47
C00723114,14447.28,36
C00723122,122859.92,53
C00723130,883.83,3
C00723189,13593.81,40
C00723338,3935.71,15
C00723577,16426.32,29
C00723676,20670.68,38
C00723734,49960.84,103
C00723874,519.91,1
C00723916,1816947.36,688
C00724047,33259.26,171
C00724203,2240171.75,602
C00724229,24504.48,25
C00724237,17598.78,97
C00724245,296296.81,101
C00724260,1146.48,4
C00724328,28695.12,30
C00724344,649357.92,59
C00724351,37058.41,75
C00724443,45832.47,120
C00724559,48363.23,72
C00724609,38653.76,129
C00724682,422.44,6
C00724773,1608.09,2
C00724781,28088.22,51
C00724799,46904.84,25
C00724849,8822.28,10
C00724856,159.71,14
C00724914,1982248.13,574
C00725044,280.0,2
C00725101,3718924.0,876
C00725184,2436.12,24
C00725200,3214.6,43
C00725259,5398.68,3
C00725267,541387.28,275
C00725291,2508.4,9
C00725317,47359.25,6
C00725341,7000.0,5
C00725366,4379.5,2
C00725390,2874.29,1
C00725424,46711.76,2
C00725465,542186.05,537
C00725507,300.0,1
C00725531,15490.52,6
C00725739,37528.41,105
C00725747,172642.22,67
C00725762,4068.39,21
C00725820,15193630.5,844
C00725853,3353135.08,1452
C00725879,3641.97,14
C00726000,13024.33,4
C00726018,1283350.31,507
C00726026,2250.0,1
C00726042,384086.95,403
C00726075,37341.38,449
C00726117,406539.55,206
C00726141,3824.06,3
C00726190,2000.0,1
C00726208,3492.5,7
C00726224,12443.05,22
C00726273,162.56,1
C00726372,231541.14,212
C00726422,39442.06,226
C00726489,12278.63,17
C00726513,386525.85,402
C00726539,102223.91,121
C00726570,2500.0,1
C00726687,2894321.79,244
C00726703,55488.65,8
C00726729,50687.5,23
C00726802,7154.43,14
C00726810,10.0,1
C00726943,9288.68,24
C00727008,379496.72,454
C00727149,1000.0,2
C00727164,1979342.07,6572
C00727230,6192.35,227
C00727263,5250.0,7
C00727305,400.0,1
C00727529,2451651.03,789
C00727602,6037.8,14
C00727693,1354.79,5
C00727719,645.47,13
C00727784,4790.76,31
C00727800,42059.5,50
C00727834,179.7,5
C00727883,2462.5,7
C00727958,3239.49,5
C00727966,2725.7,6
C00728014,1164.09,15
C00728030,1641.5,19
C00728154,1154158.33,103
C00728212,2000.0,1
C00728238,7128836.72,1858
C00728311,6441.58,22
C00728352,18615.39,35
C00728360,61894.29,97
C00728386,257500.74,86
C00728402,465.14,1
C00728444,700.61,3
C00728584,26.95,1
C00728667,40860.2,56
C00728683,16077.64,63
C00728808,987.55,20
C00728832,2231974.25,904
C00728840,6531.75,17
C00728857,1500.0,2
C00728873,56265.29,116
C00728899,11956.65,27
C00728907,43813.71,88
C00728980,2411.75,1
C00729038,295.06,15
C00729095,11202.05,2
C00729277,1753969.6,841
C00729301,8620.21,28
C00729319,59934.23,117
C00729335,26202.07,7
C00729350,1080.89,2
C00729426,419.65,5
C00729558,28545.94,53
C00729574,7429.15,131
C00729582,110802.37,92
C00729608,36681362.12,238
C00729616,9547.63,19
C00729772,713.78,1
C00729905,2742.38,2
C00729913,6179.13,4
C00729939,3242.77,3
C00729954,3223603.09,764
C00730150,853611.26,636
C00730341,86439.59,230
C00730390,655.25,1
C00730408,5789.49,30
C00730507,30132.05,11
C00730531,4261931.11,2031
C00730549,11471.93,34
C00730754,7682.4,12
C00730796,49456.33,14
C00730812,55356.51,215
C00730820,96434.18,205
C00730895,2151119.08,597
C00730903,664.73,30
C00730952,250.0,1
C00730978,1000.0,1
C00731000,2116.59,18
C00731042,1944808.3,589
C00731109,917.1,3
C00731117,2830.21,23
C00731133,205.24,1
C00731166,42077.47,131
C00731273,12561.25,2
C00731307,15428.62,54
C00731356,42983.6,51
C00731372,-1201.75,1
C00731406,1710.43,10
C00731422,386629.54,90
C00731471,18063.81,63
C00731489,1450.0,15
C00731497,1004.98,1
C00731802,2941.67,9
C00731885,24839.63,29
C00731919,14131.79,67
C00731950,38486.62,111
C00732099,20722.24,3
C00732172,398542.17,137
C00732255,2527.11,3
C00732545,104447.37,23
C00732586,175.0,14
C00732644,66778.26,82
C00732651,78496.16,235
C00732669,7230.17,4
C00732693,685.61,1
C00732719,375.0,2
C00732727,8967.72,142
C00732768,900.0,2
C00732792,9895.16,9
C00732800,81573.14,72
C00732818,3869.87,21
C00732826,1250007.99,678
C00732917,6574.0,5
C00732925,3152238.31,1043
C00732958,3998702.59,3783
C00732982,4998.23,3
C00733261,139521.65,64
C00733311,8595.52,12
C00733329,4871104.15,1210
C00733394,6312.06,12
C00733402,45029.3,8
C00733469,11307.2,22
C00733485,356186.11,1295
C00733527,1603.4,20
C00733576,8731.57,48
C00733600,9742.04,18
C00733634,2216.35,3
C00733691,44200.18,141
C00733758,306.48,1
C00733766,15135.65,24
C00733840,776013.83,917
C00733956,3000.0,2
C00733972,1000.0,1
C00734004,13389.45,8
C00734152,10279.96,7
C00734251,1599.75,3
C00734319,637894.89,133
C00734426,14093.34,28
C00734442,158.0,2
C00734491,1414528.92,397
C00734517,1404.95,10
C00734533,250.44,1
C00734558,2700.01,3
C00734608,254.39,10
C00734616,10505.95,3
C00734657,174296.32,80
C00734731,2224161.16,1452
C00734822,20556.16,33
C00734871,46475.0,29
C00734913,42549.54,24
C00734970,750.0,1
C00735100,5934.67,23
C00735183,26020.42,19
C00735472,24954.69,35
C00735548,2023.49,1
C00735670,30.0,1
C00735688,2934472.71,570
C00735696,5247.3,5
C00735738,26912.79,200
C00735829,1324.0,1
C00735852,625.2,3
C00735860,5.29,1
C00735894,164425.48,33
C00735985,1448243.32,686
C00736009,316138.43,43
C00736041,14977.34,21
C00736074,350.0,1
C00736090,19992.95,33
C00736108,11697.95,4
C00736124,18980.79,26
C00736140,38109.53,51
C00736173,1000.0,2
C00736223,48195.52,25
C00736256,325.0,1
C00736264,231912.28,7979
C00736348,12060.0,8
C00736512,7354.78,6
C00736579,550.87,1
C00736637,369119.48,356
C00736694,3194.13,2
C00736744,2500.0,1
C00736751,6807.44,11
C00736777,43621.96,43
C00736876,206654212.83,3242
C00736918,348.0,1
C00736942,100.0,1
C00736967,291119.0,85
C00736975,8304.0,12
C00736983,23158.2,31
C00736991,99698.62,19
C00737023,496.88,10
C00737064,2152.5,4
C00737171,22160.13,14
C00737197,265880.54,233
C00737270,54563.14,11
C00737338,1000.0,2
C00737379,446.25,1
C00737387,219.99,1
C00737411,141246.42,61
C00737536,25980.5,12
C00737635,180.16,9
C00737650,32131.79,13
C00737692,1559.66,4
C00737700,29.95,1
C00737718,495.0,2
C00737767,2482476.67,879
C00737825,6317.67,3
C00737833,8074.93,6
C00737890,3780.0,29
C00737940,2306.58,22
C00738021,2398.27,24
C00738039,64443.07,143
C00738104,4122.7,18
C00738237,-1080.71,4
C00738260,17034.56,17
C00738302,112620.88,79
C00738336,89364.99,57
C00738369,17485.69,20
C00738435,340.7,1
C00738500,2275.0,8
C00738542,240.0,1
C00738591,250.0,1
C00738609,5674.92,12
C00738666,183.42,3
C00738674,993.75,1
C00738757,1273.98,7
C00738815,22512.0,15
C00738849,1797.5,2
C00738856,8176.65,24
C00738872,1124431.96,470
C00738997,19663.29,42
C00739003,347044.27,41
C00739011,23685.0,10
C00739052,300.46,1
C00739110,6151.39,43
C00739169,1949.33,5
C00739177,-4202.24,8
C00739193,1420.96,5
C00739409,32000.48,43
C00739490,60976.97,34
C00739508,681.4,2
C00739532,288.16,6
C00739557,961337.32,193
C00739565,17379.42,7
C00739573,380.0,1
C00739581,270517.41,565
C00739755,6821.84,20
C00739771,259.0,1
C00739953,807.9,19
C00739979,13153.58,32
C00740001,231.16,2
C00740019,5719.84,18
C00740050,2391.85,4
C00740068,12025.19,81
C00740100,776743.86,345
C00740126,580741.62,278
C00740225,464881.83,119
C00740274,28736.5,31
C00740357,8304.96,25
C00740415,80095.93,83
C00740449,67802.14,229
C00740456,93.97,1
C00740514,300.0,1
C00740555,391228.01,443
C00740563,70928.96,58
C00740597,756514.29,285
C00740670,1825.06,2
C00740712,636.01,5
C00740803,46.44,1
C00740845,100508.7,235
C00740928,500.0,1
C00740936,3907.1,10
C00741009,2621.38,14
C00741041,3151.62,50
C00741090,1268910.79,408
C00741124,5245.17,4
C00741314,1820.5,2
C00741355,11488.81,24
C00741371,158064.98,319
C00741397,1311.22,9
C00741405,2518.25,5
C00741413,6680.0,4
C00741504,134.0,1
C00741538,7946.96,8
C00741546,8368.06,9
C00741553,3136.93,28
C00741611,180548.98,105
C00741702,1083.3,11
C00741710,-444.09,37
C00741736,14505.5,59
C00741769,38963.0,43
C00741876,808.92,12
C00741900,185231.64,615
C00741934,6000.0,1
C00742007,6023619.42,761
C00742064,649.88,2
C00742080,1264.2,43
C00742106,87715.19,15
C00742130,81201.71,26
C00742205,252017.49,66
C00742221,60179.12,130
C00742247,728582.89,567
C00742270,617.24,2
C00742296,154728.19,47
C00742338,1816.8,29
C00742346,101797.37,32
C00742353,243.76,5
C00742361,900.0,2
C00742395,68088.71,144
C00742429,40376.25,221
C00742494,6900.16,23
C00742544,1858.09,10
C00742619,400.0,1
C00742627,1200.0,1
C00742635,185443.04,122
C00742668,787.33,6
C00742759,163112.25,82
C00742775,8817.92,28
C00743021,2956.65,10
C00743153,20.0,1
C00743187,8639.16,11
C00743195,1271.93,14
C00743203,7773.89,14
C00743252,21014.15,4
C00743260,1049.15,9
C00743286,7993.68,12
C00743351,1500.0,1
C00743377,6136.97,30
C00743427,1044349.81,442
C00743435,527.0,1
C00743443,5504.33,2
C00743526,1472.7,3
C00743542,34080.0,28
C00743609,3905.46,8
C00743641,1100768.54,318
C00743682,361836.5,14
C00743724,54807.14,9
C00743732,15124.92,7
C00743823,177.03,3
C00743831,9080.27,2
C00743906,5750.0,25
C00743989,59398.13,68
C00744151,4590.0,4
C00744185,770402.8,364
C00744268,12.0,1
C00744532,14269.92,22
C00744540,14754.87,133
C00744573,109573.07,66
C00744599,2544.0,8
C00744615,395.46,5
C00744698,44072.51,85
C00744714,26202.76,49
C00744789,6060.09,12
C00744821,191075.97,102
C00744847,5762.79,54
C00744888,22168.41,72
C00744920,1191250.7,207
C00744938,652.5,4
C00744946,2198857.08,264
C00744961,2000.0,1
C00744987,55981.72,128
C00745042,3500.0,2
C00745158,500.0,1
C00745182,2399.0,7
C00745190,9062.87,23
C00745208,222488.05,85
C00745273,6051.27,30
C00745315,22700.3,9
C00745323,16534.31,15
C00745331,2161.76,24
C00745430,45752.13,99
C00745471,1275.0,4
C00745497,600.0,1
C00745505,33566.85,96
C00745521,4015.45,1
C00745554,9834.32,7
C00745570,2450.0,7
C00745588,97676.3,92
C00745729,2000.0,1
C00745745,1305106.68,91
C00745786,2440587.01,224
C00746040,64649.15,32
C00746065,742.96,3
C00746073,998614.04,372
C00746099,37870.0,2
C00746107,29135.02,27
C00746255,16762.57,33
C00746404,706.29,2
C00746453,20255.18,4
C00746545,1298.41,1
C00746552,104315.42,4
C00746560,912235.56,209
C00746628,59228.83,30
C00746719,70889.33,90
C00746735,39763.55,40
C00746784,75079.62,11
C00746842,26759.14,156
C00746867,1000.0,1
C00746909,344039.18,246
C00746917,3370.43,9
C00746966,5775.08,14
C00747097,42013.66,65
C00747121,1123665.48,145
C00747170,602357.29,321
C00747220,148241.14,63
C00747261,312.33,6
C00747279,57412.33,44
C00747469,150.0,11
C00747485,23764.76,26
C00747600,214.95,1
C00747642,3608.52,6
C00747691,52753.98,90
C00747725,15760.86,13
C00747766,218025.66,225
C00747840,2490.29,13
C00747865,549.5,3
C00747907,17363.78,17
C00747998,385506.59,106
C00748061,342635.84,34
C00748186,62080.17,146
C00748228,14604.0,284
C00748285,7012.68,2
C00748301,114455.41,187
C00748319,3000.0,6
C00748400,16306.94,186
C00748418,29347.64,36
C00748475,291279.54,44
C00748509,468.0,2
C00748582,906849.94,340
C00748640,37460.65,39
C00748673,102254.64,178
C00748764,945.92,7
C00748772,13744.76,28
C00748780,7444.02,62
C00748798,220732.14,21
C00748806,7500.0,3
C00748814,350800.41,543
C00748830,1636.3,4
C00748954,424.0,2
C00748988,1984.23,5
C00749028,710.0,4
C00749044,1975.0,2
C00749069,2500.0,1
C00749085,661815.91,108
C00749093,124.95,1
C00749101,75223.84,143
C00749127,3958.75,2
C00749135,1585.0,1
C00749143,877018.94,286
C00749200,21775.0,3
C00749226,38500.0,4
C00749317,9533.89,4
C00749341,1505.38,3
C00749424,113611.4,108
C00749481,282207.06,186
C00749549,2152.6,1
C00749556,1780.0,13
C00749572,607432.46,40
C00749598,70985.06,117
C00749671,1293664.16,258
C00749788,132955.42,155
C00749796,18213.44,18
C00750000,511.91,4
C00750091,7583.0,6
C00750125,1850.0,5
C00750158,6000.0,2
C00750166,933547.62,437
C00750174,3046.87,10
C00750182,2357294.23,195
C00750224,4510.72,8
C00750265,433.83,1
C00750307,693441.19,393
C00750323,269001.7,74
C00750356,71176.65,23
C00750463,3996.93,1
C00750497,20587.84,17
C00750505,95810.6,10
C00750521,14011782.93,99
C00750539,1725.0,3
C00750554,1600.0,3
C00750687,12768.46,58
C00750695,234953.81,14
C00750711,4945.0,8
C00750737,10577.47,188
C00750745,17317.73,35
C00750786,236586.81,40
C00750877,18856.39,23
C00750901,36026.24,145
C00750919,97944.55,150
C00750943,7800.0,2
C00751024,189.26,1
C00751032,371718.91,89
C00751040,36054.41,67
C00751099,103490.55,23
C00751149,436.55,2
C00751156,26219.02,117
C00751180,321.0,1
C00751206,5688.78,5
C00751339,279444.19,333
C00751388,1000.0,1
C00751420,2142.25,1
C00751446,4820.51,40
C00751503,4560.3,27
C00751701,855949.68,63
C00751768,4818.5,18
C00751784,102025.7,233
C00751826,322648.33,1312
C00751875,6830.89,6
C00751883,7726.25,10
C00751925,9680.8,8
C00751982,678317.57,249
C00751990,1064.7,1
C00752055,10772.72,19
C00752089,445.5,2
C00752253,358361.35,90
C00752287,71426.83,51
C00752378,235924.1,58
C00752469,79495.34,114
C00752519,181108.42,59
C00752535,117814.09,45
C00752543,692.5,12
C00752576,84361.75,4
C00752584,1127036.88,1001
C00752691,495903.55,112
C00752766,246.32,1
C00752774,712.16,1
C00752782,1769.53,3
C00752808,2950.0,1
C00752923,32502.18,19
C00753046,45291.12,15
C00753145,1238.05,1
C00753186,1245.76,9
C00753194,12209.43,19
C00753277,408293.75,188
C00753293,6339.02,10
C00753319,20155.02,11
C00753327,3205.58,46
C00753350,584.0,3
C00753384,15174.03,16
C00753392,20910.89,11
C00753400,65108.13,68
C00753459,1079.0,4
C00753475,17484.94,10
C00753483,617.05,1
C00753491,87136.6,66
C00753558,6756709.19,159
C00753632,1516.06,32
C00753640,1000.0,1
C00753673,1500.0,1
C00753699,9270.71,29
C00753731,1500.0,1
C00753780,9995.51,3
C00753822,250.02,1
C00753863,36311.2,54
C00753889,1865.6,11
C00753897,5071.0,4
C00753913,311296.31,158
C00753939,3370.93,8
C00753947,225045.84,127
C00753954,819.99,9
C00753962,16881.79,20
C00754028,12707.93,34
C00754044,78006.77,80
C00754051,8640796.6,350
C00754069,20573.61,12
C00754077,229.39,2
C00754168,4895.0,10
C00754192,29965.5,83
C00754218,3378.66,8
C00754242,7720.02,42
C00754283,289207.07,154
C00754333,26619.82,63
C00754358,6995.5,27
C00754408,7250.0,6
C00754424,96420.6,3
C00754515,7244.75,4
C00754564,3500.0,14
C00754572,2452.85,3
C00754598,108601.64,76
C00754614,30028.67,5
C00754655,223265.72,461
C00754671,94736.22,221
C00754689,50.0,1
C00754697,93318.11,164
C00754754,209504.15,91
C00754762,280293.17,91
C00754796,7636.78,30
C00754960,1098950.87,71
C00755033,78.26,1
C00755074,481469.86,280
C00755173,28089.23,49
C00755181,10220.2,5
C00755199,440771.63,226
C00755207,907.24,2
C00755348,16707.14,163
C00755355,16379.57,3
C00755363,21103.83,37
C00755405,4476.67,6
C00755439,3926.1,4
C00755454,3809.6,33
C00755520,2284.99,2
C00755629,36100.51,55
C00755637,2250.0,1
C00755694,3232712.39,590
C00755702,1460358.51,337
C00755728,58571.25,42
C00755793,19195.81,8
C00755819,6059.9,39
C00755876,1926.24,4
C00755926,80.0,4
C00755942,30147.78,9
C00756056,333123.81,150
C00756064,1506.0,3
C00756080,323829.92,313
C00756163,483.5,2
C00756197,1250.0,7
C00756205,9023.39,12
C00756304,31511.5,22
C00756353,500.0,1
C00756445,625.0,3
C00756528,10000.0,6
C00756551,105277.71,57
C00756569,8346030.15,16488
C00756593,9248.64,40
C00756635,15525.99,19
C00756643,61688.45,23
C00756676,2000.0,4
C00756684,1008.95,7
C00756726,52769.46,98
C00756734,60722.41,12
C00756767,558.39,3
C00756783,2721.73,2
C00756791,1106.55,8
C00756825,28948.85,26
C00756841,1719.46,4
C00756858,962.5,3
C00756866,25334.8,59
C00756874,1476.23,3
C00756882,66702.04,6
C00756916,5827.31,29
C00756940,21000.0,1
C00756965,8101.77,33
C00756973,4073.97,4
C00756999,50970.07,73
C00757005,9468.6,5
C00757120,1500.0,4
C00757195,729.38,1
C00757203,973.8,15
C00757245,4720.38,7
C00757278,2354.69,1
C00757286,5754.99,4
C00757294,141139.65,36
C00757302,1355.23,5
C00757328,17696.96,2
C00757344,12719.39,21
C00757419,2527105.82,576
C00757427,4588.25,2
C00757625,4500.0,1
C00757633,44627.2,85
C00757724,78106.24,29
C00757807,50775.08,23
C00757823,567.92,13
C00757831,459.25,18
C00757856,238.0,1
C00757922,13817.88,28
C00757930,11337.66,9
C00758003,15118.69,24
C00758011,77009.5,37
C00758029,250.0,1
C00758078,44662.13,74
C00758193,6658.54,13
C00758219,691795.03,917
C00758243,785.0,1
C00758250,13997.47,126
C00758292,2150.0,2
C00758318,35640.58,10
C00758326,15926.82,12
C00758383,8093.92,6
C00758409,2854.62,1
C00758433,171220.01,80
C00758441,600.0,2
C00758508,500.0,1
C00758516,834.0,14
C00758532,27741.34,36
C00758656,2125.0,1
C00758672,2916.55,27
C00758680,150.0,6
C00758698,2000.0,1
C00758722,20742.95,27
C00758748,7170.94,1
C00758789,972080.88,199
C00758821,1691.98,1
C00758847,11635.33,10
C00758854,375.0,1
C00758862,7859.51,13
C00758938,1885956.28,744
C00758953,363386.67,472
C00758995,620.0,2
C00759001,126.18,1
C00759019,12620.57,61
C00759043,3130.24,3
C00759134,4948.52,12
C00759142,253.0,2
C00759159,23828.53,23
C00759209,7626.91,16
C00759316,2632.68,6
C00759324,2521.15,2
C00759332,808992.17,744
C00759340,967.09,29
C00759365,467890.25,673
C00759381,922.5,2
C00759548,163834.94,516
C00759555,6500.0,1
C00759597,40867.43,52
C00759696,1489.43,25
C00759779,850.0,1
C00759811,11820.98,8
C00759910,236009.93,24
C00760009,14440.73,23
C00760041,1901.85,6
C00760082,357585.0,10
C00760108,74633.12,75
C00760116,108515.64,40
C00760124,5978250.85,184
C00760215,20441.42,25
C00760249,3779.34,5
C00760256,1000.0,2
C00760306,2254.72,3
C00760348,3745.25,3
C00760363,4181.8,3
C00760397,14747.3,35
C00760413,167653.08,73
C00760454,15112.87,40
C00760488,99922.12,39
C00760538,1700.0,1
C00760629,9935.21,20
C00760686,427902.68,129
C00760694,18693.54,22
C00760728,25827.55,4
C00760736,225370.05,237
C00760801,378079.5,16
C00760827,427399.64,185
C00760835,11545.5,9
C00760850,2561.99,15
C00760892,680.0,1
C00760983,40500.0,8
C00761049,15921.03,38
C00761064,194775.53,48
C00761072,218694.65,11
C00761163,2829.0,3
C00761213,88370.28,34
C00761239,45310.96,77
C00761247,23180.13,57
C00761304,614.05,2
C00761528,1389.5,1
C00761577,3293.34,2
C00761593,29645.07,37
C00761635,2880.0,3
C00761676,3957.6,1
C00761825,1510.09,3
C00761858,5407.4,6
C00761932,860.32,2
C00761940,220.55,2
C00761957,41278.45,105
C00761965,5355.0,54
C00761973,1411.94,35
C00762062,400.6,2
C00762088,2332.92,15
C00762112,2444.22,6
C00762120,5756.3,216
C00762161,23425.6,144
C00762229,1514.98,1
C00762260,110950.77,54
C00762286,2043.07,16
C00762328,34910.26,60
C00762336,19203.23,24
C00762344,35689.0,81
C00762369,34688.27,40
C00762377,4780.25,10
C00762419,287641.43,113
C00762559,32720.55,29
C00762567,71420.2,38
C00762591,50032496.03,2545
C00762617,6800.0,1
C00762633,137484.8,4
C00762658,378207.72,61
C00762666,886830.77,493
C00762682,197227.44,123
C00762740,40858.32,36
C00762807,2410.0,2
C00762815,5420.84,22
C00762823,3898.5,1
C00762856,294851.88,93
C00762872,864263.77,125
C00762930,61720.94,63
C00762963,106470.34,151
C00762997,9500.0,4
C00763003,3574.18,2
C00763037,3133.07,18
C00763045,3661702.27,900
C00763136,11000.0,2
C00763169,161897.7,201
C00763185,48168.82,6
C00763193,252014.23,30
C00763227,683700.95,295
C00763235,1381622.24,179
C00763243,1851.0,6
C00763326,16761.34,12
C00763359,267165.57,293
C00763375,24591.75,49
C00763383,1890.4,3
C00763391,17960.9,46
C00763409,522633.63,22
C00763433,190539.52,47
C00763466,518.01,5
C00763474,12595.21,10
C00763524,19365.11,16
C00763532,1123.55,3
C00763540,30130.03,22
C00763565,1761525.19,1800
C00763581,3000.0,1
C00763623,613.15,1
C00763649,2958936.67,923
C00763656,44916.29,123
C00763672,12173.49,6
C00763680,6103.29,4
C00763698,5047.13,7
C00763730,153218.0,10
C00763797,527966.25,2229
C00763888,278969.09,52
C00763896,48814.26,69
C00763912,23058.96,14
C00763920,236.54,2
C00763946,10105.26,18
C00763995,1013648.28,337
C00764027,56424.73,99
C00764043,12001.73,17
C00764084,66424.15,67
C00764118,54062.08,25
C00764126,7014.0,8
C00764134,4834.25,5
C00764159,8038.8,4
C00764191,251867.01,91
C00764209,119988.56,254
C00764217,57276.37,165
C00764233,1155526.37,352
C00764266,22205.1,54
C00764274,65.0,2
C00764316,7010.0,12
C00764324,390.94,3
C00764340,130675.28,131
C00764357,12051.25,68
C00764373,7777.35,17
C00764381,4333332.58,1301
C00764415,189715.66,119
C00764423,7411229.51,1794
C00764431,24045.5,68
C00764449,27821.86,178
C00764464,1709.86,22
C00764472,25526.95,9
C00764498,341901.47,127
C00764506,68179.0,4
C00764522,11814.72,7
C00764571,8468.38,22
C00764589,59982.99,164
C00764613,39897.39,19
C00764639,5622.08,7
C00764654,26122.16,62
C00764662,283091.02,235
C00764688,3706.43,10
C00764753,11964.07,22
C00764761,154400.13,74
C00764779,44897.65,15
C00764795,102787.83,15
C00764803,264863.31,42
C00764829,110113.77,60
C00764878,19546.38,24
C00764886,1801.18,6
C00764894,101861.18,183
C00764928,2321.34,6
C00764936,42975.6,9
C00764951,129225.19,63
C00764977,69909.49,17
C00764985,2182.6,12
C00764993,150.0,6
C00765024,14790.67,15
C00765073,5784.15,6
C00765081,2862.74,4
C00765099,3368966.23,973
C00765107,100418.75,86
C00765115,96232.79,27
C00765156,340436.12,93
C00765164,4317215.35,1117
C00765180,180303.66,486
C00765198,13427.82,41
C00765206,12900.17,23
C00765230,4008.6,2
C00765313,4875.94,111
C00765347,65063.07,5
C00765354,14762.29,43
C00765362,2448.68,13
C00765388,7188.25,4
C00765412,171947.11,305
C00765446,1202.8,1
C00765453,35865.38,197
C00765461,924567.3,873
C00765529,858778.42,458
C00765537,28659.58,115
C00765545,90440.97,74
C00765552,12791.68,18
C00765560,10504.03,33
C00765578,11595.82,10
C00765610,37693.04,57
C00765644,64257.94,113
C00765693,12906.5,8
C00765701,1328.69,2
C00765719,4429382.52,957
C00765727,6262.29,3
C00765750,275112.68,309
C00765768,45590.79,135
C00765792,3607.09,7
C00765800,74865491.35,2298
C00765834,170214.58,97
C00765875,1075.0,3
C00765883,165357.36,175
C00765891,973532.86,793
C00765909,19419.0,3
C00765917,221239.45,256
C00765966,350.0,1
C00765974,4302.34,4
C00765982,14777136.91,1809
C00766014,378.2,15
C00766048,1864.68,40
C00766063,19575.21,29
C00766097,427.01,2
C00766105,93305.04,20
C00766154,12477.55,30
C00766162,3257706.44,975
C00766196,660204.54,554
C00766204,23037.07,48
C00766220,346952.81,103
C00766238,659064.7,563
C00766253,102670.72,52
C00766287,100694.97,106
C00766303,17083.6,38
C00766386,12487.52,46
C00766402,49819.08,87
C00766410,19751.05,8
C00766428,1926825.02,478
C00766451,169992.09,123
C00766477,4339.59,5
C00766493,935889.54,358
C00766519,224323.15,673
C00766527,106182.77,29
C00766543,10722.68,36
C00766550,7530.0,3
C00766576,13191.32,53
C00766584,380.63,1
C00766592,56134.08,29
C00766634,277213.55,713
C00766642,89779.54,89
C00766659,580128.53,656
C00766691,802037.15,477
C00766717,16369.41,15
C00766725,215816.77,151
C00766733,171386.14,149
C00766758,48763.09,48
C00766774,358471.75,239
C00766782,16345523.38,650
C00766790,706300.85,226
C00766808,128953.62,168
C00766816,27777.96,80
C00766832,615970.78,636
C00766840,266010.05,123
C00766857,13316.91,92
C00766865,10759.46,47
C00766873,12831.8,10
C00766972,212259.35,82
C00767046,2409559.65,1013
C00767079,99555.25,70
C00767111,321.72,1
C00767137,32792.01,58
C00767160,84703.07,52
C00767178,3619.49,62
C00767194,1512456.18,555
C00767277,70173.57,99
C00767285,44522.72,115
C00767293,12308.68,11
C00767319,387.6,12
C00767327,76559.92,103
C00767343,574160.41,699
C00767350,478827.64,548
C00767368,161437.04,65
C00767400,5332720.73,1770
C00767459,10621.46,15
C00767608,200988.94,241
C00767616,12348.01,41
C00767624,889809.46,281
C00767640,871965.03,384
C00767657,2487687.81,1249
C00767731,12334.24,364
C00767749,50231.45,4
C00767756,383755.38,357
C00767764,19658.55,9
C00767772,28196.5,29
C00767798,1839561.69,1089
C00767806,6190.7,20
C00767814,220.3,1
C00767830,14290.89,14
C00767855,3212.59,10
C00767863,1185.42,5
C00767871,375250.05,158
C00767897,6260.95,19
C00767913,1910.92,9
C00767947,12134.72,65
C00767988,60612.66,18
C00768002,1580.54,6
C00768028,750.0,1
C00768085,30598.67,57
C00768101,15957105.64,2008
C00768127,16116.73,7
C00768200,111550.86,130
C00768283,6832.75,6
C00768309,1022.61,43
C00768317,1510616.06,391
C00768325,11500.0,7
C00768333,13964.19,8
C00768366,208116.01,222
C00768408,742.5,11
C00768416,358933.1,203
C00768440,13235.73,27
C00768465,928532.47,559
C00768523,5500.0,1
C00768531,209.65,7
C00768556,5847.11,21
C00768564,173293.04,63
C00768572,183420.83,19
C00768606,6608.51,14
C00768614,9368.18,110
C00768622,2348.06,3
C00768655,98031.55,223
C00768671,7992.39,10
C00768689,816283.45,509
C00768705,3590107.33,1042
C00768754,186830.84,77
C00768762,75035.24,151
C00768770,17408.7,51
C00768820,30445.34,17
C00768838,757504.18,124
C00768846,2591.16,10
C00768853,43902.23,138
C00768887,19983.51,59
C00768895,3925.26,2
C00768903,57914.23,47
C00768911,354404.99,160
C00768929,218411.19,213
C00768937,1995.14,4
C00768960,32378.07,78
C00768978,14045.5,53
C00768994,4512056.7,1255
C00769000,20913.31,44
C00769034,2421.23,17
C00769059,725081.72,955
C00769109,535677.47,126
C00769125,253863.97,197
C00769133,250.0,1
C00769158,4596.66,30
C00769166,6284.0,5
C00769208,577067.43,844
C00769224,372.0,1
C00769232,186394.59,66
C00769257,33233.58,68
C00769281,1496.94,5
C00769299,82473.16,62
C00769364,69688.56,224
C00769372,12957.84,30
C00769406,20989.92,73
C00769414,2292730.65,1079
C00769430,10243.72,121
C00769448,51972.77,136
C00769455,137090.9,41
C00769463,18349.91,17
C00769471,1582832.42,300
C00769489,362471.84,101
C00769497,2700.0,1
C00769505,2700.0,1
C00769521,46524.9,24
C00769562,7068.5,24
C00769570,25390.47,33
C00769588,195340.33,362
C00769596,432710.0,167
C00769604,17300432.33,1361
C00769687,508432.97,777
C00769695,39295.76,31
C00769703,948232.45,690
C00769711,103154.9,66
C00769745,7893636.34,954
C00769778,15812.65,35
C00769786,152299.17,153
C00769794,100483.71,78
C00769828,227025.79,61
C00769844,546847.05,429
C00769869,20707.89,12
C00769893,4000.0,1
C00769901,1871205.52,869
C00769919,319764.93,367
C00769950,29440.68,29
C00769976,3345.86,18
C00769984,28372.6,56
C00769992,4710.59,42
C00770008,959488.75,680
C00770016,448856.9,94
C00770024,23286.0,3
C00770040,2745019.3,775
C00770057,853.89,3
C00770107,50337.03,65
C00770115,23563.25,33
C00770123,1100.0,2
C00770131,255385.63,297
C00770149,2499235.17,207
C00770172,12058.12,100
C00770180,1250972.35,313
C00770206,121943.3,56
C00770214,5407079.17,700
C00770222,218.31,2
C00770255,6400.55,11
C00770263,4934.35,9
C00770271,10168.55,6
C00770289,782.42,5
C00770297,22422.28,41
C00770313,1359.95,11
C00770347,2332266.05,1453
C00770362,115486.81,169
C00770370,1392.95,5
C00770388,321717.81,64
C00770396,17683.94,28
C00770412,718951.4,295
C00770420,714182.84,337
C00770438,5949934.86,840
C00770453,384000000.0,6
C00770479,12001.28,12
C00770487,14541.03,39
C00770495,915.8,19
C00770503,8973.65,50
C00770511,47606.71,54
C00770529,2600.12,7
C00770578,405728.65,247
C00770594,15513.33,7
C00770602,88224.41,95
C00770628,2932.18,5
C00770636,1082532.0,673
C00770669,97923.86,137
C00770743,266.07,5
C00770776,156304.41,171
C00770784,616683.15,219
C00770818,2874550.26,1018
C00770834,45674.95,96
C00770842,43329.35,68
C00770859,1426485.36,146
C00770875,1494.67,2
C00770909,5746.3,11
C00770941,84113525.45,1914
C00770966,69606.47,68
C00770974,1069967.57,942
C00770982,473042.44,124
C00771048,3570.1,7
C00771063,56509.2,48
C00771071,311424.29,108
C00771089,130924.01,69
C00771097,7380.58,117
C00771105,2318.27,12
C00771113,1259732.36,344
C00771139,314852.49,94
C00771154,33758.04,50
C00771162,34438.77,164
C00771170,20067.72,21
C00771188,4460.49,5
C00771204,22599.12,29
C00771220,142770.1,166
C00771238,53219.97,47
C00771246,50381.47,46
C00771253,38125.7,40
C00771261,23207.47,62
C00771279,145640.57,237
C00771303,26591.86,31
C00771311,1935.77,9
C00771329,25986.75,6
C00771337,9713.76,47
C00771360,2296803.07,930
C00771378,55523.09,94
C00771386,53548.59,70
C00771394,3495464.99,1091
C00771402,148656.36,32
C00771436,98443.17,470
C00771451,5636.4,2
C00771477,1408273.54,84
C00771493,83099.85,169
C00771501,7421.16,49
C00771527,45566.26,19
C00771535,298231.42,89
C00771543,289108.02,166
C00771550,15545.0,12
C00771592,2608.03,25
C00771618,151.87,3
C00771634,611644.82,284
C00771642,62200.8,25
C00771709,333112.1,342
C00771758,161449.16,119
C00771824,177326.84,375
C00771857,313638.0,230
C00771865,691565.06,569
C00771899,859.0,3
C00771949,1194993.82,419
C00771964,9542.4,7
C00771972,5392378.42,1343
C00771980,23137.58,26
C00771998,8030.21,17
C00772004,303921.02,107
C00772012,2693.58,5
C00772020,389859.72,118
C00772053,1332.33,3
C00772095,7032.87,19
C00772111,6593.18,10
C00772152,44114.88,42
C00772186,245668.72,163
C00772202,581316.92,451
C00772236,1741.21,1
C00772244,418660.35,199
C00772251,3400.8,3
C00772269,1015.11,19
C00772277,5117.18,73
C00772293,1500.0,5
C00772301,4525.0,2
C00772335,212984.48,180
C00772384,932.46,5
C00772400,10017.73,56
C00772426,4653.32,7
C00772434,41332.9,33
C00772442,588.34,5
C00772467,20496.25,35
C00772491,21318.82,13
C00772517,294727.19,151
C00772558,5008.0,5
C00772574,15084.52,66
C00772608,244.73,6
C00772624,31543.44,86
C00772632,54492.22,88
C00772640,12622.56,156
C00772657,49796.63,106
C00772699,5294.67,9
C00772780,4627.7,28
C00772798,31440.27,45
C00772830,9270.35,47
C00772871,3793.15,13
C00772889,4059.4,23
C00772897,3725.83,12
C00772905,980.43,10
C00772913,2032474.24,300
C00772921,9478.14,14
C00772939,3002.73,6
C00772947,3188.78,8
C00772954,2952.24,9
C00772962,4842.7,16
C00772988,1324.77,6
C00772996,561.01,1
C00773002,673.65,1
C00773010,656.79,1
C00773028,14352.96,2
C00773069,21566.25,10
C00773085,49430.52,58
C00773101,524656.35,811
C00773135,614.18,1
C00773143,643.9,1
C00773168,707.28,1
C00773176,787.39,1
C00773184,1700.0,1
C00773192,241.48,1
C00773200,695.38,5
C00773218,300.0,1
C00773234,38735.65,18
C00773259,450.0,1
C00773283,129510.26,92
C00773291,530.8,1
C00773317,490.68,1
C00773341,300.0,1
C00773382,673.53,1
C00773390,1951136.63,845
C00773416,66285.32,36
C00773432,450.0,1
C00773531,300.0,1
C00773549,350.0,1
C00773564,350.0,1
C00773697,375.0,1
C00773739,6062.7,30
C00773747,7860.69,28
C00773762,448722.42,539
C00773788,420314.39,653
C00773820,2435433.29,626
C00773838,65035.49,38
C00773846,46387.86,105
C00773853,28970.66,6
C00773879,730453.58,203
C00773887,61220.88,106
C00773903,147844.77,62
C00773911,735954.98,443
C00773978,140.0,4
C00774042,52441.11,51
C00774059,1953297.99,2560
C00774091,587.91,1
C00774109,17467.35,387
C00774125,69521.52,134
C00774141,50617.82,117
C00774174,65362.52,225
C00774182,37949.19,39
C00774190,95043.82,143
C00774224,4682.12,36
C00774232,178372.37,16
C00774240,135417.37,114
C00774257,130864.57,30
C00774265,372.35,7
C00774273,198207.69,216
C00774281,1949011.31,660
C00774323,2702419.87,573
C00774372,8000.0,10
C00774422,3799.15,18
C00774455,220409.97,419
C00774463,21307.96,51
C00774471,64.47,1
C00774497,39402.23,128
C00774570,5916429.19,1510
C00774588,89205.5,391
C00774596,35298.6,32
C00774612,360126.84,333
C00774638,256966.45,121
C00774653,6105.56,25
C00774679,90715.72,27
C00774695,5291.97,7
C00774703,70421.7,44
C00774729,9772.5,30
C00774745,10440.0,1
C00774778,472280.25,256
C00774836,186332.84,175
C00774844,348111.68,375
C00774851,187120.34,118
C00774869,14786.78,50
C00774877,300865.08,77
C00774885,58894.66,139
C00774893,188716.7,435
C00774901,243859.45,152
C00774919,47516.49,88
C00774927,348515.23,135
C00774935,22752.76,16
C00774943,2561384.04,379
C00774950,3036.98,13
C00774976,39237.04,21
C00775015,6251034.63,773
C00775049,5231.64,13
C00775155,2593.19,9
C00775163,109258.73,66
C00775171,4285.11,11
C00775189,9984.21,12
C00775205,603936.99,204
C00775247,734542.04,212
C00775379,212535.42,12
C00775387,1492.2,4
C00775395,268009.03,155
C00775411,247687.29,243
C00775437,1877.54,2
C00775445,1790.76,6
C00775478,963262.31,755
C00775486,336091.93,336
C00775510,2117856.29,360
C00775528,215746.52,190
C00775536,84574.61,107
C00775544,1973518.68,1245
C00775551,1720.0,2
C00775585,6018878.92,504
C00775593,36592.47,10
C00775601,2454.46,34
C00775627,200924.36,63
C00775668,69159.1,300
C00775700,47246.26,143
C00775841,33981.78,54
C00775924,41141.3,89
C00775965,32830.07,93
C00775999,13595.35,11
C00776005,13501.25,27
C00776013,2333.17,2
C00776039,15227.34,21
C00776062,238227.6,402
C00776088,2012.0,1
C00776096,43447.35,134
C00776104,25518.34,56
C00776120,3342913.51,845
C00776138,15596.56,27
C00776161,61145.45,48
C00776187,1740.0,6
C00776195,4362.89,4
C00776203,9026.19,35
C00776211,16799.72,41
C00776237,7984.71,16
C00776245,914821.41,748
C00776252,105743.3,163
C00776286,50209.48,44
C00776294,26200.0,4
C00776310,14386.06,30
C00776328,2905129.69,940
C00776344,25930.56,100
C00776385,1292364.38,130
C00776393,1018056.67,197
C00776401,77882.21,67
C00776419,104937.36,163
C00776443,3211.2,24
C00776450,5100.0,4
C00776468,5781.5,8
C00776476,1606170.26,460
C00776484,541987.17,902
C00776500,85476.34,180
C00776518,35433.2,59
C00776526,290908.43,142
C00776559,24928.1,21
C00776567,41507.21,126
C00776575,489329.35,204
C00776583,5086.55,8
C00776609,13254.8,76
C00776617,41125.09,60
C00776633,28462.21,15
C00776641,161431.1,112
C00776658,849202.08,550
C00776666,4954.57,13
C00776682,83140.94,128
C00776708,18240.86,16
C00776716,11595.87,55
C00776732,5561.29,6
C00776740,7644203.57,1390
C00776757,3693913.24,1366
C00776765,20446378.53,668
C00776773,65633.22,35
C00776799,5000.0,2
C00776823,377571.17,325
C00776831,1164409.92,582
C00776864,7666.67,4
C00776872,24635.34,39
C00776914,66859.59,66
C00776922,51879.08,49
C00776930,258735.66,232
C00776948,26123.53,62
C00776971,158715.33,193
C00777029,266526.97,33
C00777037,143211.19,222
C00777045,79390.75,73
C00777060,261758.25,20
C00777078,4731.4,18
C00777086,300.0,11
C00777102,40641.16,48
C00777136,29460.03,27
C00777144,63618.93,154
C00777151,139420.68,166
C00777185,4587824.07,306
C00777193,763.8,9
C00777201,1984.74,3
C00777219,147857.26,28
C00777227,647475.35,318
C00777250,532257.5,124
C00777276,30704.18,123
C00777326,481.68,2
C00777334,247830.64,57
C00777367,1000.0,2
C00777375,485549.3,108
C00777391,13674.86,25
C00777409,34595.46,59
C00777458,903.55,12
C00777482,45515.01,12
C00777490,317918.86,250
C00777508,13043.55,26
C00777524,77188.49,9
C00777540,4840.39,30
C00777557,101061.15,71
C00777565,192067.23,339
C00777599,76250.0,7
C00777607,181980.31,163
C00777631,325219.2,99
C00777649,50048.91,31
C00777656,8658.43,17
C00777672,2942.54,7
C00777680,3397.52,11
C00777698,110998.5,89
C00777714,4283.46,3
C00777722,34048.91,139
C00777748,12817.72,20
C00777771,55600852.26,2890
C00777805,15906.78,63
C00777847,1969.83,2
C00777862,8672.47,10
C00777888,40633.92,30
C00777896,1256.03,6
C00777904,36740593.56,2490
C00777912,2413.16,2
C00777920,582366.08,471
C00777946,300745.17,207
C00777953,13047.85,13
C00777995,729027.8,263
C00778076,1000.0,2
C00778084,305553.08,81
C00778092,5812.0,3
C00778100,101309.3,53
C00778126,237352.02,148
C00778134,12962.91,48
C00778142,748286.74,278
C00778159,6280039.23,718
C00778175,7551.82,10
C00778191,16463.44,53
C00778209,9802.26,6
C00778241,61252.92,45
C00778266,2648.5,5
C00778274,457708.73,73
C00778290,24200.68,26
C00778308,51696.95,50
C00778324,69147.1,14
C00778332,173463.34,176
C00778340,80303.32,95
C00778357,70368.31,28
C00778381,51162.36,101
C00778407,19355000.04,1937
C00778415,38037.5,21
C00778423,7991.64,13
C00778431,179641.38,207
C00778464,2508420.24,908
C00778472,72202.12,20
C00778480,3659.6,10
C00778506,20299.79,12
C00778522,12123.83,15
C00778555,19355.32,14
C00778589,75368.97,126
C00778605,2452.83,3
C00778639,338.69,1
C00778647,290.89,1
C00778654,350.0,1
C00778746,499116.14,156
C00778753,114388.65,122
C00778761,33448.32,24
C00778811,177900.45,93
C00778886,139058.56,367
C00778910,514.0,5
C00778928,147773.94,128
C00778936,438243.45,175
C00778977,208511.05,213
C00778985,13933.33,4
C00778993,40044.79,102
C00779041,274644.08,89
C00779058,625078.4,365
C00779074,360677.25,89
C00779090,689010.84,380
C00779108,965980.12,187
C00779124,32484.12,79
C00779132,758248.77,28
C00779173,109120.76,194
C00779181,59362.22,25
C00779199,11025.62,52
C00779223,768969.18,514
C00779231,119032.99,80
C00779272,1450.0,2
C00779280,3957.41,7
C00779306,8540.59,8
C00779314,36618.45,16
C00779322,7933.1,15
C00779330,39259.0,17
C00779363,32653.55,28
C00779397,6986.33,44
C00779405,339855.25,208
C00779439,1023097.79,283
C00779512,26115.98,27
C00779520,1240.1,2
C00779538,4802.94,39
C00779553,630509.9,274
C00779561,8025.71,77
C00779579,700023.73,284
C00779603,1972322.72,1220
C00779611,12108.44,33
C00779637,12520.57,4
C00779652,2545.28,17
C00779660,3665.0,3
C00779686,1391152.16,5829
C00779736,9932.6,13
C00779751,236685.83,144
C00779769,1200001.98,411
C00779793,17734.35,69
C00779819,44532.86,32
C00779827,16357.92,33
C00779843,77568.08,42
C00779850,531522.8,176
C00779884,2084.14,6
C00779892,30204.56,22
C00779900,603.48,3
C00779918,234381.68,188
C00779942,96364.64,18
C00779959,54794.8,8
C00779967,1046018.35,310
C00779991,44748.37,61
C00780007,3711.84,8
C00780023,666488.1,489
C00780031,2019.87,25
C00780049,2589015.96,569
C00780056,1596438.12,512
C00780072,11618.42,7
C00780080,4218.55,1
C00780122,424680.68,97
C00780148,9827.45,8
C00780155,1113171.98,826
C00780163,802.24,13
C00780171,802.69,13
C00780197,497.23,4
C00780205,134390.47,76
C00780213,231162.84,205
C00780221,2751.4,7
C00780254,13498.93,68
C00780262,500.0,1
C00780270,19571.0,8
C00780288,287.37,5
C00780296,18333.41,77
C00780304,2856.41,3
C00780338,42763.23,24
C00780346,651.4,8
C00780361,78411.58,47
C00780403,20766.99,10
C00780411,170460.48,141
C00780429,49601.59,187
C00780437,424369.1,504
C00780445,12036.3,32
C00780452,40072.09,73
C00780460,1497.16,6
C00780486,11635.69,11
C00780494,39952.21,21
C00780544,241055.41,180
C00780585,33443.62,59
C00780601,18318.22,20
C00780619,2992569.4,533
C00780627,3911.25,2
C00780635,17134.55,19
C00780643,71039.06,63
C00780650,45151.48,32
C00780668,7763.86,45
C00780676,8571.63,6
C00780684,244295.55,65
C00780700,161592.9,127
C00780718,8386.04,11
C00780726,107505.84,151
C00780734,31019.79,18
C00780742,6068.97,22
C00780759,24145.45,7
C00780767,3328.25,7
C00780775,24654.01,110
C00780791,2462215.56,575
C00780809,13814.0,9
C00780825,7421.33,15
C00780841,4763.93,26
C00780858,137837.31,12
C00780866,24105.48,8
C00780874,25759.23,37
C00780882,489866.09,266
C00780890,5737.59,11
C00780916,20318.31,20
C00780965,20908.97,69
C00780973,17846.2,15
C00780999,43720.39,34
C00781021,1459532.57,1349
C00781039,641133.31,78
C00781062,84374.4,97
C00781104,818502.8,912
C00781112,4452484.73,833
C00781120,73080.37,125
C00781138,592.92,4
C00781153,152711.93,84
C00781187,636516.88,207
C00781203,5261.66,15
C00781211,261925.09,76
C00781229,98870.61,87
C00781252,532505.72,332
C00781260,15089.75,10
C00781278,11493.04,8
C00781286,19483.24,44
C00781294,1300.0,1
C00781302,30502.5,14
C00781328,1035817.18,319
C00781336,1646965.76,672
C00781351,22530.7,10
C00781369,10448.92,7
C00781377,31977.48,80
C00781385,6364.85,5
C00781427,1670353.91,648
C00781435,209.18,3
C00781443,9604563.42,1221
C00781450,284590.23,150
C00781468,20024.59,28
C00781476,7003.15,17
C00781484,467202.56,346
C00781492,1339163.95,1549
C00781500,8443.01,21
C00781518,6009.3,6
C00781567,501031.99,285
C00781575,234813.77,171
C00781625,1590.56,3
C00781658,37059.44,87
C00781666,560429.53,471
C00781674,79855.75,57
C00781708,342362.75,36
C00781716,47103.76,81
C00781740,712.5,4
C00781773,18279.94,20
C00781799,5483.73,68
C00781807,27520.83,65
C00781898,2758262.15,860
C00781922,660725.34,335
C00781930,56760.6,97
C00781948,79928.48,361
C00781971,543568.31,203
C00781997,1552.03,10
C00782003,54651.84,32
C00782011,294436.8,297
C00782037,101150.66,18
C00782045,5000.0,1
C00782060,4129.88,4
C00782078,1416.96,3
C00782086,9195.48,4
C00782128,890919.01,591
C00782136,454474.96,230
C00782144,91939.74,24
C00782151,11881.44,24
C00782169,11101.09,13
C00782177,121695.46,224
C00782219,187207.97,133
C00782243,270.62,1
C00782250,12891.0,12
C00782284,26987.12,27
C00782300,173143.42,84
C00782326,5401.6,16
C00782367,325.95,8
C00782391,447792.11,349
C00782433,11169.98,33
C00782458,313.25,2
C00782482,2170.75,2
C00782490,583.02,1
C00782508,570654.44,197
C00782532,1126.46,4
C00782540,441883.05,96
C00782565,59204.57,90
C00782581,1485428.77,532
C00782599,731953.75,158
C00782615,9649.98,18
C00782631,61109.51,22
C00782649,25857.55,41
C00782656,333412.13,37
C00782664,512.5,2
C00782698,9798.96,27
C00782706,208895.11,182
C00782714,200803.45,121
C00782730,3491.4,13
C00782755,337784.14,216
C00782789,351329.06,182
C00782797,3281362.83,1005
C00782813,12466.96,9
C00782839,13366.73,2
C00782847,37921.53,14
C00782854,861864.02,793
C00782862,228.97,1
C00782938,32251.46,12
C00782961,44311.9,98
C00782979,4955.25,2
C00783001,20076.63,13
C00783027,46776.86,46
C00783043,6217.18,21
C00783068,309343.22,184
C00783076,12007.6,16
C00783084,146519.55,84
C00783092,329573.91,182
C00783134,64741.44,135
C00783142,14688561.52,1175
C00783159,238199.55,210
C00783167,13291.86,29
C00783175,1935449.25,243
C00783209,86806.81,52
C00783225,6319.99,15
C00783233,285236.88,402
C00783241,114314.87,280
C00783258,93158.02,82
C00783266,229008.74,129
C00783274,6466278.17,2022
C00783282,9367.7,7
C00783290,9446.95,3
C00783308,40040.74,19
C00783316,17903.25,26
C00783324,191187.16,157
C00783332,25729.21,66
C00783340,702566.33,343
C00783357,33505.01,55
C00783365,335688.43,466
C00783373,313017.64,181
C00783381,755990.95,173
C00783407,13138.86,17
C00783423,2306.23,24
C00783449,3997.37,35
C00783456,38244.55,87
C00783464,892687.32,127
C00783480,129516.68,98
C00783498,599671.56,419
C00783506,220940.0,158
C00783530,4695174.04,419
C00783548,1284.69,1
C00783589,26697.72,30
C00783605,52683.08,32
C00783639,66759.11,405
C00783654,26976.53,112
C00783670,1180.0,10
C00783688,338012.61,196
C00783696,2972051.56,869
C00783704,237095.21,173
C00783712,1089185.91,600
C00783720,816016.03,215
C00783738,22298.22,21
C00783746,91834.41,34
C00783753,38737.39,32
C00783761,12564.25,25
C00783779,31455.0,35
C00783795,300.54,1
C00783837,194516.2,147
C00783845,21073.85,19
C00783852,4820.78,12
C00783886,14972.5,15
C00783894,164456.79,93
C00783902,2009.38,4
C00783910,434162.35,128
C00783928,69914.71,98
C00783936,4119713.57,1271
C00783951,5727.94,9
C00783969,34682.79,48
C00783985,1944.4,8
C00784017,17384.72,39
C00784025,1952428.53,517
C00784033,96205.5,71
C00784041,116265.27,203
C00784066,239688.82,184
C00784074,332284.27,235
C00784082,581196.67,289
C00784090,1875.0,5
C00784116,4063.9,23
C00784132,2212.25,14
C00784140,52650.3,29
C00784165,14355025.4,1804
C00784173,508742.0,21
C00784249,88602.09,200
C00784264,13712.9,28
C00784272,1131333.29,673
C00784280,78510.41,63
C00784298,187053.2,137
C00784306,1922223.63,284
C00784314,104608.15,35
C00784330,7627.46,55
C00784355,347112.83,388
C00784371,3342678.06,824
C00784389,2329835.1,353
C00784397,25790.41,45
C00784413,49089.29,5
C00784421,3315.49,14
C00784439,21343.95,22
C00784454,29522.35,62
C00784470,63378.52,49
C00784496,719503.9,360
C00784512,200.3,1
C00784520,2441002.82,773
C00784546,56546.24,25
C00784553,30110.47,31
C00784561,35059.1,22
C00784579,142457.35,124
C00784587,799836.27,398
C00784603,4496.0,9
C00784611,3114.75,6
C00784629,882903.92,364
C00784637,421841.81,322
C00784645,159845.22,119
C00784652,34660.75,18
C00784686,600.0,4
C00784694,19051.62,14
C00784751,62983.03,92
C00784769,1112.45,6
C00784777,19202.53,16
C00784785,853304.69,424
C00784819,8125.21,13
C00784835,43459.69,170
C00784843,3134608.74,1221
C00784868,500.0,1
C00784876,76696.96,25
C00784884,3693538.06,775
C00784892,3747.3,24
C00784900,66622.23,98
C00784918,16966.93,13
C00784926,1217719.18,590
C00784934,3480255.56,519
C00784959,41054689.24,1664
C00784967,91581.35,48
C00784975,685516.2,291
C00784983,158589.15,213
C00784991,55040.68,87
C00785006,847899.98,391
C00785014,46491.9,30
C00785048,13912.42,28
C00785063,13814.48,21
C00785071,6333.36,12
C00785097,287754.53,165
C00785105,54575.27,52
C00785113,244846.75,151
C00785121,28300.0,3
C00785170,19562.44,13
C00785196,325012.71,58
C00785238,4847.54,21
C00785246,1700.0,1
C00785253,4205.33,48
C00785261,281533.5,160
C00785279,3889270.05,834
C00785287,476217.87,317
C00785295,166762.37,43
C00785303,37554.8,191
C00785311,1589.44,23
C00785337,2881.28,11
C00785360,81271.03,59
C00785378,177300.0,57
C00785428,1803.67,9
C00785436,225.0,1
C00785444,2096.03,2
C00785451,2842.0,6
C00785493,234809.98,147
C00785519,15427.9,25
C00785543,59544.63,51
C00785550,253268.88,29
C00785568,37848.29,13
C00785584,186526.68,153
C00785592,26959.98,24
C00785634,33237.13,49
C00785675,3986700.32,977
C00785683,132662.5,123
C00785717,2050.93,9
C00785733,1030878.62,470
C00785741,20005.0,2
C00785758,1896.78,6
C00785774,57587.57,88
C00785790,30701.13,9
C00785808,2033.07,15
C00785816,38308.25,36
C00785824,35071.74,45
C00785832,25625.38,46
C00785857,47140.76,11
C00785865,273107.47,258
C00785873,29716.64,32
C00785881,3439.09,10
C00785899,33643.65,45
C00785923,888010.49,535
C00785931,6073.56,10
C00785949,44710.09,43
C00785956,228534.32,122
C00785980,71417.62,126
C00785998,1772.5,2
C00786004,274739.04,207
C00786012,4400.0,2
C00786038,5155811.39,473
C00786053,31135.71,64
C00786061,100522.43,63
C00786087,3183872.04,626
C00786095,6692.25,10
C00786103,3068.65,4
C00786129,61178.98,201
C00786152,614063.13,71
C00786178,24178.39,54
C00786186,10808.93,23
C00786194,3142164.64,649
C00786202,6006.38,16
C00786210,302872.82,167
C00786228,13685.63,21
C00786236,777.59,16
C00786277,18900.41,89
C00786285,40196.51,20
C00786293,49247.11,28
C00786319,80234.13,84
C00786327,13546.06,24
C00786335,10677.0,36
C00786343,96879.43,171
C00786350,4148.93,66
C00786368,15792.17,15
C00786384,102256.54,203
C00786392,54721.03,106
C00786434,1565.32,11
C00786467,18402.25,8
C00786475,48044.26,35
C00786483,2120.59,8
C00786491,117520.87,152
C00786517,9444.5,2
C00786541,187991.65,198
C00786558,25923.94,90
C00786566,9678.25,35
C00786574,78746.22,85
C00786624,781935.01,41
C00786632,231794.23,93
C00786640,140.34,1
C00786657,1085872.59,504
C00786665,81844.93,157
C00786715,1073420.01,279
C00786723,460867.2,218
C00786731,87563.65,249
C00786749,12164.72,11
C00786772,37715.64,54
C00786780,345.0,1
C00786798,181392.36,112
C00786806,229126.97,260
C00786822,2452111.06,784
C00786830,21993.06,81
C00786855,139140.58,54
C00786863,43768.94,7
C00786889,232913.25,133
C00786905,50974.04,57
C00786921,131.74,3
C00786954,515697.41,271
C00786988,74899.9,26
C00786996,445672.96,174
C00787002,4453.5,9
C00787069,28083.97,54
C00787085,6500.0,4
C00787101,555881.65,182
C00787135,17843056.91,1822
C00787143,7628.75,3
C00787150,9459.36,15
C00787192,39937.1,3
C00787218,6175.0,8
C00787234,53099.74,55
C00787242,3010.0,7
C00787259,15681.64,10
C00787267,187163.87,145
C00787275,769.65,3
C00787283,70759.32,48
C00787309,2434.7,6
C00787317,19481.9,44
C00787333,5047.14,16
C00787341,1151543.95,515
C00787366,3212.84,2
C00787374,4258.97,51
C00787390,132097.94,105
C00787424,4172.48,19
C00787432,4575.0,27
C00787465,4862.11,3
C00787473,8267.15,9
C00787499,11136.25,4
C00787507,24391.53,19
C00787515,14582.5,3
C00787549,13939.52,68
C00787556,106110.1,103
C00787564,34025.93,54
C00787580,6079.46,2
C00787598,324019.03,312
C00787614,10189.62,92
C00787648,3232987.16,672
C00787655,184524.83,12
C00787671,387280.72,432
C00787689,14025.23,29
C00787721,32362.64,28
C00787754,2213.96,4
C00787788,3504142.09,672
C00787812,3813303.46,945
C00787820,3141300.39,1108
C00787838,2416.4,3
C00787846,80478.08,23
C00787853,67056031.5,2486
C00787861,6137.75,11
C00787879,15223.31,14
C00787887,11137.47,7
C00787929,10667.87,23
C00787945,537878.81,301
C00787978,739157.77,46
C00787994,92668.4,59
C00788000,91859.0,194
C00788042,20630.69,14
C00788083,79825.49,259
C00788091,506492.1,31
C00788109,1716.3,1
C00788117,11795.42,17
C00788166,33542.49,26
C00788182,22458.91,62
C00788190,10357.03,17
C00788232,7001.1,38
C00788257,3544.56,5
C00788265,14745.65,34
C00788273,140052.8,69
C00788299,354655.86,473
C00788349,250.01,1
C00788356,134034.63,490
C00788380,176029.16,154
C00788398,29991.9,22
C00788414,888143.53,242
C00788448,182828.47,78
C00788463,316645.93,206
C00788489,14661.83,10
C00788497,225229.12,582
C00788505,17983.14,29
C00788513,9349.87,5
C00788539,57947.53,220
C00788547,61442.59,49
C00788562,63021.76,135
C00788570,789.0,5
C00788588,296869.26,222
C00788596,8937.17,3
C00788661,2928.06,15
C00788679,2150810.69,104
C00788687,9363.11,66
C00788695,98503.55,136
C00788737,10403.59,9
C00788752,252552.95,121
C00788786,839.29,2
C00788794,542500.13,76
C00788802,35579.47,89
C00788810,595295.67,328
C00788828,18600.0,4
C00788851,110797.57,23
C00788869,2265310.26,587
C00788877,509235.66,67
C00788943,5164627.84,1886
C00788950,1408.86,6
C00788968,3434574.48,294
C00788976,958.5,4
C00788992,6378.89,13
C00789008,1017777.0,680
C00789016,5320.31,2
C00789073,14880.38,42
C00789081,7475.0,3
C00789099,397232.0,1
C00789123,15815.85,124
C00789198,919.07,3
C00789222,32714.06,32
C00789230,389273.16,136
C00789248,782.43,1
C00789263,154983.54,150
C00789271,3588.74,2
C00789289,9875.5,79
C00789305,76395.03,163
C00789313,95.43,2
C00789339,2105176.48,280
C00789347,34666.45,72
C00789362,42938.5,11
C00789370,750.0,4
C00789388,6240.02,33
C00789396,11626.01,15
C00789404,3608583.91,824
C00789420,377268.86,79
C00789438,500.0,1
C00789461,56492.16,283
C00789479,157661.39,120
C00789495,763314.54,51
C00789503,330.0,1
C00789511,1000.0,1
C00789529,2445.1,4
C00789537,7054.91,5
C00789552,124226.68,25
C00789560,2834.59,26
C00789578,211106.64,100
C00789586,2389262.2,422
C00789602,878.79,7
C00789610,64808.81,20
C00789628,60659.96,131
C00789644,174747.42,216
C00789651,1030.0,3
C00789669,8276.05,26
C00789685,9813.52,30
C00789693,132444.53,148
C00789727,22802.13,23
C00789735,2000.0,1
C00789743,855.9,3
C00789776,6268.24,4
C00789792,135033.08,117
C00789818,252.7,1
C00789834,89956.64,47
C00789842,175995.03,933
C00789867,2551.26,44
C00789875,13529.63,17
C00789933,10176.75,5
C00789941,47927.85,29
C00789958,15727.7,27
C00789966,792299.82,1166
C00789974,4067.5,3
C00789982,5900.0,2
C00790006,6321.56,6
C00790022,11879.28,3
C00790030,168890.11,319
C00790048,250.0,1
C00790055,19455.72,31
C00790063,365706.72,217
C00790071,51894.44,21
C00790089,95135.0,16
C00790097,27582.74,38
C00790162,42036.28,27
C00790170,15000.0,1
C00790188,713.12,4
C00790196,5380.04,16
C00790212,2000.0,1
C00790238,40468.84,80
C00790261,83873.69,97
C00790279,609786.29,304
C00790287,871314.33,163
C00790329,387831.51,623
C00790337,313479.35,206
C00790345,40966.24,35
C00790352,34703.17,34
C00790360,65202.11,41
C00790378,779218.97,380
C00790386,11129742.71,528
C00790394,101022.6,149
C00790402,150080.7,112
C00790410,53289.46,88
C00790428,26947.77,108
C00790436,57524.0,101
C00790444,795121.83,227
C00790469,869501.72,273
C00790477,3863385.6,296
C00790485,237140.38,142
C00790501,47843.6,10
C00790519,101696.94,37
C00790527,12023.82,18
C00790543,1756879.81,707
C00790550,579589.67,232
C00790568,192150.52,159
C00790576,122435.3,65
C00790592,92418.91,20
C00790600,12926.9,25
C00790634,1125716.68,226
C00790642,107016.79,251
C00790659,252467.24,88
C00790683,83907.37,118
C00790691,2618.29,4
C00790717,19736.44,41
C00790733,7640141.66,1403
C00790758,2204896.31,775
C00790766,160134.8,69
C00790774,86105.81,27
C00790790,35018.82,211
C00790808,127179.36,31
C00790816,872874.72,110
C00790824,234454.92,105
C00790857,8000.0,2
C00790865,678045.96,134
C00790873,20.0,1
C00790899,7750.0,9
C00790915,132700.44,121
C00790923,113341.05,21
C00790949,15350.17,11
C00790964,67587.13,102
C00790972,297506.61,177
C00790998,59782.42,31
C00791004,9260.88,62
C00791012,14423.15,37
C00791020,35198.56,23
C00791038,162336.77,40
C00791046,186984.46,235
C00791053,2245.48,6
C00791111,7135.5,6
C00791129,518.76,1
C00791137,9441.3,7
C00791160,15505.01,5
C00791178,91048.13,142
C00791186,9747519.66,1282
C00791202,57749.99,23
C00791236,176047.06,435
C00791244,248223.39,70
C00791277,18447.09,34
C00791293,547059.49,427
C00791301,2753.7,11
C00791319,10128.87,10
C00791327,6160.62,19
C00791335,732469.24,352
C00791343,1245871.66,286
C00791368,34383.04,14
C00791384,23930.94,58
C00791392,2785983.53,676
C00791442,45351.51,64
C00791459,391583.63,152
C00791467,213970.54,121
C00791475,450523.24,321
C00791491,743202.87,607
C00791509,359108.49,180
C00791517,191017.54,31
C00791525,11287516.28,1633
C00791533,303276.36,151
C00791541,190139.88,48
C00791558,82090.82,61
C00791574,565176.21,143
C00791582,241580.58,104
C00791590,10351.31,9
C00791608,4657.45,10
C00791640,13819.35,9
C00791657,7606.68,2
C00791665,42.37,1
C00791673,762.0,2
C00791699,114702.03,111
C00791715,196964.33,344
C00791749,4690.68,12
C00791756,2894927.53,461
C00791764,316.73,2
C00791772,1361.67,7
C00791780,1810318.39,661
C00791806,29556.06,11
C00791814,389609.62,272
C00791863,39546.0,17
C00791871,438042.52,241
C00791897,1571936.66,758
C00791913,4927146.07,331
C00791947,72504.04,32
C00791962,685613.51,207
C00791970,9.1,5
C00791988,709.12,13
C00791996,5104.24,7
C00792002,646432.86,125
C00792028,54539.6,15
C00792051,447307.22,117
C00792069,19184.33,22
C00792077,209919.62,155
C00792085,1434150.13,376
C00792093,457942.01,214
C00792101,69680.15,120
C00792127,1825.81,2
C00792135,25826.1,16
C00792143,123887.58,62
C00792150,4839.85,13
C00792168,1372853.51,615
C00792176,9394.38,13
C00792184,367679.14,286
C00792192,453858.08,197
C00792200,5994.78,11
C00792226,20973.98,12
C00792234,5585.19,2
C00792242,7056.38,5
C00792259,705324.75,157
C00792267,479473.22,358
C00792275,67050.51,34
C00792283,1547994.48,425
C00792333,742300.56,92
C00792341,1386920.78,832
C00792382,229382.45,111
C00792390,32352.11,15
C00792408,246114.59,46
C00792416,26050.72,34
C00792424,11697.41,93
C00792432,52976.93,14
C00792440,3503.4,22
C00792465,3567004.38,961
C00792473,314713.32,114
C00792481,339948.29,198
C00792499,66732.76,91
C00792507,3682519.89,540
C00792515,278967.1,357
C00792556,13188.96,11
C00792580,3226.2,2
C00792598,954622.29,532
C00792614,120371.24,180
C00792630,19243.92,38
C00792689,233703.56,65
C00792747,530.0,4
C00792754,125832.93,38
C00792762,356918.85,286
C00792812,44286.26,35
C00792846,14481.73,44
C00792861,63841.66,64
C00792887,3200.0,21
C00792903,30030.43,39
C00792911,83452.12,30
C00792945,11581.06,3
C00792960,2709.26,5
C00792994,1538433.03,310
C00793000,75.0,3
C00793018,23411.15,11
C00793026,30017.67,95
C00793042,5409.94,6
C00793083,59996.97,39
C00793109,705201.78,145
C00793117,190350.46,80
C00793166,1611421.91,673
C00793182,137920.1,167
C00793190,25306.55,65
C00793208,136114.64,106
C00793257,1065.75,7
C00793265,4120.0,4
C00793273,509398.33,109
C00793281,1583553.03,440
C00793307,235578.95,192
C00793315,525.0,2
C00793356,50851.92,16
C00793364,34199.59,17
C00793372,6651.62,6
C00793380,1120527.42,474
C00793448,31756.92,18
C00793505,72582.5,39
C00793513,28006.5,38
C00793539,38586.0,3
C00793562,32953.25,61
C00793570,122297.91,28
C00793612,312303.79,136
C00793620,88919.0,20
C00793638,1971133.87,349
C00793646,4398753.2,490
C00793679,168005.29,20
C00793687,118159.14,156
C00793695,26250.6,8
C00793703,3368056.84,926
C00793752,15676.64,14
C00793760,4145038.21,602
C00793778,310724.81,175
C00793786,655220.01,349
C00793802,9180.91,30
C00793828,103065.28,28
C00793844,3491.8,54
C00793851,8486.27,11
C00793869,828242.73,148
C00793877,211842.76,256
C00793919,27830.05,5
C00793935,3036214.06,453
C00793943,471743.67,363
C00793950,164273.73,168
C00793968,7081.36,6
C00793976,2669333.63,472
C00794008,43008.6,3
C00794016,11361.21,47
C00794024,120743.29,23
C00794032,6752.38,17
C00794040,979872.55,281
C00794065,1744419.93,589
C00794081,15828.37,10
C00794131,144706.09,61
C00794149,10000.0,7
C00794156,16248.63,12
C00794164,1634068.91,196
C00794198,23541.55,15
C00794263,74200.47,177
C00794271,43803.98,10
C00794297,284639.4,97
C00794305,45812.0,17
C00794339,386150.17,102
C00794354,208224.39,215
C00794370,276966.87,332
C00794388,1035687.1,58
C00794396,1048200.79,156
C00794404,13137.8,97
C00794412,11922.66,7
C00794438,423712.19,160
C00794446,9735.25,5
C00794453,18370.0,3
C00794479,1310445.08,329
C00794487,69590.33,41
C00794495,844210.42,254
C00794503,10000.0,1
C00794537,190902.59,112
C00794560,161761.35,135
C00794578,3612.8,3
C00794586,2622.83,1
C00794602,1461692.47,408
C00794610,480019.27,84
C00794644,36520.0,6
C00794669,82572.67,48
C00794677,29093.6,54
C00794685,9000.0,8
C00794693,35232.59,62
C00794719,422099.63,8
C00794727,1068919.27,404
C00794735,44372.97,62
C00794743,723.4,4
C00794750,1769.48,7
C00794768,25702.8,13
C00794792,35948.22,130
C00794800,103425.09,236
C00794834,1200.0,1
C00794859,24687.38,23
C00794867,19828.17,38
C00794875,56443.6,16
C00794883,1575.66,7
C00794891,1971494.03,184
C00794909,25265.15,24
C00794917,23544.99,37
C00794925,1742.93,3
C00794941,5688.33,6
C00794982,604344.28,269
C00795005,1136658.81,425
C00795047,8803.56,9
C00795054,173255.45,315
C00795088,120112.29,87
C00795096,24326.09,22
C00795104,786686.59,355
C00795112,71718.18,62
C00795211,1783656.67,531
C00795237,10125.71,13
C00795245,31370.75,30
C00795252,3391480.83,903
C00795278,126013.75,88
C00795310,15660.07,21
C00795328,1672.85,4
C00795351,43722.64,35
C00795401,486869.37,149
C00795450,777702.36,430
C00795476,16576.86,21
C00795484,15595.78,5
C00795492,3999.0,2
C00795500,15000.0,1
C00795518,12445.27,29
C00795526,173498.89,489
C00795534,31737.4,17
C00795542,2163895.14,535
C00795559,329971.37,126
C00795575,16973.68,28
C00795583,4611.06,12
C00795591,3534.5,3
C00795609,3855.54,3
C00795617,63790.44,30
C00795658,229482.12,442
C00795682,142108.59,124
C00795708,1266.58,2
C00795724,358961.16,64
C00795740,74399.6,194
C00795757,722132.28,345
C00795765,274720.37,81
C00795773,472954.85,67
C00795799,1168256.82,218
C00795815,11068.97,64
C00795823,1090791.68,222
C00795831,323030.71,294
C00795864,210253.36,310
C00795880,21750.5,86
C00795906,134160.07,153
C00795914,8057.64,15
C00795930,48881446.23,1625
C00795948,171324.07,21
C00796011,27787.35,23
C00796037,138749.67,123
C00796045,5240376.36,459
C00796060,3896.36,6
C00796086,913593.45,473
C00796110,38228.08,9
C00796144,2546991.73,582
C00796151,46597.68,180
C00796169,12423.88,25
C00796177,8375.0,8
C00796185,10296.73,13
C00796193,91579.92,56
C00796201,5003.0,8
C00796227,3300.0,8
C00796235,153082.77,259
C00796250,68106.79,39
C00796284,97794.26,54
C00796292,285.66,4
C00796300,22035.01,7
C00796342,62037.49,74
C00796383,1727049.16,260
C00796391,490.76,2
C00796425,141163.98,21
C00796433,1417250.41,422
C00796441,54789.92,49
C00796458,9136.53,3
C00796482,13958.34,6
C00796508,12234.22,23
C00796516,1099785.4,445
C00796524,874796.97,209
C00796540,4029643.44,678
C00796557,1888.56,7
C00796573,150736.68,154
C00796581,15333.28,19
C00796607,289847.63,133
C00796623,140.0,2
C00796672,854840.95,400
C00796680,437371.14,233
C00796698,28037.0,25
C00796714,53026.26,29
C00796755,3248.06,5
C00796763,118459.2,24
C00796789,54922.43,38
C00796797,147545.3,40
C00796805,3186.78,2
C00796821,812.0,11
C00796847,710.44,2
C00796854,178985.71,258
C00796912,1196.0,2
C00796920,210592.6,94
C00796946,2197.46,2
C00796987,10877.58,4
C00796995,44395.29,81
C00797027,6650.0,1
C00797035,95.0,2
C00797043,13628.2,22
C00797068,6361495.51,104
C00797084,20364.24,4
C00797092,66111.66,18
C00797142,63543.21,87
C00797167,1877.52,3
C00797175,1782773.68,831
C00797183,171865.97,57
C00797191,14533.52,14
C00797217,2311737.73,597
C00797225,70392.44,100
C00797233,419881.08,94
C00797241,1861211.02,455
C00797258,142505.13,62
C00797266,782.08,6
C00797282,3305655.99,621
C00797290,68618.67,235
C00797316,3407.23,11
C00797332,125311.86,13
C00797340,25100.88,38
C00797365,6950.85,6
C00797381,88737.54,76
C00797415,3125.0,1
C00797423,13346.92,24
C00797464,585399.12,446
C00797480,16661.08,13
C00797506,227537.73,185
C00797522,285019.48,109
C00797548,12680.12,21
C00797555,46720.56,47
C00797563,3511598.4,112
C00797597,182345.39,116
C00797605,5449.34,17
C00797613,62632.32,25
C00797639,405662.19,87
C00797647,159213.73,93
C00797654,21371.04,10
C00797670,687671.48,59
C00797704,88285.86,43
C00797738,64725.96,59
C00797746,14434.63,7
C00797753,23448.06,32
C00797761,47860.16,65
C00797795,1277249.46,333
C00797803,88296.4,114
C00797811,58977.77,13
C00797829,100969.79,19
C00797845,250.0,1
C00797852,3572.47,8
C00797878,89731.11,24
C00797910,3227.76,19
C00797928,264896.65,148
C00797944,1050.0,3
C00797977,21530.0,5
C00798009,95606.01,12
C00798025,2396.0,6
C00798033,10217.52,26
C00798066,292525.83,237
C00798108,5482.0,6
C00798116,1965256.23,117
C00798132,6175724.79,894
C00798157,40017.78,54
C00798207,111964.15,10
C00798215,60678.93,501
C00798223,18176.95,44
C00798249,4097.67,3
C00798314,46059.8,35
C00798322,2945869.91,646
C00798330,354154.63,93
C00798355,89959.62,48
C00798363,26469.0,5
C00798397,1656.04,14
C00798405,3500.0,1
C00798447,30102.13,35
C00798538,4000.0,4
C00798546,7357.82,28
C00798553,21502.58,59
C00798561,168679.68,135
C00798579,598.8,8
C00798587,29912.46,18
C00798595,30890.86,164
C00798611,129642.54,7
C00798702,145444.13,85
C00798751,22744.89,94
C00798769,970.2,4
C00798777,8500.92,20
C00798785,1197.25,2
C00798801,12414.74,18
C00798819,142392.31,113
C00798827,17584.7,22
C00798850,356922.32,145
C00798868,25013.01,15
C00798876,216737.11,77
C00798884,8598.29,13
C00798892,64048.32,101
C00798900,59575.15,25
C00798926,10050.0,8
C00798942,25822.75,26
C00798967,2674.79,5
C00798975,63638.58,33
C00798983,247310.89,74
C00798991,10927.39,19
C00799007,900.0,1
C00799031,6099187.14,115
C00799064,8976.92,32
C00799080,130342.8,140
C00799098,80563.33,35
C00799122,205527.23,33
C00799130,851348.54,464
C00799171,245847.62,187
C00799189,214605.94,32
C00799205,377140.93,133
C00799221,303725.84,136
C00799239,1314506.97,206
C00799247,632128.13,76
C00799254,1248.8,7
C00799270,745443.58,281
C00799288,2740970.56,55
C00799304,236182.21,92
C00799312,449792.01,109
C00799320,9915.91,89
C00799338,914643.42,146
C00799346,45221.7,57
C00799353,213530.93,157
C00799361,992101.34,171
C00799379,327797.5,106
C00799387,15128.59,40
C00799403,9545.69,6
C00799429,210089.75,48
C00799437,4188.54,35
C00799445,25498.0,5
C00799460,8000.0,4
C00799478,251462.86,1798
C00799486,35825.0,4
C00799494,312.08,4
C00799502,813.46,49
C00799510,12268.64,17
C00799528,945.0,1
C00799536,61204.83,67
C00799544,512436.69,158
C00799551,73147.85,54
C00799577,86632.3,110
C00799585,62911.29,91
C00799593,57235.75,39
C00799627,15399.41,16
C00799650,552058.75,179
C00799668,4490.2,4
C00799684,3464960.52,427
C00799692,115246.39,137
C00799700,424546.16,225
C00799742,4767.5,8
C00799767,1329033.91,327
C00799775,55802.73,54
C00799791,47772.48,35
C00799809,177.5,2
C00799817,13348.23,11
C00799858,37788.4,105
C00799866,195365.27,43
C00799874,14390.0,4
C00799882,21150.9,33
C00799890,116800.45,94
C00799908,11040.18,12
C00799916,960.0,2
C00799932,7243.54,23
C00799999,48177.66,28
C00800003,574444.35,108
C00800011,208.03,4
C00800029,244399.38,111
C00800037,110.86,1
C00800045,194342.29,75
C00800052,52833.84,56
C00800060,5641.97,16
C00800102,196866.88,71
C00800128,22505.33,30
C00800144,226984.72,130
C00800201,536844.59,210
C00800227,27922.58,17
C00800250,2500.0,1
C00800268,540380.4,649
C00800276,2664160.72,626
C00800300,27685.46,16
C00800326,707861.1,310
C00800342,53998.05,48
C00800367,2000.0,1
C00800391,18019.55,13
C00800409,704417.94,203
C00800425,275524.99,198
C00800458,152365.45,59
C00800466,10802.74,24
C00800482,154149.03,80
C00800490,638236.92,32
C00800516,45069.66,35
C00800532,341766.67,272
C00800557,260680.95,165
C00800565,8240.75,18
C00800573,6724.08,121
C00800581,30631.82,25
C00800599,947769.73,178
C00800607,241606.31,56
C00800615,68223.66,31
C00800623,20185088.62,1075
C00800649,880524.48,302
C00800664,10497.95,7
C00800672,38405.44,57
C00800680,735.0,2
C00800714,11426.33,26
C00800722,5039.44,3
C00800730,505730.57,221
C00800755,116408.6,44
C00800763,2100.0,3
C00800797,29992.42,29
C00800813,36350.22,8
C00800847,1520308.27,386
C00800854,34935.25,19
C00800862,122813.38,64
C00800870,26525.09,81
C00800888,281749.71,54
C00800904,58536.63,19
C00800912,185432.0,238
C00800920,8106.04,27
C00800938,6952.91,4
C00800946,22059.01,24
C00800953,4153.68,6
C00800961,56763.83,52
C00800979,195994.7,193
C00800987,12600.39,9
C00800995,30667.2,32
C00801050,156874.96,89
C00801076,338999.71,41
C00801084,133978.71,106
C00801118,34946.56,46
C00801126,1129541.8,10
C00801142,9260.55,10
C00801175,17548.16,12
C00801183,56160.44,46
C00801191,140166.69,65
C00801209,106789.9,38
C00801225,3094.96,8
C00801241,2149592.41,373
C00801266,22799.74,68
C00801274,2439356.18,557
C00801290,1003525.11,270
C00801308,1440.58,3
C00801316,1147.76,2
C00801324,3135148.07,1040
C00801332,13132.77,23
C00801357,6254.56,16
C00801365,13727.75,36
C00801373,52681.02,14
C00801399,3765.7,19
C00801415,495274.61,129
C00801423,20037.19,132
C00801431,2285139.99,372
C00801456,5264.92,9
C00801480,4911.32,6
C00801498,597.07,11
C00801530,1576448.48,142
C00801563,343021.06,141
C00801571,19457.28,66
C00801589,4844.54,28
C00801605,57409.68,46
C00801613,5172.52,16
C00801647,28303.0,86
C00801654,99683.39,38
C00801662,357871.62,71
C00801670,459279.62,217
C00801688,3582757.01,384
C00801738,28750.0,15
C00801746,103391.97,80
C00801753,287208.68,290
C00801761,1137123.88,446
C00801779,74619.61,100
C00801803,82090.72,22
C00801811,21788.86,22
C00801852,1210.27,7
C00801860,17443.42,25
C00801886,3189.37,30
C00801902,33966.9,80
C00801910,25859.61,2
C00801969,2000.0,1
C00801977,29265.63,32
C00801985,3101353.71,863
C00801993,1404.83,2
C00802009,25646.89,13
C00802025,20183.91,39
C00802058,838671.93,177
C00802074,125397.76,61
C00802082,3498.77,5
C00802116,8442.0,7
C00802165,401.0,1
C00802173,2544.03,7
C00802181,34903.98,47
C00802199,505908.02,214
C00802207,3572.05,6
C00802215,56305.08,16
C00802223,18484.3,44
C00802231,25173.77,18
C00802249,150116.93,34
C00802264,409020.69,230
C00802280,48005.05,75
C00802298,775471.42,220
C00802322,519628.04,115
C00802330,516.19,9
C00802355,2020986.44,235
C00802363,34973.47,36
C00802371,955078.32,75
C00802389,974570.89,280
C00802405,14841.38,11
C00802413,30475.0,9
C00802421,16181.72,12
C00802447,16605.95,20
C00802454,12539.7,34
C00802462,43916.92,14
C00802488,3074354.52,470
C00802496,1017467.94,155
C00802504,3851065.36,824
C00802512,121249.94,61
C00802538,139465.79,26
C00802546,45.0,1
C00802553,139495.16,116
C00802561,247981.96,100
C00802587,108038.37,77
C00802603,778665.8,681
C00802629,246102.07,97
C00802637,185720.98,100
C00802645,11359.68,26
C00802652,161340.98,126
C00802678,15961.67,41
C00802710,170679.25,205
C00802728,56441.84,22
C00802736,2560.19,24
C00802744,34735.68,37
C00802751,88320.56,47
C00802769,63195.73,11
C00802777,5328.55,18
C00802793,38376.46,8
C00802827,42429.47,82
C00802876,239121.81,32
C00802884,6350.41,16
C00802892,12732.9,7
C00802918,44570.0,11
C00802926,5927.39,12
C00802934,240758.42,166
C00802942,4443.1,7
C00802959,108498.98,85
C00802975,714.13,3
C00803023,6349.78,4
C00803049,314370.82,54
C00803056,1907.81,2
C00803098,110933.83,40
C00803106,15122.9,7
C00803171,24471.83,29
C00803189,318887.4,155
C00803197,128.07,7
C00803205,1031374.05,45
C00803254,102666.62,161
C00803262,27477.43,39
C00803270,1096.13,3
C00803288,1822.7,10
C00803296,19136.0,27
C00803312,25.0,1
C00803320,2400.0,3
C00803353,2074.12,5
C00803387,500.0,1
C00803403,97354.49,112
C00803429,6572.29,2
C00803452,1810.0,9
C00803460,17797.62,22
C00803486,45843.65,25
C00803494,3299.6,13
C00803502,6027717.75,1121
C00803510,166067.5,59
C00803536,7378.24,3
C00803551,1012.77,4
C00803569,230049.37,131
C00803577,4355.88,6
C00803585,24226.78,66
C00803593,5000.0,1
C00803601,16458.53,23
C00803635,21219.54,16
C00803643,2084.36,17
C00803668,277982.91,161
C00803676,637.75,8
C00803684,27366.7,5
C00803726,2668088.11,335
C00803734,50.3,1
C00803742,2581.64,5
C00803759,521971.55,74
C00803767,242601.06,183
C00803775,58858.44,9
C00803783,11450.37,17
C00803791,17467.15,14
C00803809,44782.16,21
C00803825,13600.0,2
C00803858,143498.8,171
C00803866,23310.0,4
C00803874,11055.85,17
C00803916,949.46,1
C00803924,98607.23,53
C00803932,6315.0,3
C00803957,98103.6,27
C00803965,149884.53,108
C00803973,69393.9,17
C00803999,76220.66,46
C00804021,16999.95,19
C00804039,27994.72,133
C00804062,44836.72,51
C00804070,567.0,2
C00804096,5354.53,7
C00804104,773017.2,69
C00804120,1075892.94,191
C00804138,480076.43,103
C00804153,39493.53,30
C00804161,1631169.86,127
C00804179,25248.99,8
C00804187,598542.59,75
C00804211,3999.16,11
C00804229,14900.02,2
C00804237,56486.49,26
C00804252,53924.8,52
C00804278,23401.31,23
C00804286,523834.77,309
C00804302,713238.67,135
C00804310,39284.87,22
C00804328,5609.21,42
C00804336,1947.0,5
C00804344,113268.73,40
C00804377,2666106.21,457
C00804393,93135.63,29
C00804401,57585.56,50
C00804427,316.85,1
C00804443,5000.0,5
C00804450,136830.36,44
C00804500,69242.85,47
C00804518,7315.0,2
C00804526,26477.57,12
C00804534,208903.81,69
C00804542,82560.06,111
C00804559,361841.89,16
C00804567,6882.03,5
C00804583,600.0,1
C00804617,71790.99,12
C00804641,17750.0,3
C00804682,10264.97,12
C00804690,30740.63,6
C00804708,87817.11,16
C00804724,394.82,11
C00804732,154451.5,28
C00804740,118520.1,125
C00804765,155207.01,39
C00804773,236515.06,55
C00804781,219835.21,252
C00804799,18233.4,6
C00804807,975257.5,183
C00804815,20544.74,13
C00804823,769145.14,72
C00804831,38824.58,13
C00804849,51581.42,29
C00804856,1593631.71,153
C00804872,265035.21,131
C00804906,11651.46,12
C00804914,843518.72,396
C00804948,12299.27,4
C00804963,6480.31,12
C00804971,11494.36,13
C00804997,151947.79,43
C00805002,2116977.56,342
C00805010,174.3,1
C00805028,25679.69,52
C00805036,37851.64,40
C00805051,173968.8,170
C00805069,700.0,2
C00805085,46039.39,86
C00805150,30825.83,11
C00805168,211094.59,68
C00805176,9240.38,7
C00805192,500.0,1
C00805226,5683.81,8
C00805242,5542.28,3
C00805275,4002286.8,585
C00805283,331516.07,28
C00805317,41001.35,21
C00805325,51628.2,50
C00805333,23281.07,21
C00805341,18981.28,3
C00805374,24032.21,40
C00805382,36085.52,35
C00805408,1263.9,3
C00805416,6690.91,11
C00805424,539376.82,179
C00805432,130591.44,86
C00805457,6373.76,14
C00805465,15140.0,23
C00805473,14421.31,54
C00805481,77825.91,49
C00805515,80312.11,46
C00805523,81248.0,31
C00805549,418289.28,88
C00805556,9537.45,21
C00805564,75887.82,316
C00805580,155353.24,101
C00805598,25084.3,49
C00805606,13921.09,4
C00805622,16265.07,25
C00805655,25672.68,21
C00805671,11453.0,14
C00805689,5727.17,16
C00805713,22436.73,9
C00805762,478828.9,304
C00805770,20596.18,9
C00805788,14727.73,3
C00805820,51601.1,37
C00805838,207435.19,502
C00805846,37151.17,46
C00805853,758.66,2
C00805960,44091.12,81
C00805978,14164.5,9
C00805994,478046.6,33
C00806018,1364499.36,577
C00806059,3214.19,15
C00806075,420001.95,21
C00806083,332387.56,33
C00806091,500.0,1
C00806109,210071.95,232
C00806117,1565.99,8
C00806125,406795.21,62
C00806133,345591.62,942
C00806174,3777928.01,482
C00806190,12321.32,28
C00806208,224284.3,61
C00806216,40474.11,15
C00806232,79.0,1
C00806240,5000.0,1
C00806257,1418.26,5
C00806273,25536.87,10
C00806281,3718.55,14
C00806299,609.08,2
C00806307,856396.59,421
C00806315,290709.07,112
C00806323,33529.51,29
C00806331,18120.0,8
C00806356,169231.09,59
C00806364,3104.3,2
C00806372,513782.37,377
C00806380,92.46,2
C00806398,1015890.86,385
C00806406,12250.0,6
C00806414,295.0,1
C00806430,17643.34,19
C00806455,877162.53,190
C00806463,963276.38,144
C00806489,22437.38,8
C00806497,31227.23,20
C00806505,2025.72,7
C00806521,381714.03,515
C00806547,1783931.0,246
C00806554,24091.68,44
C00806562,8264.7,4
C00806588,6138.58,3
C00806604,24224.96,11
C00806612,814512.45,943
C00806620,5874.59,40
C00806638,199889.92,60
C00806646,89686.64,66
C00806653,308.95,3
C00806661,11815.91,9
C00806687,7806.7,10
C00806703,206215.32,71
C00806711,5961.81,1
C00806737,249534.86,98
C00806752,4069.24,10
C00806760,54348.67,12
C00806786,2414.55,2
C00806794,12542.49,12
C00806810,502.68,2
C00806836,108.0,1
C00806844,256191.78,78
C00806851,33813.62,69
C00806869,28810.62,9
C00806877,13807.47,33
C00806885,2257210.92,78
C00806893,27250.93,77
C00806901,151061.89,110
C00806919,8728.75,25
C00806927,11768.99,3
C00806935,1143128.54,103
C00806976,30797.87,10
C00807024,113240.14,118
C00807032,28603.1,66
C00807040,3900.0,2
C00807065,35082.0,19
C00807099,205125.01,52
C00807107,68614.89,43
C00807149,34371.08,13
C00807172,34627.39,32
C00807180,281014.94,92
C00807198,27369.51,19
C00807222,1235507.49,304
C00807230,86.36,3
C00807289,13532.9,31
C00807305,3645.31,15
C00807321,4134.9,6
C00807347,42329.4,24
C00807362,14816.1,8
C00807404,833024.64,161
C00807412,155146.97,105
C00807420,151463.97,11
C00807479,424972.73,51
C00807503,91740.41,105
C00807537,10630.0,2
C00807578,79902.52,144
C00807586,255078.67,82
C00807610,500885.06,183
C00807628,1611382.1,292
C00807636,440.0,2
C00807651,226695.27,72
C00807669,10044.98,18
C00807677,393702.18,81
C00807693,28129.12,22
C00807701,5928.75,7
C00807719,23337.5,11
C00807727,1039121.9,260
C00807735,9502.32,39
C00807743,1490827.81,223
C00807750,746795.49,18
C00807768,22786.87,11
C00807792,5232.25,4
C00807818,170002.63,39
C00807834,39477.42,110
C00807909,31711.77,34
C00807917,33066.04,34
C00807925,32420.78,5
C00807933,243282.49,58
C00807941,5491.52,26
C00807958,4500.0,2
C00807966,39609.16,45
C00807974,1365870.9,297
C00807982,456297.13,122
C00808006,48553.77,82
C00808022,67129.54,202
C00808030,4302.96,12
C00808055,15000.0,3
C00808063,65705.51,30
C00808071,25552.0,2
C00808089,19087.5,12
C00808097,1050.0,1
C00808105,22977.71,39
C00808113,12969.64,8
C00808121,17752.34,6
C00808139,4973.86,26
C00808154,5275.83,23
C00808162,95703.13,365
C00808170,214368.43,24
C00808196,285912.76,25
C00808204,1616.67,2
C00808212,24723.17,15
C00808238,1470.88,1
C00808253,6241.82,15
C00808279,2225924.58,683
C00808287,11341.16,109
C00808295,20043.75,78
C00808303,198690.76,20
C00808329,2419164.52,486
C00808337,185832.74,141
C00808352,48646.89,33
C00808360,1248283.73,551
C00808378,429.74,2
C00808386,19889.0,7
C00808402,735.52,3
C00808410,1007.79,2
C00808428,10105.28,23
C00808436,13218.6,2
C00808477,1596.78,2
C00808485,8655.21,8
C00808493,14559.5,20
C00808519,410272.09,67
C00808527,3632.5,3
C00808535,63750.24,63
C00808550,29684.6,70
C00808568,83540.22,37
C00808576,80833.84,60
C00808584,51132.99,34
C00808592,249000.0,8
C00808600,8220.0,2
C00808626,3234.25,9
C00808634,26246.41,41
C00808659,4935.38,15
C00808667,6977.69,101
C00808675,4283.24,4
C00808683,4844.01,5
C00808717,1344.24,2
C00808733,632.0,1
C00808758,148306.48,259
C00808766,308903.71,31
C00808774,97419.56,71
C00808808,5000.0,1
C00808824,9777.15,6
C00808840,42168.95,34
C00808857,300.0,1
C00808923,301665.84,128
C00808949,311399.65,101
C00808964,91075.0,13
C00808972,18363.0,3
C00809012,17900.6,4
C00809038,4111.03,15
C00809046,1200.0,1
C00809053,10061.46,16
C00809087,95128.27,45
C00809095,1939470.81,164
C00809111,26061.43,29
C00809145,65067.34,81
C00809152,1788.74,2
C00809178,3874404.78,115
C00809186,454043.92,241
C00809194,8070.2,6
C00809202,13902.43,5
C00809210,4018.4,2
C00809228,39764.7,44
C00809236,482086.0,6
C00809244,48867.36,36
C00809301,6532.7,5
C00809327,15390.9,7
C00809343,105930.35,102
C00809350,5281.32,8
C00809376,29838.11,38
C00809384,15923.56,25
C00809392,946.38,39
C00809400,262746.15,42
C00809426,1252417.33,321
C00809442,276063.84,43
C00809459,2962.32,4
C00809467,490260.47,184
C00809475,2707256.79,58
C00809483,109522.6,22
C00809491,211350.04,125
C00809509,102298.21,10
C00809517,7950.0,6
C00809533,103297.37,33
C00809566,5234.65,12
C00809574,11644.4,11
C00809608,108658.62,59
C00809616,980.0,2
C00809624,35424.73,28
C00809632,129724.51,64
C00809640,78941.0,21
C00809657,4300.0,2
C00809665,7550358.83,34
C00809673,2613.25,9
C00809699,317698.6,128
C00809715,23000.0,2
C00809731,1205.3,2
C00809749,66154.38,23
C00809756,14112.05,9
C00809830,8589.25,8
C00809848,13064.85,8
C00809863,11333.8,7
C00809871,92190.85,15
C00809905,33984.77,7
C00809921,36252.11,15
C00809939,21396.51,13
C00809954,36295.71,61
C00809962,7802.0,2
C00809970,154175.58,49
C00809996,169291.89,52
C00810036,3360.69,6
C00810044,17961.99,29
C00810051,75911.09,14
C00810069,5690.0,4
C00810093,18303.7,20
C00810101,1254.86,4
C00810119,9262.44,3
C00810127,44301.89,40
C00810184,30670.0,10
C00810226,25786.66,4
C00810283,26841.97,43
C00810317,625.0,2
C00810374,885052.0,176
C00810382,15975.0,8
C00810390,6661.05,13
C00810408,32570.61,18
C00810416,648523.42,232
C00810457,22287.38,108
C00810499,9217.05,2
C00810598,3179.58,5
C00810606,275859.73,38
C00810648,9785.4,30
C00810713,5467.69,8
C00810721,258443.06,145
C00810754,16273391.28,765
C00810770,189647.5,49
C00810788,787228.09,240
C00810804,9700.42,11
C00810820,12374.29,24
C00810838,503958.11,106
C00810861,34849.41,86
C00810879,1750.0,4
C00810994,8351.83,10
C00811018,36388.51,12
C00811034,1777.14,6
C00811059,13040.71,35
C00811067,5520.0,2
C00811091,17771.06,34
C00811109,19867.29,22
C00811125,81599.24,16
C00811141,107241.0,57
C00811158,10011.63,12
C00811166,671646.74,131
C00811174,403536.75,152
C00811182,96997.98,94
C00811208,3786.77,44
C00811216,15761.52,23
C00811224,7387.79,5
C00811232,740408.33,52
C00811240,112330.64,106
C00811257,181575.28,24
C00811273,166809.19,22
C00811299,689533.4,90
C00811307,12319.61,9
C00811315,329955.02,150
C00811323,1879678.27,539
C00811349,16339.43,21
C00811356,16875.0,13
C00811364,99.0,4
C00811414,24203.05,14
C00811422,1787.69,5
C00811448,66221.68,4
C00811455,7797.0,3
C00811489,4000.0,9
C00811497,56448.57,57
C00811513,1053.74,2
C00811539,73015.23,57
C00811562,3087.0,4
C00811620,121107.6,8
C00811653,161803.55,17
C00811661,1696.44,4
C00811679,735572.0,52
C00811695,3014.89,5
C00811711,278874.04,21
C00811729,81810.14,54
C00811737,4253.15,20
C00811745,1311.4,2
C00811760,40116.08,32
C00811778,6746.33,5
C00811786,27571.23,86
C00811802,18475.0,9
C00811810,968.7,3
C00811844,849626.48,400
C00811877,28725.48,15
C00811901,171112.01,108
C00811927,45052.37,54
C00811935,7472.76,28
C00811943,47734.01,18
C00811950,1480.75,4
C00811976,6562.1,13
C00812008,40217.74,74
C00812016,12121.4,8
C00812024,1274.42,2
C00812032,13899.09,8
C00812040,13300.0,9
C00812065,13527.0,4
C00812081,4872.75,4
C00812115,8767.97,18
C00812123,977744.77,38
C00812149,93673.04,38
C00812156,2866.08,1
C00812180,121893.33,26
C00812198,15117.15,16
C00812222,34698.06,31
C00812230,116764.0,27
C00812248,17689.75,3
C00812263,148256.22,46
C00812271,480.92,6
C00812321,141756.85,74
C00812339,15877.36,25
C00812347,42863.78,3
C00812370,104333.32,34
C00812388,6880443.43,2614
C00812396,21385.86,41
C00812412,261660.86,14
C00812420,86212.5,8
C00812438,12573.63,5
C00812453,4102.03,1
C00812461,1438.55,2
C00812479,30011.98,64
C00812503,2190.16,7
C00812529,5870.61,29
C00812545,35460.0,19
C00812560,128653.7,81
C00812586,7000.0,5
C00812644,1287.5,3
C00812669,467.43,4
C00812677,181.77,7
C00812685,164210.75,41
C00812719,8308.73,2
C00812727,3589.52,27
C00812735,2818.47,11
C00812743,41871.37,23
C00812750,32158.69,40
C00812768,28915.13,25
C00812776,15203.27,25
C00812784,305019.04,44
C00812800,61151.42,71
C00812818,11700.0,8
C00812826,1386.4,5
C00812859,48949.17,41
C00812867,24579.75,7
C00812891,489653.12,207
C00812909,5881.14,4
C00812917,5347.75,4
C00812933,238016.07,117
C00812941,2995.79,8
C00812966,32337.09,23
C00812974,573532.22,324
C00812982,58231.58,61
C00813014,1962.27,62
C00813048,104911.85,106
C00813063,7519.9,5
C00813071,16092.3,28
C00813089,93425.0,25
C00813113,500.0,1
C00813154,14376.25,8
C00813162,10671.08,18
C00813188,11401.17,44
C00813212,532453.62,43
C00813279,1245574.14,149
C00813295,694749.65,113
C00813329,3188.95,3
C00813337,30004.34,16
C00813352,11539.07,28
C00813378,12880.7,45
C00813394,2446.88,1
C00813402,508322.06,81
C00813410,14871.88,4
C00813436,418.3,4
C00813444,31183.46,26
C00813451,44248.27,48
C00813535,7073.74,21
C00813543,7000.0,2
C00813550,4179.9,4
C00813675,5762.34,4
C00813683,17074.23,19
C00813691,4942.58,10
C00813709,250.0,1
C00813717,23232.92,19
C00813725,35439.45,32
C00813733,109228.91,53
C00813758,779990.73,274
C00813766,72166.45,27
C00813774,165647.45,42
C00813782,3000.0,1
C00813824,3537.78,8
C00813873,29554.68,35
C00813881,87254.38,85
C00813907,8638.04,12
C00813915,10000.0,1
C00813923,15181.27,25
C00813956,193725.3,51
C00813964,9476.48,4
C00813972,2576.53,4
C00813980,5298.77,10
C00813998,1575.92,1
C00814004,2449.15,5
C00814053,15436.01,18
C00814079,2029.42,13
C00814129,47681.01,43
C00814145,6838.3,8
C00814152,163312.18,175
C00814194,21382.71,2
C00814202,676704.74,11
C00814236,170782.61,96
C00814244,48616.76,12
C00814251,23004.99,12
C00814269,24221.36,31
C00814277,3304.08,13
C00814285,2220.0,2
C00814293,7833.71,20
C00814319,6684.07,10
C00814335,1500.0,1
C00814350,7855.64,18
C00814376,18471.43,15
C00814384,49366.21,14
C00814426,18205.0,13
C00814434,4500.0,5
C00814442,6186.26,15
C00814459,2406.0,8
C00814467,6760.99,26
C00814475,5680.39,11
C00814509,125710.49,127
C00814517,6439.55,40
C00814533,33137.77,58
C00814541,247.47,1
C00814566,2914.77,24
C00814590,31132.77,25
C00814616,80645.11,60
C00814624,20851.12,20
C00814749,14256.54,8
C00814756,250.0,1
C00814780,15728.85,27
C00814814,600.0,1
C00814855,2014.38,4
C00814897,1700.3,4
C00814905,1524.8,4
C00814921,34409.0,4
C00814947,1371.77,3
C00814996,25914.85,12
C00815001,7750.32,9
C00815019,130210.15,214
C00815027,101075.89,127
C00815084,1777.89,4
C00815100,2623.11,6
C00815134,299951.8,104
C00815175,2925.78,22
C00815209,9161.64,3
C00815217,22507.67,28
C00815225,13654.07,18
C00815258,1000.0,1
C00815266,11286.31,12
C00815274,274100.69,75
C00815282,38377.94,8
C00815290,4520929.69,589
C00815316,2026482.99,72
C00815332,142152.82,70
C00815340,671.45,1
C00815357,29271.2,14
C00815373,1436198.18,339
C00815415,1484663.29,410
C00815464,3871.16,15
C00815506,41250.46,16
C00815514,4896.16,3
C00815548,16865.22,4
C00815563,14574.31,18
C00815571,5825.51,13
C00815589,202.5,1
C00815605,670524.99,203
C00815613,11010.68,2
C00815621,7625.17,23
C00815647,733661.53,139
C00815720,7360.25,8
C00815753,147186.3,32
C00815761,39463.56,5
C00815779,46067.8,7
C00815795,867475.38,375
C00815803,380918.2,96
C00815852,565799.16,207
C00815886,3794.7,64
C00815894,46135.37,54
C00815910,12500.0,3
C00815928,199585.68,37
C00815951,29876.97,7
C00815977,14770.0,5
C00815993,28171.68,8
C00816009,24981.13,5
C00816017,28255.02,12
C00816025,4884.73,25
C00816033,1500.0,2
C00816066,390994.8,96
C00816082,1689.2,11
C00816108,21025.3,21
C00816116,3953.63,9
C00816124,264872.08,42
C00816132,6116.25,8
C00816140,10440.0,1
C00816157,4029.27,7
C00816173,81352.52,17
C00816181,67044.5,40
C00816207,147297.11,42
C00816215,1451.32,10
C00816223,40055.62,8
C00816231,8971.46,22
C00816264,4390.07,10
C00816272,22231.0,9
C00816280,2653.57,11
C00816306,16474.49,32
C00816322,247.19,7
C00816330,10640.31,2
C00816348,70010.97,34
C00816355,37136.6,13
C00816363,27088.3,16
C00816371,9866.12,10
C00816389,4400.0,9
C00816397,3324.05,4
C00816405,512686.88,75
C00816421,23184.69,6
C00816439,356116.24,149
C00816447,98271.82,87
C00816488,239089.42,45
C00816496,649759.19,136
C00816504,5009.61,3
C00816538,1147.5,1
C00816553,170911.62,48
C00816561,1408255.05,131
C00816579,2200.8,9
C00816595,6157.37,13
C00816603,59495.69,119
C00816611,10837.72,20
C00816629,197.54,1
C00816637,3922.72,13
C00816660,7051224.85,533
C00816686,338735.06,93
C00816694,2342.86,30
C00816702,30392.84,46
C00816710,3686.01,4
C00816744,875415.97,169
C00816751,500.0,1
C00816819,5560.41,8
C00816827,1752.5,4
C00816843,110806.11,41
C00816850,6348.04,3
C00816868,287820.28,66
C00816876,4489.2,5
C00816884,1887.47,19
C00816892,2164677.64,67
C00816900,2848.0,7
C00816918,54301.06,62
C00816959,13664.38,5
C00816967,1755876.05,110
C00816975,2213.2,2
C00816983,1069243.47,178
C00816991,159789.76,24
C00817015,9016.98,6
C00817023,57512.5,10
C00817031,5800.0,2
C00817056,2778.18,3
C00817064,113552.48,1
C00817072,1290629.18,99
C00817098,1051.0,2
C00817114,7470.95,9
C00817122,69071.27,60
C00817130,10613.93,8
C00817148,28856.83,31
C00817155,23137.46,33
C00817163,1000.0,1
C00817189,918.51,2
C00817239,1114.44,2
C00817254,5000.0,1
C00817270,2079075.33,127
C00817288,5525.0,2
C00817296,40460.81,74
C00817338,1380.0,5
C00817346,34922.75,40
C00817361,248361.36,32
C00817379,26129.54,40
C00817403,13884.76,19
C00817411,8685.96,37
C00817437,28257.52,65
C00817445,400.0,1
C00817460,9878.88,5
C00817486,30505.93,13
C00817510,425235.54,115
C00817528,1500.71,5
C00817536,4161541.58,71
C00817544,45160.82,14
C00817601,14662.87,13
C00817619,3098.88,16
C00817627,20611.44,22
C00817635,27917.09,8
C00817668,12177.37,32
C00817692,19789.53,48
C00817700,36671.97,21
C00817718,2071.75,5
C00817726,55086.12,6
C00817759,8213.8,12
C00817775,1028.55,9
C00817809,201952.1,29
C00817858,3546.9,9
C00817874,52078.89,65
C00817882,550.0,1
C00817908,44189.24,10
C00817932,543310.33,262
C00817940,36673.8,33
C00817957,27233.37,35
C00817965,98914.95,174
C00817981,500.0,2
C00818005,13240.0,5
C00818054,11937.5,7
C00818062,48965.16,64
C00818070,2263.11,8
C00818138,8000.0,2
C00818161,94548.75,12
C00818187,13499.62,11
C00818211,794970.02,73
C00818237,34930.31,24
C00818252,8000.04,10
C00818278,9350.0,3
C00818286,19939.01,20
C00818302,4123.97,8
C00818310,27122.28,19
C00818328,1167.37,10
C00818336,91554.23,48
C00818344,2728.78,4
C00818351,785375.52,47
C00818369,28529.01,42
C00818377,16372.89,14
C00818393,10483.1,36
C00818419,22740.0,2
C00818427,9052.65,16
C00818450,37640.33,39
C00818468,2968.05,7
C00818492,1890.37,13
C00818500,7481.08,5
C00818518,938.7,5
C00818526,4163.98,8
C00818542,600.0,2
C00818559,750.6,2
C00818617,47490.45,9
C00818658,4367.0,4
C00818666,2000.0,1
C00818682,7059.07,37
C00818708,20807.17,16
C00818716,13482.73,6
C00818724,16732.48,9
C00818740,10000.0,2
C00818773,7578.68,12
C00818781,5722.53,6
C00818799,10825.53,68
C00818831,41991.22,40
C00818849,40048.9,8
C00819003,14096.36,20
C00819011,35770.36,13
C00819029,1527.86,1
C00819094,4109.19,6
C00819110,1804.14,34
C00819136,38422.96,10
C00819144,24372.13,7
C00819169,5364.75,19
C00819177,674200.01,111
C00819201,250.0,1
C00819219,5287.4,17
C00819268,110717.16,68
C00819300,9558.88,23
C00819318,14019.28,22
C00819326,25578.11,7
C00819342,1635.66,13
C00819391,110784.81,16
C00819417,62762.7,7
C00819425,2567.1,11
C00819441,18395.17,18
C00819466,297952.36,59
C00819490,8785.45,27
C00819557,4097.99,12
C00819565,4085.0,5
C00819573,21637.15,16
C00819599,14951.94,13
C00819615,1691.28,12
C00819631,211329.12,57
C00819649,900.0,2
C00819664,884727.81,32
C00819680,66976.75,23
C00819706,5079.74,15
C00819714,39874.47,43
C00819722,13758.04,7
C00819730,136584.67,86
C00819771,4433.21,14
C00819854,3401.2,6
C00819888,74929.83,101
C00819953,957.76,3
C00819961,35306.69,70
C00819979,65533.01,16
C00819987,5448.35,14
C00819995,78017.62,33
C00820001,28425.4,4
C00820019,9453.77,12
C00820035,450.0,4
C00820043,15909.7,40
C00820068,17000.0,10
C00820084,62259.02,19
C00820092,776.5,2
C00820100,26773.16,30
C00820126,1402.72,3
C00820134,2343.18,16
C00820167,1451.88,13
C00820175,314389.21,30
C00820209,3804.4,5
C00820225,2570.0,4
C00820241,106566.78,19
C00820274,43677.13,23
C00820308,60242.5,27
C00820316,818.64,4
C00820324,3076.38,9
C00820357,245.25,1
C00820365,14791.05,26
C00820373,5903.3,7
C00820399,3459.22,14
C00820431,112.05,1
C00820456,1587.9,3
C00820464,4017.26,12
C00820472,33854.57,11
C00820480,4421.22,14
C00820498,64675.38,41
C00820506,775.0,2
C00820514,8018.58,9
C00820522,19860.0,3
C00820548,2575.0,3
C00820563,8084.98,8
C00820571,4274.51,14
C00820605,65500.0,18
C00820621,3889.68,8
C00820647,40360.25,29
C00820712,10269.96,12
C00820746,7380.8,25
C00820753,23465.37,12
C00820779,143839.17,108
C00820787,11680.0,4
C00820811,10460.3,15
C00820829,151713.11,63
C00820852,4188.9,6
C00820860,4562.44,19
C00820894,10324.67,20
C00820902,6355.06,20
C00820969,1686.87,6
C00820977,52234.0,26
C00820985,59490.46,44
C00820993,18731.46,22
C00821009,5000.0,1
C00821017,17490.54,8
C00821033,32483.27,65
C00821041,6338.71,1
C00821058,24053.39,26
C00821066,5295.39,21
C00821074,1452.33,22
C00821082,1174.08,3
C00821116,3058.22,2
C00821124,10385.21,13
C00821132,10389.46,7
C00821199,12524.51,6
C00821231,13117.06,53
C00821249,9161.98,9
C00821264,4426.24,8
C00821272,7468.41,13
C00821314,178427.9,6
C00821330,1514.83,5
C00821348,4621.88,9
C00821355,44765.84,27
C00821363,2426.71,15
C00821389,3797.13,3
C00821397,3200.0,2
C00821405,2436.52,10
C00821413,34904.87,35
C00821421,27418.48,27
C00821488,540.0,3
C00821496,1998.83,3
C00821504,986.1,2
C00821538,1000.0,2
C00821546,15897.09,33
C00821553,1929.25,3
C00821561,7751.83,19
C00821579,7744.6,11
C00821587,15075.0,3
C00821611,86567.34,30
C00821629,8415.8,6
C00821637,12248.86,5
C00821645,375.0,1
C00821652,45161.0,36
C00821660,2033.34,3
C00821678,5972.1,4
C00821686,4506.24,13
C00821736,9639.0,16
C00821751,7449.11,10
C00821793,6687.5,3
C00821819,1000.0,1
C00821835,5673.65,13
C00821876,968.04,2
C00821918,500.0,2
C00821926,50502.29,14
C00821934,1500.0,1
C00821942,5214.28,10
C00821959,1779.83,4
C00821975,15443.1,6
C00821983,4869.88,31
C00822015,12652.66,17
C00822023,3668.89,4
C00822031,199424.04,36
C00822049,135472.27,63
C00822056,5134.27,24
C00822064,6995.62,16
C00822072,41857.6,14
C00822098,7298.1,6
C00822114,36634.94,30
C00822122,22653.02,9
C00822155,13906.28,16
C00822189,16133.03,8
C00822205,44531.0,9
C00822213,3798.55,6
C00822221,4960.9,6
C00822247,30313.07,22
C00822254,74999.0,5
C00822304,2000.0,1
C00822312,5774.72,12
C00822320,2175.0,2
C00822338,5804.17,11
C00822346,2240.0,5
C00822361,3206.56,5
C00822379,118477.04,7
C00822387,1540.23,2
C00822395,10481.88,26
C00822403,3017.3,1
C00822429,1140.0,1
C00822437,8258.98,7
C00822452,500.0,1
C00822478,2274.27,5
C00822494,71353.96,28
C00822502,23905.0,4
C00822528,37013.2,6
C00822536,40093.01,31
C00822544,467.61,4
C00822577,9750.0,10
C00822601,475024.98,15
C00822627,238352.0,25
C00822643,3600.0,3
C00822650,5635.57,5
C00822676,889.35,3
C00822700,1000.0,1
C00822718,4771.37,8
C00822734,249455.2,80
C00822742,15911.3,9
C00822759,8552.29,29
C00822767,979893.94,131
C00822775,5548.38,17
C00822783,13418.2,5
C00822833,4036.82,3
C00822858,1872.54,2
C00822874,37884.23,20
C00822890,53476.6,27
C00822908,3500.0,2
C00822940,13267.71,15
C00822965,1001214.9,50
C00822973,12791.17,4
C00822981,6357.16,7
C00822999,33138.25,7
C00823039,2146.2,1
C00823054,5518.76,11
C00823062,3723.83,21
C00823112,4992.28,2
C00823120,789.5,4
C00823146,11920.85,4
C00823153,136592.54,37
C00823229,2249.48,4
C00823237,336.41,1
C00823252,963.33,10
C00823278,3382.64,18
C00823286,2606.33,4
C00823310,3670.25,20
C00823344,78246.34,5
C00823351,17257.6,9
C00823369,7702.67,3
C00823385,23211.0,13
C00823401,1133.26,7
C00823468,1132.25,7
C00823484,500.0,1
C00823500,2380.68,1
C00823526,13690.54,7
C00823534,6538.15,9
C00823617,10042.08,98
C00823641,9575.32,18
C00823658,119740.29,9
C00823682,14957.49,23
C00823690,6549.72,17
C00823724,11022.35,17
C00823773,7161.3,12
C00823799,10902.49,7
C00823815,153760.59,48
C00823823,3472.76,6
C00823856,7137.05,5
C00823864,13059.71,16
C00823898,11710.84,43
C00823922,316.3,1
C00823930,30997.41,50
C00823963,2053.94,7
C00823989,2500.0,1
C00823997,24229.27,15
C00824003,16866.6,20
C00824037,4206.99,6
C00824045,1292.96,5
C00824060,131256.35,18
C00824102,934.75,3
C00824144,3974.02,2
C00824151,500.0,1
C00824169,6320.38,21
C00824177,8458.67,5
C00824185,3478.97,7
C00824219,16229.15,8
C00824227,65246.29,32
C00824235,24532.58,11
C00824243,1040.0,3
C00824284,1620.19,8
C00824292,198097.42,11
C00824300,32500.0,27
C00824318,91906.22,14
C00824326,8542.28,3
C00824334,55120.6,32
C00824342,2005.25,3
C00824383,7808.11,5
C00824391,10464.46,17
C00824425,1944.95,3
C00824441,36597.26,18
C00824458,20575.62,2
C00824466,4066.0,2
C00824474,20200.3,5
C00824482,2000.0,1
C00824490,28229.71,6
C00824532,19841.65,6
C00824540,25244.33,7
C00824565,4309.45,7
C00824615,2025.97,6
C00824672,51689.81,12
C00824714,16500.0,4
C00824748,46728.87,9
C00824789,4217.2,8
C00824805,407.91,6
C00824813,1046.4,3
C00824821,54762.47,31
C00824862,22774.86,5
C00824870,32820.86,15
C00824888,2866.61,2
C00824904,8040.22,4
C00824912,2950.09,2
C00824920,43495.0,9
C00824938,1635.0,2
C00824953,8532.56,11
C00824961,54491.49,9
C00824987,500.0,1
C00825034,5788.3,19
C00825042,110382.77,27
C00825059,63101.99,10
C00825067,4706.0,3
C00825075,240.0,3
C00825091,21130.0,8
C00825117,20479.21,13
C00825158,955792.2,7
C00825174,921.37,7
C00825190,11181.05,9
C00825216,11975.0,5
C00825240,2965.12,8
C00825257,5731.9,22
C00825265,20.56,2
C00825281,5481.35,7
C00825315,3055.3,4
C00825331,108607.44,14
C00825349,3845.05,7
C00825372,4366.0,3
C00825398,639.0,1
C00825422,7225.0,6
C00825471,4819.37,11
C00825497,1303.26,7
C00825521,1100.0,3
C00825539,15548.9,12
C00825554,14919.58,14
C00825562,12158.46,13
C00825620,4650.0,4
C00825679,1000.0,1
C00825711,591.0,2
C00825729,1244.2,8
C00825786,3750.0,3
C00825810,26546.31,12
C00825836,666.72,2
C00825851,2605060.58,78
C00825869,4900.4,2
C00825885,480330.8,32
C00825950,4027.85,5
C00825968,33010.0,10
C00826024,11061.27,7
C00826057,507.39,4
C00826065,79.0,1
C00826073,5051.1,2
C00826081,3560.78,3
C00826099,3004.73,7
C00826115,500.0,1
C00826123,22765.54,8
C00826149,21432.99,10
C00826180,12661.93,13
C00826198,1647.0,3
C00826222,8344.61,6
C00826230,3407.75,3
C00826255,1875.38,5
C00826263,170730.6,6
C00826271,20442.0,2
C00826289,6167.76,5
C00826297,20060.01,13
C00826354,700.0,2
C00826370,3599.02,8
C00826404,12489.24,29
C00826412,1718.5,6
C00826420,525.0,1
C00826487,500.0,1
C00826537,44423.75,6
C00826586,3506.36,3
C00826636,500.0,1
C00826644,1075866.73,318
C00826677,14675.75,4
C00826685,3046.59,7
C00826719,22312.36,6
C00826735,1750.0,1
C00826776,112728.93,41
C00826842,3399.18,5
C00826875,21798.17,3
C00826909,3354.65,3
C00826925,45154.13,16
C00826941,4832.0,2
C00826966,5139.6,12
C00826974,25.0,1
C00827006,140310.92,11
C00827048,287128.26,29
C00827097,2500.0,1
C00827147,1316.26,2
C00827154,500.0,1
C00827196,397.93,2
C00827212,7874.95,1
C00827311,500.0,2
C00827337,6171.83,5
C00827345,1203.28,3
C00827394,930.0,1
C00827469,276.5,1
C00827535,6759.04,4
C00827576,925.0,10
C00827626,5000.0,1
C00827824,16000.0,2
C00827899,9673.5,3
C00827923,265400.0,26
C00827972,123.0,5
C00828004,18450.0,3
C00828020,5000.0,2
C00828129,338996.68,35
C00828178,16367.46,21
C00828202,850.0,2
C00828228,4500.0,3
C00828251,56.66,2
C00828293,1036.44,2
C00828327,559.92,2
C00828343,5000.0,1
C00828400,1212.9,1
C00828434,399.61,5
C00828475,13559.65,41
C00828483,432.15,3
C00828541,760394.47,109
C00828590,8289.41,3
C00828699,7163.0,4
C00828806,1467.3,2
C00828897,1505.2,2
C00828947,2927.52,12
C00829028,33.0,2
C00829242,660.19,1
C00829358,15850.53,7
C00829655,592.5,1
C00829663,395.0,1
C00829705,361.2,1
C00830018,8163.16,1
C00830026,8100.0,1
C00830315,7027.4,4
C00831032,2146.2,1
C00832964,1430.01,17
C00834408,741.91,3
C99002396,2288.3,10
