cmte_id,total_amount,total_count
C00000422,75811.39,60
C00000729,56483.49,49
C00000885,2589.0,1
C00000901,94386.44,48
C00000935,163886228.55,27525
C00000984,36.0,1
C00001016,10200.0,2
C00001198,12489.28,52
C00001305,209651.25,85
C00001313,4850319.47,2200
C00001388,5818.86,21
C00001636,10050.0,2
C00001727,47124.35,309
C00001743,71684.51,19
C00001917,223562.92,259
C00002089,779519.17,188
C00002238,28820.57,74
C00002261,10779.08,32
C00002469,7813.23,619
C00002592,1814.29,10
C00002766,286218.58,40
C00002832,13041.0,6
C00002840,1848123.76,271
C00002907,10692.93,13
C00002972,1206.28,5
C00003111,205427.57,536
C00003160,19659.79,27
C00003194,4126.86,11
C00003251,51240.56,312
C00003418,519853977.26,26296
C00003558,184142.85,215
C00003590,106799.91,63
C00003632,26403.0,28
C00003764,18653.39,88
C00003855,18809.37,87
C00003863,261.37,7
C00003988,90710.29,31
C00004036,12400720.0,320
C00004101,841.42,7
C00004325,525494.01,87
C00004606,1243391.56,443
C00004812,10740.4,31
C00004994,3021.41,114
C00005132,4148.9,10
C00005173,246162.08,35
C00005249,119168.47,2
C00005462,62383.04,51
C00005561,437296.79,136
C00005660,8941.95,4
C00005785,166382.43,227
C00005801,20368.54,18
C00005926,846679.2,596
C00006080,22087.57,72
C00006486,174771.18,62
C00007450,102.38,5
C00007542,5016.21,21
C00007658,74766.15,30
C00007880,52604.3,170
C00007898,21174.85,20
C00007922,4678.29,64
C00007948,721.72,24
C00008078,6192.43,5
C00008086,655263.44,531
C00008110,856.73,4
C00008169,3031.48,6
C00008227,2336511.32,947
C00008474,39913.0,14
C00008664,234742.92,69
C00008748,518.8,1
C00008839,6082.86,172
C00009282,978.34,7
C00009704,73094.8,151
C00009845,102728.76,151
C00009936,82270.39,80
C00009985,419.5,1
C00010033,366630.41,426
C00010082,62292.92,23
C00010124,7347.57,23
C00010363,115445.57,104
C00010421,5500.57,16
C00010439,106158.46,268
C00010603,302291848.06,21646
C00010793,24234.09,33
C00010868,38275.83,120
C00010876,32606.4,10
C00011114,173855.97,621
C00011197,70587.91,24
C00011262,7114.11,21
C00011544,4951.18,8
C00011627,45.81,6
C00011643,7881.15,19
C00012229,1780821.22,1000
C00012401,9173.14,25
C00012468,300.0,20
C00012476,4639.62,3
C00012914,22992.94,53
C00013128,11088.44,9
C00013342,155007.74,28
C00013748,118941.88,236
C00014092,10914.77,106
C00014498,8183675.94,1018
C00014555,2452.45,14
C00015552,2376.06,24
C00015594,22044.71,30
C00016444,45098.16,69
C00016683,219.16,24
C00016899,900283.49,167
C00017194,5809.0,6
C00017244,1100.0,3
C00018036,202.0,3
C00018135,45.0,3
C00018929,205567.52,471
C00019083,895.6,8
C00019331,983237.4,599
C00019380,103465.32,40
C00020453,14646.08,40
C00020818,162042.81,174
C00021121,1941559.68,116
C00021295,536.26,2
C00022343,55203.67,44
C00022368,5331.41,23
C00023028,3852.76,38
C00023580,675543.29,112
C00023838,261466.93,368
C00024372,219854.83,347
C00024521,253083.8,103
C00024679,184601.12,357
C00024752,2319.19,1
C00024869,9771.52,26
C00024968,70625.15,120
C00025254,3744362.49,2121
C00025379,30245.0,39
C00025536,5488.13,24
C00027359,1503.54,4
C00027466,131538939.19,8295
C00029348,2507.82,54
C00029447,564523.21,239
C00029504,211128.22,27
C00030718,1479268.9,58
C00030734,71.25,4
C00030809,25626.71,103
C00031054,1279517.97,918
C00031088,1221088.68,1095
C00032334,83261.98,107
C00032979,180430.95,72
C00032995,49796.43,54
C00033134,6053138.78,1976
C00033589,349.5,4
C00033779,7251.84,57
C00034033,383398.43,194
C00034066,37624.87,63
C00034132,90.0,6
C00034157,238.0,4
C00034256,547.0,1
C00034470,4126.62,59
C00034488,1954.74,12
C00034595,-100.0,1
C00034645,14614.78,30
C00034678,80.0,4
C00034785,10492.01,66
C00035451,122118.92,114
C00035519,202.0,10
C00035535,4154.07,24
C00035600,1160270.51,479
C00035618,209362.27,290
C00035675,1344.29,9
C00035691,-45.0,1
C00037606,287.06,1
C00038505,4226349.29,4391
C00038604,11226.64,49
C00039040,1529.12,1
C00039214,11376.79,34
C00039321,808.46,15
C00039461,411.36,5
C00039578,67732.86,53
C00040220,1119654.62,546
C00040253,4654.79,50
C00040279,6720.3,23
C00040584,2077.45,20
C00040659,1376.0,2
C00040725,4027.5,24
C00040857,982903.59,4797
C00040949,751.19,5
C00040998,1471538.79,53
C00041160,15219985.55,923
C00041236,53830.68,168
C00041269,2233837.11,1685
C00041566,5116.71,330
C00041590,4080.21,53
C00041954,5392.3,8
C00042002,1.05,1
C00042069,339.25,10
C00042366,123355049.15,9023
C00042622,127580.43,47
C00043059,6399.51,17
C00043091,29568.37,46
C00043919,6200.0,2
C00044776,308243.75,302
C00044842,995034.93,460
C00044990,358005.24,299
C00045781,1027.55,17
C00046086,973.8,18
C00046474,24.0,1
C00048702,1025.89,16
C00051979,328.11,4
C00053553,281428.92,343
C00055582,527895.16,689
C00059733,388.9,7
C00059907,10.0,1
C00060103,785.0,15
C00060707,100820.58,87
C00062836,39306.14,22
C00063164,62085.05,26
C00064766,7346.34,40
C00064774,2186.43,7
C00065219,15724.8,36
C00065870,328294.87,50
C00066472,20352.16,267
C00067231,244.13,1
C00068353,583941.8,582
C00068452,128.4,6
C00068692,80.93,1
C00071365,60255.86,24
C00072025,399977.45,1967
C00073056,93742.18,113
C00073627,1646.08,20
C00073791,1497795.02,117
C00074096,882.99,7
C00074393,6750.0,15
C00074450,1720186.89,1030
C00075275,544.1,13
C00075820,140808695.98,7040
C00076299,29946.63,18
C00076810,652.0,9
C00077321,7285.09,24
C00077701,2165.73,8
C00078196,71209.3,123
C00078451,492.86,6
C00078535,1179.03,6
C00079541,84277.26,151
C00079566,6124.6,5
C00079681,7153.02,25
C00080135,177.34,1
C00080515,7.38,1
C00080648,2647.13,26
C00081414,13097.34,10
C00082040,4563.81,71
C00082271,532.07,5
C00082834,8914.03,21
C00082925,993116.13,447
C00083279,1076913.07,80
C00083428,159269.69,232
C00083535,177.0,2
C00083915,599.35,2
C00084061,193.54,8
C00084368,1328502.18,500
C00084475,3312.65,9
C00084491,42784.74,27
C00084871,2337.22,16
C00084954,38225.76,12
C00085506,23898.15,313
C00085910,2748.15,22
C00086355,3485.3,10
C00087874,1476.23,20
C00088591,171861.74,40
C00089086,8037.85,24
C00089136,7090.88,65
C00089243,669753.07,302
C00089458,26596.05,24
C00089482,12891.0,3
C00090357,3390.0,19
C00090415,2256.63,40
C00091561,571600.04,198
C00092247,54901.88,61
C00092957,20499.23,84
C00093963,2582.33,2
C00094573,15335.0,4
C00094581,30.0,1
C00095059,1500.0,1
C00096156,1667364.09,134
C00096412,1276758.44,679
C00097196,2505.0,2
C00097485,1807.09,9
C00097568,2251.18,9
C00097725,580.25,23
C00097865,4663.67,11
C00099259,913362.45,1014
C00099267,804490.66,399
C00100107,1706.85,55
C00100321,5625.0,1
C00100644,44749.73,92
C00100693,5816.31,26
C00101105,728272.68,5
C00101204,1072.4,14
C00101626,2085.87,18
C00101766,1011.4,8
C00102368,93226.78,91
C00102731,5000.0,1
C00103861,2274.44,6
C00103903,8032.0,4
C00103937,1326.8,20
C00104083,50.0,1
C00104299,100.0,4
C00104455,924.0,17
C00104471,70626.68,25
C00104752,22266.06,12
C00104802,702.5,18
C00104901,38553.92,21
C00105080,5867.16,6
C00105338,5940.94,7
C00105668,659972.51,604
C00105973,345020.4,255
C00105981,17528.84,70
C00106146,15669.95,63
C00106435,4846.48,102
C00107136,6258.19,23
C00107235,232436.38,37
C00107771,517.35,4
C00108035,41500.18,45
C00108209,12.0,1
C00108613,349832.62,407
C00109546,624.15,3
C00109595,13093.18,6
C00109678,1629.82,23
C00109819,929.56,39
C00110262,372.81,4
C00110478,1952.73,21
C00110577,120.0,1
C00110585,3023.86,14
C00111237,3400.0,2
C00111278,46839.44,93
C00111302,382.88,6
C00111476,46065.41,125
C00111534,284.0,6
C00111559,330.0,11
C00111880,16735.24,1
C00112763,792.43,16
C00112995,693.0,2
C00113019,199039.79,52
C00113225,26466.37,17
C00113241,62194.95,119
C00113803,17833.91,103
C00113811,90000.0,3
C00113845,674.42,5
C00114025,45362.35,26
C00114108,17571.38,27
C00114132,1886.78,23
C00114314,88.0,2
C00114439,554813.07,569
C00114694,4356.88,31
C00114702,29750.0,2
C00115527,66233.13,67
C00116020,-100.0,1
C00116632,663678.92,335
C00117838,327.45,3
C00118430,9592.52,87
C00118919,2375.92,20
C00118943,17527.31,49
C00120055,269205.86,372
C00121368,330.0,22
C00121582,5775.0,21
C00122101,17632.69,136
C00122499,6314.3,17
C00123612,584.57,15
C00125534,301764.05,54
C00125641,2633.06,26
C00125732,493.5,20
C00126086,2593.06,8
C00126763,33226.9,86
C00127258,100.0,1
C00127621,6137.62,2
C00127779,20.0,2
C00127811,21743.93,90
C00128678,1053.6,2
C00128876,103748.07,107
C00130658,2085148.33,338
C00130773,4.17,1
C00130831,380.0,1
C00131185,736023.68,178
C00133389,332.95,2
C00133611,750.0,2
C00134676,10800.0,24
C00134726,4113.52,17
C00134742,10602.17,8
C00135368,38647.0,180
C00135541,75493.87,102
C00135558,424579.57,444
C00135681,274.66,1
C00136200,211840.19,92
C00136457,2094726.11,952
C00136531,240.0,6
C00136689,4424.0,6
C00136739,34600.0,15
C00136853,118562.94,192
C00137265,103.0,10
C00137729,208.7,7
C00138560,47845.79,21
C00138966,6333.26,9
C00138974,4172.56,11
C00139071,2157.46,22
C00139477,574.65,9
C00139519,1042.34,18
C00139600,105563.82,5
C00139659,256376.97,296
C00139964,1796.33,3
C00140061,16925.63,23
C00140590,2084298.59,264
C00140715,2772202.69,1042
C00140772,0.0,2
C00141572,51167.65,27
C00141747,4298.4,7
C00141812,231847.54,284
C00142083,276.03,1
C00142299,7276.04,22
C00142711,2022.0,26
C00142786,49.2,2
C00143230,243218.55,551
C00143305,199.38,9
C00143438,938.0,5
C00143560,34805.76,14
C00143743,4203025.74,2829
C00143867,44.0,10
C00144154,695.97,4
C00144170,1912.76,8
C00144261,28660.06,26
C00144345,7959.21,113
C00144709,2491.6,4
C00144766,3542.61,9
C00145037,1968.8,19
C00145342,6250.0,25
C00145623,12490.15,56
C00145862,2061.0,4
C00146506,557.0,29
C00147173,21525.36,75
C00147231,1126.89,18
C00147512,6719651.85,925
C00147975,37989.06,33
C00147983,53708.0,30
C00148031,54.6,2
C00148999,8151958.42,1051
C00149641,184474.59,244
C00150201,27.87,1
C00150367,11347.82,96
C00150672,5026106.9,66
C00150797,1920.98,30
C00150805,620.25,1
C00150995,37895.01,8
C00151340,119149.46,12
C00151688,6050.0,11
C00151787,4393.25,53
C00152280,12515.46,43
C00153031,17617.5,6
C00153445,3238.56,4
C00153684,301174.6,55
C00154104,457.77,10
C00154625,439107.38,297
C00155440,97128.08,40
C00155796,145.0,2
C00155952,364145.33,293
C00156216,120.0,24
C00156554,3679.97,15
C00156612,18324.41,48
C00156810,1234024.43,739
C00157941,186992.56,63
C00157958,5756.6,12
C00158402,61802.42,39
C00158576,40.0,4
C00159319,2386.02,3
C00159954,11519.08,23
C00160259,4225.93,31
C00160937,437483.58,482
C00160986,519.43,1
C00161067,4642.8,7
C00161265,27532.0,7
C00161414,132.96,3
C00161786,360383.56,472
C00161810,362976.21,398
C00162339,3171738.85,1826
C00162578,259762.57,295
C00162818,24214.85,3
C00163048,5579.34,23
C00163238,105.0,2
C00163832,349.14,1
C00163956,40527.79,7
C00164145,3911.17,4
C00164418,349702.22,981
C00164509,505.0,14
C00164848,1411.4,3
C00164939,62.0,2
C00165142,10277.27,16
C00165159,430644.32,68
C00165324,397.5,1
C00165548,69015.03,24
C00165688,820266.63,56
C00165944,845.0,4
C00166074,8715.95,10
C00166272,7568.65,17
C00166348,1990.0,2
C00166504,552941.55,362
C00166710,509899.61,96
C00166827,5628.4,25
C00167015,186845.61,75
C00167130,767386.28,359
C00167213,344748.28,329
C00167320,1071430.9,822
C00167346,220709.42,250
C00167585,2055140.73,544
C00167684,400.0,4
C00168070,1047.3,14
C00168864,1081.54,15
C00169441,20.0,1
C00169722,802.74,1
C00170175,27299.94,37
C00170258,18762.09,55
C00171330,8802.5,14
C00171504,128815.26,49
C00171926,988.34,14
C00172296,509095.42,95
C00172361,20395.85,12
C00172510,354900.76,415
C00172619,274359.53,331
C00172775,5175.0,5
C00172833,4925.26,27
C00172841,2907.94,21
C00173096,3493.73,24
C00173278,2157.34,2
C00173393,826.84,20
C00174334,22974.66,3
C00174847,22085.0,25
C00175521,11978.93,14
C00177972,2866.06,2
C00178038,2656375.3,1509
C00178418,47386.0,21
C00178541,2943.78,5
C00179408,178912.48,76
C00185520,1006.71,11
C00185694,733.49,12
C00187450,41295.82,139
C00188011,1874.76,8
C00188078,13017.29,18
C00188193,64517.16,83
C00188367,591082.73,571
C00189100,147956.35,88
C00190934,421180.15,527
C00190991,46504.28,50
C00191247,211440.88,156
C00191288,30341.44,19
C00192062,2000.0,1
C00193342,62685374.23,1160
C00193383,248.0,1
C00193433,54525064.67,13414
C00193441,2948.53,10
C00193623,235877.74,326
C00193631,16339.77,45
C00193854,17020.76,64
C00193979,500.0,3
C00194647,2020.84,75
C00194803,10116.58,23
C00195024,5746.53,11
C00195065,21625.43,12
C00195628,628139.66,632
C00195891,796.19,11
C00196089,2201.83,25
C00196246,961.37,14
C00196428,897.12,20
C00196444,1840.51,21
C00196725,11658.13,33
C00196774,12504441.2,1541
C00196824,1096.08,2
C00196915,58404.26,64
C00197095,5869.72,24
C00197160,43128.9,63
C00197715,77902.26,18
C00197749,2414.17,24
C00198259,1591.46,1
C00198861,2717.9,22
C00199257,5683.01,8
C00199497,250.0,1
C00199703,1727.45,19
C00199711,1000.0,2
C00200089,604.0,2
C00200584,3463105.83,1223
C00200659,356.18,7
C00200865,256781.61,237
C00201491,5180.49,7
C00201533,25057.1,32
C00201871,14571.17,4
C00202176,3561.05,30
C00202184,1857.28,53
C00202416,1581930.86,1245
C00202804,5446.67,6
C00202861,2379.76,12
C00203497,173425.3,44
C00204099,901.37,9
C00204180,472.5,1
C00204370,9373.96,83
C00204453,10000.0,8
C00205369,6172.26,3
C00206177,66781.95,26
C00207399,23285.73,58
C00207993,4755657.57,1037
C00208322,263.12,1
C00208439,300.0,1
C00208983,204.22,1
C00208991,176741.25,93
C00210344,1330.72,10
C00211318,430930.67,72
C00211524,9464.07,1
C00211763,317666.49,78
C00212787,271782.22,277
C00213066,239.66,8
C00213074,236.0,7
C00213173,5994.09,46
C00213348,6000.0,3
C00213512,11183470.28,1371
C00213611,1597.19,3
C00213645,3743.0,5
C00213819,5008.54,66
C00214072,809.05,15
C00214148,5348.24,24
C00214643,1026719.44,75
C00214981,4650.23,55
C00215129,916.13,7
C00215384,337.5,4
C00215699,225.0,18
C00215905,5740715.91,1484
C00216127,24496.21,5
C00216184,10634.75,30
C00216614,232909.28,669
C00216705,5526.17,3
C00216895,13866.73,22
C00217638,2.97,1
C00217877,249.52,1
C00219121,54.0,13
C00219444,25211.29,51
C00219568,10958.64,35
C00219642,341153.83,44
C00219881,499136.5,321
C00220558,13642.53,20
C00221077,4172.26,46
C00221507,439.47,14
C00222422,3688.38,111
C00223073,9101.9,17
C00223297,1242.0,3
C00224691,73848.75,59
C00224717,1405309.15,8454
C00225342,28909.47,47
C00226522,5363874.1,1038
C00226928,1529325.62,645
C00227546,9248.92,57
C00227744,271782.16,50
C00228106,7128.29,4
C00228296,9589.37,9
C00229104,161920.66,82
C00229377,370754.95,99
C00229385,346.39,1
C00230342,2228688.16,1341
C00230482,269663.24,315
C00231670,252.5,1
C00231951,782.54,10
C00232629,69.47,3
C00232967,350.26,2
C00233049,5200.0,8
C00233056,203.63,1
C00233353,10200.0,24
C00233361,63386.37,159
C00235036,1287.1,25
C00235184,2372.86,8
C00235572,154642.89,142
C00235655,511942.78,151
C00235739,1789.15,27
C00235762,450.0,2
C00235853,245320.64,973
C00236489,40824.65,73
C00236513,3071113.58,735
C00237495,9111.76,23
C00238204,145879.46,233
C00238444,44022.5,128
C00238725,168215.27,49
C00238865,1309572.84,760
C00238907,2131131.52,522
C00239038,11743.0,22
C00239780,217.49,1
C00239848,4013.25,28
C00239905,3426.7,20
C00239947,1206.1,65
C00240069,1456.08,13
C00240457,550.93,24
C00240911,997.62,14
C00240986,29883.36,46
C00241083,64730.62,203
C00241323,1877.24,13
C00241349,2000.99,6
C00241380,4417.5,9
C00241851,50.0,1
C00242024,775.0,1
C00242057,1121.3,15
C00243428,16110.55,55
C00243659,396.33,1
C00243675,204.28,1
C00244335,320986.35,187
C00244533,30772.33,35
C00244863,20953.37,26
C00245548,8663.2,80
C00246306,3035.92,50
C00246371,75.0,3
C00247197,34180.0,1
C00247403,389880.88,384
C00247981,7473.47,10
C00248658,4450.0,22
C00248690,463.0,2
C00248948,37312.63,37
C00249342,11188.13,26
C00249532,1000.0,1
C00250027,2497.84,22
C00250068,1290.0,2
C00250209,2458.81,21
C00250399,1224631.27,1002
C00250753,2304.76,39
C00250993,17597.65,31
C00251009,999.79,1
C00251447,2739.23,28
C00251876,237.53,2
C00251918,2962.34,2
C00252056,40581.82,20
C00252338,6061.09,54
C00252395,136202.43,68
C00252551,93847.59,434
C00252684,70.76,3
C00252825,7975.2,7
C00252940,130122.57,1268
C00253153,966.8,18
C00253187,2863896.35,922
C00253260,213186.6,247
C00253294,1314263.2,874
C00253906,1800.0,12
C00254185,28125.93,95
C00254193,19879.75,11
C00254490,10521.29,23
C00254573,280191.76,208
C00254581,10828.11,12
C00254938,26143.01,118
C00254953,117.24,1
C00255091,537.9,46
C00255257,1400.0,3
C00255562,1262943.16,598
C00255695,3674017.11,2276
C00255752,270172.92,85
C00255976,51412.59,35
C00256453,200.56,5
C00256925,683485.31,561
C00257121,459738.22,381
C00257279,68728.66,240
C00257337,1434949.09,637
C00257642,1556765.15,1024
C00257956,70576.51,74
C00258236,16050.27,25
C00258475,1638943.07,502
C00258855,739180.46,279
C00259143,561639.22,329
C00259481,310086.52,160
C00261339,7184.19,3
C00261891,816.45,1
C00263053,124789.61,160
C00263723,118.41,3
C00264101,28366.75,56
C00264564,524379.77,409
C00264689,11675.66,26
C00264697,1561707.34,784
C00265033,1943.6,7
C00265603,281990.62,98
C00265850,273.0,13
C00266585,69.0,2
C00266932,42716.58,23
C00266940,1347904.12,623
C00267385,7490.18,12
C00267849,848.0,1
C00268904,329.0,2
C00269340,27496.44,45
C00269779,11583.41,14
C00269837,488372.79,566
C00270934,122841.55,274
C00271312,603144.22,446
C00271338,3151566.83,841
C00272153,2670.8,2
C00272211,407789.98,203
C00272724,4021.5,23
C00273003,122.5,4
C00273169,2739562.64,1029
C00274258,14500.0,2
C00274423,3136.59,2
C00274944,2316.48,31
C00275230,-7097.66,1
C00275297,228.27,1
C00276485,169.71,2
C00276592,1195.0,6
C00276659,23104.73,18
C00277152,250.0,1
C00277335,286397.92,327
C00277541,268831.43,555
C00278101,19148.76,307
C00278689,7983.84,12
C00279182,27619.07,75
C00279216,226.53,7
C00279380,92373.77,49
C00279455,9448.7,2
C00279802,152102.11,485
C00279828,9709.61,7
C00279851,1065058.29,649
C00280222,189271.05,60
C00280743,780.57,17
C00282343,24261.5,22
C00282921,147.31,2
C00283051,6528.0,2
C00283135,32955.38,60
C00283432,33241.43,118
C00283440,205.78,1
C00283523,15388.54,10
C00283572,2073.79,2
C00284810,2811.0,1
C00284885,3464.81,27
C00285171,709101.72,433
C00285254,119077.07,139
C00285593,1775.09,2
C00286187,443325.49,333
C00286401,8598.38,8
C00286500,336337.8,229
C00286807,338.14,1
C00286880,3575.88,5
C00287045,1043.23,9
C00287714,464.19,13
C00287748,1578.34,1
C00287904,822193.89,699
C00287912,587125.76,351
C00289140,26.89,5
C00289603,1244210.34,947
C00290064,753500.05,526
C00290304,9165.2,33
C00290825,1677661.8,456
C00291799,1720.78,1
C00291914,13219.18,20
C00291922,3091.42,1
C00292318,117.06,1
C00293910,355300.0,18
C00295527,90958.19,110
C00295964,156841.48,95
C00296640,803295.0,265
C00297077,58.0,3
C00297531,21287.65,79
C00297630,32400.0,9
C00297739,5171.34,31
C00298000,1032816.72,333
C00298018,5095.53,1
C00298190,129.75,4
C00298356,1626.92,4
C00299149,14411.85,48
C00299396,37729.8,20
C00299404,50070.36,32
C00299867,17942.97,8
C00300236,15294.0,99
C00300376,1601.62,11
C00300707,10453.6,70
C00300731,44040.69,130
C00300921,3840515.5,947
C00301838,2852299.6,607
C00301929,3784.02,11
C00302240,1937.67,18
C00302844,7012.98,46
C00303024,167364.03,11
C00303305,1641786.18,498
C00303339,183489.79,136
C00303883,500.0,2
C00304634,831.88,35
C00304709,511992.17,629
C00304758,865919.31,992
C00305052,23060.26,27
C00305318,871627.27,204
C00305805,169647.46,232
C00306035,3442.16,5
C00306175,81.0,3
C00306449,11995.01,27
C00306704,4586587.68,432
C00306860,21602.89,9
C00306894,4752.83,39
C00307314,1530631.4,890
C00307397,5600.0,1
C00307991,18651.88,65
C00308387,144504.76,22
C00308478,10461.03,11
C00308676,1805721.5,1069
C00308742,489140.49,645
C00309567,1803915.13,2330
C00309716,500.95,8
C00310318,429757.64,434
C00310532,2525325.63,833
C00310896,3645.62,11
C00310904,3719.09,4
C00311043,2773809.51,853
C00311142,5495.0,7
C00311308,258.0,12
C00311639,804401.2,451
C00311878,2188.94,10
C00311944,85835.33,38
C00312017,4165910.52,1487
C00312223,213.88,6
C00313247,1300313.75,459
C00313510,1396467.48,672
C00314575,27662328.9,1791
C00314617,19435.23,124
C00314997,312.0,12
C00315713,43260.47,68
C00316455,1150.0,1
C00317503,284399.83,436
C00318196,4838.8,10
C00318766,2500.0,1
C00319319,1269.84,40
C00319517,450.0,1
C00319723,1281.42,16
C00320218,11521.75,23
C00320432,28768.64,100
C00321141,350.0,5
C00321596,2400.0,8
C00321943,513864.4,644
C00322560,10306.5,3
C00322768,7486.53,41
C00323048,899.98,10
C00323352,41137.08,49
C00323576,7081.25,8
C00323758,1375.0,1
C00323923,33590.51,124
C00324673,1301.68,4
C00324780,514.0,2
C00325076,274585.71,458
C00325092,988.0,1
C00325324,1922.12,70
C00325357,25951.79,14
C00325464,14065.56,60
C00325639,7711.16,18
C00325647,933.56,1
C00325936,20077.41,226
C00325993,307982.39,109
C00326082,215310.37,100
C00326363,1396635.51,1013
C00326439,445058.68,133
C00326751,22672.02,94
C00326801,2763323.44,1485
C00326835,11944.54,48
C00327023,1164925.18,855
C00327106,3612.39,19
C00327189,254408.24,82
C00327395,9735.94,18
C00327478,18085.23,18
C00327593,1514.75,4
C00328211,41995.58,47
C00328401,1750.0,2
C00329185,206.73,1
C00329425,5849.58,69
C00329896,190650.8,223
C00329920,10718.08,13
C00330019,76.0,1
C00330118,15966.45,38
C00330142,886068.89,1215
C00330233,2334.43,18
C00330696,3677.25,6
C00330720,205330.56,52
C00330886,516847.23,512
C00330894,390676.9,132
C00331017,419.65,7
C00331397,722418.17,470
C00331454,250.0,1
C00331496,4563.19,19
C00331694,1078664.2,576
C00331769,1235560.1,815
C00331918,827.6,4
C00332221,7475.05,74
C00332296,264393.0,124
C00332395,1251.4,18
C00332643,350.0,2
C00332841,1758.07,30
C00333104,2253.7,16
C00333427,901461.66,643
C00333534,412.57,4
C00333740,16563.33,29
C00334383,106660.75,230
C00334417,1085.01,5
C00334706,212823.33,153
C00336065,416.3,1
C00336297,14596.47,7
C00336388,12878.64,5
C00336743,27057.8,95
C00337394,0.0,4
C00337626,5072.92,22
C00337733,1305829.07,374
C00337964,52.86,2
C00338020,140388.55,91
C00338087,1042.14,40
C00338558,1025.8,12
C00338954,32992.01,16
C00339085,21.49,1
C00339655,33813.44,44
C00340018,36.9,2
C00340075,2580.28,22
C00340356,5174.73,61
C00340364,1379.25,9
C00340455,201.93,1
C00340554,1587.55,8
C00341396,33325938.26,4302
C00341529,15.0,1
C00341792,875.0,2
C00341800,834.85,7
C00342022,9270.3,23
C00342048,772878.14,683
C00342857,18078.1,257
C00342907,26231.47,62
C00343137,57798.11,207
C00343236,29435.21,40
C00343459,26451.1,25
C00343574,246563.38,227
C00343871,8745637.59,1270
C00343947,76150.68,43
C00344010,904.89,18
C00344051,503175.62,92
C00344234,5359005.38,611
C00344325,16362.89,72
C00344390,3000.0,1
C00344473,1075177.72,612
C00344648,805505.21,241
C00344671,172383.12,298
C00344697,1421859.23,1704
C00344721,2212.58,25
C00344770,1831.15,46
C00344788,15457.0,13
C00345058,114272.53,32
C00345124,4675.6,4
C00345132,1881.1,62
C00345199,40417.06,40
C00345306,3416.69,11
C00345546,984776.12,661
C00345868,366.21,3
C00345942,6579.66,47
C00346015,15570.5,31
C00346080,972568.51,352
C00346130,101.0,1
C00346239,16717.05,29
C00346296,120.0,1
C00346312,1910646.81,637
C00346353,387.77,2
C00346403,12507.96,26
C00346619,5478.93,12
C00347195,383907.81,151
C00347260,30974.89,36
C00347310,10511.4,10
C00347476,24500.1,26
C00347492,87131.03,36
C00347591,12047.46,4
C00347955,981.52,15
C00348540,687803.64,22
C00348607,1261959.26,404
C00348623,12.0,6
C00349217,638101.57,590
C00349225,123.33,1
C00349233,357702.88,213
C00349373,1267.27,8
C00349506,1076325.28,660
C00349746,2115.78,1
C00349761,1591.39,6
C00349902,1627.48,3
C00350421,11841.83,71
C00350744,682.0,8
C00350884,213.68,8
C00350991,307602.3,123
C00351015,28069.1,8
C00351031,50534.36,53
C00351056,4895.0,5
C00351197,15690.81,71
C00351270,2000.0,8
C00351379,11238.66,9
C00351924,6695.0,8
C00352211,3264.67,3
C00352922,2386.57,87
C00353037,542.91,5
C00353144,22663.64,73
C00353797,418.74,13
C00354290,577.71,6
C00354332,311564.87,1442
C00354548,1174.0,4
C00354571,13084.31,30
C00354605,17598.58,127
C00354688,713432.38,676
C00355289,2650000.0,7
C00355677,7682.12,118
C00356345,16800.0,2
C00357905,117095.54,57
C00358234,2886.81,8
C00358440,13669.86,13
C00358663,1061860.23,193
C00358812,22451.41,234
C00358903,8184.0,14
C00358952,8669.0,41
C00358960,648.35,4
C00358994,3553.25,7
C00359034,1145726.7,384
C00359380,1909.82,30
C00359463,1775.0,6
C00359539,39617.92,66
C00359588,130.0,1
C00359992,390.0,8
C00360354,4667.81,30
C00360362,237.49,2
C00361014,394.3,11
C00361139,7677.68,2
C00361253,2877.0,2
C00361410,63520.53,107
C00361485,16003.17,81
C00361758,2000.0,4
C00361956,402277.12,235
C00362178,34852.07,37
C00362210,340.18,2
C00362236,4608.0,9
C00362384,46825.99,38
C00362624,20704.93,19
C00362640,0.0,3
C00363317,79755.71,22
C00363648,285311.63,114
C00363770,18177.13,28
C00363838,2901.9,43
C00363853,8414.19,1
C00363879,10578.81,25
C00363945,184.46,1
C00363986,16380.92,33
C00364091,50.0,2
C00364109,1187.64,27
C00364133,38119.12,24
C00364158,25830.43,159
C00364174,18378.51,10
C00364323,1939.8,1
C00364422,6297.71,8
C00364455,-0.13,1
C00364935,25391.85,22
C00365098,2937.93,6
C00365270,268377.66,125
C00365502,2366.53,19
C00365536,7219004.89,1630
C00365593,37629.38,116
C00366096,1047.0,9
C00366666,43425.4,38
C00366757,9938.7,27
C00366948,869260.23,469
C00367177,1036.58,19
C00367680,1635.32,16
C00367862,849726.03,581
C00367920,35.0,1
C00368332,10470.03,54
C00368522,1694404.56,894
C00368696,534844.2,228
C00368720,1310.04,11
C00369033,33268867.44,1425
C00369181,304114.37,325
C00369660,5575.7,8
C00369801,1126510.13,749
C00370007,893077.75,469
C00370056,19326528.53,964
C00370122,116878.53,171
C00370130,13429.12,9
C00370221,481214.87,804
C00370577,57.95,1
C00370643,99.61,1
C00370650,45450.25,37
C00370759,9910.97,15
C00371088,2967.45,21
C00371203,1995173.39,658
C00371302,3136427.9,1931
C00371948,250.0,1
C00372102,19640.48,71
C00372201,39910.29,67
C00372367,42.5,16
C00372532,1493188.44,1202
C00372722,194.25,5
C00373001,1721808.47,341
C00373464,2026849.31,673
C00373563,404412.02,473
C00373696,11940.21,34
C00373910,1575.88,27
C00374058,632371.81,851
C00374231,82955.42,59
C00374306,26.53,24
C00374363,13157.15,38
C00374447,2138.38,19
C00375048,19036.51,62
C00375154,4751.56,10
C00375279,1210.67,55
C00375360,15391.87,52
C00375451,15469.43,15
C00375584,374396.75,162
C00375691,2175.0,3
C00376038,251452.1,90
C00376087,749530.97,426
C00376343,10417.25,45
C00376582,606.92,20
C00376665,1271100.09,513
C00376673,640117.72,571
C00376756,13051.78,13
C00376939,874485.54,878
C00377002,4582.51,105
C00377051,7063.24,8
C00377143,108166.6,114
C00377168,2330.5,63
C00377598,75.0,1
C00377689,493671.26,254
C00377952,198.0,1
C00378067,547.07,2
C00378125,10750.0,3
C00378216,2200.0,3
C00378356,2160.41,8
C00378661,6826.5,12
C00378695,100063.24,55
C00378752,2600.0,14
C00379180,4764.84,20
C00379479,140494.49,52
C00379735,1749686.2,259
C00379768,17020.02,28
C00379974,2471.8,22
C00380352,17245.21,88
C00380527,11250.0,5
C00380535,2209.56,9
C00380568,168411.48,203
C00380675,5192.48,18
C00380873,1308.0,2
C00381384,25996.87,25
C00381681,186482.06,36
C00381699,41.0,2
C00381806,34827.04,34
C00381954,293.0,6
C00381996,1115.28,3
C00382028,3523.0,32
C00382143,5847.77,52
C00382234,593.26,13
C00382242,235576.39,177
C00382275,2500.0,1
C00382283,1438.46,1
C00382432,3467.74,9
C00382556,13284.08,4
C00383075,750.0,2
C00383174,401.64,2
C00383422,1966.95,4
C00383562,0.0,3
C00383604,336.0,24
C00383745,154430.37,121
C00383828,751383.28,713
C00383869,159356.04,87
C00383950,19459.51,9
C00383976,73446.03,254
C00383992,1387.68,7
C00384057,782834.72,559
C00384479,4784095.06,993
C00384529,476776.84,451
C00384693,331465.48,348
C00384701,21461.48,52
C00385039,92.93,2
C00385187,13046.15,19
C00385377,27675.0,31
C00385393,21892.57,30
C00385526,404967.84,235
C00385534,75413.6,50
C00385773,1621406.76,2081
C00385799,15494.44,58
C00386136,422.0,2
C00386300,37500.0,45
C00386532,564741.91,1100
C00386748,1312244.05,1102
C00386755,38494.19,11
C00386847,27222.27,32
C00386904,5633.58,10
C00387274,26975.46,26
C00387464,1119860.8,234
C00387555,99645.39,73
C00387720,10051.01,23
C00387811,143.12,24
C00388421,464925.18,95
C00388470,293.59,3
C00388504,4958.39,23
C00388827,1090.16,3
C00388934,260984.89,126
C00388975,1854.85,4
C00389189,4643.06,6
C00389510,9792.07,24
C00389585,632.29,3
C00389866,210.38,1
C00389916,29800.03,17
C00389981,78931.39,152
C00390104,43548.47,132
C00390161,62871.53,58
C00390351,0.25,1
C00390476,3393038.67,1501
C00390526,429.58,8
C00390674,294496.87,131
C00390724,1586514.13,942
C00390831,16440.3,15
C00391029,1736903.41,579
C00391797,94021.83,42
C00391979,13260.0,25
C00392134,93569.47,40
C00392266,1046.15,1
C00392670,44294.72,58
C00392688,3907621.64,1524
C00392738,329611.42,249
C00392795,26010.75,68
C00392928,54954.99,171
C00393041,70635.77,135
C00393298,57691.95,7
C00393348,214434.65,204
C00393512,3632.93,30
C00393629,1609734.62,631
C00393652,99552.11,78
C00393728,430.46,14
C00394031,586.67,16
C00394163,435.31,14
C00394445,-192.0,19
C00394452,10507.74,23
C00394460,30555.94,23
C00394593,37073.85,2
C00394957,19209981.82,1185
C00395467,2427335.06,413
C00395590,38599.98,87
C00395723,9715.18,30
C00395848,936731.54,353
C00395889,94415.19,173
C00395947,775.92,8
C00396556,4360.71,5
C00396671,8454.03,81
C00396820,2168.92,5
C00397067,222.0,1
C00397083,34115.24,11
C00397505,951823.87,2190
C00398040,6502.0,10
C00398644,879691.64,1293
C00398727,861.31,2
C00398750,396752.43,157
C00399071,88737.43,136
C00399196,402656.02,185
C00399444,56440.02,122
C00400135,604.54,5
C00400333,3770.0,37
C00400465,4358.58,20
C00400945,2607.49,9
C00401034,630760.5,383
C00401083,16537.69,12
C00401125,426.96,2
C00401190,492067.64,720
C00401224,42212541.85,11197
C00401299,278.0,7
C00401315,2244.1,5
C00401463,2582.08,10
C00401786,1349575.04,442
C00402081,3313.93,22
C00402602,550.0,2
C00402628,48377.3,94
C00402651,2101.9,11
C00402669,2190.77,14
C00402727,1550.0,2
C00402800,268108.07,896
C00402826,6719.79,9
C00402842,40585.82,119
C00402909,739.44,2
C00402982,15422.8,18
C00403071,35305.07,67
C00403105,720.89,10
C00403535,55718.18,114
C00403592,131835.4,110
C00403709,7197.74,16
C00403741,52745.94,38
C00403816,4164.51,16
C00403824,5708.34,36
C00403881,12495.96,71
C00403907,2062.37,2
C00404020,10238.35,64
C00404145,1503.43,4
C00404178,6090.18,24
C00404194,421.0,27
C00404301,66386.13,285
C00404319,10147.15,37
C00404335,5253.0,6
C00404392,116261.85,43
C00404418,103177.2,39
C00404434,6897.3,8
C00405043,2419.49,6
C00405050,49123.46,21
C00405076,303.76,1
C00405233,26555.1,82
C00405340,1978.09,22
C00405431,1949696.14,822
C00405506,628.69,2
C00405555,634.07,8
C00405563,250.0,1
C00405597,40.0,2
C00405639,1185.0,1
C00405878,110758.98,304
C00406041,237180.02,219
C00406256,1400.0,1
C00406447,54458.02,89
C00406553,11829.74,145
C00406645,394296.45,269
C00406801,1538.78,5
C00406850,3568.3,24
C00406876,4603.97,7
C00406892,120.0,3
C00407007,19416.92,104
C00407080,849.65,14
C00407262,16802.62,129
C00407452,3185.06,13
C00407841,4284.61,31
C00407866,5154.35,15
C00408088,82358.42,61
C00408120,35995.42,52
C00408260,94417.28,73
C00408435,1861.05,39
C00408484,11512.44,17
C00408518,1557.14,46
C00408534,1278959.95,801
C00409003,1017169.83,392
C00409102,12704.03,18
C00409110,438092.16,330
C00409219,790753.2,426
C00409276,330197.52,146
C00409359,3477.68,6
C00409391,19483.66,22
C00409458,100961.27,57
C00409490,12639.59,24
C00409565,1917.43,59
C00409581,1249626.74,907
C00409623,130224.42,58
C00409714,6560.64,24
C00409730,1679518.85,438
C00409797,900.0,6
C00410068,274785.41,220
C00410092,274059.78,176
C00410118,9937.73,56
C00410167,2600.0,1
C00410233,825734.4,373
C00410274,10456.95,46
C00410308,207443.56,179
C00410365,375.0,2
C00410407,37.45,2
C00410589,328.84,1
C00410621,118872.48,60
C00410639,1279706.5,562
C00410670,891.82,19
C00410753,480509.13,267
C00410761,948733.23,504
C00410803,554118.08,590
C00410829,6248.49,14
C00410969,15467.65,44
C00410985,23813.0,3
C00411082,9495.84,65
C00411116,2027.94,31
C00411173,8543.8,24
C00411181,298.92,2
C00411306,625.0,2
C00411330,5738466.17,948
C00411553,16583.62,334
C00411579,28500.0,32
C00411587,274159.19,383
C00411611,39944.02,22
C00411918,1181.29,10
C00412072,25023.31,52
C00412098,8573.58,20
C00412122,23821.5,167
C00412213,605.0,17
C00412288,56726.0,49
C00412304,1047776.69,431
C00412312,4216.45,24
C00412395,24576.61,46
C00412403,689.02,17
C00412569,76342.87,277
C00412619,1108.65,30
C00412635,270.0,9
C00412759,3122520.88,712
C00412791,348289.42,149
C00412890,644589.05,404
C00413096,10385.2,25
C00413179,590665.91,428
C00413484,3750.0,2
C00413567,4316.45,37
C00413716,0.0,2
C00413914,711416.27,591
C00413948,226546.57,106
C00413955,7837.5,37
C00414110,19398.45,6
C00414318,226120.1,186
C00414474,1518.54,23
C00415075,1305.17,11
C00415182,363126.14,535
C00415208,341547.56,158
C00415331,1166184.11,579
C00415372,1967.65,33
C00415745,906.44,4
C00415752,196260.52,139
C00415869,732.7,3
C00415992,7907.25,16
C00416131,383908.48,186
C00416305,2258.56,23
C00416347,1126.62,6
C00416404,209.6,1
C00416594,12419425.65,3600
C00416685,810.7,11
C00416743,292570.75,260
C00416982,2093.9,4
C00417063,796157.56,671
C00417097,2022.16,16
C00417295,3000.0,2
C00417493,118498.31,136
C00417584,361243.67,152
C00417634,10233.55,223
C00417717,2249.76,7
C00417733,25829.53,125
C00417865,656.14,3
C00418103,1770.15,41
C00418269,841.69,13
C00418293,384600.82,646
C00418582,2683.0,3
C00418731,2817.75,24
C00418830,3707.16,24
C00418889,317559.52,1127
C00418897,2534680.78,1091
C00419028,5000.0,1
C00419051,52.6,2
C00419242,6907.17,7
C00419283,7418.79,6
C00419572,454.15,13
C00419630,571221.33,373
C00419911,38.92,2
C00419978,65740.85,183
C00419986,34124.74,87
C00420000,40.0,1
C00420398,111.25,17
C00420695,68159.81,69
C00420745,312092.31,236
C00420760,774974.82,386
C00420935,20558340.72,2221
C00421008,900.0,2
C00421057,7704.65,65
C00421420,46.06,2
C00421735,20465.9,3
C00421982,1406.49,5
C00422022,11716.0,30
C00422410,25634.96,17
C00422428,7971.0,14
C00422519,1813.39,2
C00422642,225.0,5
C00422774,102963.99,136
C00422980,231098.5,119
C00423012,9492.04,148
C00423079,63895.44,44
C00423798,150.0,1
C00424226,4880.3,8
C00424382,105.26,4
C00424515,9197.86,17
C00424713,83122.75,170
C00424788,1665.24,74
C00424879,655.3,1
C00425439,102743.29,18
C00425470,439975.77,369
C00425520,5309.36,9
C00425645,151591.15,18
C00425686,246.94,8
C00426163,1715.0,2
C00426320,103061.85,568
C00426494,6200.0,3
C00426809,332979.64,67
C00426874,3141.11,21
C00426965,5049.8,31
C00427203,5576.81,20
C00427401,19055.11,19
C00427435,157347.64,567
C00427575,41076.17,194
C00427617,7113.41,14
C00427781,475.11,3
C00427849,5400.0,1
C00427856,5974.68,25
C00427930,1500.0,3
C00428052,963115.2,337
C00428094,2485.88,18
C00428110,31.26,9
C00428375,3924.38,3
C00428516,45061.51,118
C00428599,640000000.0,10
C00428649,35896.05,17
C00428706,43981.46,38
C00429233,15125.14,18
C00429464,4916.0,5
C00429563,55871.31,9
C00429571,15979.7,75
C00429787,8213.33,14
C00429886,346.78,30
C00430066,264.67,1
C00430108,220.0,1
C00430280,111533.22,151
C00430421,3053.22,8
C00430462,272504.19,114
C00430579,24895.48,26
C00430876,78222.18,11
C00430884,272.42,1
C00430926,112.0,1
C00430991,1153677.09,538
C00431056,1367528.31,751
C00431122,1253.61,21
C00431171,128303.44,42
C00431197,50136.09,17
C00431262,2630.14,4
C00431304,287220.13,145
C00431312,5973.11,26
C00431353,2281965.13,1030
C00431403,327239.08,120
C00431460,11672.82,26
C00431478,260638.58,1093
C00431544,6321.0,25
C00431601,299527.62,235
C00431643,4399.72,25
C00431874,105766.24,86
C00431924,2942.82,26
C00431981,2972.27,9
C00432096,71316.28,66
C00432104,6340.17,15
C00432260,235258.64,1254
C00432393,2567.55,4
C00432526,4298.36,47
C00432757,6898.77,48
C00432765,8960.87,26
C00432815,21098.88,39
C00432823,4898.35,20
C00432856,165.0,6
C00432906,500.0,3
C00432930,43458.28,244
C00433060,423202.06,102
C00433136,70167.31,6
C00433219,217809.92,184
C00433318,2250.26,4
C00433391,227777.9,346
C00433524,1770559.67,436
C00433680,461041.1,146
C00433730,17662.67,19
C00433805,879.81,21
C00433904,195.0,2
C00434191,731855.81,527
C00434563,767679.4,762
C00435099,1143469.78,752
C00435321,150.0,3
C00435420,6059.95,2
C00435651,550.0,1
C00435735,210.6,2
C00435974,628906.88,343
C00436022,696540.9,162
C00436386,827369.24,423
C00436410,11502.44,6
C00436725,72.53,1
C00436998,82195.51,68
C00437053,17.97,1
C00437061,21118.56,20
C00437079,5497.66,19
C00437277,3920936.95,1277
C00437376,26030.55,22
C00437756,25000.0,1
C00437889,48754096.04,1707
C00437913,409452.04,398
C00438002,2253.0,2
C00438028,206.11,2
C00438291,237732.68,71
C00438515,1283.94,6
C00438697,1004383.67,350
C00438713,14861262.83,1398
C00438721,500.0,1
C00439398,22181.2,88
C00439521,86259.38,51
C00439646,27334.55,342
C00439661,276505.09,76
C00439992,196814.8,82
C00440032,701433.15,320
C00440115,3600.0,2
C00440362,1814762.57,451
C00440453,202.39,1
C00440644,65204.31,64
C00441014,1803200.1,845
C00441196,924.0,1
C00441295,55167.1,41
C00441352,1882187.22,439
C00441733,3975.55,25
C00441949,73125.79,17
C00441980,21.09,1
C00442020,20574.4,41
C00442319,15692.52,24
C00442368,284600.03,161
C00442434,1025.58,13
C00442624,2038.0,3
C00442921,741935.0,604
C00443218,606594.48,710
C00443309,264.74,10
C00443580,2498901.52,481
C00443689,8837013.5,1327
C00443705,669250.23,305
C00443960,34.0,1
C00444117,26049.57,57
C00444224,16360.1,26
C00444430,3249.87,40
C00444471,196790.36,259
C00444539,3277.08,21
C00444620,1121396.73,935
C00444885,214.3,4
C00444968,1002919.48,678
C00445023,1154849.58,301
C00445122,13770.95,10
C00445379,211686.19,85
C00445452,1751241.57,767
C00445593,502.44,9
C00446237,292.06,120
C00446443,1600.0,4
C00446815,1983108.21,1354
C00446831,30.0,15
C00446906,1588664.19,615
C00447185,2295.55,6
C00447201,1097.53,3
C00447284,2364.69,18
C00447565,27923.96,62
C00448001,37078.25,28
C00448191,500.0,1
C00448324,75.0,5
C00448373,8809328.03,3730
C00448423,1584.27,1
C00448654,90.0,9
C00448696,1726252.72,629
C00449074,705.5,24
C00449512,92057.95,90
C00449538,547.27,11
C00449686,37158.38,63
C00449926,9345.0,1
C00450049,924330.84,781
C00450056,1610.81,4
C00450098,11092.88,31
C00450189,1897.49,7
C00450239,4587.32,72
C00450320,160925.49,111
C00450353,33092.46,96
C00450577,1940.0,4
C00450692,248116.83,145
C00450965,175.0,1
C00451062,252.58,1
C00451153,266111.15,75
C00451294,30039.36,29
C00451336,1067244.26,539
C00451575,1838.83,19
C00451583,4591.25,13
C00452052,108.49,1
C00452276,11820.93,29
C00452482,27151.73,46
C00452490,34.96,6
C00452748,8799.33,15
C00452755,4592.91,23
C00452763,60073.77,69
C00452771,15886.79,10
C00452847,4490.0,4
C00452854,5965.33,12
C00452961,1990.2,19
C00453324,9135.58,10
C00453704,139.46,1
C00454041,2000.0,1
C00454074,4057966.12,1136
C00454132,1000.0,1
C00454306,150.0,1
C00454660,1570.36,9
C00454694,513239.27,283
C00454751,14565.0,6
C00454793,519.27,1
C00454819,2188.85,28
C00455352,13804.22,37
C00455360,467.44,3
C00455378,171706.69,320
C00455394,67679.45,92
C00455659,73029.1,141
C00455683,18714.96,77
C00455717,209590.6,136
C00455725,17715.69,29
C00455741,5440.0,13
C00455840,2060.88,1
C00455865,334.0,3
C00455923,690783.86,245
C00455980,6184.25,13
C00456764,62437.52,12
C00456772,54408.77,50
C00456871,1100.0,1
C00457051,14146.78,5
C00457184,346.64,11
C00457200,15944.62,34
C00457226,977.35,3
C00457325,16736149.79,2209
C00457366,46870.38,129
C00457556,557173.59,541
C00457705,39367.82,60
C00457754,16540.9,27
C00457929,275.0,1
C00458000,4696119.03,3316
C00458117,9193.2,31
C00458125,539181.25,294
C00458158,98.0,1
C00458315,324454.5,561
C00458398,1020401.54,436
C00458463,887841.97,505
C00458570,213229.37,87
C00458679,1190132.69,277
C00458828,88705311.35,1862
C00458844,59124.8,49
C00458877,1291952.6,853
C00458976,1171013.7,737
C00459099,1253138.15,821
C00459123,143623.61,73
C00459255,1150508.48,1029
C00459297,1783532.73,700
C00459305,950.0,4
C00459461,52487.4,25
C00459693,11891.8,24
C00459925,37981.42,49
C00459933,60.0,3
C00459941,2214.18,9
C00460055,319410.71,162
C00460063,1498656.47,403
C00460147,2.5,51
C00460261,662795.55,637
C00460378,650519.31,186
C00460402,15981.27,34
C00460550,1042758.5,926
C00460618,6448.25,3
C00460659,1113966.33,380
C00460667,2054.75,4
C00460899,19629.8,159
C00460972,346516.45,582
C00461046,2268139.91,796
C00461061,685508.24,619
C00461095,4278.5,6
C00461137,5475.0,4
C00461145,1252.0,12
C00461251,185.0,2
C00461277,8105.7,11
C00461418,8445.2,25
C00461624,22388.65,20
C00461723,29130.0,7
C00461756,5942.5,36
C00461806,724918.67,334
C00461822,376693.88,368
C00461996,53887.2,48
C00462143,314505.28,219
C00462333,89746.31,51
C00462374,511823.6,336
C00462523,22448.26,22
C00462556,714518.82,426
C00462564,53347.97,27
C00462630,30417.0,31
C00462697,497322.12,343
C00462861,2329905.13,1191
C00462879,820.71,12
C00463828,30438.56,110
C00464016,10026.0,10
C00464032,3082955.3,852
C00464073,255210.64,176
C00464149,207357.6,99
C00464297,27223.6,113
C00464339,653277.47,313
C00464495,304.25,1
C00464602,1175525.2,549
C00464727,3568.75,10
C00465054,838.34,6
C00465211,12000.0,24
C00465492,1558.19,2
C00465914,2330.83,6
C00465971,700.0,1
C00466094,295.0,9
C00466359,19839.84,48
C00466466,112763.4,73
C00466482,519998.69,529
C00466516,343348.19,187
C00466813,7298.68,41
C00466854,41308.51,66
C00466870,257004.92,225
C00467118,1200.0,8
C00467381,283.03,10
C00467431,307542.69,95
C00467522,37067.36,27
C00467571,4275327.38,1324
C00467639,11927.88,30
C00467837,78078.82,53
C00468256,611657.74,693
C00468314,898034.4,24
C00468405,2076.63,6
C00468579,1631825.87,382
C00468660,438.81,8
C00469023,147656.72,119
C00469080,1564.33,25
C00469163,1078126.71,530
C00469205,1961.8,24
C00469239,30409.32,113
C00469254,4076.0,30
C00469395,500.0,1
C00469429,108967.3,74
C00469882,55011.96,70
C00469890,11424.43,18
C00470666,925.0,5
C00470690,1185.23,16
C00470757,662555.41,6467
C00470765,36650.24,34
C00470807,23668.5,6
C00470948,1359.44,4
C00471334,73688.97,101
C00471482,1200.0,1
C00471508,132.29,4
C00471540,2244.37,74
C00471573,76658.18,34
C00471607,68115.09,62
C00471813,8587.23,5
C00472159,267677.52,330
C00472225,552.22,6
C00472241,313451.46,149
C00472365,48158.97,83
C00472597,209.79,24
C00472704,4528481.58,1640
C00472894,201856.94,161
C00473116,6882.73,27
C00473132,820217.78,271
C00473249,275.4,1
C00473272,52203.0,70
C00473371,387031.25,665
C00473652,345.0,23
C00473827,813287.73,637
C00473918,4929303.1,150
C00474122,1813.37,20
C00474189,1199545.09,1050
C00475103,14865.9,23
C00475145,56228.57,25
C00475194,710.45,17
C00475343,555.13,24
C00475350,30.0,2
C00475384,600.0,4
C00475392,4483693.34,952
C00475673,34638.13,1
C00476192,22462.26,23
C00476291,690117.7,510
C00476317,277756.68,373
C00476523,976642.38,382
C00476564,881348.7,637
C00476697,1528.87,18
C00476820,1542046.39,637
C00476853,195.35,4
C00476978,9054.54,28
C00477067,3245.49,13
C00477240,362429.63,556
C00477323,660338.43,408
C00477745,881089.08,453
C00478081,236.1,1
C00478362,4190.42,30
C00478404,264.8,4
C00478800,6737.14,27
C00479063,458044.55,314
C00479188,500.0,1
C00479246,577.5,7
C00479501,49834.61,39
C00479873,646.48,1
C00479980,79890.73,41
C00480061,6400.1,21
C00480145,12397.01,36
C00480228,516816.93,226
C00480830,213842.16,30
C00480863,2818.88,7
C00481176,4473.68,7
C00481200,124334.45,115
C00481341,10819.52,23
C00481531,35897.35,34
C00481911,412230.25,431
C00481978,28549.31,60
C00482307,45801.81,59
C00482372,57091.54,36
C00482463,150.0,2
C00482703,3600.0,3
C00482737,394738.14,306
C00482984,213689.06,204
C00483412,10765.27,26
C00483487,23174.05,24
C00483628,4000.0,1
C00483677,1078.19,7
C00483693,504113.41,352
C00483883,197595.78,49
C00483891,8183.55,55
C00484055,20117.59,43
C00484154,280.0,2
C00484253,372046.2,12
C00484360,1800.0,1
C00484402,189026.84,76
C00484451,233.3,11
C00484592,208.77,6
C00484642,40707032.06,1880
C00484667,15493.2,3
C00484725,10141.47,10
C00485102,679438.96,882
C00485540,3206.86,2
C00485854,1510.04,5
C00486043,7844.13,4
C00486217,4440.51,27
C00486332,24372.51,14
C00486563,432842.25,526
C00486613,1000.0,1
C00486720,193796.05,213
C00486738,7465.72,25
C00486845,3212207.69,1499
C00486860,43768.24,28
C00486928,9741.52,23
C00486944,2475.53,24
C00487181,4527.35,25
C00487207,662.3,17
C00487298,2915.74,3
C00487363,3896616.56,1100
C00487470,2962866.5,1219
C00487678,33000.0,12
C00487702,1481.13,66
C00487827,14269.76,28
C00487892,5680.45,32
C00487942,78209.81,42
C00488080,5723.92,5
C00488387,221580.29,347
C00488403,5299.57,50
C00488429,2203.8,11
C00488437,6045.5,3
C00488478,6551.52,35
C00488486,49863.16,21
C00488494,63345.74,19
C00488742,43758.0,30
C00488882,52.0,1
C00489005,132750.0,22
C00489112,49453.92,31
C00489252,88974.5,52
C00489302,4367.62,5
C00489336,133705.34,88
C00489419,44102.1,29
C00489427,165497.43,63
C00489518,5776.8,21
C00489617,24214.25,49
C00489799,11469652.72,878
C00489815,15000.0,1
C00489823,2579.82,6
C00489831,7226.69,20
C00489856,629961.76,32
C00489898,2415.71,17
C00489906,51264.5,21
C00490045,8218.75,13
C00490235,186605.25,64
C00490375,283.73,8
C00490409,733.89,2
C00490474,1511.77,14
C00490516,1784.17,5
C00490524,7945.3,2
C00490730,22115.0,71
C00490847,38241.55,48
C00490896,3958.97,9
C00491050,1272.73,9
C00491118,4020.73,26
C00491142,10962.18,4
C00491183,52204.49,42
C00491241,26254.34,36
C00491357,29263954.52,1277
C00491654,323573.38,94
C00491910,2438.78,7
C00491936,125674.7,189
C00492025,40829.82,73
C00492058,111425.52,74
C00492082,4254.1,11
C00492116,659464.81,86
C00492140,24367590.7,1422
C00492157,572.88,11
C00492165,525.0,1
C00492231,38405.0,28
C00492264,90.0,1
C00492280,19494.1,43
C00492363,1380.31,23
C00492421,442140.78,171
C00492454,25834243.44,998
C00492520,2715932.66,195
C00492553,575.0,1
C00492579,25570.71,68
C00492587,17377.94,17
C00492595,73864.49,37
C00492645,1496563.59,757
C00492785,8972288.09,1265
C00492819,21292.53,31
C00492983,322770.33,329
C00492991,599268.19,513
C00493015,149.8,1
C00493072,123344.09,130
C00493221,3643077.96,815
C00493239,11261.13,10
C00493262,178137.78,28
C00493304,327.73,2
C00493361,56089.96,23
C00493411,25066.74,26
C00493635,128.82,4
C00493700,155465.82,85
C00493783,13561.42,7
C00493809,14684.4,22
C00493825,23596.35,66
C00493890,6720.05,5
C00493924,856625.74,565
C00493940,955.5,19
C00494005,608.55,28
C00494021,1699.73,21
C00494054,3000.0,4
C00494096,2031.4,41
C00494112,106308.31,79
C00494203,139824.94,72
C00494229,58078.77,54
C00494237,367.01,35
C00494302,272360.8,209
C00494559,1903.25,6
C00494567,135832.95,79
C00494583,200982.62,217
C00494617,211369.52,67
C00494674,4145.83,1
C00494682,7036.12,24
C00494757,499.22,3
C00494856,1020211.45,482
C00494930,54711.43,39
C00494971,3110.65,7
C00494997,546685.65,118
C00495002,3998.83,45
C00495010,1304727.18,1238
C00495028,4479385.53,419
C00495358,1183339.54,528
C00495507,10148.16,5
C00495556,18815.26,3
C00495580,24529.53,70
C00495705,36048.22,39
C00495846,6499110.83,860
C00495861,3083.9,14
C00495887,547306.04,50
C00495952,2099760.79,756
C00496018,4756.4,3
C00496034,2493.95,3
C00496067,30.0,6
C00496075,1231309.74,763
C00496406,399.38,1
C00496497,9540.0,13
C00496513,2251.3,20
C00496596,1000.0,20
C00496679,36435.27,158
C00496729,350.0,1
C00496752,10500.0,4
C00496760,953524.39,793
C00497073,147437.22,101
C00497115,13944.01,26
C00497131,459210.38,210
C00497305,33104.17,27
C00497321,719461.39,508
C00497396,111899.43,102
C00497420,8331.53,48
C00497578,4408.48,10
C00497594,20273.81,23
C00497628,315.0,7
C00497818,1542188.84,540
C00497842,174586.64,69
C00497917,1568.0,35
C00497933,563541.34,400
C00498105,16340.06,19
C00498121,3267533.47,590
C00498154,2719.45,15
C00498212,560852.6,283
C00498220,615.1,1
C00498345,1053889.22,270
C00498360,4217.6,8
C00498568,5231248.02,1265
C00498667,743779.19,610
C00498816,-86.57,1
C00498832,82.5,8
C00498873,1095671.13,572
C00498907,574854.22,615
C00498931,34680.3,44
C00499020,1620115.17,391
C00499053,2942.05,34
C00499236,702521.26,716
C00499251,1134.27,6
C00499392,3888842.53,677
C00499467,438702.68,675
C00499525,448.8,2
C00499657,1750.79,3
C00499798,17633.7,14
C00499863,21464.7,17
C00499947,966134.37,304
C00499988,4662735.27,739
C00499996,3491.73,2
C00500025,505351.35,215
C00500207,331945.92,342
C00500256,74680.37,41
C00500330,2205.28,8
C00500421,631478.29,468
C00500793,25631.09,22
C00500843,4061050.02,1579
C00501015,5147.5,2
C00501106,1354.34,24
C00501197,725265.85,176
C00501205,943.25,4
C00501254,366.17,10
C00501478,236952.67,57
C00501643,520698.65,2369
C00501676,6040.0,4
C00501742,507.55,7
C00501833,32743.6,84
C00501866,47941.16,27
C00501924,7614.21,30
C00502039,952334.39,304
C00502096,5094.0,11
C00502179,671374.38,601
C00502229,683770.01,963
C00502294,2092994.45,2510
C00502310,62377.72,52
C00502377,4178.45,6
C00502393,5391.62,30
C00502575,1357169.88,787
C00502773,13643.97,79
C00502807,8419.35,8
C00502906,7011.69,41
C00502914,2002.5,1
C00503052,1930236.43,1309
C00503094,648779.8,827
C00503110,1641722.07,988
C00503151,158211.02,66
C00503185,2234256.79,1311
C00503300,10562.15,1
C00503458,1470.45,4
C00503540,57503.55,44
C00503680,10664.73,30
C00503789,8612.98,125
C00503870,3555.59,6
C00504019,618547.02,484
C00504522,4255422.26,1430
C00504530,19364491.37,2011
C00504704,377789.68,909
C00505552,532454.95,237
C00505693,1343.75,2
C00505776,64094.22,24
C00505792,41087.59,3
C00505818,360.0,6
C00505974,3150.0,9
C00506048,872581.73,255
C00506105,330544.98,196
C00506410,11293.6,5
C00506535,137435.5,77
C00506725,1526.21,4
C00506733,510.56,2
C00506832,1064517.81,727
C00506865,270102.2,70
C00506907,381782.61,202
C00506931,739009.17,1018
C00507004,750.0,5
C00507053,25577.15,37
C00507368,2218527.24,648
C00507384,12208.76,24
C00507574,209760.01,114
C00507699,9057.39,36
C00507962,354.73,3
C00508010,204.12,1
C00508101,1073.12,12
C00508242,450.0,3
C00508309,1618.9,20
C00508416,8433004.98,5155
C00508440,514199.09,165
C00508598,1822.9,1
C00508770,2592.64,15
C00508804,1263216.21,1220
C00509422,1117029.29,467
C00509463,172255.0,112
C00509521,4176.95,23
C00509539,250.0,1
C00509729,1534639.78,1190
C00509893,348169.04,154
C00509968,3932656.52,1062
C00510016,487.77,3
C00510164,3698247.94,1177
C00510248,2353.26,4
C00510339,2397.91,3
C00510461,1279848.12,1309
C00510701,53866.22,39
C00510917,5084.54,12
C00510941,9615.5,1
C00510958,46911.99,39
C00510974,18228.36,5
C00511196,12500.0,10
C00511386,9124.67,9
C00511444,1994.98,25
C00511600,2403.0,51
C00511915,96515.77,77
C00511923,204.0,4
C00511956,99.7,7
C00512202,175694.38,146
C00512236,64814.82,27
C00512293,9677.09,10
C00512335,48049.94,24
C00512426,1365110.15,809
C00512673,173.92,1
C00512855,71781.37,76
C00512871,225.0,1
C00512970,13536143.7,2526
C00513002,187092.78,149
C00513077,723824.78,689
C00513176,2340284.53,838
C00513523,5000.0,1
C00513531,661881.44,316
C00513549,636.0,3
C00513606,1100.01,12
C00514125,18795.54,16
C00514224,7220.0,5
C00514265,1356.0,2
C00514331,150.0,9
C00514513,2283.16,4
C00514653,6000.0,1
C00514893,2014633.64,1177
C00515049,1918.0,39
C00515064,0.4,1
C00515148,21500.0,17
C00515346,27519.9,8
C00515478,79.8,4
C00515593,940.04,2
C00516013,11987.14,15
C00516047,300086.16,205
C00516112,112.5,1
C00516500,59.29,12
C00516526,940.0,14
C00516666,1480694.53,1018
C00516724,4797.32,8
C00517052,5508.1,37
C00517235,56864.6,53
C00517276,224592.83,53
C00518365,44167.1,31
C00518605,23814.56,40
C00518654,9392.47,27
C00518779,6141.85,5
C00518910,1978.3,19
C00519355,440389.75,361
C00519363,41419.1,15
C00519371,2316.02,36
C00519413,117360.79,315
C00519900,400.0,1
C00520312,870.64,18
C00520379,75625.62,50
C00520684,3147.5,6
C00520833,3055.05,14
C00520841,22925.17,9
C00521013,261589.56,57
C00521039,11067.35,34
C00521211,5126.53,14
C00521286,6663.88,11
C00521310,22504.55,21
C00521757,694.23,2
C00521948,4765719.38,1343
C00522094,89.5,3
C00522227,1525.0,7
C00522318,29326.43,24
C00522409,3744.93,10
C00522425,105689.56,115
C00522474,404.55,15
C00523241,3336527.48,579
C00523381,8171.25,12
C00523498,398257.5,263
C00523589,1364717.47,75
C00523621,5570317.22,79
C00523639,750.0,1
C00523670,790.11,2
C00523936,420.0,20
C00524181,818620.21,309
C00524280,17754.46,71
C00524314,25833.3,26
C00524322,42874.15,19
C00524454,73800.32,126
C00524603,158812.85,107
C00524611,5750.0,6
C00524843,578.0,1
C00525030,58419.57,33
C00525212,58690.91,35
C00525220,12317.12,28
C00525238,98720.92,24
C00525295,11127.0,23
C00525402,3211.75,12
C00525535,67740.0,4
C00525543,352987.1,119
C00525592,500.0,1
C00525600,1403616.46,590
C00525717,7326.64,11
C00525733,10920.14,4
C00525824,11654.17,29
C00525899,5000.0,2
C00526053,440.93,1
C00526210,2942.83,25
C00526301,40142.0,34
C00526442,30.0,2
C00526509,3361.18,22
C00526657,7265.98,4
C00526673,996297.0,12
C00526699,88.39,1
C00526715,984.0,6
C00527226,12004.16,18
C00527275,1509.0,3
C00527309,35912.79,11
C00527457,2401595.96,551
C00527804,900.0,3
C00528026,16000.0,3
C00528166,9850.72,30
C00528182,355241.92,511
C00528349,10371.69,31
C00528356,525.93,1
C00528380,3661.55,23
C00528414,194753.02,54
C00528448,1086.49,15
C00528455,312.96,6
C00528554,7163.65,18
C00528844,290.0,2
C00528869,4775.83,29
C00528893,21479.45,3
C00528901,2300.0,1
C00528950,1514112.14,110
C00528968,250.0,1
C00528984,4235.29,22
C00528992,14071.59,10
C00529594,150.0,1
C00529628,120342.74,205
C00529693,11859.47,21
C00529719,21953.48,27
C00529834,385.57,5
C00529909,3678.28,2
C00530758,9093.6,2
C00530766,1865217.83,535
C00530808,18636.4,41
C00530816,128472.06,53
C00530865,4506.99,7
C00531285,376041.33,186
C00531517,10148.15,17
C00531590,118611.11,32
C00531616,575.0,1
C00531624,490356.69,271
C00531632,31136.34,62
C00531756,2559.55,7
C00531764,94591.42,72
C00531814,453344.76,27
C00532366,334.81,16
C00532416,201.25,1
C00532465,2428189.36,706
C00532572,102842.92,43
C00532630,1657712.5,23
C00532663,9000.0,2
C00532705,11492800.44,169
C00532788,18251.33,36
C00534032,34937.31,21
C00536540,1821916.58,371
C00536573,1371.41,5
C00536607,51292.79,49
C00536615,6271.12,30
C00536664,47226.91,59
C00536680,501620.55,559
C00536722,1230.83,11
C00538835,1075610.09,262
C00538975,6814.84,15
C00539601,159709.05,106
C00539825,3056058.27,492
C00539866,681509.76,745
C00539890,195106.37,273
C00540054,259114.21,74
C00540062,1445.4,4
C00540104,367.68,2
C00540112,15122.0,28
C00540146,99598.69,55
C00540153,727.36,7
C00540187,469181.21,136
C00540203,536672.64,59
C00540211,1200.0,4
C00540229,96870.71,79
C00540302,5294794.05,2589
C00540393,9078.2,11
C00540443,409167.8,265
C00540450,39039.66,20
C00540500,2723765.7,648
C00540617,2053053.58,651
C00540674,80.0,4
C00540724,80021.24,61
C00540732,427977.58,748
C00540740,50134.0,7
C00540898,1657367.33,368
C00540906,128436.13,114
C00540989,6550.0,5
C00541011,6038992.2,695
C00541037,5115.59,9
C00541045,2750.0,11
C00541052,210.97,5
C00541078,55556.98,23
C00541128,12750.0,8
C00541169,3703.53,16
C00541219,1320.0,3
C00541243,1962.5,4
C00541383,201924.64,29
C00541391,3733.33,59
C00541433,69242.68,55
C00541680,1744.86,3
C00541862,1352941.61,725
C00541888,1142777.85,575
C00541912,595.7,1
C00542027,292423.2,125
C00542217,558075.67,48
C00542365,795.88,4
C00542423,670216.27,527
C00542431,220761.3,184
C00542464,859796.66,318
C00542589,63264.38,22
C00542621,19093.01,40
C00542704,547.98,7
C00542720,3026.14,5
C00542787,83110.46,33
C00542837,21958.12,43
C00542902,846090.38,584
C00543116,5528.59,19
C00543157,16970.17,10
C00543199,80051.58,57
C00543207,139529.04,47
C00543231,667354.0,828
C00543256,8359.94,20
C00543363,622659.26,475
C00543371,344.6,7
C00543504,198842.06,132
C00543553,218.47,13
C00543579,1975.0,7
C00543710,5569.43,21
C00543843,4285.78,7
C00543876,6535.21,3
C00543892,613728.09,759
C00543918,750.0,4
C00543926,12785.06,17
C00543967,1349566.97,618
C00543983,8315512.44,1157
C00544007,1200.0,8
C00544031,10526.52,8
C00544171,2581.93,21
C00544254,240397.12,375
C00544262,28730.05,61
C00544270,20041.83,39
C00544312,131970.41,44
C00544387,282547.85,39
C00544445,332012.31,184
C00544544,684612.34,40
C00544551,292859.5,11
C00544569,5623.86,13
C00544650,659185.7,159
C00544676,23134.42,21
C00544767,2250907.95,480
C00544833,440.58,1
C00544858,702.97,19
C00544957,200.53,1
C00545079,14173.03,23
C00545137,387.1,3
C00545152,256176.47,57
C00545194,704.5,12
C00545202,634.26,66
C00545236,33851.65,41
C00545467,678357.53,331
C00545582,2312.41,8
C00545616,3037972.55,840
C00545632,630.0,2
C00545673,111935.53,47
C00545749,1571881.75,854
C00545772,23234175.67,2816
C00545780,95797.21,42
C00545830,8639.11,48
C00545947,961835.44,118
C00546077,1742.04,17
C00546325,2500.0,3
C00546358,323831.57,438
C00546499,1437617.06,561
C00546663,36014.09,34
C00546788,28265786.46,2017
C00546846,96798.79,30
C00546853,42839.32,23
C00547117,567.5,2
C00547216,6163.0,5
C00547240,881029.84,897
C00547349,36639538.9,13558
C00547356,9815.19,68
C00547406,37264.8,3
C00547448,21703.58,19
C00547497,5633.0,4
C00547570,88293567.11,2154
C00547679,2700.0,5
C00547893,11309383.26,3527
C00547976,3609683.65,476
C00548008,-240.72,3
C00548065,643.51,19
C00548081,4874.67,16
C00548131,32502.0,3
C00548180,1052101.93,401
C00548271,2508.35,31
C00548289,3520097.2,665
C00548461,161310.92,121
C00548586,14709.3,8
C00548651,610123.62,146
C00548677,1355.1,19
C00548719,577.0,1
C00548727,821.75,2
C00548792,19917.32,29
C00548818,7204.64,13
C00548867,4339.0,4
C00549014,3877.63,18
C00549188,58.0,1
C00549279,5000.0,1
C00549352,1057.02,1
C00549477,1306.84,2
C00549568,412.5,1
C00549725,195836.72,496
C00549782,39213.49,54
C00550434,687.58,3
C00550467,10107.17,8
C00550491,5440.0,23
C00550566,126497.04,29
C00550707,2287838.78,940
C00550830,85371.98,137
C00550871,1448.55,2
C00550970,2672753.03,1044
C00551168,14888.0,23
C00551184,255.54,1
C00551192,6000.0,2
C00551275,3044429.02,624
C00551366,30112.17,71
C00551374,529306.71,476
C00551697,1125.0,6
C00551838,2583.94,2
C00551846,336.09,1
C00551853,370495.24,118
C00552109,409.69,13
C00552406,540.0,6
C00552422,1428.49,3
C00552430,10540.32,39
C00552489,62244.91,175
C00552539,181244.7,71
C00552547,7891755.41,2777
C00552588,542483.93,614
C00552638,11772.51,4
C00552679,1347.83,25
C00552711,2045.53,4
C00552851,2864568.97,576
C00552919,309.75,2
C00553099,5000.0,1
C00553164,150.0,1
C00553313,1668.0,4
C00553560,1336566.99,643
C00553636,735.0,7
C00553859,982853.62,785
C00554014,293055.8,259
C00554055,2300.0,2
C00554089,1588.13,15
C00554113,445636.59,529
C00554261,22473.66,31
C00554311,276.0,23
C00554493,371.44,1
C00554535,18851.91,14
C00554709,286521.03,250
C00554881,5163.05,3
C00554899,72211.82,77
C00554949,11052.81,23
C00555086,298.94,1
C00555219,300.0,1
C00555342,2718.0,9
C00555722,103.2,1
C00555813,1129425.17,547
C00555888,927051.43,488
C00555979,182.67,1
C00556241,4981.36,1
C00556258,31561.48,24
C00556274,32382.71,14
C00556365,3558687.98,507
C00556506,658690.86,470
C00556605,14812.14,18
C00556860,34471.65,10
C00556944,29075.66,53
C00557165,8922.74,20
C00557223,19248.14,150
C00557280,341.91,9
C00557421,1141.01,2
C00557520,35715.01,44
C00557561,228876.1,33
C00557652,559580.42,443
C00557793,646.37,24
C00557884,2099.89,10
C00557926,3250.0,7
C00557934,8890.76,20
C00558114,3275.09,45
C00558122,115.17,1
C00558171,237.99,1
C00558213,1253591.55,875
C00558320,1034393.86,766
C00558346,4706.19,2
C00558379,3416.0,4
C00558437,694766.9,433
C00558445,99727.69,21
C00558486,1107325.7,353
C00558510,15113.23,23
C00558528,10652.51,18
C00558627,1049506.34,1363
C00558734,2329.0,5
C00558759,335.98,1
C00558825,1674422.4,260
C00558833,2241.49,1
C00558874,198.0,11
C00559021,17954.87,31
C00559146,126803.95,52
C00559211,519.74,2
C00559302,31925.02,6
C00559393,799818.13,930
C00559542,2684.84,7
C00559633,122549.3,58
C00559740,17567.51,29
C00559906,856138.8,64
C00559914,0.0,2
C00560359,21080.64,99
C00560821,240.0,1
C00560847,4754.83,20
C00561001,85962.47,36
C00561183,-6270.69,9
C00561530,1012901.13,787
C00561597,1746429.49,707
C00561647,5659.76,49
C00561779,28409.11,21
C00562264,7432.54,24
C00562330,47472.53,48
C00562355,4999.99,4
C00562405,820.0,2
C00562546,820.0,1
C00562587,5690.65,29
C00562777,78184.89,158
C00562785,2587.5,2
C00562983,2961270.8,250
C00563015,5000.0,1
C00563155,20291.92,32
C00563247,11254.66,9
C00563254,30840.79,93
C00563429,14802.81,8
C00563601,7239.3,10
C00563726,66444.81,61
C00563825,12557.01,11
C00563874,249.9,1
C00563924,526.95,14
C00563940,98238.38,67
C00564013,136202.64,21
C00564138,100.0,1
C00564187,244048.83,103
C00564260,39923.85,89
C00564369,163788.21,99
C00564385,7719.29,21
C00564435,568.07,1
C00564658,8069.51,11
C00564716,6113.17,9
C00564765,68607.17,42
C00564807,642.96,26
C00564997,3118.39,16
C00565077,2798.53,27
C00565309,405.0,4
C00565366,25444.43,32
C00565465,6733.71,56
C00565523,334.15,9
C00565630,10556.03,4
C00565689,1400.0,4
C00565846,4131.2,8
C00565929,1390.7,4
C00566042,60030.93,61
C00566059,235725.52,249
C00566067,27804.13,167
C00566117,20429.71,12
C00566133,1777.57,6
C00566174,136286.21,146
C00566232,18025.85,35
C00566372,12100.49,4
C00566547,72.0,24
C00566562,65480.84,90
C00566851,391639.71,407
C00566877,1473.0,6
C00567065,1785.52,1
C00567206,616.2,2
C00567396,6363.62,131
C00567412,550.0,1
C00567495,7091.0,9
C00567511,56584.53,24
C00567545,15817.91,14
C00567677,1599.82,2
C00567693,306070.11,113
C00567784,40682.22,81
C00567818,20368.13,17
C00567826,23.0,1
C00567883,6425.32,57
C00568089,12326.52,15
C00568113,7993.57,10
C00568154,7300.0,4
C00568162,5028369.44,342
C00568170,22625.5,2
C00568196,43333.68,13
C00568261,125.0,1
C00568410,233.01,6
C00568444,92376.66,13
C00568626,3984.27,1
C00568667,9883.73,12
C00568709,20778.58,12
C00568840,315.85,1
C00568873,55881.41,52
C00568931,45210.03,11
C00568964,58205.52,35
C00569012,482.28,2
C00569319,7904.72,31
C00569343,245503.18,16
C00569517,558474.16,107
C00569533,5409.56,6
C00569558,7650.08,4
C00569616,4150.0,2
C00569707,2416.0,71
C00569806,750.0,1
C00569863,5889.03,1
C00569871,29562.62,40
C00569921,166547.65,88
C00569996,1100.0,2
C00570101,150504.78,57
C00570168,53626.15,60
C00570226,6997095.2,767
C00570416,1202803.95,564
C00570606,1935.33,14
C00570622,81279.71,68
C00570770,120014.95,85
C00570861,13167.42,32
C00570895,1861.66,2
C00570903,194.31,6
C00570945,352913.68,446
C00570960,69036.13,50
C00570994,9115447.08,894
C00571000,400973.28,139
C00571018,843112.04,280
C00571042,36182.01,45
C00571091,2066.01,62
C00571174,1245468.28,629
C00571182,452175.19,312
C00571208,513340.27,142
C00571216,11539.79,9
C00571323,206318.82,55
C00571372,422235.49,96
C00571380,41135.75,13
C00571398,226553.09,46
C00571422,33686.54,20
C00571430,750.0,1
C00571521,22879.42,42
C00571570,8350.45,14
C00571588,2188930.55,530
C00571596,47670.6,21
C00571620,1672462.22,422
C00571638,500000.0,1
C00571646,59832.85,16
C00571687,5853.0,4
C00571703,15282964.53,1083
C00571729,22013.16,60
C00571778,5589.3,44
C00571802,757490.77,170
C00571869,44697.87,29
C00571885,10211.48,5
C00571919,359953.28,233
C00571927,212336.13,201
C00571943,28137.54,75
C00571976,220873.36,87
C00572040,185211.77,148
C00572099,27086.3,29
C00572123,2775.61,4
C00572149,129.0,1
C00572271,225087.18,79
C00572339,4335.56,9
C00572438,228.0,1
C00572453,78856.59,31
C00572495,12834.61,4
C00572503,4553.66,8
C00572560,6735.24,16
C00572586,316.0,2
C00572602,99574.17,90
C00572628,12467.52,19
C00572735,2928.0,1
C00572743,2404.0,3
C00572792,53312.6,65
C00572859,-2762.16,23
C00572925,11365.51,16
C00572990,0.0,3
C00573014,2033.5,2
C00573063,341.18,16
C00573212,180.15,2
C00573246,341910.01,222
C00573253,9359.22,59
C00573261,21353638.77,2192
C00573352,3838.99,16
C00573378,461628.86,292
C00573436,2267.99,3
C00573444,88028.7,74
C00573493,154145.62,267
C00573519,27283.12,46
C00573550,15140.32,17
C00573626,50090.98,120
C00573709,151535.43,196
C00573733,878499.11,82
C00573758,613524.97,590
C00573790,6255.25,14
C00573923,6800.0,1
C00573949,3293116.05,875
C00573980,672846.16,316
C00574103,13755.36,293
C00574228,129680.52,166
C00574236,67626.32,104
C00574350,2066.36,42
C00574368,27390.0,46
C00574376,235439.85,87
C00574533,25682.11,32
C00574624,6847.38,7
C00574640,454309.64,685
C00574681,146947.82,1
C00574749,194115.36,6
C00574889,2546320.28,1238
C00574921,114021.59,15
C00574970,126365.15,142
C00575050,1492973.77,617
C00575076,72329.52,125
C00575092,1948702.49,783
C00575126,723976.39,1153
C00575167,3513483.18,771
C00575209,4454649.06,1045
C00575233,500.0,2
C00575282,4800.0,4
C00575373,31128.0,41
C00575449,70810.16,41
C00575456,2790.02,13
C00575548,2024407.24,943
C00575639,3600.0,2
C00575662,110821.59,401
C00575712,1213.75,6
C00575795,483110.24,135
C00575845,7861.29,9
C00575894,18000.0,48
C00576041,1338740.56,623
C00576090,28101.27,31
C00576173,6921051.68,827
C00576215,27447.5,71
C00576249,3366.11,4
C00576371,759.19,1
C00576801,624.75,1
C00576975,12179.97,24
C00577049,14304.63,5
C00577072,241.04,3
C00577080,58.8,3
C00577130,131462.19,101
C00577148,1500.0,5
C00577155,1115.0,2
C00577189,14013.04,48
C00577288,8951.52,8
C00577353,409691.37,523
C00577361,93197.32,52
C00577676,3713.09,9
C00577908,715.0,2
C00577973,3150.0,5
C00577999,658757.17,474
C00578013,101099.68,110
C00578054,1765.5,13
C00578187,272987.0,31
C00578245,432.0,24
C00578302,510195.23,205
C00578344,4698.7,8
C00578419,1599.37,2
C00578450,17668.34,57
C00578468,12285.44,41
C00578492,12159.34,39
C00578542,295156.08,60
C00578567,353474.6,397
C00578609,28842.54,83
C00578658,405.78,3
C00578823,3119.67,3
C00578880,6087.1,29
C00579045,15.56,1
C00579359,20.0,1
C00579458,29495.9,27
C00579516,884.0,2
C00579730,332.0,1
C00579920,41218.55,13
C00579946,59.0,1
C00580043,173213.38,60
C00580068,70799930.98,1961
C00580100,704780319.66,12519
C00580225,11085.85,23
C00580316,5412.87,59
C00580340,36034.0,25
C00580381,7991.49,5
C00580415,86423.98,220
C00580464,2204.59,2
C00580480,297669.8,23
C00580498,308.89,1
C00580563,56187.27,156
C00580688,7866.0,7
C00580837,1750.0,2
C00581033,1781.07,3
C00581058,12298.59,38
C00581066,8250.0,6
C00581074,659350.55,519
C00581090,145047.16,174
C00581116,1243.0,3
C00581199,303752.3,238
C00581348,1478.43,2
C00581686,575.0,14
C00581728,1827.46,20
C00581785,150392.07,192
C00581827,1643.2,2
C00581843,19991.27,6
C00581868,480585.62,198
C00581876,389790.82,284
C00581892,3665.63,5
C00581926,15606.83,22
C00581967,332.88,7
C00582114,6457.25,17
C00582270,8626.8,9
C00582296,12647.3,11
C00582304,614399.8,204
C00582312,1750.0,6
C00582320,6295.96,1
C00582635,103642.91,235
C00582700,42050.0,3
C00582726,64114.08,33
C00582809,28202.12,90
C00582817,920.71,24
C00582841,30977.7,19
C00582858,75.0,10
C00582890,3311534.04,1078
C00582940,105.34,3
C00582965,1452.04,3
C00583153,20500.29,37
C00583161,57314.14,78
C00583294,9710.56,1
C00583435,18873.23,64
C00583443,1303.52,5
C00583492,6889.42,44
C00583526,48296.15,37
C00583567,42630.0,27
C00583781,7819.34,25
C00584755,31977.32,9
C00584805,21105.19,49
C00584979,1072.04,1
C00585554,901.52,2
C00585687,256281.22,242
C00585737,917.71,24
C00585885,5750.66,15
C00585893,22922.9,45
C00586065,914.4,2
C00586610,1048.0,2
C00586768,984.2,4
C00586834,7646.08,8
C00587022,35873.1,40
C00587782,1459.36,22
C00587832,4767.33,15
C00587923,23774.99,5
C00588335,6888.25,39
C00588392,1486509.09,651
C00588426,1471157.8,506
C00588467,810.0,2
C00588509,2190.96,47
C00588558,81403.82,128
C00588657,1208453.03,412
C00588749,16317.3,29
C00588764,266915.22,280
C00588772,1990779.15,1248
C00588822,2505.0,10
C00589119,4052.08,26
C00589234,8356.89,18
C00589309,84714.15,175
C00589507,28387.44,77
C00589606,2425.0,3
C00589663,3831.27,11
C00589820,22470.36,44
C00589945,7771.24,4
C00589994,7816.07,10
C00590067,3764086.06,703
C00590224,1084.39,2
C00590273,1197.5,3
C00590307,2076.83,73
C00590356,26818.66,58
C00590463,506432.62,116
C00590489,793092.45,565
C00590778,992841.19,973
C00590810,248997.12,168
C00591065,726456.16,708
C00591206,1500.0,1
C00591214,2610.17,1
C00591271,222.7,7
C00591313,2326.83,27
C00591388,11331.28,35
C00591537,405844.51,547
C00591578,6226.63,10
C00591826,549.38,3
C00592048,866214.83,1077
C00592089,141511.75,42
C00592154,1076302.18,273
C00592196,185485.23,55
C00592303,93356.65,45
C00592337,25979.75,9
C00592535,40244.1,53
C00592659,585179.98,328
C00592808,955720.49,60
C00592816,211.96,15
C00593475,1007.65,2
C00593491,667.0,2
C00593525,420.32,7
C00594473,2580.0,7
C00594507,9785.5,5
C00596783,1740.0,1
C00596973,-987.5,1
C00597062,68397.95,21
C00597641,432.0,3
C00597716,6230.14,86
C00597732,5032.85,4
C00598375,3930.68,3
C00599050,2527.5,6
C00599092,24929.29,11
C00599464,655183.32,440
C00599944,13892.25,13
C00600718,479392.75,419
C00600809,4635.14,35
C00602656,256.15,1
C00602672,800.0,2
C00602698,2581.18,33
C00602722,71028.62,27
C00602805,1597.94,46
C00602888,18234.1,13
C00602896,12905.7,27
C00602920,28726.92,84
C00602979,1802.0,2
C00602995,13795.83,10
C00603019,2436.0,4
C00603076,1135.19,18
C00603084,23109492.79,3449
C00603134,1286.53,5
C00603258,2889.82,4
C00603365,10746.4,11
C00603639,8971.0,37
C00604496,27000.0,1
C00605212,250141.46,131
C00605410,57424.47,167
C00605568,244.73,1
C00605592,1288408.95,843
C00605634,160234.41,57
C00606764,6966.61,11
C00606939,1005558.7,759
C00606962,216947.64,22
C00606970,82530.24,97
C00607101,3480.47,2
C00607119,8642.5,2
C00607184,681.0,1
C00607200,1874923.39,1142
C00607325,280.0,1
C00607333,29568.86,45
C00607374,3929731.85,1211
C00607416,4101690.25,1217
C00607432,7191.47,12
C00607556,1263416.01,326
C00607721,6309.46,12
C00607762,300.0,2
C00607838,1529342.12,673
C00607846,2232.8,19
C00607861,3505.47,53
C00607937,495.0,2
C00608174,3443.66,4
C00608240,152.38,10
C00608380,71128.89,191
C00608398,1656710.68,1261
C00608430,1325.0,2
C00608463,41006.35,13
C00608489,1885013.5,432
C00608505,26189.97,51
C00608695,996397.97,592
C00608703,102528.77,269
C00608943,363481.67,83
C00609156,36109.28,21
C00609255,13078.4,14
C00609263,21222.31,62
C00609388,9262320.36,509
C00609396,9880.0,32
C00609776,82216.55,15
C00609933,22040.06,5
C00609966,11471.54,23
C00610071,75524.54,216
C00610147,3500.0,3
C00610154,1550.85,7
C00610212,2469341.42,498
C00610337,755.0,5
C00610394,1485.0,6
C00610402,450.0,3
C00610428,307310.71,163
C00610451,1052875.82,557
C00610527,2500.0,3
C00610543,1000.0,2
C00610568,26751.72,12
C00610840,6626.54,64
C00610964,547795.22,793
C00611012,184034.4,61
C00611202,112046.46,59
C00611236,1368.51,11
C00611376,500.0,1
C00611400,12467.84,9
C00611798,4924.87,6
C00611962,42811.51,36
C00611988,44686.19,34
C00612036,112.0,8
C00612432,4119447.02,1158
C00612697,156.83,5
C00612705,1320.18,9
C00612820,513374.01,77
C00612846,629861.59,600
C00613000,7100.95,22
C00613091,40757.95,14
C00613364,5288.85,27
C00613422,409.49,2
C00613489,16001.03,17
C00613497,996.63,12
C00613653,314.98,1
C00613810,604449.23,1028
C00614057,829.2,2
C00614115,61453.56,43
C00614198,209160.81,86
C00614214,1625359.09,939
C00614354,1065.46,5
C00614453,50275.06,132
C00614552,6348.12,8
C00614776,1064574.47,1036
C00614784,180738.28,149
C00614826,960618.02,580
C00614917,17359.1,26
C00615013,-674157.5,1
C00615096,2196.95,61
C00615203,2071.01,24
C00615294,1160362.12,452
C00615344,198247.09,182
C00615377,24465.83,45
C00615492,76990.25,161
C00615898,343.12,18
C00616045,18331.91,274
C00616169,3000.0,2
C00616177,155.0,2
C00616250,2410.0,2
C00616268,409578.71,220
C00616730,7000.0,2
C00616938,1049.76,16
C00617209,0.0,1
C00617282,2385.04,1
C00617381,337254.67,797
C00617480,40145.09,100
C00617662,669940.38,284
C00617712,165573.19,34
C00617803,100309.95,164
C00617944,362.5,16
C00618033,18269.43,5
C00618223,75989.78,92
C00618371,461144680.67,2948
C00618389,55589803.16,2088
C00618520,919.89,24
C00618561,1437.87,4
C00618777,42278.74,63
C00618843,32766.24,8
C00618876,168503.0,22
C00619072,821.54,6
C00619304,4279.11,2
C00619429,731.4,18
C00619486,22446.55,50
C00619528,54516.64,86
C00619585,1000.0,1
C00619759,194764.42,24
C00619775,224.3,1
C00620021,641820.81,230
C00620120,248.0,2
C00620369,291.0,13
C00620377,5739.0,19
C00620427,71316.16,178
C00620443,1551110.19,1096
C00620500,2759.05,23
C00620518,2199057.2,420
C00620583,12852.13,23
C00620591,795.0,3
C00620716,7840.47,24
C00620740,3652.52,15
C00620948,2668.78,1
C00620971,18357814.56,623
C00621086,24032.63,158
C00621177,227.57,9
C00621185,3055.76,4
C00621276,649.03,3
C00621466,9284.83,49
C00621672,185.0,4
C00621755,6330.53,42
C00621995,550.0,1
C00622043,6366.78,14
C00622118,1320.59,13
C00622159,74203.58,9
C00622340,1855.0,3
C00622415,16512.0,5
C00622464,703358.81,594
C00622472,1290751.07,795
C00622506,100.0,4
C00622597,65.0,4
C00622829,11025.0,25
C00622910,1141.01,5
C00622993,950.0,1
C00623082,2601.05,24
C00623348,20082.61,37
C00623371,92812.0,10
C00623405,8123.69,21
C00623413,236.68,2
C00623421,115680.57,50
C00623512,92442.89,91
C00623728,8775.39,9
C00623819,130.96,4
C00623884,2960.9,50
C00623959,27798.64,40
C00624049,88044.36,196
C00624056,8657.41,30
C00624106,308.87,1
C00624338,177562.37,149
C00624346,6133.92,22
C00624411,100573.66,122
C00624627,13688.16,35
C00624718,3846.06,1
C00624809,1800.0,2
C00624817,193539.23,29
C00624882,10180.95,45
C00624890,9307.9,5
C00624957,210.0,1
C00625020,12625.11,45
C00625111,9221.82,27
C00625145,362.55,3
C00625194,1067.65,2
C00625236,83581.4,185
C00625285,64329.46,25
C00625533,23361.87,50
C00625558,40255.1,52
C00625566,1044120.32,316
C00625574,15373.01,16
C00625616,6490.34,27
C00625731,3382.12,17
C00625772,66887.88,172
C00625947,25117.89,25
C00625988,284513.09,133
C00625996,1012.3,2
C00626069,104.92,3
C00626093,1339.22,4
C00626119,42552.77,37
C00626184,750.0,1
C00626317,896.25,3
C00626549,4122.54,5
C00626655,2192.0,3
C00626663,20930.5,4
C00626671,20513.38,18
C00626721,2152.79,6
C00626739,3949.09,2
C00626861,372641.59,60
C00626903,14416.86,12
C00627075,34897.24,127
C00627133,55653.75,45
C00627141,521079.93,120
C00627158,1173751.26,75
C00627372,900994.38,107
C00627398,4306.33,6
C00627489,334.75,6
C00627661,6686.2,6
C00627737,182828.25,32
C00627794,4122.18,17
C00627836,374530.88,43
C00627851,2810.0,10
C00627943,4644.3,10
C00627968,4135.04,3
C00627992,4155.85,24
C00628008,9637.25,8
C00628115,1917.5,4
C00628271,84205.92,8
C00628354,2000.0,4
C00628388,239.88,1
C00628578,192.75,1
C00628669,500.0,1
C00628842,9735.0,6
C00628875,785.45,4
C00628917,631787.13,519
C00629014,781.44,1
C00629048,1898.11,11
C00629063,263479.1,542
C00629071,644186.23,237
C00629147,8932.93,19
C00629154,3505.28,20
C00629212,357860.47,159
C00629287,2975.0,5
C00629311,276349.4,241
C00629444,8145.0,7
C00629451,68705.77,15
C00629477,368043.75,209
C00629543,44171.43,75
C00629576,15456.1,67
C00629592,32558.31,153
C00629659,1257689.42,410
C00629709,4771.92,16
C00629766,4800.0,3
C00629832,16934.47,21
C00629857,564.72,1
C00629865,199.7,1
C00629931,1910.45,1
C00629949,830118.29,1316
C00630012,185053.46,392
C00630129,92000.0,5
C00630152,601.0,2
C00630285,3552.0,8
C00630319,310.0,1
C00630350,1577.4,20
C00630384,519786.85,289
C00630426,193802.99,89
C00630434,589.85,4
C00630517,75.0,5
C00630541,8137.85,39
C00630582,14842.56,33
C00630632,97323.17,119
C00630665,3230609.3,2378
C00630699,489.18,10
C00630707,1939281.68,712
C00630764,14184.33,35
C00630830,6696.18,5
C00630913,500.0,1
C00630954,16436.59,40
C00631002,244156.05,283
C00631051,41555.53,12
C00631085,207.6,8
C00631127,95.92,9
C00631135,500.0,1
C00631192,6382.71,73
C00631317,7115.6,69
C00631382,11507.0,9
C00631481,55519.97,42
C00631549,4938273.98,961
C00631556,276544.01,42
C00631564,14.99,1
C00631663,25019.96,5
C00631762,613.84,15
C00631903,307943.55,56
C00631945,333025.9,116
C00631994,2015.87,9
C00632059,129786.82,587
C00632067,1092378.65,613
C00632091,120512.77,192
C00632117,135.0,1
C00632133,9733370.41,2543
C00632257,5173878.84,2030
C00632281,85094.66,106
C00632323,96953.06,160
C00632398,5661604.94,466
C00632448,10111.3,6
C00632554,176716.34,165
C00632562,378922.07,291
C00632588,4708.71,31
C00632604,1840.27,1
C00632679,12423.67,9
C00632711,10278.35,12
C00632760,10624.67,36
C00632786,368.0,23
C00632802,5165.58,29
C00632828,2299352.76,1081
C00632885,8027.24,23
C00632893,35564.34,10
C00632950,3000.0,12
C00632992,107202.48,110
C00633032,355.52,1
C00633107,595.85,8
C00633156,19964.13,35
C00633164,1432.65,7
C00633248,15360518.83,1152
C00633255,4057.9,6
C00633271,328447.53,52
C00633289,71593.48,14
C00633305,550.0,2
C00633313,3994.01,1
C00633354,1010.36,5
C00633362,2919614.92,771
C00633404,67280143.28,591
C00633610,671427.66,191
C00633669,279144.17,459
C00633792,2007.49,4
C00633818,7139.56,9
C00633859,2946388.78,936
C00633867,300.0,1
C00633982,6354840.68,1050
C00634006,4075.17,16
C00634014,32429.74,98
C00634030,48444.41,19
C00634154,11418.14,12
C00634196,5000.0,7
C00634212,1317012.52,628
C00634253,2863180.94,971
C00634261,1622.5,2
C00634279,813.67,22
C00634436,47660.83,78
C00634519,2138.0,8
C00634576,71998.03,79
C00634584,3418.7,51
C00634675,78.0,2
C00634717,269693.05,134
C00634733,2711.59,8
C00634766,25571.89,47
C00634774,251197.04,115
C00634808,148.0,1
C00634915,116273.23,70
C00634964,37863.16,71
C00635052,25109.19,14
C00635094,184.9,2
C00635110,127365.16,41
C00635201,3347.6,7
C00635219,3055.0,3
C00635227,5713.2,13
C00635243,864490.4,660
C00635250,2912.11,22
C00635342,3962.93,4
C00635367,29361.09,64
C00635391,299522.64,277
C00635482,4713.37,42
C00635557,6614.8,9
C00635565,392618.26,73
C00635607,33782.78,8
C00635615,364.5,1
C00635664,119239.92,336
C00635722,78491.5,277
C00635797,2961.26,2
C00635854,312.72,2
C00635870,5045.14,15
C00635888,6219253.1,2101
C00635946,80.0,4
C00636027,79618.86,115
C00636043,3973.54,4
C00636050,3973.54,4
C00636068,15973.54,4
C00636092,799754.11,358
C00636100,204621.37,172
C00636209,1500.0,1
C00636225,11879.86,13
C00636324,5160.76,17
C00636365,264207.44,8
C00636498,4791.85,15
C00636522,1190.0,2
C00636571,6365708.46,1778
C00636621,7873.02,14
C00636670,2676991.31,1113
C00636696,1104.81,1
C00636761,600.0,2
C00636829,3897.58,66
C00636837,147315.57,119
C00636860,4751.7,12
C00636902,1214.05,3
C00636944,383701.18,409
C00636969,425.0,2
C00636977,15974.04,4
C00637009,4248.5,6
C00637041,23300.0,8
C00637058,2500.0,2
C00637074,5798269.43,1474
C00637090,1300.0,6
C00637207,124.44,2
C00637215,1204.0,9
C00637314,40324.87,14
C00637348,5000.0,1
C00637363,2815287.16,1184
C00637371,1086455.07,1043
C00637397,9886.52,14
C00637454,150.0,1
C00637462,36043.0,29
C00637504,7337.11,164
C00637512,15414706.91,942
C00637546,225.95,1
C00637579,15528.05,86
C00637611,12866.13,7
C00637645,254443.5,166
C00637728,1687.5,11
C00637777,114.19,2
C00637785,19704.41,48
C00637827,966.58,1
C00637850,1888329.02,744
C00637868,5596115.09,1000
C00637900,991.0,5
C00637918,870398.3,408
C00637967,16126.79,46
C00638007,306282.69,64
C00638023,1373139.31,1176
C00638049,1623.9,8
C00638064,619085.63,103
C00638080,4048.54,12
C00638122,1234.4,19
C00638130,216109.99,122
C00638148,1730815.55,471
C00638163,54933.66,68
C00638254,2668.62,10
C00638288,670.58,4
C00638304,29.4,1
C00638320,353145.87,247
C00638387,6407.42,12
C00638403,4439.53,7
C00638411,697174.4,185
C00638460,1455.25,1
C00638478,189.03,3
C00638502,1921.0,2
C00638510,14285.04,93
C00638528,458673.1,135
C00638650,5766047.18,1002
C00638692,1692.57,14
C00638726,150.0,1
C00638759,495.0,1
C00638767,1314910.79,1516
C00638775,260.48,5
C00638866,2322.86,11
C00638957,163.0,13
C00639054,1157917.09,1014
C00639062,23408.06,30
C00639088,1755.5,6
C00639112,1734.05,2
C00639138,5234.18,28
C00639146,3787818.08,1364
C00639229,43427.26,37
C00639245,2676.3,22
C00639310,4503962.1,1575
C00639328,259.32,1
C00639427,539.75,6
C00639435,22365.91,21
C00639450,129.29,1
C00639468,712.19,3
C00639500,447211.72,305
C00639526,14685.72,42
C00639567,57985.58,72
C00639591,17267585.31,2417
C00639641,7357.64,11
C00639674,18441.01,24
C00639708,11668.43,85
C00639773,1102.5,16
C00639781,7567.99,4
C00639807,2700.0,1
C00639823,1350.0,4
C00639872,4980.15,4
C00639898,1791.0,6
C00639930,2678.45,13
C00639948,56929.11,24
C00639989,12679.99,6
C00639997,11966.1,7
C00640003,3313680.83,1368
C00640029,359.4,12
C00640045,6266541.81,1433
C00640052,102.6,1
C00640078,12828.0,8
C00640086,4573.94,46
C00640219,6363.75,15
C00640300,1038103.28,934
C00640383,2342.0,1
C00640433,50273.17,103
C00640458,20285.55,41
C00640490,38981.24,432
C00640516,236244.27,2
C00640573,249.79,2
C00640623,30267888.25,2591
C00640664,1726729.16,357
C00640714,1990652.72,1055
C00640722,745.47,3
C00640839,2220.82,10
C00640870,2942.4,2
C00640896,12866.18,39
C00640938,206482.63,203
C00640953,1111.38,48
C00640961,11577.83,17
C00641001,3218.1,45
C00641035,1290.85,4
C00641126,305.25,2
C00641142,43385.93,30
C00641183,67028.21,87
C00641191,13195.25,37
C00641217,999.99,1
C00641225,1799.6,1
C00641340,2250.0,1
C00641381,7540261.61,1164
C00641498,47958.83,9
C00641555,33853.37,93
C00641563,29063.79,17
C00641605,150.0,4
C00646364,10880.05,16
C00646372,9425.68,46
C00646455,50300.16,42
C00646489,470.69,1
C00646570,283.88,1
C00646703,29099.76,166
C00646745,246161.99,206
C00646752,15994.37,42
C00646794,5133.97,4
C00646844,6256461.1,1813
C00646877,4393796.97,244
C00646901,3190.0,1
C00646927,4334.96,1
C00646992,222.0,6
C00647008,3052.04,8
C00647016,1200.0,2
C00647024,785.0,6
C00647057,43632.11,45
C00647115,1223.4,9
C00647131,2794.76,7
C00647149,415137.85,199
C00647164,3002.54,24
C00647180,790.95,1
C00647206,1803.0,4
C00647214,9528.92,15
C00647222,3138.41,22
C00647297,810.0,2
C00647339,538685.03,332
C00647347,1009.0,2
C00647354,235571.95,190
C00647420,23639.59,11
C00647487,104606.56,56
C00647529,5645.79,26
C00647537,57217.35,62
C00647586,18481.53,6
C00647669,2750.0,1
C00647677,1262.86,3
C00647685,9804.89,33
C00647701,1656286.05,93
C00647727,500.0,1
C00647784,140155.11,128
C00647842,4449.49,15
C00647875,1250.0,1
C00647925,86666.13,1
C00647966,4196.59,13
C00648006,23144.91,6
C00648055,5074.76,19
C00648220,6736714.51,1443
C00648253,437978.86,512
C00648287,68436.79,242
C00648295,377355.27,593
C00648493,5288681.28,1194
C00648501,10022.78,8
C00648626,133318.08,71
C00648675,4358.75,46
C00648725,5842873.97,1342
C00648774,53207.61,59
C00648808,50029.02,136
C00648816,9072.57,10
C00648857,12571.23,60
C00648899,14898.4,48
C00648907,36528.52,11
C00648915,5925620.25,1021
C00648956,5652435.46,1125
C00648964,3481.07,1
C00648998,1580.6,1
C00649004,8795.28,65
C00649038,1850.0,1
C00649061,5451032.16,1285
C00649079,18786.2,27
C00649087,1946.6,7
C00649095,4761.53,26
C00649129,1301.66,4
C00649194,15920.38,47
C00649210,51202.66,114
C00649236,50041.25,68
C00649277,20020.88,50
C00649327,4860931.01,823
C00649350,29187146.8,1990
C00649376,5168191.25,788
C00649392,3508.21,8
C00649400,4903.92,15
C00649434,30508.5,19
C00649459,2800.0,2
C00649483,5289108.47,795
C00649491,6520.75,9
C00649525,37347.02,59
C00649558,6470.46,13
C00649574,258954.38,177
C00649582,23012.46,37
C00649608,53.32,1
C00649707,1796.48,16
C00649756,840.8,4
C00649772,22544.38,61
C00649798,4393.13,27
C00649806,57071.11,168
C00649822,1000.0,1
C00649897,6356304.16,1812
C00649913,7770864.3,1338
C00649962,158.8,9
C00649996,5619.1,6
C00650028,413.89,1
C00650077,3715.5,5
C00650093,2660.0,2
C00650150,7484287.87,1865
C00650168,6554214.34,396
C00650176,5010.7,31
C00650184,1730.0,13
C00650226,4540.05,6
C00650234,957.6,28
C00650259,52512.37,7
C00650267,19534.73,54
C00650366,9522.17,36
C00650374,49179.65,25
C00650408,14569.14,70
C00650416,5915.32,2
C00650432,322728.86,220
C00650440,633.04,3
C00650457,17.5,2
C00650481,13020.0,3
C00650507,6980936.47,1482
C00650515,3649.1,14
C00650556,1079.7,7
C00650622,2744212.27,1082
C00650630,2282.58,2
C00650648,4253977.1,1561
C00650655,700.0,2
C00650689,5611.78,20
C00650697,2607817.98,542
C00650754,574019.04,184
C00650796,8892.24,20
C00650804,441.83,6
C00650820,136846.77,14
C00650853,5800.65,8
C00650861,18296.6,10
C00650879,4608.5,2
C00650911,2632.5,5
C00650986,552.82,24
C00651042,1252876.85,1281
C00651059,1954.5,4
C00651075,47107.26,57
C00651091,63151.63,27
C00651109,66221.47,20
C00651158,111.67,2
C00651208,45479663.81,4397
C00651331,2690.19,82
C00651364,7075.18,1
C00651372,248.24,1
C00651430,500.0,1
C00651471,19012.47,16
C00651497,50.84,1
C00651505,41955.44,49
C00651539,355.74,1
C00651547,34008.64,219
C00651554,80939.27,203
C00651612,2885.0,2
C00651653,4745.55,8
C00651950,1250.44,17
C00652065,6754942.38,1177
C00652081,5799.99,1
C00652131,28980.27,37
C00652149,844272.21,595
C00652164,484151.76,412
C00652180,2936.25,11
C00652206,3650.9,9
C00652214,2000.0,1
C00652248,9446760.46,1935
C00652255,34169.97,177
C00652289,751.4,8
C00652297,6831913.92,1096
C00652305,113528.01,37
C00652354,12000.0,2
C00652529,10252.66,10
C00652552,66613.27,188
C00652594,82317.62,76
C00652628,3347233.5,985
C00652644,61098.72,71
C00652651,2520.89,3
C00652677,1500.0,1
C00652685,1888268.98,62
C00652693,209.8,7
C00652719,7123057.0,1344
C00652727,1204325.74,712
C00652743,492168.32,304
C00652842,18850.0,2
C00652859,221.59,2
C00652883,359.44,11
C00653006,593.29,2
C00653014,336.75,8
C00653022,1114.57,2
C00653030,983555.52,643
C00653121,30659.9,30
C00653147,460691.69,393
C00653154,832601.07,51
C00653188,46866.2,60
C00653196,2874167.86,896
C00653204,1555.25,4
C00653220,489738.35,279
C00653352,51613.81,79
C00653386,7476863.59,1135
C00653410,2583.09,19
C00653477,120.28,24
C00653501,5825.0,9
C00653550,1200.0,2
C00653592,13314.01,18
C00653634,2655778.46,1046
C00653659,1100.0,4
C00653733,342968.4,293
C00653790,667.23,3
C00653816,5249891.67,1372
C00653923,701528.54,530
C00654053,4811304.48,348
C00654079,1673518.82,783
C00654095,701.0,6
C00654178,339.9,3
C00654186,26600.0,9
C00654236,2055.78,20
C00654277,11665.21,41
C00654293,25000.0,2
C00654301,8990.54,26
C00654335,2000.0,2
C00654343,34777.41,61
C00654392,7802.66,6
C00654400,54678.33,95
C00654426,37944.88,14
C00654434,5504.0,16
C00654459,16972.7,12
C00654467,6000.0,4
C00654475,462713.99,258
C00654509,53985.18,53
C00654525,1459240.87,808
C00654533,12431.0,3
C00654541,762.5,1
C00654558,3195.0,4
C00654640,186411.43,307
C00654681,550.0,1
C00654707,28420.25,3
C00654723,601616.12,277
C00654764,16496.75,15
C00654772,607.5,35
C00654780,2558.28,3
C00654806,1500.0,1
C00654814,31458.92,74
C00654822,4103.98,32
C00654855,1936.69,5
C00654889,119.8,4
C00654988,4219.11,4
C00655050,5815.6,5
C00655084,226400.51,161
C00655092,14362.25,6
C00655134,257399.63,479
C00655175,14.7,1
C00655183,3239190.61,1292
C00655233,16488.45,18
C00655324,6095.13,23
C00655332,752891.29,629
C00655399,658.87,2
C00655423,52124.13,41
C00655472,926.02,5
C00655498,5700.0,7
C00655522,43926.81,35
C00655571,2873398.79,814
C00655613,4729719.53,1545
C00655647,1044171.16,404
C00655696,4224.26,14
C00655761,1987.5,5
C00655811,2305.0,2
C00655860,7350.0,5
C00655886,13888.86,50
C00655985,5403.05,13
C00655993,500.0,1
C00656033,63720.78,63
C00656090,134.85,6
C00656132,61885.99,79
C00656140,1395.62,13
C00656207,70683.18,114
C00656264,23000.0,6
C00656280,17612.85,17
C00656306,502739.38,789
C00656314,5511385.62,1735
C00656348,2206.28,9
C00656371,4706.28,26
C00656439,288684.71,128
C00656447,153.0,4
C00656520,3734.03,13
C00656546,779.0,14
C00656553,15199.45,42
C00656603,11830.0,29
C00656611,4812.05,13
C00656686,7362180.17,854
C00656728,4168.35,2
C00656751,2815.6,1
C00656769,44851.6,9
C00656777,27498.37,60
C00656785,3369.93,34
C00656793,6205.21,5
C00656850,7362.47,3
C00656926,94694.47,52
C00656942,283868.57,167
C00657015,5681.74,29
C00657056,500.0,1
C00657098,4065.5,7
C00657122,8971.54,10
C00657155,1569584.46,707
C00657205,36026.23,15
C00657262,41549.39,74
C00657304,822938.07,760
C00657361,57733.78,112
C00657379,1750.0,2
C00657395,2875.47,1
C00657411,3457821.59,953
C00657445,13199.64,7
C00657452,383103.06,220
C00657593,137.41,4
C00657635,4835.43,23
C00657650,27443.63,88
C00657676,4208.39,5
C00657726,2500.0,5
C00657833,1488323.61,841
C00657841,13674.13,44
C00657866,3171458.32,208
C00657965,6880.41,40
C00657981,358446.45,739
C00658021,145205.34,158
C00658070,510883.74,185
C00658195,10032.39,5
C00658211,348.0,2
C00658286,29785.13,22
C00658302,28610.93,49
C00658310,5400.0,3
C00658336,5345.94,18
C00658369,223.59,1
C00658385,877361.67,978
C00658401,2491157.15,1118
C00658419,1332.5,4
C00658450,31928.99,48
C00658476,24986.71,22
C00658484,20613.83,26
C00658492,422.43,4
C00658526,16483946.93,382
C00658567,4518525.03,1242
C00658583,5256.47,4
C00658633,5551611.21,763
C00658641,110.41,1
C00658708,55095.98,87
C00658724,3437.9,100
C00658757,235448.94,101
C00658773,22560.02,16
C00658815,296978.62,52
C00658880,1530.0,2
C00658922,674.7,19
C00659011,1953172.91,784
C00659029,8676.85,19
C00659078,859125.63,541
C00659110,487.7,12
C00659177,15665.15,20
C00659219,77176.25,16
C00659227,2174.0,8
C00659235,1871.33,24
C00659243,48.0,3
C00659342,315.0,7
C00659367,25642.71,46
C00659599,1674458.59,250
C00659607,712.8,3
C00659623,58.5,1
C00659672,906.44,64
C00659714,3784.3,4
C00659730,900.0,5
C00659755,15046.06,4
C00659771,2597.5,9
C00659789,7526.7,17
C00659847,4306.99,4
C00659870,225310.5,349
C00659888,2453.78,24
C00659938,39536133.48,4666
C00660027,45.0,3
C00660050,870900.44,447
C00660084,35.18,1
C00660159,356.11,1
C00660183,1668.5,3
C00660233,739574.85,542
C00660274,415.55,6
C00660381,1460.35,17
C00660431,9171.59,21
C00660464,2970054.96,688
C00660472,4123913.36,1097
C00660498,2226.64,16
C00660522,1064.95,9
C00660530,912.94,3
C00660555,484311.5,372
C00660589,31842.98,167
C00660597,277.56,1
C00660613,5495.71,2
C00660647,165.0,11
C00660738,950.0,1
C00660746,2041.0,8
C00660761,311.75,10
C00660779,10455.78,4
C00660795,16756148.5,3034
C00660811,4480.0,7
C00660837,10396.42,5
C00660852,4750.0,2
C00660928,4210.73,15
C00660977,7508.78,7
C00660985,144320.54,235
C00661173,6944.8,20
C00661223,2312.0,33
C00661264,445472.9,248
C00661272,126656.45,205
C00661488,26681.69,87
C00661496,7205.13,17
C00661553,500.0,1
C00661561,491278.37,618
C00661629,301.0,8
C00661744,500.0,1
C00661777,634409.74,618
C00661785,24.11,4
C00661801,12437.5,18
C00661868,3982911.82,1297
C00661892,25940.31,15
C00661900,2040.46,6
C00661934,135.6,2
C00661983,4681.0,2
C00662015,394.82,6
C00662056,10644.0,28
C00662072,167694.9,86
C00662130,6797.44,2
C00662148,765681.53,388
C00662171,896940.2,417
C00662197,23930.46,341
C00662213,3675.71,3
C00662221,1210390.0,265
C00662353,15787.22,27
C00662379,191.82,3
C00662395,553.11,3
C00662403,150.0,1
C00662528,459.59,1
C00662544,24017.15,18
C00662577,1528099.32,578
C00662601,1302217.19,239
C00662619,673589.85,573
C00662650,1777708.93,482
C00662668,2837612.59,1417
C00662700,5068.95,26
C00662767,4704259.72,2793
C00662775,329.45,11
C00662809,400.0,1
C00662841,24986.9,98
C00662874,5696882.61,998
C00662940,159578.34,158
C00662981,4234.6,9
C00663054,1170.32,5
C00663062,703.6,2
C00663070,1818.38,2
C00663161,120.0,6
C00663179,2712.46,2
C00663211,1039639.4,2122
C00663237,329000.0,18
C00663260,44280.31,30
C00663294,7863.33,20
C00663369,6800.0,1
C00663393,110895.26,179
C00663435,232287.17,456
C00663542,61177.55,40
C00663591,8280.83,10
C00663609,309125.08,234
C00663658,104615.89,43
C00663724,57402.7,104
C00663781,15333604.92,1909
C00663831,1500.0,1
C00663898,375.0,1
C00663914,905583.89,334
C00663989,7552.28,27
C00664011,10442.97,3
C00664128,1848750.31,78
C00664185,5138.95,36
C00664219,22924.41,23
C00664250,8589.64,10
C00664284,6892.42,32
C00664318,172857.87,405
C00664326,13284.62,30
C00664375,6477968.31,1208
C00664409,2455367.18,1026
C00664417,6138.24,10
C00664466,388181.37,201
C00664581,10510.54,43
C00664706,20440.32,83
C00664797,92234.62,308
C00664862,10012.77,26
C00664938,2591295.96,62
C00665109,124725.48,81
C00665133,2885.08,6
C00665216,10708.19,22
C00665232,17083.96,4
C00665331,4969.53,5
C00665406,1561.4,73
C00665430,250.0,1
C00665471,6194.73,66
C00665497,311.75,2
C00665513,13650.0,4
C00665554,2580.68,3
C00665638,5498929.76,1390
C00665653,332047.54,237
C00665679,216.37,4
C00665695,975.0,2
C00665711,5085346.86,1377
C00665752,513618.21,335
C00665786,11059.27,16
C00665836,11705.42,6
C00665844,6826.4,10
C00665885,776546.79,182
C00665935,300.0,2
C00666040,69317519.94,1452
C00666123,5944.37,5
C00666131,900.0,2
C00666149,8543056.64,1416
C00666206,2744.49,1
C00666214,5156.08,3
C00666321,13115.15,54
C00666362,940.93,9
C00666388,3526232.88,47
C00666396,1707959.27,816
C00666404,1622.72,6
C00666420,124142.86,348
C00666438,1114.67,1
C00666453,1119155.31,662
C00666461,11612.18,13
C00666487,112.58,6
C00666586,1500.0,1
C00666594,36285.41,191
C00666743,4331.28,6
C00666750,6516.65,14
C00666776,103889.61,47
C00666842,10565.04,22
C00666859,2762581.8,1483
C00666883,1500.0,1
C00666891,42145.12,157
C00666933,408.98,10
C00667055,2402.0,4
C00667097,36371.31,93
C00667196,16057.25,23
C00667279,33164.7,112
C00667360,23443.42,11
C00667378,1723.07,9
C00667519,28347.4,11
C00667592,92434.74,12
C00667667,30984.76,85
C00667741,1736244.11,665
C00667782,367085.79,220
C00667790,1794970.48,679
C00667808,1110630.77,326
C00667857,208786.81,210
C00667865,5078766.21,832
C00667964,12439.54,21
C00668087,151.9,1
C00668137,255711.05,275
C00668145,1095.08,23
C00668152,256.25,4
C00668178,32414.89,25
C00668194,63042.9,171
C00668228,2962435.85,1838
C00668251,1500.0,3
C00668269,13530.63,2
C00668301,269140.68,77
C00668335,85166.29,89
C00668368,912.0,6
C00668384,444.65,4
C00668392,437.5,1
C00668400,2201.99,10
C00668483,57689.66,127
C00668491,680335.25,249
C00668517,4021731.45,395
C00668525,1603.7,25
C00668558,61717.1,157
C00668574,7302.89,15
C00668608,3507850.65,1383
C00668640,32168.4,98
C00668665,708.54,4
C00668699,10169.44,22
C00668707,39664.91,88
C00668798,45700.92,62
C00668822,5323.86,2
C00668897,4601.2,3
C00668905,134877.5,22
C00668921,4159.64,7
C00669010,31616.44,45
C00669069,4737.31,3
C00669093,15332.5,5
C00669143,2727.66,14
C00669200,98.94,3
C00669242,2241.3,13
C00669309,14.4,1
C00669325,750.0,1
C00669358,1011127.07,1022
C00669614,19363.53,31
C00669622,59058.59,10
C00669671,1020.0,3
C00669713,7069.13,2
C00669846,48724.04,104
C00669853,7032.29,2
C00669879,1659.75,3
C00669929,7389.55,8
C00669960,1148214.15,253
C00669986,5057.66,2
C00670034,5162059.25,1400
C00670208,64579.22,14
C00670216,442773.93,1003
C00670232,500.0,1
C00670257,31110.0,5
C00670265,3214.67,7
C00670463,1641327.24,2167
C00670489,41889.05,44
C00670513,987.5,2
C00670547,632599.31,791
C00670679,3569.08,13
C00670695,530497.74,577
C00670737,662329.12,594
C00670760,1045.32,5
C00670802,7655.98,2
C00670844,730107.67,839
C00670893,942.83,1
C00670927,185.21,2
C00670943,6615.57,48
C00670992,3385.58,20
C00671032,35727.36,60
C00671099,5960.0,3
C00671131,1765.15,1
C00671149,2969.43,1
C00671156,4069.51,2
C00671305,94418.74,41
C00671339,0.0,3
C00671388,2124.85,18
C00671446,217.9,4
C00671461,2523.96,4
C00671479,3333.28,12
C00671537,3875.0,2
C00671669,1500.0,1
C00671677,16119.43,1
C00671685,1273963.19,1034
C00671693,1935.6,14
C00671784,4000.0,9
C00671859,13716.05,19
C00671875,270.05,4
C00671891,412338.52,550
C00671925,5575.0,2
C00671933,53255.72,25
C00672055,192.0,12
C00672113,2400.0,1
C00672139,29122.9,12
C00672154,73537.04,239
C00672170,191.65,8
C00672295,8672413.17,1045
C00672311,3764575.72,800
C00672352,12178.0,43
C00672360,1850.49,6
C00672386,5856.4,1
C00672394,3510113.65,207
C00672436,2696.74,4
C00672451,132.63,3
C00672477,48436.93,316
C00672576,70083.87,67
C00672584,85528.54,56
C00672600,925.0,1
C00672634,1550.0,7
C00672642,500.0,1
C00672667,2400.0,8
C00672683,1446.65,6
C00672733,17616.8,11
C00672808,9227.21,5
C00672915,1633.01,15
C00672931,180.25,5
C00673145,59564.43,92
C00673152,7281.0,8
C00673194,14633.87,38
C00673244,7572.97,81
C00673285,510.0,1
C00673350,2662.77,28
C00673384,2003.16,2
C00673442,4157.22,30
C00673459,9179.78,9
C00673467,344.31,1
C00673525,673.4,2
C00673590,22920.71,91
C00673715,725.0,1
C00673749,1161.46,1
C00674069,9912.7,3
C00674085,2719.08,5
C00674093,2658998.5,705
C00674127,3805.84,26
C00674150,4297.1,8
C00674218,6474.0,3
C00674259,375943.69,224
C00674267,122096.07,60
C00674291,17392.08,7
C00674382,2545.73,3
C00674416,1300.31,2
C00674432,27064.28,4
C00674465,571.96,25
C00674499,2750.0,1
C00674523,531.4,9
C00674564,14017.39,14
C00674572,260.56,11
C00674580,1000.0,2
C00674697,85851.69,234
C00674770,731.38,1
C00674788,156044.77,266
C00674887,5223.0,11
C00674937,995.15,1
C00674952,1500.0,2
C00674978,1687.2,12
C00675041,6755.24,12
C00675058,9335.36,65
C00675108,1172703.93,767
C00675140,28640.32,271
C00675207,1033.3,2
C00675215,10472.35,115
C00675314,500.0,1
C00675348,3243873.62,720
C00675397,3500.0,1
C00675413,2002.0,2
C00675447,5863.49,2
C00675546,123223.64,137
C00675637,2909.64,5
C00675660,1199.94,2
C00675678,6150.0,2
C00675728,1040.0,3
C00675777,449204.33,321
C00675793,1500.0,3
C00675827,416.66,2
C00675884,11404818.0,1195
C00675967,134.0,1
C00676064,20907.69,35
C00676106,1085.7,5
C00676239,3773.1,5
C00676247,50262.64,66
C00676254,3577.55,7
C00676262,18242.74,20
C00676320,99983.78,83
C00676361,80.0,2
C00676395,429094.46,457
C00676429,48787.75,6
C00676445,16919.52,40
C00676528,402.5,3
C00676577,94123.0,23
C00676627,14617.75,6
C00676650,13053.23,12
C00676668,838120.87,257
C00676684,17245.98,98
C00676692,6906.33,8
C00676700,3391.5,5
C00676726,2912.62,15
C00676759,641.25,9
C00676866,1538.22,2
C00676890,22953.39,86
C00676932,710.0,9
C00676957,7369.07,23
C00676965,878256.0,512
C00677070,15.62,2
C00677096,5192.46,14
C00677179,406.81,4
C00677286,3083911.2,895
C00677336,318.03,26
C00677427,5804.97,13
C00677476,9659.2,26
C00677492,28310.71,22
C00677591,90498.5,137
C00677625,1226.01,2
C00677633,160.32,8
C00677708,8764.9,35
C00677724,41665.39,21
C00677773,1416011.75,394
C00677799,700.7,5
C00677898,1496720.96,1243
C00677955,59280.0,10
C00678003,897.0,2
C00678045,288043.82,671
C00678060,2.84,4
C00678078,15202.94,103
C00678136,57227.91,25
C00678169,5493.65,2
C00678185,1950.0,6
C00678227,4601.5,7
C00678284,53097.9,28
C00678292,54667.06,59
C00678326,1000.0,2
C00678482,282.23,1
C00678524,410.96,1
C00678557,119207.92,341
C00678581,2718.7,8
C00678599,750.0,1
C00678680,11882.41,10
C00678714,1553.2,16
C00678813,10660.55,13
C00678839,35440.24,121
C00678854,8121.0,30
C00678870,29305.96,27
C00678888,1453.6,4
C00678912,1083.1,6
C00678920,8941.3,11
C00678987,4997.76,11
C00678995,58654.47,38
C00679118,7175.25,15
C00679159,4979.05,6
C00679167,1369.94,7
C00679191,157882.45,61
C00679209,57658.81,4
C00679316,10775.93,7
C00679381,46727.9,1
C00679423,191007.5,28
C00679555,10561.85,11
C00679589,4490.61,20
C00679688,10816.5,11
C00679696,1410.7,4
C00679720,21141.95,88
C00679746,1060.0,1
C00679761,1800.0,4
C00679795,3691.5,4
C00679837,45.0,6
C00679852,167.81,5
C00679860,2462.95,8
C00679951,66785.25,10
C00679985,362.44,11
C00680025,1028.27,11
C00680033,5991.77,3
C00680082,1473.6,5
C00680124,396.83,1
C00680132,17389.46,26
C00680173,180.0,3
C00680223,150.0,5
C00680231,5199.53,10
C00680249,2226.24,24
C00680264,55014.53,160
C00680280,43222.2,140
C00680298,13396.63,6
C00680314,564718.42,156
C00680322,20400.0,24
C00680389,848.3,27
C00680405,4000.0,7
C00680447,144.0,1
C00680454,8622.66,2
C00680462,17052.87,7
C00680488,1342846.67,1212
C00680512,17875.81,17
C00680686,269.94,1
C00680769,338226.24,345
C00680777,131890.8,76
C00680819,339.03,1
C00680835,192.67,17
C00680876,1483.41,1
C00680900,250.0,1
C00680918,413378.29,111
C00680926,1260177.23,61
C00680934,5136494.63,2171
C00680983,672900.19,112
C00681015,30919.68,29
C00681023,368264.93,84
C00681056,98558.27,21
C00681080,35653.11,258
C00681148,3300.0,1
C00681155,400.0,1
C00681163,4225.0,1
C00681171,16253.51,49
C00681221,7394.09,16
C00681270,2250.93,2
C00681296,46.0,2
C00681320,8594.29,23
C00681429,3303.76,2
C00681494,61640.3,182
C00681544,1713683.0,1121
C00681585,29093.11,10
C00681643,14509.9,7
C00681700,8462.2,55
C00681718,807.5,1
C00681767,777.7,6
C00681775,3560.43,4
C00681783,850.0,2
C00681825,13280373.56,643
C00681833,12518.7,4
C00681858,5000.65,6
C00681874,7552.7,2
C00681924,1694.09,1
C00681973,10784.47,13
C00681999,11995.2,29
C00682013,560.0,1
C00682021,1001.15,1
C00682062,28931.22,6
C00682088,26072.02,52
C00682138,1798.0,9
C00682179,14071.13,59
C00682195,17435.0,15
C00682203,995.94,3
C00682211,1609000.47,801
C00682286,827.51,2
C00682294,2546.84,8
C00682344,11737.77,210
C00682393,6245.38,7
C00682443,1416.0,2
C00682476,4799.7,2
C00682492,1630.5,79
C00682559,5246.5,6
C00682617,3742.9,5
C00682633,46863.0,20
C00682641,107.5,4
C00682724,163.15,13
C00682740,3000.0,1
C00682807,140071.42,47
C00682815,1432.0,3
C00682864,4529.19,6
C00682898,5313.7,46
C00682914,21315.66,51
C00682948,126122.76,78
C00682971,36.01,1
C00682989,12602.12,27
C00683037,6421.0,21
C00683052,2901.0,6
C00683102,5938.67,26
C00683128,7933.27,4
C00683136,73581.59,13
C00683201,3821.5,9
C00683250,22486.22,21
C00683375,95.49,3
C00683383,554.09,1
C00683391,10679.68,23
C00683441,847.66,12
C00683458,27373.4,47
C00683474,15515.21,62
C00683482,163125.78,39
C00683508,4488.12,20
C00683532,11648.32,18
C00683565,68853.44,57
C00683573,3000.0,1
C00683599,432915.18,123
C00683631,6294.8,18
C00683649,1492079.28,540
C00683656,28564.45,51
C00683664,482885.93,235
C00683789,1413.99,4
C00683813,4360688.63,157
C00683896,79860.7,63
C00683961,15316.33,26
C00684019,14195.85,4
C00684118,608.46,1
C00684126,1130.29,11
C00684159,5907.75,2
C00684175,15852.7,12
C00684209,600.0,2
C00684233,2500.0,1
C00684258,139956.45,26
C00684266,7302.94,21
C00684381,0.0,1
C00684399,818.81,15
C00684480,37517.52,51
C00684506,18372.69,95
C00684514,329.0,2
C00684522,45513.08,42
C00684530,286702.28,93
C00684571,14039.65,43
C00684605,3550.0,2
C00684647,7008.36,8
C00684787,1000.0,1
C00684878,1294.29,3
C00684902,17741.18,48
C00684910,2510.0,2
C00684969,128698.64,77
C00684977,11552.1,8
C00685065,242.39,1
C00685099,22162.34,40
C00685115,59012.55,37
C00685156,1116.18,2
C00685180,700.0,1
C00685289,6840.3,18
C00685297,2663955.86,295
C00685321,250.0,1
C00685347,4000.0,2
C00685370,1753.37,1
C00685438,138.5,1
C00685503,1203.13,8
C00685537,702.0,12
C00685552,1072101.16,301
C00685610,3668.0,2
C00685628,83938.26,75
C00685693,172881.24,69
C00685735,17690.0,13
C00685743,5893.69,37
C00685768,66924.19,45
C00685776,218989.78,275
C00685859,3366.07,67
C00685933,47137.56,91
C00685966,24694.62,40
C00685982,1797392.48,978
C00686063,3890.08,10
C00686071,7231.03,18
C00686105,6321.82,23
C00686147,1000.0,1
C00686154,479.37,2
C00686162,1000.0,1
C00686238,400.0,1
C00686337,7043.15,28
C00686352,160724.2,28
C00686394,60453.23,9
C00686402,2466.82,5
C00686410,22527.68,59
C00686477,9407.04,18
C00686493,86495.29,37
C00686535,429.5,3
C00686576,14085.72,10
C00686584,1186.87,3
C00686592,1971.5,4
C00686691,2375.0,3
C00686733,1102.9,9
C00686782,3648.2,12
C00686816,99600.33,60
C00686832,726043.56,103
C00686865,8764.78,3
C00686907,3750.0,2
C00686949,622.07,1
C00686972,4829.05,2
C00686980,11361.71,15
C00687012,2986714.16,336
C00687020,3376.0,3
C00687046,4241.37,2
C00687103,7325196.13,300
C00687137,567482.4,27
C00687194,250.0,2
C00687285,58674.62,3
C00687327,64737.52,26
C00687343,28699.33,41
C00687384,13989.67,3
C00687418,700.0,1
C00687442,525.0,1
C00687459,13935.37,6
C00687467,1505.0,2
C00687483,2000.0,1
C00687491,458070.69,150
C00687525,4570.9,14
C00687533,1200.0,1
C00687574,13300.0,2
C00687582,963747.42,616
C00687624,1245076.58,132
C00687632,3959.3,5
C00687665,13348.97,41
C00687699,12601.0,26
C00687756,23960.22,3
C00687772,2025.94,19
C00687830,13424.17,22
C00687848,64940.48,75
C00687871,3600.01,2
C00687939,5.0,1
C00687962,0.25,1
C00688069,2660040.07,555
C00688093,28315.01,49
C00688168,12431.14,24
C00688192,30714.4,3
C00688200,21666.0,8
C00688226,3933.75,2
C00688291,922.67,2
C00688309,1191.7,1
C00688341,93504.06,44
C00688382,1566.0,3
C00688408,17797.88,5
C00688424,100.0,1
C00688432,174212.45,96
C00688531,3887.31,16
C00688556,875.0,1
C00688564,5039.75,6
C00688580,22592.42,17
C00688598,18264.28,21
C00688648,1317.0,3
C00688655,7429164.21,404
C00688739,5089143.21,943
C00688820,1834.0,9
C00688838,4458.14,3
C00688846,34688.75,141
C00688861,1706.66,6
C00688895,1730.8,1
C00688903,30383.3,55
C00688911,12673.5,14
C00688937,340675.32,97
C00688945,2744.0,22
C00688960,3650.0,3
C00688986,1116.8,16
C00689034,10335.69,19
C00689133,1807.09,1
C00689208,12045.28,10
C00689265,10300.0,10
C00689356,5061.02,8
C00689380,2020.99,24
C00689430,97644.92,119
C00689513,3178.12,8
C00689554,7627.6,15
C00689570,-900.0,1
C00689638,2589.0,16
C00689687,418.7,1
C00689737,1511.73,1
C00689752,1206.17,19
C00689828,292.59,8
C00689836,2250.0,2
C00689844,8582.54,8
C00689851,300.0,1
C00689893,4066.0,3
C00689919,300.0,1
C00689984,410.4,2
C00690032,3333.88,6
C00690073,191463.28,188
C00690099,246.95,3
C00690131,11558.23,19
C00690149,2663.93,1
C00690172,29195.75,13
C00690198,2685.87,4
C00690263,2415074.36,101
C00690271,6061.12,45
C00690297,13899.0,19
C00690362,443.32,12
C00690552,6129.56,33
C00690586,1002.6,7
C00690669,8750.0,5
C00690776,414.23,2
C00690818,1902.07,2
C00690842,15504.93,86
C00690891,246147.44,43
C00691089,138329.64,141
C00691147,9317.29,35
C00691154,629998.77,139
C00691162,83520.72,50
C00691170,516927.13,117
C00691196,57838.25,49
C00691220,312.5,2
C00691329,3744477.68,302
C00691337,21039.71,9
C00691345,335.55,1
C00691402,38740.64,52
C00691444,26404.59,38
C00691501,6266.23,7
C00691568,24654.28,17
C00691584,6359.98,2
C00691618,127.01,1
C00691626,10359.92,5
C00691634,26.0,2
C00691709,82850.01,118
C00691725,65219.12,104
C00691758,187305.41,125
C00691790,143934.92,271
C00691832,31010.55,170
C00691915,8252.0,9
C00691931,256560.75,482
C00691949,3329550.91,255
C00692012,8999.77,95
C00692020,26918.99,172
C00692061,37624.78,101
C00692087,5243.41,12
C00692095,27865.84,4
C00692103,964.0,1
C00692111,4042.6,11
C00692129,1564061.76,593
C00692137,385837.59,359
C00692160,50.0,1
C00692178,276.0,7
C00692202,79152.64,107
C00692228,119732.39,13
C00692251,3051.0,7
C00692301,18697.87,21
C00692319,5726832.15,611
C00692327,897302.45,219
C00692343,1432110.41,491
C00692392,3596.93,20
C00692467,228428.91,289
C00692533,913.06,9
C00692590,14558.7,26
C00692640,112735.93,74
C00692681,105040.22,14
C00692715,3623.49,7
C00692731,2004.62,8
C00692806,3452.33,40
C00692830,26586.0,12
C00692848,13185.49,4
C00692897,86696.94,58
C00692921,19375.0,5
C00692947,11175.0,6
C00692988,47951.91,24
C00693002,690.0,2
C00693044,9838141.83,2272
C00693093,15024482.15,2034
C00693127,71591.36,34
C00693135,5100.71,12
C00693143,97544.86,84
C00693176,46099.91,18
C00693234,128883965.7,36619
C00693309,17280.03,10
C00693317,7164.5,12
C00693333,2940.47,6
C00693382,1240140.35,47
C00693465,5102.01,14
C00693473,210145.05,145
C00693499,7618.0,26
C00693515,1911198.49,243
C00693531,285719.84,120
C00693549,8737.47,23
C00693556,5969.7,8
C00693564,287.7,2
C00693572,61922.4,154
C00693580,1830.83,10
C00693606,1112218.87,175
C00693630,166495.33,393
C00693648,4562.94,22
C00693655,15926.41,114
C00693663,1880875.49,304
C00693671,88942.14,46
C00693697,1294.03,8
C00693705,102.7,1
C00693713,14020431.11,5011
C00693739,4971.17,9
C00693747,410.38,1
C00693788,10348.11,63
C00693796,6435.05,21
C00693820,194.45,1
C00693838,162819.33,22
C00693853,90474.03,90
C00693861,30338.61,24
C00693903,7135.35,6
C00693911,3995.09,17
C00694018,14343873.09,2423
C00694075,37136.17,20
C00694091,385341.9,408
C00694125,2055.58,20
C00694182,2000.0,3
C00694208,261781.6,278
C00694216,59479.28,120
C00694224,5950.0,4
C00694265,260988.45,66
C00694299,75297.85,66
C00694307,76544.58,101
C00694323,1502.55,4
C00694331,3833.97,13
C00694372,12033.25,19
C00694414,28854.95,29
C00694455,40834281.94,7827
C00694463,2278.32,12
C00694471,18704.57,28
C00694513,2800.0,1
C00694539,13673.0,8
C00694547,31110.34,77
C00694562,750.0,1
C00694588,2705.75,4
C00694604,868856.32,837
C00694653,12523.85,65
C00694661,24794.2,25
C00694687,144808.6,240
C00694695,31653.45,6
C00694711,1363469.42,996
C00694729,27713.26,62
C00694778,3386518.59,1356
C00694794,130428.94,73
C00694810,337228.38,89
C00694836,5000.0,1
C00694844,113113.4,202
C00694935,171581.94,188
C00694943,1570935.22,384
C00694976,15000.0,4
C00694984,11058.95,19
C00694992,4386.5,6
C00695007,7186.71,62
C00695072,840.4,3
C00695163,8023.49,12
C00695171,249.7,1
C00695239,745.56,15
C00695270,238427.88,94
C00695304,3604.37,19
C00695320,42567.01,157
C00695346,1121773.86,290
C00695353,44763.95,10
C00695361,1545.41,6
C00695395,58542.35,61
C00695411,1330909.13,735
C00695429,155565.2,6
C00695437,12512.97,32
C00695445,66.71,2
C00695486,72612.19,68
C00695510,24948324.92,4592
C00695528,28254.09,11
C00695544,73545.3,90
C00695551,237993.16,150
C00695569,305.15,32
C00695585,8676475.98,700
C00695619,1623.99,8
C00695791,73185.0,365
C00695825,16194.22,26
C00695833,55112.6,102
C00695866,688318.99,690
C00695874,12534.63,24
C00695932,207.38,1
C00695940,50290.54,56
C00695965,310858.06,169
C00695973,11714.24,28
C00695999,36273.86,34
C00696054,7774090.96,2720
C00696070,479.8,3
C00696088,6462.99,13
C00696096,3609.58,3
C00696104,189304.11,222
C00696112,50060.69,14
C00696120,24550.91,33
C00696146,369979.45,388
C00696153,115057930.76,3407
C00696179,29757.79,28
C00696187,411328.32,183
C00696211,1300.0,3
C00696245,75794.48,129
C00696294,6456.0,5
C00696393,2082.84,7
C00696401,7313.9,5
C00696419,51383460.67,4388
C00696427,0.0,3
C00696443,934.23,4
C00696468,18.08,2
C00696484,223458.91,171
C00696492,184987.76,285
C00696526,97032873.89,2586
C00696534,94972.76,96
C00696542,41556.94,30
C00696567,77300.66,14
C00696591,126774.35,23
C00696609,1000.0,1
C00696625,2382.47,16
C00696658,34812.0,9
C00696666,150332.49,172
C00696708,6787.5,54
C00696716,79009.48,45
C00696724,3066636.94,1098
C00696757,128598.62,973
C00696799,145.12,9
C00696815,187230.34,362
C00696872,1994335.39,448
C00696906,66.0,2
C00696922,2860.0,3
C00696930,16087.33,27
C00696948,206871649.93,6177
C00696955,1700.8,5
C00696963,3457.59,20
C00697037,632362.68,712
C00697045,17832.84,66
C00697052,1010171.11,690
C00697128,109736.78,708
C00697144,695378.13,544
C00697151,31931.72,87
C00697227,14162.77,12
C00697235,10533.18,37
C00697250,1432553.49,462
C00697300,352344.54,51
C00697326,21336.94,32
C00697334,352824.12,253
C00697342,17957.87,110
C00697367,27082.38,5
C00697391,72340.7,140
C00697417,2892726.63,657
C00697441,99890474.65,6769
C00697524,124841.99,302
C00697540,113176.6,69
C00697557,153378.68,70
C00697573,5619.22,8
C00697615,15038.03,5
C00697623,57281.26,41
C00697649,1289723.23,487
C00697656,7300.6,4
C00697698,4047.82,5
C00697730,2132747.49,314
C00697755,39156.16,41
C00697789,1904618.14,463
C00697854,3414.44,3
C00697862,145427.95,370
C00697896,22897.06,281
C00697920,214541.22,323
C00697953,231160.84,39
C00697961,468.8,9
C00697979,22710.0,10
C00697987,387012.99,224
C00698001,4115.34,29
C00698019,1386.48,5
C00698050,6420201.37,1033
C00698068,162320.8,165
C00698084,20312.82,86
C00698092,8962.32,5
C00698126,1390838.98,140
C00698134,1295425.5,641
C00698183,2820.0,5
C00698191,38515.39,42
C00698217,11012.35,2
C00698241,5395.07,14
C00698258,3126406.02,1739
C00698340,105678.06,119
C00698373,368984.23,393
C00698407,230803.83,108
C00698431,118339.43,52
C00698449,92218.08,69
C00698472,2170.3,9
C00698498,2000.0,2
C00698522,20289.5,24
C00698530,494736.77,133
C00698548,7021.67,8
C00698555,166650.54,37
C00698563,435532.6,559
C00698597,35253.71,22
C00698605,18403.03,25
C00698613,43621.11,43
C00698654,55172.42,6
C00698670,639834.13,165
C00698696,5101.23,38
C00698738,375180.94,107
C00698753,606873.11,395
C00698761,2300.0,1
C00698779,499244.9,284
C00698787,42319.67,44
C00698795,106818.47,590
C00698803,2235.12,3
C00698811,7954.86,52
C00698837,1075.67,1
C00698845,18962.23,87
C00698894,602337.2,226
C00698928,11081.03,9
C00698936,90455.7,31
C00698951,1309.18,8
C00698977,8445.6,15
C00698985,8868.76,11
C00698993,1889969.11,609
C00699017,21818.37,13
C00699041,1756.75,5
C00699090,17139271.2,1579
C00699124,6954.8,61
C00699140,1258.8,7
C00699181,126074.67,26
C00699199,3775.0,9
C00699207,66126.56,122
C00699215,2482.95,8
C00699249,152978.47,83
C00699256,2530.02,11
C00699272,219705.9,159
C00699280,109840.87,97
C00699306,4673.91,8
C00699314,1951.63,4
C00699363,16284.63,10
C00699421,150523.41,73
C00699447,6217.75,7
C00699462,19968.23,24
C00699470,104460.46,40
C00699488,9316.56,142
C00699512,180352.1,25
C00699538,2330.0,5
C00699546,3104289.06,361
C00699553,23419.04,15
C00699579,15090.35,43
C00699595,1077.83,13
C00699603,331430.81,106
C00699629,4588.91,16
C00699652,42172.72,16
C00699660,3970541.56,1214
C00699686,1880.97,9
C00699694,398885.58,206
C00699710,34104.66,150
C00699728,1253.31,6
C00699744,1803492.63,678
C00699777,123669.64,21
C00699785,48136.49,217
C00699801,1642515.23,477
C00699819,375702.8,205
C00699843,11409.68,72
C00699926,352652.92,340
C00699942,113038.21,131
C00699967,3427.81,8
C00700021,90960.45,13
C00700054,54043.3,70
C00700062,9690.23,105
C00700104,304224.02,35
C00700120,5043.05,4
C00700138,9046.92,124
C00700146,300.0,1
C00700153,5238.7,3
C00700161,21708.81,45
C00700187,74622.18,293
C00700195,25867.54,120
C00700203,1156.8,2
C00700237,84585.85,104
C00700252,260089.34,82
C00700260,23544.86,10
C00700294,19827.9,160
C00700336,22636.0,46
C00700344,72148.33,131
C00700377,1943.78,18
C00700385,28745.86,6
C00700419,70106.44,17
C00700427,34634.98,8
C00700476,80459.34,42
C00700500,5268.98,11
C00700518,22892.65,10
C00700526,56896.1,54
C00700534,224816.34,724
C00700559,1228945.08,804
C00700575,9736.94,20
C00700583,80145.18,129
C00700609,243640.92,260
C00700641,363340.07,68
C00700708,174676.81,333
C00700716,2175537.86,900
C00700732,68970.27,195
C00700740,24951.73,59
C00700757,12628.24,33
C00700799,1215.81,5
C00700807,476018.83,165
C00700815,3634.73,5
C00700823,24622.93,370
C00700831,43235.28,67
C00700849,2390.8,3
C00700880,259957.37,201
C00700898,297352.34,301
C00700906,2046570.01,790
C00700914,3984.0,8
C00700922,357867.98,240
C00700930,54036.07,112
C00700948,31528.12,109
C00700955,28662.51,52
C00700963,317548.38,538
C00700971,101375.36,55
C00700989,106908.81,150
C00700997,161125.85,259
C00701003,7233408.06,900
C00701011,2114.84,2
C00701045,68681.94,31
C00701052,2499200.26,1107
C00701060,38866.35,41
C00701086,63821.12,23
C00701094,27652.69,84
C00701102,9320942.31,1297
C00701110,62710.72,120
C00701128,267612.78,53
C00701144,168895.25,62
C00701177,96511.16,78
C00701185,16325.5,72
C00701227,386276.64,365
C00701243,245657.62,10
C00701250,6008.8,6
C00701268,3354.96,1
C00701284,1796943.72,661
C00701318,112808.74,141
C00701334,1628000.54,514
C00701367,71608.05,365
C00701375,158452.59,153
C00701383,2693162.86,1420
C00701409,482094.22,132
C00701417,93744.78,220
C00701433,1010736.8,488
C00701490,236170.13,286
C00701508,256495.28,478
C00701557,141448.33,75
C00701599,3099769.4,1071
C00701607,56125.36,141
C00701656,7423710.98,4966
C00701672,8338287.52,1892
C00701680,3020.75,15
C00701698,2406403.48,1643
C00701706,1713507.64,1151
C00701722,118204.04,69
C00701730,286262.76,398
C00701748,6189497.66,984
C00701755,336398.36,202
C00701763,30622.62,118
C00701789,7997.71,14
C00701797,284628.32,149
C00701805,6875.18,7
C00701813,2111.79,3
C00701821,2643.28,3
C00701847,250020.8,314
C00701862,220106.72,127
C00701888,8053331.81,556
C00701896,790841.4,762
C00701938,5228.58,9
C00701946,88604.68,36
C00701953,801971.51,967
C00701961,2060.15,13
C00701979,1291585.89,489
C00702001,4309.38,24
C00702019,53196.35,69
C00702076,34362.57,77
C00702100,47635.27,12
C00702118,281469.01,68
C00702126,7225.27,47
C00702134,1609.31,3
C00702159,3936.37,21
C00702175,250.0,1
C00702191,833481.35,381
C00702209,33881.0,43
C00702225,4855315.22,882
C00702258,41537.5,36
C00702282,11594.04,18
C00702324,4339.66,6
C00702332,15341.71,148
C00702340,6349.23,6
C00702365,14117.46,20
C00702381,632478.09,263
C00702399,175441.87,252
C00702407,25127.62,124
C00702449,970.31,1
C00702480,1246.01,1
C00702555,7219.65,5
C00702571,895.46,1
C00702589,828.36,1
C00702597,789.54,1
C00702605,789.67,1
C00702647,9083.94,10
C00702761,691.46,1
C00702779,649.81,1
C00702829,118.5,1
C00702837,792.51,1
C00702852,843.01,1
C00702860,979.82,1
C00702886,723.36,1
C00702894,862.97,1
C00702936,601.84,1
C00702985,1155383.73,657
C00703025,32211.12,15
C00703033,768182.86,252
C00703058,3737948.12,668
C00703066,1268382.11,318
C00703074,248891.15,96
C00703082,58681.61,48
C00703090,9778.98,8
C00703108,101622.15,34
C00703116,44993.35,15
C00703124,351507.37,432
C00703132,26962.05,399
C00703173,3134.05,6
C00703181,8138.31,5
C00703199,739901.8,259
C00703215,16064.21,49
C00703231,1022688.3,647
C00703256,481313.75,365
C00703314,1018579.76,478
C00703322,1530.0,1
C00703330,4870.6,4
C00703355,9868.16,13
C00703363,123903.68,83
C00703413,16822.1,196
C00703470,5199.7,3
C00703488,127764.16,124
C00703496,14595.16,34
C00703504,774241.56,286
C00703520,95928.65,62
C00703546,55679.72,301
C00703579,49855.46,197
C00703587,42088.32,184
C00703603,959679.53,442
C00703702,23938.73,17
C00703736,986898.79,136
C00703769,25113.88,70
C00703785,3798.89,5
C00703793,2354.6,3
C00703801,295.0,1
C00703835,166859.48,224
C00703843,3423246.67,1211
C00703850,28075.87,57
C00703892,8903.47,6
C00703942,3506.33,8
C00703975,1056308156.58,15750
C00703991,3977.03,5
C00704031,4081.77,72
C00704049,1819620.0,560
C00704056,551.76,10
C00704064,1693954.18,488
C00704072,25516.17,19
C00704098,369308.17,222
C00704197,24502.87,106
C00704247,7477.02,31
C00704262,23404.26,83
C00704270,50179.73,51
C00704288,61214.84,62
C00704304,4171.93,25
C00704361,6667.69,10
C00704379,168136.39,181
C00704429,330180.57,193
C00704437,35929.48,95
C00704510,1959613.77,1414
C00704544,10850.91,13
C00704551,45400.1,22
C00704569,233448.69,89
C00704585,131409.98,209
C00704593,175265.57,157
C00704627,58631.05,155
C00704643,368645.67,512
C00704650,3002884.48,1038
C00704874,4101.78,6
C00704882,18631.86,45
C00704890,1364.7,4
C00704916,54201.15,36
C00704932,3200.0,5
C00704957,23264.0,75
C00704981,5680468.14,793
C00704999,3432.38,12
C00705038,30180.9,11
C00705053,11184.82,51
C00705079,354369.11,974
C00705087,18926.68,84
C00705095,56355.22,37
C00705111,25480.35,4
C00705129,3565.94,3
C00705137,25477.04,3
C00705145,30876.07,58
C00705152,10002.55,32
C00705160,10119.54,16
C00705186,7344460.36,1865
C00705228,2192752.94,1074
C00705236,9778559.79,5253
C00705244,8268.16,5
C00705269,873300.17,220
C00705277,9785.93,48
C00705301,49901.49,44
C00705327,342350.8,134
C00705343,17854.71,19
C00705350,1953.58,5
C00705368,14259.46,31
C00705384,155744.51,236
C00705434,1707.7,5
C00705459,11062.16,11
C00705467,1154.23,40
C00705483,2193274.34,564
C00705491,907.7,37
C00705517,1587.16,40
C00705541,785.52,22
C00705566,733.01,19
C00705574,1035.26,34
C00705616,1113.0,37
C00705640,638.73,21
C00705681,1387.64,52
C00705707,808.1,29
C00705715,889.44,29
C00705731,594.12,14
C00705749,1528.05,40
C00705756,1879.63,46
C00705780,1143.88,37
C00705798,1307.22,51
C00705806,1213.15,38
C00705814,1225.87,36
C00705822,968.83,24
C00705855,884.54,29
C00705871,1148.57,35
C00705905,2487.42,63
C00705913,1437.02,37
C00705939,572.99,16
C00705947,1852.11,47
C00705954,1229.95,43
C00705962,1475.21,40
C00705996,4048.16,4
C00706002,42426.17,94
C00706010,36273.77,50
C00706044,339662.62,118
C00706051,397069.43,132
C00706069,93360.97,79
C00706077,7667.39,5
C00706085,1075.0,4
C00706093,66720.25,45
C00706150,19611.38,11
C00706168,44708.23,91
C00706176,9200.0,13
C00706192,50387.5,3
C00706226,1372403.12,439
C00706234,24589.15,28
C00706242,85667.46,144
C00706259,100565.02,944
C00706267,5010488.97,1496
C00706275,1902991.39,636
C00706317,275412.7,268
C00706325,706291.46,169
C00706333,378142.88,347
C00706341,61334.08,51
C00706374,380520.89,669
C00706416,5120664.73,1381
C00706457,4024304.35,831
C00706499,46936.88,13
C00706549,4222236.56,812
C00706556,90954.85,28
C00706564,629053.34,174
C00706572,143086.96,441
C00706580,3085.68,2
C00706598,66260.75,2340
C00706614,2710355.46,827
C00706622,7215.24,5
C00706630,37023.94,66
C00706648,2125033.61,853
C00706671,92267.96,266
C00706689,2508.43,8
C00706697,1236928.11,311
C00706705,76482.64,186
C00706739,8671.23,24
C00706747,2566277.05,1076
C00706754,339509.93,241
C00706762,64936.3,104
C00706788,2047698.59,1118
C00706812,101802.31,48
C00706820,810493.64,638
C00706861,132141.83,121
C00707026,1216782.59,558
C00707034,3825.14,11
C00707059,239278.42,145
C00707067,9179.17,9
C00707091,337655.19,409
C00707117,36028.65,23
C00707125,9553.93,10
C00707216,3123.33,8
C00707224,193209.42,217
C00707232,44309.5,44
C00707257,126953.23,182
C00707265,105815.19,442
C00707331,17265.49,27
C00707349,15673.93,41
C00707398,1024182.08,357
C00707430,211431.05,57
C00707471,25666.46,63
C00707497,4610.06,15
C00707505,201062.91,236
C00707513,22222.59,25
C00707539,62344.16,41
C00707547,236578.59,206
C00707588,17637.6,42
C00707596,77338.99,30
C00707604,293171.95,250
C00707612,166951.92,79
C00707620,40128.46,23
C00707638,4978112.09,742
C00707661,116361.23,86
C00707679,126526.17,36
C00707687,2132.89,10
C00707703,1002.96,2
C00707711,12436.57,45
C00707760,13149.03,9
C00707794,2963.99,4
C00707828,14461.99,67
C00707836,14635.9,26
C00707844,1349753.74,279
C00707869,3070.1,5
C00707877,1050.0,3
C00707901,10523.0,8
C00707927,2889.0,10
C00707943,232768.94,339
C00707950,9537.02,13
C00707984,5353.7,7
C00707992,4553.1,2
C00708016,3970.39,13
C00708024,437549.5,1069
C00708057,12504.94,10
C00708065,245082.71,479
C00708073,120964.53,181
C00708081,460.0,1
C00708107,2791.99,43
C00708115,14296.7,163
C00708156,30748.04,70
C00708164,54922421.5,2412
C00708172,1300.0,3
C00708180,17668.69,4
C00708214,6380.16,13
C00708222,18620.28,13
C00708248,10283.3,42
C00708255,228154.58,122
C00708263,1100990.64,472
C00708289,2236956.82,1350
C00708305,16232.87,37
C00708347,88.5,3
C00708388,6887.88,4
C00708412,775949.45,227
C00708453,625884.66,159
C00708479,5059212.28,938
C00708487,38102.08,29
C00708511,34857.81,6
C00708529,508526.17,193
C00708545,1362.5,1
C00708552,557711.72,212
C00708560,295602.01,224
C00708586,2822.85,8
C00708628,5568278.07,843
C00708636,10023.49,7
C00708644,73834.54,19
C00708669,4591.88,28
C00708750,585.0,2
C00708768,1625.46,26
C00708792,14830.96,42
C00708818,500.0,1
C00708842,132100.0,15
C00708859,76525.64,68
C00708867,65795.55,113
C00708875,545028.48,139
C00708883,73649.8,34
C00708891,1968942.55,1236
C00708909,18143.99,88
C00708917,49332.0,24
C00708941,123124.8,120
C00708982,34570.59,91
C00709006,1924245.43,685
C00709014,16852.5,49
C00709063,80174.48,127
C00709071,37600.61,39
C00709089,5853.52,3
C00709105,165859.26,67
C00709113,2128720.4,64
C00709162,200468.8,4769
C00709170,8454.81,14
C00709196,2803723.58,938
C00709204,147064.26,203
C00709220,300.0,1
C00709279,734879.69,582
C00709311,1002.1,2
C00709345,1603.06,3
C00709352,50.0,1
C00709360,5707.27,6
C00709386,3869.76,9
C00709410,51142801.75,1547
C00709477,277467.35,104
C00709485,5624.71,27
C00709493,133961.6,80
C00709501,3655.09,8
C00709519,330944.79,200
C00709527,60614.24,96
C00709535,21761.88,12
C00709550,1662519.69,403
C00709576,9597.52,32
C00709584,120526.07,115
C00709659,4824.89,14
C00709667,349244.5,384
C00709683,246035.89,657
C00709691,2836502.59,1414
C00709709,1255.9,7
C00709758,334648.19,244
C00709766,3190.53,8
C00709774,6472.59,10
C00709782,37127.32,3
C00709808,8628.25,3
C00709816,5024.49,13
C00709832,1500.0,5
C00709865,47161.0,9
C00709881,135804.27,524
C00709899,50193198.94,1406
C00709915,199507.79,83
C00709923,118059.74,94
C00709980,1636.2,9
C00709998,29199.88,15
C00710038,6854.49,32
C00710053,5976.93,30
C00710103,5625375.31,565
C00710111,32357.34,19
C00710129,154669.12,164
C00710152,20091.44,39
C00710160,1360953.53,116
C00710178,3194304.19,230
C00710186,142.5,1
C00710202,80.0,4
C00710251,1250.0,1
C00710293,182045.12,141
C00710319,31995.98,174
C00710368,7993.54,16
C00710376,3363.54,7
C00710384,13830.3,18
C00710392,2037.36,6
C00710459,536715.42,295
C00710467,86500.84,91
C00710475,1016121.42,337
C00710483,289497.38,219
C00710491,468363.56,473
C00710509,36759.68,30
C00710517,262.5,1
C00710533,4521876.8,789
C00710566,811320.65,401
C00710574,420184.63,130
C00710582,208682.21,56
C00710590,284922.13,77
C00710608,77049.58,124
C00710616,9812.6,6
C00710624,65244.04,77
C00710632,302278.22,366
C00710640,2700.0,5
C00710657,27146.21,97
C00710665,161874.41,267
C00710681,385966.06,194
C00710699,268392.35,199
C00710707,2700.0,5
C00710715,2700.0,5
C00710723,2700.0,5
C00710731,293352.7,41
C00710749,136402.56,130
C00710756,49471.08,105
C00710764,1482.78,20
C00710772,11281.33,96
C00710780,314329.04,104
C00710798,7058.23,7
C00710814,1001826.96,278
C00710822,19275792.71,2121
C00710848,156313.29,109
C00710855,132997.32,1799
C00710863,19347.77,14
C00710871,359341.67,489
C00710939,561296.43,261
C00710947,114543.66,213
C00710954,45304.29,82
C00710962,2885966.0,813
C00710970,180811.37,65
C00710988,193244.56,81
C00711002,5051.13,11
C00711010,956478.81,767
C00711028,50039.73,83
C00711051,26684.75,34
C00711069,18490447.18,2101
C00711077,361985.54,690
C00711085,16146.89,47
C00711119,371674.88,71
C00711143,1824.97,9
C00711150,2169963.14,903
C00711168,18410.79,46
C00711176,37152.02,72
C00711184,221196.68,229
C00711192,4575.1,17
C00711242,7337.26,20
C00711259,9351.34,15
C00711275,818.0,3
C00711283,21774.25,64
C00711309,10480.84,6
C00711317,3761589.06,1019
C00711325,1009995.23,426
C00711341,520356.28,351
C00711358,30653.15,184
C00711382,4076.9,14
C00711390,110660.57,326
C00711408,108225.54,67
C00711416,188066.99,133
C00711432,3781228.68,752
C00711440,178568.5,218
C00711457,155373.91,82
C00711465,8477.93,11
C00711473,9140.0,7
C00711549,90932110.86,4509
C00711556,566918.48,255
C00711564,7814752.06,691
C00711572,1603964.87,458
C00711580,627610.5,230
C00711598,63288.53,88
C00711614,351610238.59,15154
C00711630,4035208.19,902
C00711671,1648.75,4
C00711689,11903577.15,1192
C00711697,82199.8,90
C00711739,614485.33,425
C00711762,79658.2,22
C00711796,108297.95,127
C00711804,101773.23,68
C00711812,11800.88,31
C00711838,1973.69,9
C00711853,44809.26,8
C00711861,83320.62,161
C00711887,3996768.78,699
C00711903,6165.0,4
C00711911,384828.49,268
C00711929,18778.26,16
C00711937,13612.12,8
C00711945,764255.16,85
C00711960,24606.47,29
C00711978,174987.56,210
C00711986,19000.0,12
C00711994,382720.29,653
C00712000,20698.26,54
C00712026,138032.49,97
C00712034,25347.46,52
C00712067,87512.92,90
C00712075,17049.56,15
C00712083,62285.44,193
C00712109,16822.27,160
C00712133,5243.46,14
C00712182,52475.5,46
C00712190,702948.19,128
C00712208,1691.86,33
C00712216,66340.6,242
C00712224,384753.11,189
C00712257,10944875.18,689
C00712265,151695.55,83
C00712273,158485.56,190
C00712315,11348.45,19
C00712323,26053.5,13
C00712331,5058.23,50
C00712349,2009420.28,412
C00712364,13252.06,55
C00712380,68193.9,40
C00712398,168788.38,218
C00712406,19872.74,23
C00712422,36206.73,21
C00712448,1381.43,2
C00712489,50958.0,71
C00712497,655872.13,228
C00712521,250.0,1
C00712539,2486.49,13
C00712570,29160.75,46
C00712588,1739.0,8
C00712638,421700.21,67
C00712646,13311.56,110
C00712679,79366.27,147
C00712695,92441.07,24
C00712737,884734.26,528
C00712760,1385793.43,507
C00712794,3078750.13,1768
C00712885,241798.8,52
C00712935,3859.91,12
C00712943,162795.46,58
C00712950,441575.86,408
C00712968,2033552.49,715
C00712976,1830.0,2
C00712992,91261.38,43
C00713008,52591.82,78
C00713040,4514.0,9
C00713057,578613.42,96
C00713099,623817.82,17
C00713107,1545.26,16
C00713115,165662.48,3170
C00713206,604.0,1
C00713214,247654.25,107
C00713222,3418145.81,784
C00713230,505175.79,399
C00713255,51903.61,74
C00713263,33275.83,78
C00713271,16939.88,64
C00713289,2039939.12,795
C00713297,10176468.32,1327
C00713313,6816.9,10
C00713354,253768.88,45
C00713362,28288.92,40
C00713388,720.5,4
C00713404,530308.58,1037
C00713412,3844463.11,557
C00713420,466.0,2
C00713453,16670.64,28
C00713461,1712827.67,321
C00713479,7588.82,7
C00713487,51984.37,52
C00713503,473739.09,133
C00713511,233411.5,122
C00713529,457742.62,343
C00713537,597588.39,554
C00713545,379403.29,261
C00713560,237.41,4
C00713693,2332747.92,425
C00713701,291313.94,67
C00713727,1321.38,7
C00713743,2010842.59,727
C00713750,224818.59,84
C00713776,42419.57,48
C00713784,17770.38,18
C00713792,612565.94,640
C00713800,2000.0,1
C00713818,37612.95,20
C00713826,77997.91,57
C00713842,355793.48,312
C00713859,600925.12,151
C00713875,19690.09,5
C00713909,676532.27,344
C00713917,596137.66,255
C00713925,1750.0,1
C00713933,773017.85,143
C00713958,706633.77,235
C00713974,941.62,2
C00713990,23881.13,5
C00714022,4293.38,45
C00714048,24092.08,73
C00714055,5763.84,52
C00714063,23714.24,56
C00714089,663793.71,262
C00714097,720.37,1
C00714105,144976.59,250
C00714113,15149.66,12
C00714121,40179.91,47
C00714147,4950.38,9
C00714154,7005.15,14
C00714170,5000.0,1
C00714188,3696.99,14
C00714204,8718.08,11
C00714220,3329.82,8
C00714246,3869.67,19
C00714253,201488.65,235
C00714261,3517634.93,540
C00714279,2959390.65,617
C00714295,30173.75,21
C00714311,145269.09,67
C00714329,228.12,1
C00714337,12257.13,13
C00714345,253951.42,104
C00714378,147139.98,164
C00714394,151324.66,24
C00714410,23493.5,4
C00714436,19868.52,20
C00714444,77427.27,125
C00714477,1216.67,16
C00714493,17085.53,47
C00714501,2184.1,26
C00714519,127767.13,81
C00714527,2214.3,8
C00714535,580301.38,361
C00714543,2234204.64,569
C00714568,8357.65,10
C00714584,55288.72,153
C00714618,270050.86,241
C00714634,187.98,2
C00714683,189797.38,301
C00714691,23437.93,13
C00714741,25016.59,23
C00714816,53681.94,140
C00714824,42308.45,97
C00714832,91422.75,106
C00714840,4628.25,9
C00714865,3334535.49,949
C00714873,28432.56,28
C00714899,25759.13,67
C00714907,103617.52,49
C00714949,30396.72,58
C00714964,5749137.17,1165
C00714972,143027.62,155
C00714998,38017.63,38
C00715029,3035560.03,520
C00715037,355020.43,119
C00715045,9544.26,13
C00715052,406167.1,232
C00715060,1230797.16,400
C00715086,131237.95,74
C00715102,6188.9,13
C00715136,7374.46,21
C00715144,8676.5,7
C00715151,1600.0,12
C00715169,223468.04,82
C00715185,3072.57,9
C00715235,5866470.94,746
C00715268,14796.99,19
C00715284,34870.0,9
C00715292,1587.92,7
C00715300,13169.61,17
C00715318,510672.86,320
C00715326,10957.58,15
C00715334,18907.26,23
C00715342,79787.45,114
C00715375,39577.32,44
C00715383,146324.49,172
C00715391,787.0,2
C00715409,1024900.27,334
C00715417,39628.9,66
C00715425,662565.23,389
C00715433,663632.18,92
C00715466,1399664.66,340
C00715474,23360.55,20
C00715482,11934.28,35
C00715508,14726.58,11
C00715516,82554.02,64
C00715532,68477.76,78
C00715557,4117.36,8
C00715573,28122.08,18
C00715631,79260.05,34
C00715656,1240.95,3
C00715664,70328.7,127
C00715698,2593368.11,258
C00715706,4066.76,117
C00715714,1360.64,7
C00715722,8932.89,6
C00715748,23358.0,12
C00715763,645465.81,233
C00715839,13506.37,13
C00715847,111998.17,102
C00715854,5220645.7,411
C00715862,105719.66,11
C00715904,15940.99,17
C00715920,19288.87,29
C00715938,97599.42,57
C00715953,58685.16,40
C00715961,7237.5,16
C00715987,5000.0,1
C00716076,48831.75,121
C00716183,5724.55,16
C00716225,153590.42,144
C00716233,2883.09,6
C00716258,32899.23,114
C00716274,4435.6,38
C00716290,89744.06,70
C00716308,392141.0,246
C00716316,3934.98,7
C00716324,165268.32,84
C00716332,24093.74,35
C00716340,338014.02,355
C00716365,4181.9,3
C00716373,29242.28,46
C00716399,3570.0,2
C00716407,44495.68,215
C00716415,131279.46,184
C00716423,2563.0,5
C00716456,34844.13,31
C00716472,2097.14,7
C00716480,138475.78,224
C00716498,1931206.89,803
C00716506,4254.74,18
C00716522,16047.65,20
C00716530,15571.07,5
C00716548,3441.22,13
C00716571,4516132.84,1377
C00716589,127306.33,104
C00716597,345032.66,149
C00716654,2377.7,4
C00716670,59881.05,79
C00716688,3893.84,10
C00716704,24252.6,90
C00716720,39176647.79,1025
C00716761,10074.51,59
C00716803,3355.86,4
C00716811,2526.88,9
C00716829,1000.0,1
C00716845,9272126.1,779
C00716860,6705834.0,866
C00716878,184894.08,77
C00716894,15157.03,31
C00716910,22959.46,63
C00716977,68379.35,106
C00717033,593539.18,775
C00717082,1684.32,1
C00717116,12395.94,38
C00717140,98.51,33
C00717157,961456.91,317
C00717165,3148.31,10
C00717215,64471.63,68
C00717223,161547.65,12
C00717256,413881.46,294
C00717280,86831.18,158
C00717298,7080.72,23
C00717306,1219523.85,394
C00717322,2804359.31,909
C00717330,322553.54,298
C00717355,1263.27,9
C00717363,18113.65,12
C00717371,5909.67,68
C00717405,8395.64,22
C00717421,214909.17,47
C00717439,108902.88,137
C00717470,201995.9,48
C00717520,30302.97,103
C00717553,6229.1,42
C00717579,35280.0,8
C00717587,212761.75,156
C00717595,9549.97,16
C00717611,651717.42,295
C00717637,287186.53,104
C00717660,67413.54,64
C00717678,37781.71,10
C00717710,3233.16,8
C00717744,4373.43,8
C00717827,1234080.93,156
C00717868,1165375.49,1935
C00717876,2049268.55,331
C00717884,52566.58,20
C00717892,4800.15,39
C00717900,506.5,13
C00717918,53893.47,43
C00717959,2519669.4,667
C00717975,4518.61,22
C00717983,137079.06,271
C00717991,599373.39,509
C00718031,3365529.26,5296
C00718064,2136.5,9
C00718098,11391.3,66
C00718106,30541.83,29
C00718114,413.0,1
C00718130,199586.0,27
C00718155,199450.71,238
C00718171,800.36,6
C00718189,3240.91,4
C00718197,21686.07,35
C00718213,2452.41,6
C00718221,1650.0,4
C00718239,3231350.13,340
C00718247,128089.88,21
C00718254,13924.98,8
C00718270,751703.18,221
C00718288,317019.81,245
C00718296,91572.21,19
C00718320,3726.35,8
C00718338,104382.38,64
C00718346,1576224.92,910
C00718353,3978.0,16
C00718387,6123.65,23
C00718411,254789.48,64
C00718445,229.34,3
C00718486,6949.47,76
C00718502,783.84,3
C00718510,373905.28,168
C00718528,2759.32,4
C00718551,12527.74,38
C00718569,34686.53,44
C00718577,1072.42,1
C00718585,58328.45,49
C00718593,90917.4,39
C00718627,11392224.22,926
C00718635,2502265.11,761
C00718643,24333.06,20
C00718650,2297336.97,472
C00718668,422430.03,11
C00718676,807122.72,169
C00718718,57.43,2
C00718742,425591.95,410
C00718817,8838.82,6
C00718841,247797.01,173
C00718858,93559.81,199
C00718866,146033467.26,1288
C00718890,19466.74,12
C00718908,35851.09,19
C00718916,5000.0,1
C00718932,11038.65,12
C00718940,30841.94,20
C00718981,1222.1,1
C00719013,12508.69,37
C00719021,516.1,24
C00719039,37842.46,77
C00719054,990.38,32
C00719062,3119.63,10
C00719070,655341.53,225
C00719104,6188.4,10
C00719112,1607851.12,498
C00719138,107345.56,40
C00719153,4789.46,20
C00719203,1456.69,8
C00719211,52427.69,35
C00719229,23621.46,21
C00719252,195364.16,151
C00719260,19828.47,66
C00719278,1156281.85,253
C00719286,1955.55,7
C00719294,1949960.19,403
C00719310,89892.28,193
C00719344,1197.35,2
C00719369,305269.83,140
C00719393,1546.14,11
C00719401,29313.04,20
C00719427,5555.18,15
C00719484,400.0,1
C00719559,7554212.4,1755
C00719567,24000.0,1
C00719575,10137.83,17
C00719609,29519.63,7
C00719617,43125.73,23
C00719633,1163.25,14
C00719641,52778.51,24
C00719658,92043.05,208
C00719708,145701.65,58
C00719716,143552.41,61
C00719724,17140.42,13
C00719732,768.83,1
C00719740,95.59,8
C00719765,7157.71,23
C00719781,21275.7,11
C00719799,61816.47,9
C00719823,10398.05,26
C00719831,35676.81,108
C00719864,131660.83,98
C00719872,2292.51,35
C00719880,123235.27,117
C00719898,312236.0,151
C00719948,89332.87,23
C00719963,12080.64,29
C00719971,173064.78,25
C00719989,37741.5,21
C00720011,901857.09,323
C00720029,832734.92,574
C00720037,4871.02,3
C00720052,14019.5,9
C00720060,25410.75,5
C00720078,1797695.85,205
C00720086,260.36,1
C00720110,3967.82,5
C00720128,584.96,9
C00720136,17222.57,59
C00720169,37837.66,63
C00720227,21350.76,28
C00720235,10350.0,8
C00720276,27936.63,74
C00720334,3504.8,9
C00720367,8396.96,3
C00720375,628617.74,572
C00720383,249.6,1
C00720391,269.94,1
C00720409,11188.99,22
C00720417,187163.03,173
C00720441,1128.13,8
C00720458,1322.0,3
C00720474,1206437.93,208
C00720482,1393329.09,392
C00720490,91642.74,34
C00720516,1527691.14,618
C00720524,2268.81,4
C00720532,395.97,2
C00720540,14616.62,4
C00720565,19722.17,47
C00720573,28852.93,45
C00720581,4394.0,1
C00720599,240663.2,71
C00720607,97482.22,88
C00720623,240862.89,300
C00720631,23307.42,21
C00720649,10810.39,23
C00720680,69584.08,20
C00720706,4294.19,10
C00720714,3747.16,7
C00720771,5609.66,9
C00720805,1376723.77,1068
C00720821,20319.79,39
C00720870,817243.3,245
C00720912,1192173.96,623
C00720920,2417.92,3
C00720938,810.5,10
C00720953,1643.23,4
C00720979,82452.03,178
C00720987,14109.99,49
C00721001,47048.47,56
C00721019,424961.26,153
C00721027,436661.97,445
C00721035,753933.91,259
C00721043,14182.34,18
C00721050,13142.3,32
C00721068,474.0,3
C00721076,211819.76,32
C00721092,647395.02,397
C00721100,40952.15,30
C00721126,147348.39,223
C00721134,18787.5,27
C00721142,1287175.0,140
C00721167,599.47,12
C00721175,69302.48,186
C00721183,390556.62,237
C00721217,196068.64,148
C00721225,15972.18,67
C00721233,5660.25,15
C00721241,27087.45,72
C00721274,243409.6,196
C00721282,1185142.04,368
C00721290,463163.03,281
C00721308,1309054.6,751
C00721324,17086.51,10
C00721332,10952736.76,782
C00721340,277873.57,159
C00721357,618328.69,189
C00721365,328003.49,281
C00721423,3809.97,7
C00721449,2146169.65,457
C00721464,22979.84,33
C00721472,1135525.67,354
C00721480,1345401.29,566
C00721498,1428498.74,528
C00721506,89557.26,26
C00721514,645121.45,257
C00721522,250.0,1
C00721530,381341.24,466
C00721548,43397.65,49
C00721571,300247.06,92
C00721597,5827.3,50
C00721613,121445.49,65
C00721639,11600.67,29
C00721670,1630868.0,498
C00721688,368497.2,74
C00721704,120965.37,67
C00721712,46482.41,44
C00721738,71594.9,5
C00721753,59043.24,49
C00721761,199909.33,218
C00721779,104400.0,4
C00721787,98422.44,45
C00721803,86739.53,114
C00721811,30.0,2
C00721829,50925.82,82
C00721837,20770.7,61
C00721845,88861.2,237
C00721860,23161.41,34
C00721878,174213.38,235
C00721894,30531.0,42
C00721902,7311.99,7
C00721910,151523.03,12
C00721928,228894.01,142
C00721969,45171.04,14
C00721985,122212.07,106
C00721993,27733.6,28
C00722009,110849.34,86
C00722025,29362.39,22
C00722074,21396.0,8
C00722082,64737.71,92
C00722108,209097.28,210
C00722116,400.0,1
C00722124,13857.75,82
C00722132,370974.19,334
C00722165,309.1,3
C00722249,1616.1,2
C00722256,3543.93,20
C00722272,66029.01,6
C00722298,4821.35,7
C00722306,122210.87,109
C00722314,578241.25,374
C00722322,2500.0,1
C00722330,278987.28,35
C00722348,478.93,4
C00722363,64056.12,152
C00722371,47781.83,14
C00722389,48322.57,37
C00722397,4956750.0,57
C00722413,41934.12,31
C00722439,438032.17,134
C00722447,28300.0,14
C00722454,1144442.54,402
C00722462,12474.48,27
C00722470,560914.74,262
C00722488,36445.4,21
C00722496,7437.96,19
C00722504,96608.79,40
C00722512,17591.88,18
C00722553,526251.05,623
C00722579,20755.71,17
C00722587,28665.21,65
C00722595,39656.46,78
C00722603,4445.5,14
C00722637,573473.95,289
C00722660,18386.0,10
C00722694,126753.97,259
C00722744,2001.86,3
C00722801,4173.12,41
C00722827,45331.55,22
C00722835,207761.96,68
C00722843,47678.56,42
C00722876,1159825.99,370
C00722884,255064.0,193
C00722892,3540640.2,591
C00722918,10279.98,25
C00722926,21424.0,3
C00722975,137421.19,9
C00722983,1016086.8,188
C00722991,67690.1,98
C00723007,34830.87,73
C00723023,3600.0,5
C00723031,171240.35,132
C00723064,117776.14,27
C00723072,332465.73,302
C00723098,1208259.41,51
C00723114,17807.29,31
C00723122,25272395.55,1414
C00723130,18093.53,244
C00723148,2503.26,4
C00723155,5329.15,7
C00723189,930.3,3
C00723197,253688.3,110
C00723213,14000.0,15
C00723270,69705.96,39
C00723288,18884.58,28
C00723320,4330.43,16
C00723338,922253.0,480
C00723346,204059.19,271
C00723379,16669.31,12
C00723411,195914.56,132
C00723437,1233954.89,447
C00723460,149133.77,106
C00723478,15616.55,13
C00723494,24959.59,42
C00723502,64644.73,19
C00723536,1183412.78,393
C00723544,35158.2,9
C00723577,7008.86,12
C00723619,8781.57,34
C00723627,17667.82,14
C00723676,23454.31,21
C00723684,27459.95,24
C00723734,579.1,3
C00723742,561427.9,174
C00723759,444982.96,260
C00723767,68304.45,61
C00723783,3796.47,19
C00723791,406265.25,239
C00723817,8284.0,3
C00723858,63593.15,84
C00723874,46914.79,22
C00723916,557404.46,349
C00723957,16510.36,20
C00723973,1254.15,4
C00724021,27888.51,51
C00724047,1020413.77,652
C00724062,56061.55,65
C00724070,814.4,4
C00724104,9873.61,42
C00724153,3508.18,16
C00724203,2147874.49,240
C00724211,6743.86,3
C00724229,2192.15,5
C00724237,7216.78,30
C00724245,243111.02,132
C00724260,415326.31,91
C00724294,1890.25,7
C00724310,63270.54,103
C00724328,20116.66,21
C00724336,171091.71,279
C00724344,124063.19,41
C00724351,6084.96,26
C00724369,1892.08,6
C00724419,4264.89,6
C00724435,4061.15,23
C00724443,1170.69,6
C00724476,7882.75,16
C00724518,10674.68,21
C00724526,119504.36,67
C00724559,22297.93,5
C00724609,151710.22,247
C00724617,875037.32,153
C00724625,25426.65,94
C00724633,777.73,8
C00724658,120098.38,131
C00724666,81744.0,117
C00724682,147977.9,229
C00724716,3079.34,19
C00724724,232.3,19
C00724740,15459.94,16
C00724757,4193.76,10
C00724781,24114.31,50
C00724799,27635.74,30
C00724807,320.0,1
C00724815,70843.82,66
C00724823,73935.18,35
C00724831,2313.9,5
C00724849,224649.57,114
C00724856,14065.45,28
C00724872,5105.85,10
C00724880,4450.0,3
C00724906,292.5,1
C00724914,3383928.66,851
C00724963,132090.8,26
C00724971,2205.1,2
C00724997,364418.6,242
C00725010,72514.53,778
C00725028,11384.16,18
C00725036,152798.79,151
C00725044,1291888.02,146
C00725051,111295.96,97
C00725069,56549.02,114
C00725101,5623930.65,640
C00725119,14360.02,36
C00725143,199892.72,198
C00725192,19898.88,10
C00725200,4429.15,22
C00725259,1257390.69,226
C00725267,259320.31,96
C00725283,2134.94,9
C00725309,81773.53,28
C00725317,1344708.8,93
C00725333,2688.0,4
C00725341,1412.5,3
C00725358,11528.23,35
C00725366,113172.67,77
C00725382,9090.86,29
C00725390,8594.08,33
C00725408,8529.55,19
C00725416,15665.0,17
C00725424,27749.6,8
C00725440,1665.73,4
C00725465,1357196.35,813
C00725473,6730.37,2
C00725499,934.27,2
C00725507,4465.39,15
C00725523,4921.47,8
C00725531,2689428.88,294
C00725564,133021.52,171
C00725598,12824.33,9
C00725614,9926.53,10
C00725622,10085.91,10
C00725648,73646.32,37
C00725689,94669.21,135
C00725697,34910.3,79
C00725721,23714.09,43
C00725739,1476.59,15
C00725747,75405.99,29
C00725754,47996.09,136
C00725762,2033618.04,718
C00725770,11223.77,38
C00725796,1329.0,2
C00725812,220.0,1
C00725820,31960961.35,1008
C00725838,40897.9,73
C00725846,340009.34,69
C00725853,4918780.01,773
C00725887,4630.9,17
C00725911,14674.4,10
C00725929,13069.24,24
C00725937,222454.91,94
C00725994,1200.0,1
C00726000,997229.07,159
C00726018,604075.41,385
C00726026,606531.05,226
C00726034,7480.0,2
C00726042,2135170.14,213
C00726067,74246.39,38
C00726075,52914.62,1072
C00726091,3327.1,5
C00726109,65108.89,37
C00726117,7489364.78,479
C00726141,35418.72,14
C00726166,3917.91,2
C00726182,711519.52,180
C00726190,48292.75,28
C00726208,179460.0,10
C00726224,192939.16,59
C00726240,4412.47,12
C00726273,260421.23,188
C00726281,636.85,1
C00726307,8781.53,27
C00726349,100000.0,6
C00726372,703941.66,411
C00726414,3736.54,22
C00726422,44805.51,154
C00726430,7821.02,7
C00726489,61421.61,67
C00726513,143962.9,154
C00726570,252970.05,79
C00726588,6252.0,5
C00726596,282023.69,106
C00726612,197466.03,36
C00726646,6589.93,30
C00726661,535402.06,325
C00726679,15925.12,40
C00726687,1861654.5,237
C00726695,146676.1,38
C00726703,241641.5,236
C00726752,2530.97,63
C00726778,1180.0,1
C00726786,292641.8,165
C00726802,1327.2,5
C00726810,444417.59,334
C00726836,178152.95,45
C00726844,132000.09,109
C00726851,92714.57,25
C00726885,16729.33,27
C00726893,1017228.92,391
C00726901,168767.25,63
C00726919,25285.2,16
C00726935,13671.49,11
C00726943,3422331.72,789
C00726950,79868.66,63
C00726968,1008371.87,393
C00726976,68401.48,34
C00726992,20994.58,14
C00727008,1547064.0,481
C00727040,66915.29,130
C00727057,198198.8,284
C00727081,30125.23,15
C00727115,11158.3,8
C00727131,584075.67,114
C00727149,574203.33,217
C00727156,2622927.76,423
C00727164,917022.17,5196
C00727206,66004.28,34
C00727230,891.0,21
C00727255,9778.22,15
C00727263,363221.45,337
C00727305,1725.0,2
C00727313,26855.2,10
C00727347,2295.44,9
C00727354,65513.55,89
C00727388,15220.76,35
C00727412,53302.95,40
C00727461,15374.08,17
C00727529,451057.34,633
C00727586,289821.38,365
C00727594,627179.95,341
C00727602,121716.52,47
C00727628,4538.18,3
C00727636,36480.91,19
C00727685,93804.04,79
C00727693,1408028.16,421
C00727719,791.4,11
C00727743,231917.66,609
C00727768,297282.5,186
C00727776,4250.0,6
C00727784,1978.66,12
C00727800,2140368.88,602
C00727826,87894.71,111
C00727834,899.75,6
C00727859,5208.1,7
C00727867,3327.94,19
C00727883,3480.71,3
C00727891,22321.25,39
C00727958,262237.85,220
C00727966,492376.6,133
C00727974,5857.41,5
C00727990,16955.75,43
C00728014,12232.3,125
C00728030,473.9,7
C00728055,6503.39,10
C00728105,6851.83,9
C00728113,12862.76,22
C00728154,1102675579.32,27369
C00728170,171111.48,64
C00728212,7000.0,1
C00728238,2632241.85,140
C00728261,10152.74,14
C00728287,1818.28,5
C00728311,4551.1,18
C00728329,3127.0,1
C00728337,1161.95,8
C00728345,2.0,1
C00728352,185793.48,115
C00728360,183012.46,39
C00728378,6071.33,23
C00728386,816080.06,237
C00728402,84055.35,42
C00728428,288476.01,90
C00728444,17022.46,34
C00728451,34357.08,32
C00728477,201.62,2
C00728550,11686.41,7
C00728576,376.9,2
C00728584,268841.35,162
C00728592,2950.0,5
C00728600,5620214.93,531
C00728618,51966.32,34
C00728659,2319.94,4
C00728667,18667.31,22
C00728675,170217.63,59
C00728683,23242.47,28
C00728691,20001.86,16
C00728725,501.04,5
C00728782,21535.51,99
C00728790,2805.25,4
C00728808,11333.2,48
C00728824,5421.26,9
C00728832,790120.63,244
C00728840,18482.98,15
C00728857,1330.38,11
C00728865,4216.5,44
C00728873,49673.18,112
C00728907,28374.35,22
C00728964,13720.62,45
C00728980,100000.0,1
C00729038,9305.72,23
C00729079,909.77,2
C00729087,7746.71,10
C00729095,21355.69,7
C00729111,2200.97,2
C00729137,5862.62,33
C00729145,85699.35,115
C00729178,26315.96,10
C00729186,47403.98,124
C00729202,998.98,10
C00729210,162081.24,41
C00729236,11672.42,23
C00729244,5024.95,4
C00729277,1679691.03,489
C00729301,34668.59,38
C00729319,40405.41,178
C00729327,4339.4,10
C00729335,3548017.4,896
C00729376,3354.7,2
C00729400,13550.68,8
C00729426,29756.65,29
C00729475,71589.49,34
C00729491,5357.7,43
C00729517,32130.0,69
C00729525,20025.0,30
C00729533,8497.05,8
C00729558,4826552.81,630
C00729574,6602.66,163
C00729582,4487444.92,479
C00729590,2319.0,4
C00729608,70878813.49,757
C00729616,8448.1,12
C00729624,50064.68,1
C00729640,72866.94,104
C00729657,241224.25,34
C00729681,7917.36,11
C00729699,2729.0,4
C00729715,2011.31,4
C00729731,1185.99,6
C00729756,664.25,2
C00729764,44924.47,65
C00729772,8844.12,29
C00729798,7307.79,20
C00729905,94751.67,80
C00729913,113637.08,34
C00729947,1713930.12,457
C00729954,1605695.34,273
C00729988,12812.4,12
C00729996,274883.93,170
C00730010,2365.06,7
C00730044,5320.34,12
C00730101,16584.59,14
C00730127,2240.0,5
C00730150,1769842.43,749
C00730168,985645.6,239
C00730184,11071.31,42
C00730200,1965.0,2
C00730226,2814.0,3
C00730234,6000.0,4
C00730242,11591.38,8
C00730267,18131.15,10
C00730275,9687.89,12
C00730291,9617.12,16
C00730309,492.56,1
C00730317,56017.73,19
C00730341,137281.99,176
C00730358,123857.86,216
C00730390,72482.63,94
C00730408,3760055.76,467
C00730440,238.02,1
C00730457,1597.2,1
C00730499,5530.84,10
C00730507,1461965.09,204
C00730531,1708898.65,613
C00730549,16196.7,73
C00730564,300.0,1
C00730648,77735.52,76
C00730655,168147.47,585
C00730671,829.12,8
C00730689,17493.02,9
C00730697,292752.94,116
C00730747,6126.3,19
C00730754,6027.3,7
C00730770,13650.0,44
C00730796,28899.51,28
C00730812,34722.98,86
C00730820,296247.16,680
C00730838,312082.35,15
C00730853,81879.14,158
C00730895,1084198.48,279
C00730903,409.5,24
C00730911,122895.47,10
C00730937,148714.63,67
C00730952,177606.26,93
C00730978,5406.88,15
C00731000,1077.5,13
C00731018,3413.9,9
C00731026,13554.46,11
C00731034,11900.9,8
C00731042,3447842.33,393
C00731091,4335.85,2
C00731109,478177.43,52
C00731117,4377.42,20
C00731141,385117.4,133
C00731166,10326.47,11
C00731182,505.4,4
C00731208,11997.72,14
C00731232,43544.22,44
C00731240,10550.3,39
C00731257,25711.13,19
C00731273,2500.0,1
C00731307,14401.19,40
C00731356,27237.3,15
C00731372,1201.75,3
C00731380,45276.05,76
C00731406,62485.98,148
C00731422,129867.78,83
C00731430,2000.0,1
C00731463,55717.39,35
C00731471,12358.13,37
C00731489,26944.09,203
C00731497,4749.16,24
C00731513,4761.43,34
C00731539,9103.99,6
C00731547,6425.99,9
C00731562,24603.05,19
C00731570,25310.0,42
C00731588,5553.4,22
C00731604,5313.8,8
C00731661,2831.69,2
C00731703,9760.86,11
C00731711,97519.12,56
C00731729,110000.43,84
C00731737,8275.84,4
C00731752,10400.0,11
C00731760,17627.3,14
C00731794,9106.25,1
C00731802,122896.54,87
C00731836,19034.65,22
C00731844,6118.35,9
C00731885,118763.92,142
C00731901,11853.0,124
C00731919,776479.73,383
C00731943,777212.87,145
C00731950,19661.49,72
C00731976,7513.77,5
C00732032,12518.95,25
C00732099,474456.61,238
C00732107,203007.17,36
C00732123,4490.99,4
C00732149,1027047.54,260
C00732172,1434940.07,237
C00732180,12950.84,12
C00732198,9003.55,8
C00732214,2960.38,7
C00732255,28871.31,28
C00732321,23574.0,11
C00732347,516102.64,36
C00732354,13358.1,6
C00732412,1245.6,3
C00732453,7627.64,6
C00732503,39251.99,9
C00732511,5101.4,34
C00732545,4976985.22,813
C00732552,8831.47,31
C00732586,13119.46,60
C00732594,94779.57,113
C00732644,16724.02,11
C00732651,53781.64,85
C00732669,82912.1,81
C00732677,13121.73,23
C00732685,74379.02,13
C00732693,148557.63,36
C00732719,205143.0,150
C00732727,71987.88,235
C00732743,25754.59,8
C00732768,203699.28,64
C00732776,5537.79,13
C00732784,14498.77,15
C00732792,1713783.45,481
C00732800,3841128.41,975
C00732818,27421.32,71
C00732826,1789334.47,466
C00732842,341520.68,54
C00732875,23133.7,12
C00732883,142294.16,146
C00732891,179757.26,169
C00732917,1331.0,1
C00732925,2926859.92,499
C00732941,50849.47,36
C00732958,4391355.24,1237
C00732966,184417.24,113
C00732982,458073.76,353
C00733014,27446.88,9
C00733030,52607.28,69
C00733097,5522.32,7
C00733105,145057.21,23
C00733162,24292.08,6
C00733170,27186.36,53
C00733196,362.33,3
C00733212,2846.77,23
C00733220,27252.94,20
C00733246,19882.44,18
C00733261,4661748.88,756
C00733295,57716.75,92
C00733311,137813.36,121
C00733329,2730125.8,630
C00733352,200.0,2
C00733386,700019.02,219
C00733394,2252235.71,591
C00733402,277605.76,43
C00733410,39874.62,19
C00733428,11790.93,13
C00733436,50696.9,35
C00733469,3922823.57,802
C00733485,504089.97,524
C00733527,769.81,9
C00733568,65694.3,83
C00733576,7851.64,53
C00733584,17704.8,7
C00733600,524616.49,310
C00733618,127278.77,60
C00733634,519044.07,119
C00733659,18592.98,15
C00733691,20368.45,70
C00733709,68436.97,106
C00733758,43984.83,35
C00733766,257659.87,61
C00733774,4838.34,5
C00733840,127615.0,64
C00733857,110856.09,77
C00733873,1091496.96,162
C00733881,929403.82,123
C00733949,13527.2,10
C00733956,8617.23,62
C00733964,240.72,2
C00733972,32861.29,13
C00733980,11500.43,7
C00734004,133112.24,215
C00734053,365873.22,129
C00734087,289772.53,175
C00734103,9843.36,44
C00734111,5430.18,14
C00734129,10013.0,11
C00734137,3715.88,11
C00734145,4451.86,4
C00734152,493971.79,229
C00734194,32268.18,59
C00734236,285010.1,132
C00734244,309596.04,131
C00734251,1834908.91,276
C00734269,6108.71,21
C00734301,6463.85,11
C00734319,207414.87,40
C00734327,121049.81,102
C00734335,1522665.16,766
C00734350,7470.57,2
C00734384,36707.29,30
C00734400,15628.21,15
C00734426,19533.58,227
C00734442,1477.58,6
C00734459,848.0,1
C00734491,1656028.54,558
C00734509,3969.39,28
C00734517,1434141.74,428
C00734533,183299.09,42
C00734541,259.23,1
C00734574,10473.89,8
C00734582,5144.2,13
C00734608,2560.72,24
C00734616,9073.11,6
C00734624,71638.62,21
C00734640,244397.15,131
C00734657,203938.81,62
C00734673,11529.0,3
C00734707,11112.2,24
C00734731,854943.12,379
C00734749,11596.99,13
C00734798,3641.88,14
C00734814,12324.1,46
C00734822,10096.39,17
C00734848,1813.2,3
C00734855,186803.63,122
C00734863,57169.45,54
C00734871,17292.47,9
C00734947,4720.26,19
C00734962,347.1,3
C00734970,3949.26,15
C00734996,10956.95,39
C00735001,193315.83,170
C00735019,33764.48,18
C00735043,8313.82,18
C00735084,1569.65,1
C00735092,28146.78,60
C00735100,14526.43,32
C00735118,6945.36,2
C00735167,256952.26,87
C00735183,11000.0,1
C00735191,400.0,1
C00735233,130.0,1
C00735266,4048.83,3
C00735274,22000.0,3
C00735282,65691.2,44
C00735290,11738.98,10
C00735308,1476249.87,441
C00735332,1419.0,7
C00735365,15404.82,31
C00735373,96480.87,91
C00735423,6464.06,11
C00735431,6440.38,11
C00735449,58841.99,73
C00735456,3806.42,7
C00735464,18652.36,19
C00735472,2227.47,14
C00735498,15918.86,21
C00735506,2205.12,6
C00735514,4145.8,14
C00735548,220169.56,93
C00735563,143930.36,31
C00735571,20074.74,17
C00735597,6732.24,6
C00735654,25067.95,24
C00735688,1325455.96,236
C00735696,16498.5,8
C00735738,18647.63,93
C00735746,4297.05,4
C00735761,144785.2,71
C00735787,17673.68,50
C00735811,87237.35,62
C00735829,15187.0,16
C00735852,49031.18,155
C00735860,165549.38,23
C00735894,148221.89,27
C00735902,568854.88,208
C00735910,577916.48,111
C00735944,81124.01,101
C00735985,2122158.64,309
C00735993,4419.64,6
C00736009,238863.51,59
C00736041,22556.83,10
C00736058,56505.88,79
C00736066,17603.36,7
C00736074,56436.71,204
C00736090,225755.03,180
C00736108,212306.23,179
C00736116,1958.25,7
C00736157,163577.52,27
C00736207,4438.5,5
C00736223,12331.97,23
C00736256,22290.68,57
C00736264,32799.69,86
C00736298,5115.31,32
C00736314,6348.95,10
C00736348,21763.51,10
C00736355,1204.07,49
C00736363,34542.14,33
C00736371,6854.74,8
C00736470,5563.34,2
C00736504,44908.06,428
C00736512,100962.5,25
C00736546,20222.37,7
C00736561,61143.52,40
C00736579,79016.03,95
C00736637,666003.75,394
C00736694,480749.37,217
C00736736,231889.77,32
C00736744,24250.0,5
C00736751,8381.83,7
C00736769,2000.0,1
C00736777,56664.81,87
C00736785,8600.0,4
C00736793,6859.0,7
C00736801,41854.51,13
C00736868,38881.86,8
C00736876,94020626.14,973
C00736918,10646.0,4
C00736942,7381.23,30
C00736959,180514.76,37
C00736967,3690912.65,132
C00736975,2825.6,8
C00736983,6681433.81,972
C00736991,127535.58,39
C00737007,21026.7,82
C00737015,59.0,1
C00737023,5993.71,10
C00737056,6870.18,53
C00737064,7734.0,2
C00737080,300.0,1
C00737098,18909.48,42
C00737122,18434.62,4
C00737148,8666.68,10
C00737155,12942.51,29
C00737171,140502.1,46
C00737197,44154.17,90
C00737205,45717.96,54
C00737239,2600.0,1
C00737254,56003.08,102
C00737270,4000.0,1
C00737288,12042.06,11
C00737296,29362.13,30
C00737312,9952.3,19
C00737320,21066.17,21
C00737361,78256.72,17
C00737379,140119.54,140
C00737387,47871.05,112
C00737411,127876.88,56
C00737437,359091.08,164
C00737460,1850.0,2
C00737502,75507.35,69
C00737510,6525.99,7
C00737536,8016.9,6
C00737635,38324.47,68
C00737643,42671.04,51
C00737650,87157.24,56
C00737692,160249.55,282
C00737700,281064.51,252
C00737718,26933.35,48
C00737742,3282.12,8
C00737759,11982.66,10
C00737767,2997088.46,613
C00737817,90905.82,27
C00737825,3766.32,6
C00737866,6993.75,14
C00737882,457.72,4
C00737890,12133.87,16
C00737908,2626.27,49
C00737932,249801.63,56
C00737940,706.36,6
C00737965,13992.7,13
C00737981,352.0,1
C00738013,95039.65,18
C00738021,439222.95,101
C00738039,15361.92,39
C00738096,340404.56,39
C00738104,6375.79,6
C00738120,41914.57,21
C00738138,6003.63,14
C00738153,1347.56,4
C00738195,187198.01,77
C00738203,13930.31,22
C00738237,6524.4,5
C00738260,15194.18,4
C00738278,165019.16,74
C00738294,12987.81,32
C00738302,46754.61,49
C00738336,2963521.25,553
C00738369,76131.72,37
C00738419,22136.19,22
C00738427,3995.19,5
C00738435,21798.92,43
C00738500,4600.0,5
C00738567,6919.07,13
C00738609,295378.83,226
C00738633,72804.46,11
C00738666,793766.86,379
C00738674,11976.26,8
C00738716,11849.93,61
C00738724,1182.0,17
C00738740,9175.33,15
C00738757,1072507.83,573
C00738765,65.0,1
C00738831,126678.99,39
C00738849,6401.98,23
C00738856,573310.79,178
C00738872,774699.08,125
C00738906,14000.0,11
C00738914,10200.0,9
C00738930,428296.62,187
C00738971,2810.0,12
C00738997,9776.91,33
C00739003,1598.85,1
C00739037,500.0,1
C00739045,20782.8,154
C00739052,23093.0,12
C00739060,1000.0,1
C00739094,5029.28,8
C00739110,236966.33,46
C00739128,7786.27,16
C00739144,324210.44,91
C00739151,4644.35,3
C00739169,23075.71,16
C00739177,874572.7,219
C00739185,3076.11,11
C00739193,12043.96,17
C00739201,572.9,2
C00739219,2455.23,3
C00739227,3847.74,47
C00739284,300.0,1
C00739342,9020.19,12
C00739409,32900.38,13
C00739417,2800.0,4
C00739466,4461.11,9
C00739508,2593.75,4
C00739516,319.32,1
C00739557,88150.15,80
C00739565,36154.0,8
C00739573,44751.23,48
C00739581,33341.97,53
C00739680,184127.35,84
C00739730,10296.27,3
C00739755,1959.73,21
C00739771,7796.58,21
C00739805,97092.65,27
C00739839,146537.74,72
C00739862,4737.44,4
C00739870,371463.17,85
C00739938,1757.29,7
C00739953,166083.32,196
C00740001,45.68,1
C00740027,2891.57,9
C00740035,5177.46,27
C00740050,84553.94,41
C00740068,6390.77,27
C00740092,6742.3,5
C00740100,1562074.93,156
C00740118,15297.97,20
C00740126,226346.17,103
C00740175,13778.29,20
C00740183,38698.34,46
C00740225,176452.78,64
C00740266,9385.26,22
C00740274,21380.24,20
C00740282,2336.93,7
C00740316,6098.85,7
C00740332,1942.2,3
C00740340,3000.0,1
C00740365,1500.0,1
C00740399,2911.67,13
C00740415,2257.1,14
C00740431,1358.41,11
C00740449,265264.47,309
C00740456,38789.0,55
C00740464,185533.68,272
C00740514,504.48,3
C00740522,4046.15,10
C00740555,318869.45,98
C00740563,3165.64,5
C00740589,393170.67,215
C00740597,30209.01,27
C00740647,6421.24,47
C00740662,860.0,2
C00740670,8736.91,11
C00740696,39285.94,31
C00740712,7006.89,9
C00740738,40128.78,17
C00740787,4158.0,11
C00740811,8055.74,7
C00740837,28146.71,20
C00740845,4636.82,29
C00740878,236.73,2
C00740910,10044.79,14
C00740928,4614.6,20
C00740936,12659.52,5
C00740993,889.0,2
C00741009,177829.77,28
C00741017,1324.6,3
C00741033,21245.2,3
C00741041,9511.01,39
C00741074,11068.82,15
C00741090,1867313.53,163
C00741116,42691.0,10
C00741124,62539.53,36
C00741132,98639.6,30
C00741140,5596.2,15
C00741165,953.11,6
C00741173,12453.62,4
C00741215,23108.73,37
C00741256,96147.05,43
C00741298,648.3,1
C00741306,190.0,1
C00741314,72660.49,56
C00741322,17963.7,32
C00741355,6471.7,9
C00741371,8536.5,34
C00741397,108541.96,130
C00741405,5940.35,15
C00741413,1941.5,4
C00741439,2183.31,15
C00741504,7623.97,8
C00741538,297564.68,389
C00741546,27440.2,29
C00741553,2881.53,12
C00741561,20709.61,24
C00741611,46206936.72,1586
C00741637,4548.23,13
C00741645,5034.59,13
C00741652,5100.0,3
C00741678,45250.0,10
C00741702,545.5,4
C00741710,38136.81,44
C00741744,24045.83,52
C00741751,1072.75,2
C00741769,9904961.31,31
C00741793,3188.04,14
C00741801,17190.19,22
C00741827,1050.0,1
C00741843,16415.37,48
C00741876,1301.42,17
C00741900,18354.91,44
C00741926,25773.44,24
C00741934,686239.31,100
C00741991,500.0,1
C00742007,1913521.06,729
C00742031,648.4,5
C00742064,47690.71,41
C00742080,20087.24,17
C00742106,1290179.53,295
C00742114,7359.96,43
C00742130,46596.44,18
C00742155,33532.77,24
C00742205,145298.44,76
C00742221,64032.62,271
C00742247,1635560.6,346
C00742254,32724.17,18
C00742270,41292.76,44
C00742296,97405.84,30
C00742338,447.12,2
C00742346,26380.31,23
C00742353,568.28,1
C00742361,1900.32,8
C00742395,75512.03,94
C00742403,6457.79,42
C00742429,9783.89,37
C00742445,35236.22,42
C00742460,412.2,2
C00742494,85804.81,14
C00742528,3738571.24,127
C00742551,27913.65,40
C00742569,11690.61,77
C00742619,817820.4,93
C00742627,179563.15,103
C00742635,15793.92,52
C00742643,502.95,4
C00742668,7511.99,28
C00742692,6456.63,2
C00742734,22904.65,55
C00742742,100456.57,57
C00742759,848703.87,52
C00742767,22581.43,57
C00742775,61755.0,87
C00742783,29383.9,21
C00742791,996.17,7
C00742809,80644.47,31
C00742817,10280.16,31
C00742825,132.0,1
C00742841,96380.7,50
C00742866,67980.36,43
C00742932,3281.09,1
C00742940,6419.4,40
C00742999,42647.7,9
C00743021,98.53,6
C00743047,24581.02,35
C00743088,1944.63,3
C00743096,5220.0,1
C00743153,3877295.62,112
C00743179,4365.64,11
C00743187,308465.55,52
C00743195,160.02,5
C00743203,13831.93,37
C00743229,41122.62,69
C00743252,205993.5,92
C00743260,639.83,7
C00743286,1637657.91,291
C00743294,1055.1,3
C00743302,18435.15,12
C00743336,9796.41,26
C00743351,14544.5,7
C00743377,10540.46,15
C00743385,158002.12,20
C00743393,311414.5,104
C00743401,8900.64,8
C00743427,1392543.01,410
C00743443,3657.0,4
C00743450,51011.73,16
C00743468,49.57,1
C00743476,12782.94,134
C00743484,3542.27,18
C00743500,15368.56,14
C00743526,35747.95,11
C00743534,962.71,5
C00743542,2970.0,6
C00743559,2998.59,3
C00743591,50137.42,19
C00743625,79042.7,46
C00743633,34036.38,13
C00743641,488545.38,119
C00743666,22565.96,57
C00743674,9752.84,18
C00743682,97105.1,8
C00743690,7236.0,6
C00743724,29511.54,18
C00743732,1116541.12,78
C00743773,726.43,7
C00743799,4141.73,8
C00743831,5605.0,1
C00743880,52514.46,90
C00743906,1750.0,3
C00743922,44515.77,67
C00743955,125253.3,114
C00743989,75863.18,61
C00744037,26281.06,18
C00744045,800.31,4
C00744128,149241.25,79
C00744144,6770.3,6
C00744151,43.18,3
C00744169,10848.0,8
C00744185,319283.75,75
C00744201,45298.16,102
C00744243,5220.0,1
C00744276,1650.0,3
C00744318,6043.46,36
C00744334,16647.86,17
C00744342,1146.85,10
C00744433,12524.9,6
C00744466,5991.0,5
C00744474,900.0,1
C00744532,9147.49,12
C00744540,33423.46,47
C00744557,55074.03,28
C00744573,50016.19,24
C00744599,225538.09,63
C00744615,28540.45,29
C00744672,33507.37,35
C00744680,129440.0,3
C00744698,240224.16,134
C00744714,66510.48,54
C00744730,49587.3,15
C00744763,15164.3,42
C00744789,53685.31,16
C00744821,11653.57,21
C00744847,19148.29,20
C00744854,2280.0,1
C00744862,955.24,4
C00744888,126300.31,96
C00744920,1705792.99,78
C00744938,150.0,1
C00744946,151626322.38,1069
C00744961,46509.65,10
C00744987,7928.29,11
C00745000,268600.85,82
C00745018,5810.6,4
C00745026,10000.0,13
C00745034,14336.53,8
C00745042,622.2,1
C00745067,66228.48,8
C00745133,27247.4,14
C00745158,17078.54,19
C00745166,4006.78,11
C00745174,7209.53,2
C00745182,7240.88,6
C00745190,25119.0,12
C00745224,7258.1,7
C00745232,21375.94,33
C00745240,7641.68,12
C00745273,1589.88,9
C00745307,4104.3,12
C00745315,110399.7,8
C00745323,46574.05,63
C00745331,14919.52,25
C00745349,18458.29,12
C00745422,5541.37,100
C00745430,27508.56,51
C00745448,5571.0,6
C00745471,6663.75,6
C00745489,1493.0,2
C00745505,21488.49,121
C00745521,11359.5,7
C00745539,13555.5,6
C00745554,94423.93,17
C00745562,1231.18,8
C00745570,61158.64,94
C00745588,527837.89,66
C00745604,1294.96,6
C00745661,29030.93,12
C00745687,416296.8,260
C00745695,3232.8,7
C00745703,10865.61,19
C00745729,8685.0,1
C00745745,889928.52,46
C00745752,90116.19,17
C00745760,57994.78,23
C00745786,4543613.3,64
C00745794,57770.35,85
C00745976,7617.98,4
C00746016,210700.4,43
C00746040,14174.63,13
C00746073,1641969.04,424
C00746099,26900.0,2
C00746107,15930.35,9
C00746123,10163.0,5
C00746156,23195.0,5
C00746164,41271.81,73
C00746172,240.0,1
C00746248,25851.05,26
C00746255,4538.93,12
C00746289,8712.45,9
C00746313,1017.4,3
C00746339,815.7,15
C00746347,3076.88,6
C00746388,6913.19,15
C00746404,24594.85,27
C00746453,266402.17,39
C00746503,15832.02,18
C00746545,3560.59,12
C00746552,27838.5,32
C00746560,414404.95,72
C00746628,3774.25,6
C00746636,6960.0,1
C00746651,1002340.65,50
C00746677,5032.83,7
C00746685,839.0,2
C00746719,18623.91,38
C00746735,7347.5,7
C00746784,35328.32,9
C00746792,42278.86,29
C00746867,5710.58,2
C00746909,85620.68,62
C00746917,5728.5,13
C00746966,146101.07,148
C00746982,23177.16,6
C00747006,5018.34,5
C00747063,107854.09,67
C00747071,7451.84,12
C00747097,48536.77,39
C00747121,1033549.04,399
C00747147,1694.72,7
C00747170,70411.58,18
C00747220,39556.4,16
C00747246,72315.44,42
C00747261,145752.81,153
C00747279,15268.84,20
C00747295,2483.11,2
C00747303,6843.67,14
C00747337,64845.54,22
C00747360,3581.63,4
C00747469,45893.98,25
C00747485,37940.68,46
C00747493,450.0,1
C00747501,53678.0,10
C00747568,3120.12,7
C00747576,33888.8,15
C00747584,397.19,4
C00747592,24476.26,13
C00747600,121432.07,17
C00747642,274.53,2
C00747725,114020.94,21
C00747766,165894.9,76
C00747808,1309.81,3
C00747816,1746.41,8
C00747824,6103.79,15
C00747832,12117.66,13
C00747840,387.1,1
C00747857,149947.73,45
C00747865,24759.65,22
C00747881,17696.0,36
C00747907,9700.6,45
C00747915,327.91,1
C00747923,131.25,2
C00747931,3230.08,1
C00747964,7643.51,33
C00747980,12419.77,6
C00747998,21998.96,6
C00748061,8855.0,10
C00748103,4331.06,11
C00748111,26050.86,42
C00748137,6076.33,10
C00748152,197577.83,53
C00748160,63621.32,24
C00748186,13606.39,34
C00748236,2900.0,2
C00748285,41558.99,25
C00748301,43215.64,59
C00748335,1842.06,4
C00748384,6779.95,15
C00748400,28670.47,124
C00748418,104601.51,35
C00748475,29969.08,13
C00748509,55.71,5
C00748582,417214.95,91
C00748624,30822.58,43
C00748632,4625.56,6
C00748640,19058.99,8
C00748665,2125.4,2
C00748673,19541.39,41
C00748681,15023.8,21
C00748699,7895.15,13
C00748723,5755.6,15
C00748731,3572.44,17
C00748756,19175.0,4
C00748764,1941.03,1
C00748772,13638.28,12
C00748780,4007.0,39
C00748798,1452698.09,28
C00748814,6868.59,9
C00748822,1210.84,3
C00748830,104854.1,22
C00748848,11577.73,10
C00748855,16480.0,3
C00748897,201.48,3
C00748947,172683.54,24
C00748954,887.0,8
C00748988,2820.25,3
C00749010,9846.95,10
C00749028,3028.83,13
C00749051,10215.0,13
C00749077,3285.55,1
C00749085,7417.5,12
C00749093,13342.9,29
C00749101,10879.25,9
C00749127,8997.5,3
C00749135,62648.5,47
C00749143,370320.0,58
C00749150,3661.36,3
C00749192,42840.38,59
C00749200,77032.37,45
C00749218,6070.0,3
C00749226,4200.0,2
C00749309,6396.51,10
C00749317,8619.74,6
C00749325,24692.27,27
C00749341,3437.5,7
C00749358,2766.48,3
C00749366,6895.25,9
C00749424,39565.78,18
C00749473,7043.87,29
C00749481,53334.65,21
C00749515,3049.64,15
C00749523,7833.91,3
C00749549,2957.4,6
C00749556,28900.67,25
C00749572,59491.1,11
C00749598,69160.81,83
C00749606,8156.65,12
C00749622,19992.23,15
C00749671,1007765.2,65
C00749697,23217.91,11
C00749713,5234.47,11
C00749721,2315.37,8
C00749747,46053.33,9
C00749788,52800.95,55
C00749796,812.0,3
C00749861,34005.26,70
C00750000,165906.46,280
C00750042,2750.0,1
C00750083,6947.5,4
C00750091,990.0,2
C00750125,22167.25,25
C00750133,4518.39,6
C00750158,35400.0,3
C00750166,478358.28,87
C00750174,32310.69,27
C00750182,690436.06,145
C00750224,2024.24,7
C00750307,91359.29,65
C00750323,1897325.75,146
C00750356,29336.0,26
C00750364,974.66,3
C00750414,10397.5,4
C00750463,4480.02,23
C00750497,43985.09,56
C00750505,213787.01,8
C00750521,10882582.03,27
C00750547,243677.17,94
C00750687,40123.73,47
C00750711,64692.48,36
C00750737,1526.36,5
C00750745,6332046.04,982
C00750778,92808.04,5
C00750786,20353.72,8
C00750794,31362.61,9
C00750802,8244.04,23
C00750893,12383.95,40
C00750901,52.82,9
C00750919,140662.61,56
C00750927,1121.59,2
C00751024,6683.25,10
C00751032,3363.0,2
C00751040,71831.98,68
C00751099,9144.08,3
C00751131,7366.33,7
C00751149,7327.97,12
C00751180,2338.18,15
C00751206,643738.62,54
C00751230,7826.31,48
C00751248,8166.37,1
C00751271,22355.14,9
C00751339,623202.57,91
C00751347,4537.35,11
C00751396,65.0,1
C00751420,907555.53,67
C00751446,1947.8,5
C00751453,84665.64,117
C00751461,1470.0,9
C00751495,0.0,2
C00751503,358514.82,40
C00751560,17.53,1
C00751610,8618.65,19
C00751644,16367.13,36
C00751677,5682.02,2
C00751693,10440.0,1
C00751701,13158392.26,269
C00751719,3400.0,1
C00751743,61529.67,16
C00751768,107161.06,37
C00751784,38350.19,23
C00751792,7693.92,3
C00751826,4875.68,20
C00751834,76463.48,28
C00751859,4083.16,17
C00751875,9357.33,16
C00751883,21769.03,23
C00751925,2099.5,6
C00751958,3773.4,27
C00751982,35663.07,39
C00751990,6035.3,3
C00752006,6261.0,17
C00752030,1063.2,2
C00752055,4806.89,20
C00752063,199.0,3
C00752089,16350.38,19
C00752196,6078.25,17
C00752212,19889.18,4
C00752238,21722.0,11
C00752253,85936.97,20
C00752287,8126.05,9
C00752303,17500.0,2
C00752329,14507.41,26
C00752352,158.58,9
C00752386,3697.28,15
C00752410,1224.64,3
C00752428,976.06,1
C00752469,920779.93,62
C00752477,1951.53,8
C00752493,1642.71,4
C00752519,49938.03,22
C00752527,31768.1,13
C00752535,2589695.13,286
C00752543,1696.5,4
C00752568,79488.0,7
C00752576,13803.16,2
C00752584,357478.1,178
C00752642,4770.22,4
C00752667,729.88,4
C00752683,33437.4,36
C00752691,278595.28,48
C00752725,1251.73,4
C00752774,1731.79,10
C00752782,116669.96,15
C00752808,16216.39,5
C00752824,3057.46,6
C00752840,3138.72,10
C00752899,1013.9,6
C00752923,323125.35,93
C00752949,4073.99,14
C00752964,133.45,17
C00753004,5479.13,19
C00753012,3032.21,12
C00753020,6096.47,17
C00753046,1445.49,3
C00753061,714.56,3
C00753145,13706.18,17
C00753186,8864.48,42
C00753194,1390.0,1
C00753202,6680.68,7
C00753244,110.79,1
C00753277,86469.07,21
C00753293,66633.38,40
C00753301,60.5,3
C00753327,450.0,1
C00753335,7706.78,7
C00753350,300.0,1
C00753384,15072.39,19
C00753392,85071.39,131
C00753400,11889.28,13
C00753426,486.64,1
C00753442,5973.64,7
C00753459,1894.0,4
C00753475,25705.59,8
C00753483,2923.45,9
C00753491,67021.09,33
C00753509,4658.38,11
C00753517,2552.8,15
C00753541,7111.57,9
C00753558,1480793.77,89
C00753590,6349.6,5
C00753608,3612.33,6
C00753632,150.0,3
C00753640,10551.24,7
C00753657,15120.48,19
C00753673,8338.33,10
C00753699,22972.68,35
C00753715,3795.11,12
C00753723,2722.22,10
C00753731,11798.96,28
C00753749,3520.0,3
C00753756,1342.6,2
C00753764,4526.0,14
C00753772,44325.0,7
C00753780,40498.27,15
C00753830,9695.23,35
C00753855,1435.21,5
C00753863,1375.0,2
C00753889,23001.49,11
C00753897,73750.33,16
C00753913,3909.0,9
C00753921,3820.0,3
C00753947,5246.88,3
C00753954,4276.84,6
C00753962,218949.5,290
C00753988,10617.0,4
C00754002,10037.55,3
C00754028,28551.14,37
C00754044,19365.7,14
C00754051,2995300.84,174
C00754069,69414.36,84
C00754135,605.84,1
C00754168,171917.2,53
C00754184,9680.64,15
C00754192,195473.76,417
C00754242,45353.74,21
C00754283,833424.32,230
C00754325,2504.55,5
C00754333,6066.01,24
C00754358,7026.44,8
C00754366,11342.69,20
C00754374,600.0,1
C00754408,9750.0,2
C00754424,13096.9,16
C00754457,699.59,2
C00754465,5226.29,7
C00754515,11202.74,27
C00754531,7805.94,13
C00754564,5750.0,3
C00754572,12552.8,4
C00754598,6192.13,15
C00754606,8297.73,3
C00754614,351295.2,102
C00754630,10565.48,31
C00754655,2746.53,8
C00754663,593.49,18
C00754671,271041.64,143
C00754689,243.77,1
C00754697,1630.8,21
C00754705,45900.0,7
C00754721,1140.26,6
C00754739,1522.41,4
C00754754,57045.68,14
C00754762,120988.28,30
C00754812,2842.18,1
C00754887,3131.5,5
C00754960,2929.5,2
C00754994,9635.01,9
C00755033,4058.0,6
C00755074,80522.46,43
C00755157,18940.51,10
C00755173,350.0,1
C00755181,57218.65,20
C00755199,202.3,2
C00755207,31832.2,9
C00755272,8971.8,23
C00755280,6897.65,5
C00755314,5220.0,1
C00755348,2858.84,37
C00755355,1282.0,11
C00755363,544531.4,212
C00755371,12910.26,20
C00755405,5198.29,4
C00755413,2237.5,3
C00755421,12284.54,18
C00755439,53466.9,15
C00755447,2539.48,2
C00755454,784.7,3
C00755470,3466.01,10
C00755496,333.15,2
C00755512,1982.74,9
C00755520,49028.02,39
C00755546,27564.77,22
C00755553,8136.37,13
C00755611,1332.5,3
C00755629,93577.15,47
C00755645,4662.74,15
C00755694,60256.08,40
C00755702,228360.58,49
C00755728,6310.79,5
C00755736,1744.72,19
C00755744,7500.0,3
C00755793,3643.0,1
C00755819,9307.94,31
C00755827,39780.65,8
C00755843,20366.67,29
C00755876,2845.16,6
C00755900,2485.18,7
C00755942,42573.74,21
C00755967,6989.38,10
C00756056,123051.55,61
C00756080,71135.42,41
C00756098,882.45,2
C00756130,1450.92,5
C00756163,2798.0,1
C00756171,6474.56,10
C00756189,4003.26,9
C00756205,868.7,2
C00756254,2500.0,3
C00756304,3226.0,5
C00756312,3691.57,9
C00756320,7211.39,10
C00756353,1803.94,1
C00756403,195.72,2
C00756429,14120.87,15
C00756445,1500.0,3
C00756452,12.93,3
C00756486,4430.34,6
C00756544,37418.4,19
C00756569,1680953.14,1106
C00756593,12561.41,9
C00756627,1329804.84,35
C00756635,10286.55,12
C00756643,23547.44,7
C00756676,5892.86,4
C00756684,1042.18,7
C00756700,9517.85,9
C00756726,23518.25,11
C00756734,61608.46,89
C00756742,20451.35,12
C00756759,1415.0,5
C00756783,5783.64,18
C00756791,367.04,2
C00756825,527.35,2
C00756833,9263.04,9
C00756841,665.95,4
C00756858,6500.0,1
C00756866,10914.35,17
C00756874,3605.26,5
C00756882,1446731.81,27
C00756908,12874.34,4
C00756916,13538.5,43
C00756924,3825.0,5
C00756940,798.27,3
C00756965,35567.59,16
C00756973,306218.01,18
C00756999,95322.3,32
C00757005,73180.87,9
C00757013,2558.93,10
C00757021,20580.12,16
C00757039,3379.89,7
C00757047,11.0,1
C00757088,2466.21,4
C00757104,2006.52,6
C00757112,6141.56,18
C00757120,639.0,1
C00757161,5510.16,3
C00757179,141082.58,13
C00757187,4512.82,9
C00757195,2166.63,8
C00757203,15263.43,5
C00757211,2645.63,4
C00757237,20778.75,17
C00757245,1955.7,1
C00757278,9300.97,14
C00757286,1224.5,7
C00757294,112909.3,12
C00757302,15417.8,7
C00757328,36412.68,16
C00757344,2100.0,1
C00757369,40122.27,16
C00757393,9639.14,11
C00757419,11456.09,26
C00757427,3553.0,2
C00757450,1054.0,1
C00757484,5447.46,11
C00757518,5404.34,4
C00757526,881.18,4
C00757575,61652.06,5
C00757641,16050.0,4
C00757658,2547.66,4
C00757682,800.0,1
C00757708,24810.4,5
C00757716,9594.77,7
C00757724,7527.71,6
C00757807,165122.12,9
C00757831,14141.22,13
C00757864,10932.55,18
C00757906,7156.9,4
C00757948,639.0,2
C00757963,5575.07,13
C00758011,295879.67,29
C00758045,8731.11,9
C00758078,867.12,3
C00758102,2834.5,5
C00758128,2515.0,1
C00758136,17083.17,10
C00758144,49457.13,31
C00758201,8815.84,6
C00758219,100328.3,61
C00758227,30484.0,4
C00758250,3564.86,9
C00758276,34750.63,38
C00758318,6000.0,3
C00758326,412.5,1
C00758375,52689.43,23
C00758383,4923.36,10
C00758433,2887.97,5
C00758441,454.03,16
C00758482,3203.28,5
C00758508,4209.34,2
C00758524,4406.5,3
C00758532,1881.38,3
C00758581,1558.83,5
C00758607,9051.9,5
C00758623,1078.65,5
C00758631,2507.65,5
C00758656,6343.64,10
C00758672,2000.57,8
C00758698,10100.0,3
C00758748,47693.93,9
C00758771,8482.04,11
C00758789,554334.05,61
C00758797,38705.39,13
C00758805,5712.65,7
C00758839,18460.17,13
C00758847,875.0,3
C00758854,61442.41,17
C00758862,2239.45,4
C00758870,4984.18,10
C00758995,2460.0,2
C00759019,1907.37,10
C00759035,25969.71,15
C00759084,4469.88,10
C00759100,3702.7,7
C00759134,48499.35,24
C00759159,277.13,2
C00759233,16186.41,9
C00759258,6248.26,11
C00759274,21175.29,36
C00759316,40360.5,10
C00759324,12675.0,1
C00759332,24005.38,8
C00759340,759.36,28
C00759365,10223.19,9
C00759373,169.82,3
C00759381,27551.36,11
C00759407,5358.8,9
C00759456,57999.39,8
C00759548,2400.0,2
C00759555,20398.14,12
C00759571,902.67,4
C00759589,1608.5,5
C00759597,282497.2,54
C00759621,4561.97,10
C00759662,723.76,1
C00759696,1730.43,4
C00759738,8785.43,6
C00759753,500.0,1
C00759779,600.0,2
C00759787,131.59,7
C00759811,44399.56,9
C00759860,6512.0,5
C00759878,60000.0,1
C00759886,2209.6,6
C00759910,272425.5,8
C00759936,500.0,1
C00760017,301.49,3
C00760041,8588.48,9
C00760074,5134.24,4
C00760082,3250.0,1
C00760090,2167.0,2
C00760108,2352.0,2
C00760116,46732.3,8
C00760124,218118.31,28
C00760215,24791.32,8
C00760256,533.0,2
C00760306,3096.28,3
C00760330,78079.43,10
C00760389,5703.54,8
C00760397,2483.88,8
C00760405,395.0,1
C00760421,10889.2,7
C00760454,5069.55,19
C00760488,10141.7,4
C00760496,3912.5,6
C00760553,16116.0,1
C00760579,51240.0,9
C00760611,2760.41,7
C00760637,825.0,2
C00760678,1500000.0,9
C00760686,327916.77,34
C00760694,5300.0,3
C00760728,83340.65,17
C00760736,11569.59,14
C00760801,71931.88,13
C00760827,469922.1,25
C00760835,21516.26,6
C00760892,5250.0,2
C00760959,500.0,1
C00760967,1345.9,1
C00760983,41000.0,1
C00761031,70324.1,15
C00761049,2756.08,5
C00761064,200885.88,2
C00761106,203485.35,8
C00761163,87578.83,15
C00761189,98.21,1
C00761197,6289.99,4
C00761270,2521.98,19
C00761304,859.24,10
C00761338,44668.94,8
C00761411,2703.44,6
C00761452,7876.54,2
C00761460,1017.82,2
C00761494,3000.0,1
C00761569,7225.0,3
C00761577,59400.0,7
C00761585,7355.6,4
C00761635,5009.4,3
C00761643,1276.5,2
C00761676,4908.6,4
C00761833,66039.0,9
C00761916,4928.9,4
C00761940,1106.5,3
C00761965,1175.0,4
C00761973,67871.34,57
C00762005,2615.46,2
C00762062,600.9,3
C00762161,617.31,11
C00762229,730629.46,21
C00762237,256852.03,49
C00762328,1011.5,2
C00762377,99342.01,3
C00762419,151020.63,28
C00762476,855.44,3
C00762575,4416.14,13
C00762591,343077.51,32
C00762633,137050.0,14
C00762658,20117.37,11
C00762666,293756.35,48
C00762740,22192.59,11
C00762807,1299.84,6
C00762815,56064.25,10
C00762823,32309.26,3
C00762856,72913.76,32
C00762864,8771.29,6
C00762872,159828.0,39
C00762963,1153.8,4
C00763003,31750.32,11
C00763029,20609.02,10
C00763045,2218.58,9
C00763169,17704.3,18
C00763185,57906.0,6
C00763193,36768.75,4
C00763227,29887.34,4
C00763235,27060.55,10
C00763359,15042.38,14
C00763383,2904.53,12
C00763391,1207.12,7
C00763474,995.6,4
C00763532,17199.33,12
C00763540,29250.0,11
C00763565,27783.04,29
C00763581,503.69,1
C00763649,26687.5,1
C00763664,925.98,3
C00763672,19557.84,7
C00763680,2865.34,9
C00763698,47228.08,16
C00763706,4784.75,3
C00763730,711.72,1
C00763748,877.94,3
C00763870,553.11,5
C00763896,2300.0,2
C00763920,1500.0,2
C00763953,61631.0,32
C00764019,9814.0,1
C00764043,3833.85,6
C00764084,500.0,1
C00764118,1117.44,1
C00764191,13000.0,2
C00764233,1908.0,1
C00764340,1630.41,6
C00764381,481.0,1
C00764423,159516.48,6
C00764522,0.0,3
C00764639,250.0,1
C00764829,2693.9,2
C00765099,2262.1,4
C00765164,6644.54,2
C00766634,301.2,6
C00767178,231.66,1
C99002396,48212.1,12
