filer_id,year,total_expenditure
(ANGM--278,2025,539.69
(WRIA--739,2026,1281.67
----A--097,2024,1520.11
----A--097,2026,967.29
----A--789,2023,1610.57
----E--747,2026,30687.27
----H--527,2026,106216.01
----P--629,2025,341621.03
1---C--353,2023,25061.54
1---N--683,2023,384917.34
1---N--683,2024,10112.0
1---N--683,2025,493.89
1---Y--457,2023,1860.0
10THDDN257,2023,5467.01
10THDDN257,2024,38220.18
10THDDN257,2025,3321.34
10THDDN257,2026,2539.54
10THDP 223,2024,1225.0
1199NP 119,2023,270848.14
1199NP 119,2024,613845.9
1199NP 119,2025,483795.61
1199NP 119,2026,178652.94
11THDR 126,2024,3001.28
11THDR 126,2025,2271.14
11THDR 126,2026,2374.09
12THLD 801,2023,391.17
12THLD 801,2024,3162.67
12THLD 801,2025,1907.36
12THLD 801,2026,2092.06
16THLD 362,2023,942.75
16THLD 362,2024,7127.0
16THLD 362,2025,252.29
16THLD 362,2026,100.24
17THDR 683,2023,478.49
17THDR 683,2024,4997.96
17THDR 683,2025,8689.79
17THDR 683,2026,8327.14
17THLDN682,2023,5222.03
17THLDN682,2024,8531.99
17THLDN682,2025,2491.87
17THLDN682,2026,7888.08
18THLD 674,2023,3820.81
18THLD 674,2024,33284.95
18THLD 674,2025,3805.95
18THLD 674,2026,15088.05
18THLD 685,2023,176.0
18THLD 685,2024,2627.0
18THLD 685,2025,192.0
18THLD 685,2026,196.0
19THLD 527,2023,560.37
19THLD 527,2024,600.0
1STDDN 011,2023,9886.3
1STDDN 011,2024,13204.93
1STDDN 011,2025,16147.39
1STDDN 011,2026,9292.91
2---V--582,2025,2735.31
2---Y--150,2025,24316.03
2---Y--150,2026,454.22
2023B--586,2023,7142.0
2023S--916,2023,9817.0
2024K--805,2024,446606.72
2024K--805,2025,4420.37
2024T--550,2023,4671.34
2024T--550,2024,147736.7
2024Y--107,2023,3249.84
2024Y--107,2024,8669.48
2025L--728,2025,9502.53
2026T--188,2025,7927.18
2026T--188,2026,99126.83
2066N--247,2024,314814.02
20THLDN531,2024,1746.74
20THLDN531,2025,754.81
20THLDN531,2026,838.67
2117N--749,2024,16640409.78
2117N--749,2025,109303.03
2124N--411,2024,13388641.99
2124N--411,2025,14117.24
21STDR 026,2025,3360.71
21STDR 026,2026,208.0
21STLD 036,2023,1543.52
21STLD 036,2024,1573.98
21STLD 036,2025,727.36
21STLD 036,2026,1269.43
21STLDV036,2023,1077.09
21STLDV036,2024,2262.48
21STLDV036,2025,3000.43
21STLDV036,2026,1034.64
23-0N--944,2023,-17299.26
23-0N--944,2024,183812.39
23RDDD 370,2023,28075.66
23RDDD 370,2024,57248.57
23RDDD 370,2025,37746.83
23RDDD 370,2026,10295.17
23RDLDN337,2023,4357.2
23RDLDN337,2024,1392.57
23RDLDN337,2025,1107.7
23RDLDN337,2026,3561.4
24--W--554,2024,540147.5
24THLD 362,2023,896.35
24THLD 362,2024,10103.37
24THLD 362,2025,510.73
24THLR 362,2023,520.81
24THLR 362,2024,2829.97
24THLR 362,2025,636.24
24THLR 362,2026,506.58
25THDR 374,2023,432.0
25THDR 374,2024,545.21
25THDR 374,2025,145.6
25THLDV373,2023,9402.06
25THLDV373,2024,15868.21
25THLDV373,2025,14237.57
25THLDV373,2026,8306.57
26THDR 335,2023,796.6
26THDR 335,2024,262.0
26THLDN335,2023,15975.75
26THLDN335,2024,64612.84
26THLDN335,2025,59929.18
26THLDN335,2026,44099.59
27THDD 403,2023,20.75
27THDDE403,2023,11620.09
27THDDE403,2024,9977.3
27THDDE403,2025,1179.16
27THDDE403,2026,946.63
2876Y--855,2023,26380.0
28THDR 467,2024,1600.71
28THDR 467,2025,643.88
28THDR 467,2026,30.0
28THLD 497,2023,1124.89
28THLD 497,2024,3984.23
28THLD 497,2025,1266.75
28THLDV497,2023,103.78
28THLDV497,2024,22940.96
28THLDV497,2025,9508.64
28THLDV497,2026,22167.24
2903P--072,2023,16173.69
29THDD 408,2023,1497.84
29THDD 408,2024,5143.22
29THDD 408,2025,947.27
29THDD 408,2026,842.09
2ND DL 580,2026,2500.0
2NDLDV 387,2023,6627.47
2NDLDV 387,2024,9480.99
2NDLDV 387,2025,8158.76
2NDLDV 387,2026,4046.56
30THDDN063,2023,5415.08
30THDDN063,2024,15864.21
30THDDN063,2025,17179.45
30THDDN063,2026,3957.68
30THDRC001,2025,423.13
31STDC 002,2023,5177.82
31STDC 002,2024,8913.82
31STDC 002,2025,5526.09
31STDC 002,2026,5038.7
31STDCE002,2023,242.87
31STDCE002,2024,442.36
31STDCE002,2025,1726.33
31STDCE002,2026,658.83
31STDRN372,2023,2528.26
31STDRN372,2024,1905.32
31STDRN372,2025,1374.95
31STDRN372,2026,313.35
32NDDC 133,2023,5279.95
32NDDC 133,2024,6571.59
32NDDC 133,2025,4881.65
32NDDC 133,2026,4074.93
33RDDD 198,2023,6256.63
33RDDD 198,2024,11128.86
33RDDD 198,2025,9446.06
33RDDD 198,2026,3254.53
34THDD 116,2023,36066.23
34THDD 116,2024,43398.16
34THDD 116,2025,47358.72
34THDD 116,2026,26875.06
35THLDP367,2023,1222.92
35THLDP367,2024,8255.47
35THLDP367,2025,5141.16
35THLDP367,2026,5424.41
36THDPN107,2023,8951.11
36THDPN107,2024,12278.7
36THDPN107,2025,12590.57
36THDPN107,2026,3767.24
36THDRN121,2024,234.65
36THDRN121,2026,200.69
37THDL 118,2023,15591.98
37THDL 118,2024,17741.92
37THDL 118,2025,10254.6
37THDL 118,2026,8233.43
38THDCF201,2023,3643.24
38THDCF201,2024,10361.34
38THDCF201,2025,1532.08
38THDCF201,2026,98.24
38THDD 201,2023,842.67
38THDD 201,2024,5903.81
38THDD 201,2025,2058.58
38THDD 201,2026,3879.34
3LDRCC-205,2023,1093.25
3RD LD 205,2023,141.27
3RD LD 205,2024,1813.94
3RD LD 205,2025,17631.46
3RD LD 205,2026,3122.76
3RD LDE202,2023,841.69
3RD LDE202,2024,1575.27
3RD LDE202,2025,838.14
3RD LDE202,2026,13746.47
4---C--321,2024,8930.0
4---N--543,2023,26683.35
41STDDE040,2023,5059.13
41STDDE040,2024,572.94
41STDDE040,2025,5110.8
41STDDE040,2026,2355.93
41STDDN040,2023,35977.27
41STDDN040,2024,10387.81
41STDDN040,2025,54105.57
41STDDN040,2026,4422.39
42NDLD 225,2023,2528.23
42NDLD 225,2024,19817.47
42NDLD 225,2025,10839.4
42NDLD 225,2026,3142.91
42NDLR 225,2023,3740.0
42NDLR 225,2024,2706.88
42NDLR 225,2026,13431.83
42NDLRE225,2023,211.94
42NDLRE225,2024,4.0
43RDDD 102,2023,8848.05
43RDDD 102,2024,3330.99
43RDDD 102,2025,11349.18
43RDDD 102,2026,3672.68
43RDDR 101,2025,100.0
43RDDRE101,2025,311.0
44THLD 082,2023,6882.89
44THLD 082,2024,7860.96
44THLD 082,2025,6715.27
44THLD 082,2026,8959.68
45THDD 033,2023,10662.6
45THDD 033,2024,24271.83
45THDD 033,2025,18454.23
45THDD 033,2026,8292.37
45THDE 073,2024,1929.36
45THLD 034,2024,500.0
45THLD 034,2025,1593.82
45THLD 034,2026,1104.57
45THLE 034,2023,2889.66
45THLE 034,2024,6720.21
45THLE 034,2025,2154.39
45THLE 034,2026,1715.15
46THDD 115,2023,24125.82
46THDD 115,2024,21500.83
46THDD 115,2025,17557.17
46THDD 115,2026,14474.9
47THDD 064,2023,6007.37
47THDD 064,2024,4716.95
47THDD 064,2025,6377.77
47THDD 064,2026,2328.04
47THDR 058,2023,5787.84
47THDR 058,2024,11338.17
47THDR 058,2025,8076.39
47THDR 058,2026,12036.47
48THDD 008,2023,79.45
48THDD 008,2024,9785.48
48THDD 008,2025,24296.96
48THDD 008,2026,10643.72
48THDE-008,2023,437.28
48THDE-008,2024,4022.85
48THDR 033,2023,564.0
48THDR 033,2024,2284.4
48THDR 033,2025,755.57
48THDR 033,2026,464.0
49THDR 662,2023,517.28
49THDR 662,2024,1749.88
49THDR 662,2025,334.16
49THDR 662,2026,55.28
49THLDN668,2024,3504.59
49THLDN668,2025,1029.6
49THLDN668,2026,224.4
5599R--011,2023,24032.44
5599R--011,2024,4045.92
5599R--011,2025,3546.08
5599R--011,2026,171.3
5TH DDC058,2023,14960.95
5TH DDC058,2024,29813.26
5TH DDC058,2025,35685.85
5TH DDC058,2026,18105.19
5THDDE 058,2023,132.0
6---F--730,2025,2468.57
6---F--730,2026,89.06
645-N--960,2026,429686.81
663-F--252,2025,12256.29
6TH LD 203,2023,1883.9
6TH LD 203,2024,1604.87
6TH LD 203,2025,73.93
6TH LD 203,2026,32.63
6TH LDE203,2023,823.21
6TH LDE203,2024,1583.62
6TH LDE203,2025,650.78
6TH LDE203,2026,148.24
6TH LDN220,2023,167.93
6TH LDN220,2024,147.7
6TH LDN220,2025,1003.0
7TH DR 173,2023,4193.33
7TH DR 173,2024,17765.53
7TH DR 173,2025,9006.22
7TH DR 173,2026,774.94
7TH LD 026,2023,555.56
7TH LD 026,2024,8651.58
7TH LD 026,2025,96.01
7TH LD 026,2026,1283.94
864-V--733,2023,2036.7
864-V--733,2025,2404.76
8TH LD 352,2023,317.39
8TH LD 352,2024,1039.44
8TH LD 352,2025,4253.74
8TH LD 352,2026,1441.99
8THLE--338,2023,250.0
8THLE--338,2024,355.81
8THLE--338,2025,173.81
8THLE--338,2026,220.0
911-C--464,2024,15906.14
911-C--882,2023,2227.98
911-C--882,2024,1677.0
925-S--110,2024,70000.0
925-S--110,2025,10000.0
925-S--110,2026,36225.0
9TH LD 004,2023,223.59
9TH LD 004,2024,1643.73
9TH LD 004,2025,7.53
9TH LD 004,2026,782.04
ABBAP  531,2023,24023.83
ABBAP  531,2024,141079.16
ABBAP  531,2025,53990.81
ABBAP  531,2026,113393.6
ABC WW 004,2023,51445.0
ABC WW 004,2024,75160.0
ABC WW 004,2025,43520.0
ABC WW 004,2026,67786.05
ABDIM--168,2025,1157.8
ABDUB--918,2025,2592.81
ABDUS--759,2025,42936.37
ABELH--459,2024,55127.43
ABELH--459,2025,5900.86
ABELH--459,2026,49181.44
ABETA--662,2023,1466.25
ABETA--662,2024,27375.26
ABETA--662,2025,15004.31
ABETA--662,2026,80.0
ABRAT--232,2025,500.0
ACCOC--121,2023,1938.0
ACCOC--121,2024,2017.0
ACTI4--072,2025,1865.0
ACTI4--072,2026,6669.66
ACTIID 408,2023,28996.25
ACTIID 408,2024,92133.6
ACTIID 408,2025,66846.72
ACTIID 408,2026,20103.61
ADAMM--911,2026,5538.11
ADAMT--317,2026,3674.58
ADDAM--799,2026,23059.15
ADEMA--230,2023,5738.98
ADEMJ--014,2025,5476.16
ADKIC  045,2024,2299.2
ADKIC  045,2025,814.49
ADKIC  045,2026,418.35
ADKIC 045,2023,28499.15
ADKIC 045,2024,1058.12
ADLEL--875,2023,14248.69
ADLEL--875,2024,253.6
AFFOHC 004,2023,502158.09
AFFOHC 004,2024,107557.07
AFFOHC 004,2025,494669.9
AFFOHC 004,2026,122626.61
AFFOHC 312,2023,1000.0
AFFOHC 312,2024,26100.0
AFFOHC 312,2026,500.0
AFFOHC 902,2023,27925.71
AFFOHC 902,2024,20930.0
AFFOHC 902,2025,17261.54
AFFOHC 902,2026,5352.88
AFFOK--324,2025,36596.05
AFFOK--602,2024,33724.3
AGARS--338,2023,22210.11
AGENC  177,2024,250.0
AGENT--784,2025,1770.91
AGENT--784,2026,12446.78
AGNER--959,2023,14.46
AGNER--959,2024,21857.67
AGRAE--388,2025,25856.77
AGRAE--388,2026,205.72
AGUIN--508,2025,5190.56
AGUIR--299,2024,4800.93
AKERJ  837,2023,2070.87
AKEYL--166,2023,27726.41
ALBEJ  056,2025,24390.17
ALDEJ--041,2025,6361.27
ALDEJ--041,2026,16386.79
ALEXA--201,2024,4093.45
ALEXA--803,2023,1185.92
ALKAR--041,2023,79.28
ALKAR--041,2025,23461.82
ALKAR--041,2026,16595.7
ALL-K--809,2025,662264.72
ALL-O--930,2024,6062.01
ALL-T--092,2023,137743.17
ALL-T--092,2024,25169.05
ALL-T--092,2025,67883.1
ALL-T--092,2026,124269.53
ALLER--935,2024,8835.62
ALLIB--025,2023,16000.0
ALLIC--012,2025,3223.01
ALLIC--499,2023,11932.1
ALLIC--499,2024,13677.84
ALLIC--499,2025,625.0
ALLICE 201,2024,12916.54
ALLIL--684,2025,31319.32
ALLIL--684,2026,3435.6
ALLIS--838,2025,728.0
ALONE--619,2025,1597.7
ALSID--298,2025,1286.0
ALTAA--500,2025,3188.43
ALVAE--739,2023,6302.45
ALVAE--739,2024,38703.75
ALVAE--739,2025,51995.35
ALVAE2-739,2025,49.66
ALVAE2-739,2026,52831.91
ALVAM  352,2026,2451.21
AMAMS--327,2026,69016.04
AMATJ--074,2023,21360.51
AMATJ--074,2025,18931.87
AMERA--812,2026,1395.2
AMERH--179,2023,8978.82
AMERS--094,2023,87357.86
AMERS--094,2024,57709.68
AMERS--094,2025,117314.68
AMERW--407,2025,66150.0
AMESC--499,2023,297.0
AMESC--499,2025,3057.73
AMESC--499,2026,17.56
AMEZE--196,2025,710.81
ANDEA  406,2023,3485.35
ANDEA--060,2024,388.56
ANDEA--662,2024,4375.0
ANDEF--781,2024,1169.26
ANDEJ  073,2023,12935.35
ANDEJ  073,2024,3538.18
ANDEJ  073,2025,602.77
ANDEJ  422,2023,3241.36
ANDEL  040,2025,7375.21
ANDEL  040,2026,3750.57
ANDEL  225,2023,4090.36
ANDEL--878,2023,224.35
ANDEM--197,2023,176.88
ANDEM--197,2024,271.48
ANDEM--349,2023,86585.13
ANDEM--349,2024,35771.33
ANDEN--559,2025,10851.77
ANDEN--559,2026,370.99
ANDEP--411,2023,59510.28
ANDER  218,2024,2173.91
ANDES--154,2026,10680.65
ANDET--158,2025,16009.52
ANDRA--557,2023,35486.96
ANDRA--557,2026,12154.9
ANDRJ--768,2025,3156.28
ANDRP  367,2026,1635.04
ANDRT--267,2024,4575.22
ANG K  405,2023,29974.66
ANG K  405,2024,8.68
ANG K  405,2025,600.0
ANG K  405,2026,600.0
ANGET--422,2026,329537.79
ANGUP--150,2025,25441.88
ANGUP--150,2026,1050.43
ANITM--628,2026,6990.67
ANTHJ--943,2025,60967.29
ANTHR--642,2024,3194.68
ANUNJ--494,2025,12891.27
APANM--801,2024,601.91
APIEJ--816,2026,21376.66
APPLJ--967,2025,26013.32
ARABD--010,2026,4696.73
ARAGS  501,2023,112080.77
ARASJ--015,2025,2647.59
ARCHF--735,2025,2235.53
ARCHP  501,2023,2474.57
ARCHP  501,2024,12251.69
ARCHP  501,2025,68.44
ARCHP  501,2026,74.71
ARCHT--603,2023,19717.1
ARETW--216,2024,5756.04
ARGUC--496,2025,52639.82
ARIAG--119,2025,7840.76
ARMEB--742,2023,14362.52
ARMSJ--034,2026,572.13
ARMSR--585,2023,53133.12
ARMSR--585,2025,364666.22
ARNES--841,2023,25.38
ARNES--841,2026,7510.94
ARNOJE 504,2025,38213.22
ARONE--737,2025,35484.2
ARTEG--724,2023,2215.75
ARTHB--556,2025,7249.87
ARTMG--417,2025,1590.42
ASHBG  006,2023,2980.15
ASHIA--724,2023,59388.48
ASIAPA 104,2023,5882.26
ASIAPA 104,2024,6793.14
ASIAPA 104,2025,7738.42
ASIAPA 104,2026,176.77
ASSEL  003,2023,14658.49
ASSEL  003,2024,599.34
ASSOBC 220,2023,39850.0
ASSOBC 220,2024,59800.0
ASSOBC 220,2025,21250.0
ASSOBC 220,2026,56850.0
ASSOE--055,2024,8474865.94
ASSOE--055,2025,1366.0
ASSOE--055,2026,113.5
ASSOWB 507,2023,18000.0
ASSOWB 507,2024,139271.93
ASSOWB 507,2025,27600.0
ASSOWB 507,2026,46900.0
ASSOWS 402,2023,12112.56
ASSOWS 402,2024,48502.0
ASSOWS 402,2025,9740.75
ASSOWS 402,2026,2555.0
ATTOP--826,2025,4850.0
ATTRT--121,2024,6791.08
AUSTJ--695,2024,4366.69
AUTHC--308,2024,24560.09
AYALR--409,2023,267.38
AYALR--409,2024,53911.48
AYALR--409,2025,238.41
AYALR--409,2026,257.86
BABCJ--239,2025,5730.16
BACHJ--677,2025,1097.11
BACKG  612,2024,2915.92
BACKN  002,2025,51771.95
BACOM--252,2024,22409.17
BADES  208,2023,67855.79
BADES  208,2026,131.58
BADIE--837,2023,1311.61
BADIE--837,2024,9.0
BAINIP  110,2023,528.0
BAINIP  110,2024,4986.36
BAINIP  110,2025,5612.7
BAKEA--839,2023,10656.92
BAKED  028,2023,1727.6
BAKEM--304,2026,150.0
BALDC  007,2023,106790.42
BALDC  007,2024,208073.48
BALDC  007,2025,993452.45
BALDC  007,2026,71234.13
BALDC--071,2025,14473.71
BALDC--302,2026,16786.5
BALDJ  801,2023,13594.94
BALDM--002,2024,9154.44
BALEE--210,2025,2469.62
BALLA--826,2023,3757.36
BALLJ--968,2026,14974.22
BALLT--530,2023,11902.64
BALMJ--803,2023,1371.77
BALMJ--803,2024,1371.8
BALMM--026,2026,4422.1
BANAT--245,2025,12501.35
BANGJ--470,2026,2822.75
BANKG  249,2026,4846.29
BANKR--074,2024,729.58
BANKR--868,2024,48197.86
BANKR--868,2025,35267.79
BAPTD--641,2025,161.53
BARAB  301,2024,11500.86
BARBM--394,2023,16178.85
BARBM--394,2025,10346.77
BARBM--421,2025,12938.65
BARBR--115,2024,20.0
BARCJ--532,2026,14888.53
BARDL--113,2026,27897.77
BAREL--276,2023,608.88
BARKA  513,2023,3315.46
BARKA  513,2024,208946.95
BARKA  513,2025,3425.1
BARKA  513,2026,100892.61
BARKA--916,2023,12844.0
BARKH--482,2024,2000.0
BARKH--482,2025,1092.03
BARKH--482,2026,6648.13
BARKJ  006,2023,343.28
BARKM--873,2026,14950.33
BARNE--440,2025,24100.83
BARNS--909,2023,37057.33
BARNS--909,2024,108461.4
BARNS--909,2025,1855.69
BARNS--909,2026,56504.54
BAROJ--512,2023,232941.82
BAROJ--512,2024,3986.36
BAROJ--512,2025,1277.99
BAROJ--512,2026,8159.85
BARRA--190,2025,148384.07
BARRK--063,2026,7309.95
BARRM  807,2023,5725.04
BARRS--136,2024,6157.62
BARTV--004,2023,9383.09
BARUG  023,2023,7602.21
BARUG  023,2024,985.75
BASLD--155,2023,44276.46
BASLD--155,2024,559.07
BASSK--715,2023,12389.67
BASSK--715,2024,180.0
BATEJ  501,2023,1478.0
BATEJ  501,2024,34231.89
BATEJ  501,2025,1414.51
BATEJ  501,2026,1075.51
BATEJ2 501,2024,144890.04
BATEJ2 501,2025,20853.65
BATTN--561,2025,12017.22
BAUMM  228,2023,1891.51
BAUMM  228,2024,349.24
BAUMM  228,2025,460.0
BAUMM  228,2026,4311.63
BAUMS--301,2023,750.0
BAUMS--301,2024,15680.76
BAY-I--880,2023,196.39
BAY-I--880,2024,53.61
BEAND--174,2024,6783.91
BEARM  512,2025,8584.93
BEATM  273,2026,8896.71
BEATM  301,2026,2052.21
BEBET--739,2024,14140.95
BEBET--739,2025,510.0
BECKC--065,2023,7022.8
BECKC--309,2026,12241.59
BECKC--877,2025,22846.69
BECKL--290,2025,619.04
BECKR--377,2024,5768.78
BECKR--908,2025,8827.72
BEDFM--228,2025,26769.72
BEHAM--019,2023,3038.77
BELKM--098,2023,3175.51
BELKM--098,2026,11357.15
BELLC--804,2026,25064.09
BELLFP 015,2023,18788.36
BELLFP 015,2024,5158.15
BELLFP 015,2025,11885.89
BELLFP 015,2026,4879.28
BELLP  225,2025,23825.01
BELLP--943,2024,51834.25
BELOA--360,2023,72.31
BELOA--360,2025,416.0
BELOJ--004,2023,745.3
BELTM--997,2024,575461.12
BELTM--997,2025,3187.17
BELTM--997,2026,468.63
BENDB--885,2026,3325.76
BENIV--716,2025,29269.45
BENJF  163,2023,12805.85
BENNB--557,2025,98.28
BENNJ--555,2025,13075.11
BENNM--621,2026,21896.73
BENST--588,2026,8944.86
BENTB--100,2024,207790.36
BENTB--100,2025,10096.94
BENTDCC336,2023,25791.0
BENTDCC336,2024,23610.21
BENTDCC336,2025,19571.61
BENTDCC336,2026,19243.35
BENTJ--032,2023,263.08
BENTRC 352,2023,74270.55
BENTRC 352,2024,61839.88
BENTRC 352,2025,45023.18
BENTRC 352,2026,45098.56
BENTRCE338,2023,1000.0
BEREJ--885,2025,9706.98
BEREJ--885,2026,1003.67
BEREP--948,2025,54971.89
BERGD--692,2025,8265.48
BERGD--692,2026,18674.17
BERGR--992,2023,3774.01
BERGR--992,2026,8542.26
BERGS  056,2023,991.21
BERGS  056,2024,123904.33
BERGS  056,2025,400.0
BERGS  056,2026,163320.27
BERKA--813,2023,12170.33
BERNA--399,2023,459.08
BERNA--399,2024,187584.59
BERNA--399,2025,1277.14
BERNA--399,2026,41660.53
BERNE  117,2024,2323.91
BERNL--660,2025,2633.86
BERNP--775,2024,15937.3
BERRE--109,2023,11442.11
BERRE--109,2024,144265.43
BERRE--109,2025,16676.67
BERRE--109,2026,20273.65
BESTR--197,2025,125446.71
BETHCC 445,2023,277.25
BETHCC 445,2025,9479.79
BETHCC 445,2026,4868.01
BETTL--019,2025,561.45
BETTT--640,2025,10477.69
BETTT--640,2026,410.0
BEVIT--120,2026,14951.94
BEYNB--226,2024,9436.21
BHACK--226,2024,131926.3
BHACK--226,2025,192.0
BHACK--226,2026,1254.12
BHARV--296,2025,99724.02
BHARV--296,2026,452.62
BIBBB--500,2023,1534.81
BIELJ--657,2026,10744.1
BIG IP 506,2023,6209.0
BIG IP 506,2024,42592.0
BIG IP 506,2025,13645.0
BIG IP 506,2026,20460.0
BIGED  612,2026,3236.99
BIGGJ--930,2026,13673.75
BIKEW--089,2025,73531.09
BIKEW--089,2026,13870.16
BILLA  203,2023,-15258.89
BILLA  203,2024,189725.6
BILLA  203,2025,25018.34
BINDC--562,2023,3090.63
BINDC--562,2025,1157.36
BINDJ--036,2025,11682.92
BINDR--722,2023,4701.16
BINGJ  228,2025,111702.22
BINGJ  228,2026,74398.93
BIOPA  101,2023,450.0
BIOPA  101,2024,36600.0
BIOPA  101,2026,15000.0
BIRDM--352,2023,301818.53
BIRDM--352,2024,429798.36
BIRKI--846,2026,92039.14
BIRNA  052,2023,96669.37
BISHN--238,2025,110.19
BITZM--233,2025,34318.76
BLACA  801,2024,24911.93
BLACN  033,2023,1429.65
BLACN  033,2024,770.78
BLACN  033,2025,55388.51
BLACN2 033,2024,234.9
BLACN2 033,2025,31125.1
BLACO--829,2025,16725.29
BLAIG--718,2025,24558.95
BLAKK  056,2025,10330.26
BLAKL--960,2024,500.0
BLAND--169,2024,4934.96
BLING  464,2024,2219.91
BLISC--103,2025,2738.83
BLOOC--397,2025,9090.44
BLOOC--397,2026,56267.24
BLOOT--060,2024,2786.85
BLOOT--060,2026,9841.62
BLOSP--731,2025,10432.78
BLOSS  110,2025,11633.57
BLUED--216,2026,189.37
BLUMD--774,2026,676.88
BLUMS--301,2025,6705.09
BLUSG  584,2023,500.0
BLUSG  584,2026,4947.71
BOB-B--673,2023,15.0
BOB-B--673,2024,150045.0
BOCCP  498,2023,198.0
BODIF--028,2023,5740.31
BOEHM  336,2023,3641.47
BOEHM  336,2024,-2529.51
BOEHM  336,2025,-435.63
BOEHM  336,2026,14021.1
BOGEB--448,2024,176223.91
BOLTK--312,2023,7974.86
BONBE--900,2023,8636.9
BONDD--974,2024,854.93
BONDD--974,2025,4418.51
BONDN--737,2023,727.51
BONDN--737,2024,6416.46
BONDR--847,2025,6504.5
BONDS--338,2025,111.67
BONDS--338,2026,0.0
BOOKJ--617,2023,338.32
BORNN--915,2026,22975.86
BORYZ--512,2024,694.0
BOSLK--517,2025,60.0
BOSWJ--963,2023,5995.63
BOSWJ--963,2024,5154.91
BOSWK--784,2023,9371.73
BOSWK--784,2024,5.99
BOSWK--784,2025,577.29
BOUDS  632,2025,16269.54
BOUFV--592,2023,4658.11
BOUFV--592,2025,120.0
BOUSD  026,2025,14999.0
BOWEB--221,2023,29413.23
BOWEK--951,2023,336.91
BOWMC--050,2023,132.0
BOWMR--013,2026,1390.0
BOWYT--257,2026,6944.33
BOYCW  042,2023,5210.01
BOYDJ--999,2023,22905.61
BOYDW--662,2023,39.99
BOYDW--662,2024,4109.97
BOYKF  496,2023,26537.83
BOYLE--671,2025,42901.71
BRAAC  424,2024,837.11
BRACD--695,2025,1766.84
BRACD--695,2026,24524.38
BRACR--180,2026,8208.85
BRADD--994,2026,322.39
BRADG--059,2026,5674.3
BRADJ--543,2025,8889.55
BRANM  498,2025,11088.79
BRAUJ  532,2023,2175.37
BRAUJ  532,2024,406999.07
BRAUJ *532,2025,1273.89
BRAUJ *532,2026,1575.0
BREDJ  163,2023,209.25
BREIA--885,2023,3477.1
BREND--552,2024,4512.51
BRENL--208,2025,10983.48
BRENR--842,2023,33107.7
BRHASE 188,2023,1788.84
BRIAN--546,2024,454.94
BRIAN--546,2025,94799.88
BRIGE--759,2023,16837.77
BRIGR--206,2024,9409.39
BRIGT--392,2026,5444.96
BRINA--412,2023,11361.24
BRINF  353,2025,10110.59
BRINF  353,2026,207.9
BRINR  826,2023,8346.71
BRINVH 682,2023,144973.4
BRISR--414,2023,14169.63
BROCR  273,2023,100.0
BROCR  273,2024,39045.16
BROND--784,2023,1670.51
BROND--784,2024,232966.9
BROND--784,2025,2516.65
BROND--784,2026,3168.24
BROOJ--192,2023,7260.05
BROWA  572,2024,14482.0
BROWA--372,2024,2686.57
BROWA--825,2025,14897.42
BROWA--825,2026,105.0
BROWB--336,2024,9944.27
BROWI--307,2023,12018.38
BROWJ--480,2024,9419.05
BROWL  002,2023,327.02
BROWL  002,2024,378.75
BROWL  002,2025,1811.13
BROWL  204,2023,493751.38
BROWL  204,2024,28230.18
BROWL  204,2025,521.23
BROWL  204,2026,975.43
BROWM--936,2025,22587.02
BROWM--936,2026,730.61
BROWN--210,2025,3507.52
BROWN--461,2024,-300.0
BROWN--461,2025,238603.67
BROWN--461,2026,215802.07
BROWN--934,2023,201433.9
BROWN--934,2024,2033000.74
BROWP  274,2024,35972.29
BROWP  274,2025,10.0
BROWS--180,2023,76013.13
BROWT--891,2026,42144.97
BROZJ--597,2024,26007.37
BRUCJ--669,2026,9034.11
BRUHM--564,2025,6280.51
BRUMS--462,2026,3844.61
BRYAD  391,2023,11370.9
BUCHB  227,2023,14658.44
BUCHB  227,2025,22788.7
BUCKD  020,2023,16386.17
BUDRP  856,2023,-0.0
BUI T  206,2025,90814.54
BUI T  206,2026,1123.7
BUILD  109,2023,243361.47
BUILD  109,2024,587754.37
BUILD  109,2025,294898.28
BUILD  109,2026,258435.57
BUILD  220,2023,66350.0
BUILD  220,2024,53000.0
BUILD  220,2025,57100.0
BUILD  220,2026,53800.0
BUILIG 661,2023,24894.03
BUILIG 661,2024,67228.53
BUILIG 661,2025,58408.28
BUILIG 661,2026,6200.0
BUILOM 101,2023,9300.0
BUILOM 101,2024,31350.0
BUILOM 101,2025,9100.0
BUILOM 101,2026,22600.0
BULAN--228,2023,9000.0
BUNCC--485,2023,612.58
BUNTN--344,2023,10615.41
BURBL--392,2025,9085.87
BURCS--407,2023,8027.08
BURFS--700,2023,25555.17
BURFS--700,2024,500.0
BURGK--684,2024,15510.42
BURIR--116,2024,121250.75
BURIR--116,2025,32112.12
BURIV--889,2025,7497.08
BURNB  807,2024,84178.28
BURNB  807,2025,2549.23
BURNB  807,2026,45588.05
BURNJ--284,2023,601.02
BURNJ--284,2025,8041.84
BURNJ--284,2026,31403.88
BURNK--156,2025,25718.01
BURRJ  198,2023,109.72
BURRM--519,2026,949.84
BURRP--188,2026,10438.25
BURTK--190,2025,1550.74
BURTK--190,2026,39993.51
BUSEY--906,2026,104575.05
BUSHC--490,2024,90.2
BUSHC--490,2025,58798.73
BUSHC--490,2026,175.0
BUSHC--631,2026,44748.68
BUSIAS 201,2025,8666.45
BUSIAS 201,2026,1261.0
BUSIPB 004,2023,90349.4
BUSIPB 004,2024,51420.15
BUSIPB 004,2025,152039.65
BUSIPB 004,2026,12151.78
BUTLD--651,2023,6404.42
BUTLE--424,2026,4195.78
BUTLT--941,2024,973.0
BUTTN--062,2023,6741.85
BYERP  902,2023,4419.42
BYRDL--024,2023,1322.36
BYRDL--024,2024,6522.62
BYRDL--024,2026,2217.02
BYRDR--496,2026,14697.76
BYRDT  226,2023,5273.56
BYRDT  226,2024,5674.03
BYRDT  226,2025,17048.68
CABEM--172,2025,16669.09
CADYG--339,2026,12447.14
CAILT--498,2025,1064.45
CAILT--498,2026,27765.08
CALDJ  498,2023,26611.47
CALDM  366,2023,43079.55
CALDM  366,2024,189706.93
CALDM  366,2025,705162.66
CALDM  366,2026,21032.33
CALEE--683,2024,1982.57
CALKE--596,2026,8372.9
CALKR  104,2023,3300.94
CALKR  104,2024,10374.56
CALKR  104,2025,35507.75
CALKR  104,2026,83932.36
CALLK--176,2026,140.0
CALLL  029,2023,1893.55
CALLL  029,2024,129814.81
CALLL  029,2025,10353.56
CALLL  029,2026,42345.67
CAMACQ 607,2023,2144.57
CAMACQ 607,2024,782.89
CAMAR  338,2025,3326.72
CAMED--907,2026,6940.16
CAMEM--966,2023,11789.49
CAMEM--966,2025,7770.61
CAMPB  801,2023,28452.34
CAMPG--556,2023,6106.91
CAMPJ  122,2023,2801.6
CAMPJ--090,2026,24198.3
CAMPK--896,2025,2367.22
CAMPM  402,2023,5816.1
CAMPM  402,2024,91334.81
CAMPM  402,2025,272.29
CAMPM  402,2026,225.0
CAMPR--018,2025,8630.0
CAMPS--079,2023,201.0
CAMPS--652,2025,24.0
CAMPS--652,2026,483.59
CAMPTS 501,2023,196200.0
CAMPTS 501,2024,249200.0
CAMPTS 501,2025,133166.5
CAMPTS 501,2026,200800.0
CAMPW--377,2025,500.0
CANDP  507,2023,1128657.26
CANDP  507,2024,1455604.19
CANDP  507,2025,1374811.69
CANDP  507,2026,1005504.24
CANNL--058,2023,1259.52
CANNL--058,2024,424.77
CANNL--058,2025,422.52
CANNM  208,2023,21616.77
CANNP--947,2023,4679.18
CANNP--947,2024,4531.97
CANNP--947,2025,4517.31
CANNP--947,2026,663.12
CANTA--340,2025,2851.23
CAPPB--807,2024,4185.84
CAPPB--807,2026,1443.83
CAPSC--430,2026,1600.0
CAPTY--217,2023,318.6
CARLC  275,2025,6340.34
CARLD--114,2023,21776.83
CARLJ--816,2025,6905.76
CARLM--425,2026,2300.0
CARLR  119,2023,110.0
CARLR  119,2024,310.0
CARLR  119,2025,246.5
CARLR  119,2026,394.61
CARLR  942,2023,8174.8
CARLT--948,2023,3000.0
CARLT--948,2024,27758.32
CARLT--948,2025,3196.89
CARLT--948,2026,12649.56
CARLW--507,2025,41134.49
CARMJ--958,2026,7734.77
CAROA--785,2023,120.63
CAROT--968,2023,411.61
CAROT--968,2024,450.05
CARPB--243,2024,9393.3
CARPB--243,2025,7682.79
CARPB--243,2026,126307.56
CARRN--362,2023,6655.85
CARRT--588,2025,15155.47
CARSD  052,2023,3013.86
CARTC--246,2026,8153.12
CARTR--802,2023,2651.99
CARTT  391,2025,1069.22
CARUD--730,2024,49960.35
CARVZ--362,2023,5888.78
CARYM--259,2024,10248.85
CASCA--507,2023,42968.64
CASCA--507,2024,371156.25
CASCA--507,2025,174312.8
CASCA--507,2026,113567.36
CASEB--504,2024,96223.39
CASSJ--020,2025,11186.52
CASTA--597,2024,27214.74
CATAA--453,2023,604.03
CATHM  217,2023,64249.98
CATHM  217,2025,3947.61
CATHM  217,2026,33756.61
CAVAV  206,2023,10787.12
CAVAV  206,2024,118.88
CCALJ--604,2023,111.24
CENTVC 206,2023,365.88
CENTVC 206,2024,46378.3
CENTVC 206,2025,244.0
CERTPA 005,2023,8640.0
CERTPA 005,2024,105740.0
CERTPA 005,2025,12613.23
CERTPA 005,2026,94151.9
CHADD--974,2023,96684.72
CHADK--540,2026,7706.14
CHAMJ  310,2025,194.95
CHAMK  371,2023,-9650.1
CHAMK  371,2024,13504.75
CHAMK  371,2025,250.0
CHAMK2 371,2023,6272.5
CHAMK2 371,2024,554237.07
CHAMK2 371,2025,3673.71
CHANA--700,2025,3533.13
CHANA--700,2026,4353.41
CHANB  953,2023,2545.0
CHANB--890,2024,8023.87
CHANB--890,2025,21350.6
CHANB--890,2026,27677.77
CHANC--739,2023,64476.55
CHANC--739,2024,4.75
CHANC--798,2026,8155.98
CHANC--948,2023,209080.99
CHANC--948,2024,119056.62
CHANC--948,2025,60385.31
CHANC--948,2026,4207.24
CHANE--793,2025,35369.89
CHANE--793,2026,190.11
CHAPE--538,2026,21557.94
CHAPM  362,2023,3641.4
CHAPM  362,2024,307477.09
CHAPM  362,2025,6600.0
CHAPM  362,2026,3875.0
CHARD--567,2025,3064.72
CHARP--056,2024,1200.0
CHARP--056,2025,16292.78
CHART--088,2026,2902.9
CHASC  046,2023,1844.39
CHASR  019,2024,22947.45
CHASR  019,2025,1318.74
CHASR  019,2026,10367.69
CHASR--552,2023,5471.99
CHATD--204,2023,53182.74
CHEEK  377,2025,23.0
CHEEK  377,2026,10304.76
CHELRC 807,2026,23337.77
CHENG--233,2023,492.16
CHENG--233,2024,45477.0
CHENG2-233,2024,180967.56
CHENW--020,2025,9244.99
CHENW--020,2026,62511.51
CHESJ--083,2023,1943.35
CHHUS--750,2025,39908.07
CHHUS--750,2026,162.8
CHILCF 109,2023,224044.27
CHILCF 109,2024,584406.61
CHILCF 109,2025,103701.8
CHILCF 109,2026,62871.88
CHO S  034,2023,9102.44
CHO S  034,2024,85260.46
CHO S  034,2025,561.29
CHO S  034,2026,270.0
CHOK--854,2025,21594.02
CHOND--267,2025,2625.38
CHOPF  103,2023,25423.7
CHOPF  103,2024,8700.0
CHOPF  103,2025,7788.09
CHRIB--936,2025,5166.38
CHRIB--936,2026,42318.75
CHRIJ--336,2024,2421.91
CHRIK  295,2023,10.0
CHRIK  295,2025,58212.45
CHRIL  208,2023,2255.14
CHRIL  208,2024,17974.13
CHRIL  208,2025,5805.98
CHRIL2 208,2024,48006.75
CHRIS--087,2024,872.17
CHRISD  613,2024,3368.05
CHRIT  372,2023,9121.42
CHRIT  372,2025,384.53
CHRIT  372,2026,2480.92
CHRIY  504,2023,4915.93
CHRIY  504,2024,123689.93
CHRIY  504,2025,7034.72
CHRIY  504,2026,5025.75
CHS-Y--110,2023,39905.34
CHUAD--674,2024,3508.02
CHUAD--674,2025,250.0
CHUNJ--120,2023,39.97
CHUNJ--120,2024,2685.79
CHUNJ--939,2025,104993.37
CHUNS  155,2024,3385.25
CHURJ--480,2025,6368.39
CHURJ--480,2026,44643.06
CHUSB  408,2026,7767.57
CITIAL 508,2026,409.94
CITIAS 221,2023,176.0
CITIAS 221,2024,182.0
CITIAS 221,2025,1742.4
CITIAS 221,2026,4943.89
CITIBG 445,2023,4800.0
CITIBG 445,2024,41226.0
CITIBG 445,2025,3558.2
CITIBG 445,2026,7200.0
CITIBQ 009,2025,9440.11
CITIBQ 009,2026,39948.45
CITIBS  277,2023,11046.03
CITIBS 227,2023,299.0
CITIBS 227,2024,18209.26
CITIBS 277,2023,448.26
CITIBS 277,2024,6560.4
CITIBS 277,2025,4853.27
CITIBS 604,2023,1904.84
CITIBS 604,2024,10195.44
CITIBS 604,2025,4522.52
CITIBS 604,2026,14247.88
CITICA 223,2023,2903.63
CITICA 223,2024,17413.81
CITICA 223,2025,1835.69
CITICA 223,2026,729.0
CITICG 663,2023,24974.49
CITICG 663,2024,873.48
CITICG 663,2025,2460.49
CITICG 663,2026,650.0
CITICP 360,2025,28.0
CITICP 360,2026,3576.6
CITICS  532,2023,530.38
CITICS 532,2024,9780.38
CITIEM 205,2025,377.14
CITIFM 424,2023,10376.45
CITIFM 424,2026,6260.12
CITIFW 093,2025,9483.81
CITIFW 093,2026,14105.87
CITIKS 058,2023,39138.51
CITIKS 058,2024,16019.73
CITIKS 626,2023,3837.14
CITIKS 626,2024,6713.71
CITIL--296,2025,4718.55
CITILL  228,2023,363910.46
CITILL  228,2024,202697.54
CITILS 261,2023,3065.22
CITILS 261,2024,1318.66
CITILS 264,2023,331.17
CITILS 264,2024,26717.77
CITILS 264,2025,4975.19
CITILS 264,2026,434.23
CITIMS 271,2023,166.0
CITINS 041,2024,480.0
CITINS 041,2025,5512.15
CITINS 041,2026,53110.55
CITIPE 004,2023,2061.5
CITIPE 004,2024,104989.02
CITIPE 004,2025,210098.63
CITIPE 004,2026,123631.39
CITIPE 837,2024,9351.53
CITIPE 837,2025,8377.85
CITIPI 275,2023,216.0
CITIPI 275,2024,222.0
CITIPI 275,2025,9482.62
CITIPI 275,2026,28137.88
CITIPI 371,2023,2450.53
CITIPI 371,2025,4842.61
CITIPS 329,2023,13366.44
CITIPS 329,2024,236.0
CITIPS 329,2025,188.89
CITIPS 329,2026,14531.85
CITIPS 528,2024,4844.88
CITIRS 6472,2023,2466.88
CITIRS 6472,2024,40907.42
CITIRS 6472,2025,14291.77
CITISL 012,2023,287.83
CITISL 012,2024,380.08
CITISL 012,2025,7858.24
CITISL 012,2026,87351.57
CITISS 177,2025,10785.8
CITISS 177,2026,6280.08
CITISS 388,2023,2252.55
CITISS 388,2025,1209.47
CITISS 584,2023,2370.0
CITISY 597,2023,821.06
CITISY 597,2024,26704.66
CITISY 597,2025,10348.65
CITISY 597,2026,7711.4
CITIWC 004,2026,5833.35
CITIWP 496,2023,36248.66
CITIWP 496,2024,25014.03
CITIZ--026,2024,1119.4
CITIZ--178,2024,2385.04
CITIZ--210,2023,11051.1
CITIZ--210,2024,86109.77
CITIZ--210,2025,218272.08
CITIZ--210,2026,891.85
CITIZ--371,2023,6578.48
CITIZ--371,2024,23584.89
CITIZ--371,2025,131494.6
CITIZ--371,2026,2543.09
CIVIC--109,2023,19012.75
CIVIC--109,2024,16561.74
CIVIC--109,2025,1361.87
CLALDC 362,2023,1068.0
CLALDC 362,2024,8546.58
CLALDC 362,2025,700.0
CLALDCL362,2023,19500.11
CLALDCL362,2024,30185.28
CLALDCL362,2025,62348.83
CLALDCL362,2026,24165.68
CLALRP 362,2023,17147.52
CLALRP 362,2024,45433.46
CLALRP 362,2025,22894.22
CLALRP 362,2026,23252.2
CLARB--706,2024,64.54
CLARB--706,2025,21564.48
CLARC--231,2023,5373.86
CLARC--430,2025,13057.27
CLARC--430,2026,46558.44
CLARCD 666,2023,846.08
CLARCD 666,2024,1950.99
CLARCD 666,2025,3211.51
CLARCD 666,2026,2255.37
CLARDC 666,2023,75935.61
CLARDC 666,2024,235612.48
CLARDC 666,2025,96401.75
CLARDC 666,2026,63272.81
CLARDCE666,2023,26506.18
CLARDCE666,2024,3346.87
CLARDCE666,2025,6285.0
CLARIN 660,2024,2099.84
CLARIN 660,2025,500.0
CLARK  037,2023,15930.52
CLARK--682,2023,337.88
CLARK--682,2024,250.0
CLARK--682,2026,2627.43
CLARK--794,2023,2688.97
CLARM--620,2026,31116.21
CLARM--981,2026,9747.94
CLARP--986,2023,57967.0
CLARP--986,2024,284.84
CLARP--986,2025,80131.04
CLARP--986,2026,35.4
CLARR  260,2024,3790.64
CLARRC 666,2023,130309.51
CLARRC 666,2024,188639.02
CLARRC 666,2025,136562.95
CLARRC 666,2026,107789.25
CLARS--495,2024,173.85
CLARS--495,2025,51017.0
CLARS--495,2026,215.64
CLAUJ  366,2023,5489.13
CLAXM--995,2025,23897.33
CLAYB--421,2024,47687.44
CLAYM--932,2024,12095.13
CLAYM--932,2025,5.0
CLEAN--040,2023,46619.46
CLEAN--040,2024,1755846.47
CLEAN--040,2025,110552.55
CLEAN--040,2026,367447.52
CLEET--119,2023,14129.61
CLENA--620,2026,676.88
CLEVA  660,2023,58656.97
CLEVA  660,2024,427514.89
CLEVA  660,2025,4017.74
CLEVA  660,2026,5405.42
CLIFG--411,2023,129.0
CLIFG--411,2024,67.39
CLOUE--332,2023,36319.5
CLOUE--332,2026,31621.48
CLOUJ--374,2023,62448.39
CLOVPC 498,2023,199.0
CLOVPC 498,2024,27668.39
CLOVPC 498,2025,866.0
CLOVPC 498,2026,424.64
CLYMM--055,2025,34178.17
CLYMM--055,2026,11.94
COALC--855,2024,6201.55
COALC--855,2026,5863.09
COALI--226,2023,37574.18
COALI--226,2024,174.33
COALI--226,2025,180.0
COALI--226,2026,208.0
COALPS 082,2023,7439.43
COALQ--516,2025,23217.67
COALQ--516,2026,128.09
COALR--853,2023,12551.71
COALR--853,2024,39194.16
COALY--948,2024,7610.03
COALY--948,2025,23668.63
COBUL  020,2026,5394.17
COCHT--172,2025,4400.2
COCOC--836,2023,5345.87
COCOC--836,2024,3665.94
COCOC--836,2025,4212.54
COELN  036,2023,15722.96
COELN  036,2024,177.35
COELN  036,2025,287.35
COLBL--436,2026,45484.61
COLED--876,2023,4052.01
COLED--876,2025,5846.09
COLLE--649,2023,35154.73
COLLE--649,2026,72499.23
COLLJ--541,2023,2899.23
COLOJ--371,2023,25203.47
COMBW--052,2023,405.39
COMBW--052,2024,6755.23
COMMB--648,2024,16423.92
COMMC--045,2024,1823.86
COMMC--095,2023,18602.19
COMMC--095,2024,42132.42
COMMC--095,2025,2151.8
COMMC--095,2026,5583.18
COMMC--165,2024,683000.0
COMMD--526,2024,7571.58
COMMD--550,2023,190475.0
COMMDP 301,2023,11772.0
COMME--004,2023,472045.7
COMMG--215,2023,280250.7
COMMH--117,2024,7271.98
COMMH--863,2024,5074.62
COMMI--507,2023,192.0
COMMI--507,2024,1384.62
COMMI--668,2025,34113.0
COMMI--668,2026,13907.76
COMML--750,2023,1703.08
COMML--750,2024,101805.04
COMML--750,2025,10383.6
COMML--750,2026,59211.81
COMML--829,2024,1519.29
COMML--829,2025,21655.18
COMML--894,2023,95.0
COMML--894,2024,29792.74
COMMM--810,2024,4487.22
COMMMI 040,2025,23606.92
COMMMI 040,2026,944.91
COMMN--818,2024,4478878.91
COMMN--818,2025,8943.63
COMMO--115,2023,2950.0
COMMO--115,2024,4142.69
COMMO--115,2025,5695.4
COMMO--115,2026,839.45
COMMPS 405,2023,2000.0
COMMPS 405,2024,3600.0
COMMPS 405,2025,8400.0
COMMRC-108,2023,233.32
COMMS--137,2023,106204.1
COMMSG 004,2023,750.0
COMMSG 004,2024,1570.39
COMMSI 022,2023,10437.67
COMMSI 022,2025,17271.15
COMMSI 022,2026,16722.94
COMMSW 239,2023,64809.65
COMMSW 239,2024,133378.94
COMMSW 239,2025,51016.71
COMMSW 239,2026,25500.0
COMMW--081,2023,2554.1
COMMW--081,2024,18100.6
COMMW--081,2025,2037.9
COMMW--081,2026,17726.25
COMMW--299,2023,49668.0
COMMY--548,2025,2633806.19
COMMY--739,2023,2927.06
COMMY--739,2024,3351.67
COMPW--608,2026,98807.28
CONCTW 401,2023,141505.19
CONCTW 401,2024,992741.74
CONCTW 401,2025,145547.95
CONCTW 401,2026,279532.88
CONDP--913,2023,1646.46
CONDP--913,2024,1087.85
CONDP--913,2025,31592.22
CONEC--140,2023,3967.81
CONNA--861,2023,2475.93
CONNA--861,2024,161471.62
CONNA--861,2025,5245.46
CONNA--861,2026,115996.39
CONNM  569,2023,5674.3
CONSJ  072,2023,108134.9
CONSJ  072,2024,75429.44
CONSJ  072,2025,97533.84
CONVE--335,2023,127.07
CONVE--335,2024,203.17
CONVE--335,2025,209.93
CONVE--335,2026,181.97
CONWE--158,2023,33697.51
CONWE--158,2024,2965.57
CONWS  411,2023,55183.86
CONWS  411,2024,442.0
CONZG--186,2025,8024.0
COOKD--219,2023,3798.69
COOKP  383,2026,5630.84
COOKT  042,2024,1368.39
COOKT  042,2026,4017.65
COOKZ--938,2025,38119.23
COOKZ--938,2026,5000.0
COOLA--361,2023,92527.26
COOPJ--569,2025,100.0
COOPR  022,2023,1558.45
COOPT--217,2025,10066.34
CORBF--796,2026,5697.08
CORKD--397,2025,271.19
CORKJ--106,2025,7109.12
CORKJ--106,2026,75288.06
CORMR  056,2023,18394.67
CORNA--359,2025,26273.87
CORNJ--706,2023,8600.0
CORNK--509,2025,138.65
CORNK--509,2026,238125.46
CORNW--527,2023,2060.03
CORNW--527,2026,1211.05
COROB--449,2023,913.1
CORRC *908,2023,10009.05
CORRC *908,2024,249309.46
CORRC *908,2025,11534.25
CORRC *908,2026,152234.21
CORTA  604,2024,478388.0
CORTA  604,2025,11664.11
CORTA  604,2026,7496.12
CORTJ--768,2023,12094.58
CORTJ--768,2024,81511.58
CORTJ--768,2025,3346.84
CORTJ--768,2026,59776.94
COSTM--212,2023,193157.78
COSTR--055,2026,13347.23
COTTJ--622,2023,29131.85
COTTJ--622,2024,346.53
COTTJ--622,2025,717.68
COUGJ--166,2024,18907.09
COUGJ--166,2025,116526.97
COUN1--314,2026,98.2
COUNA--857,2026,55.64
COUNC--921,2023,59955.04
COUNF--077,2024,28858.43
COUNF--303,2023,200332.4
COUNG--419,2024,7879.13
COUNG--419,2025,3758.16
COUNG--419,2026,2326.26
COUNP--718,2026,33718.29
COUNP--799,2023,18584.3
COUNP--799,2024,3537.05
COUNP--799,2025,848.65
COUNP--799,2026,208.96
COUNP--993,2024,23300.49
COUNR--346,2023,22644.99
COUNR--562,2023,36002.49
COUNS--092,2024,49124.6
COUNS--092,2025,169.74
COUNT--727,2023,2091.07
COUNT--727,2024,180.75
COUNU--193,2025,252951.3
COUNW--649,2024,1980171.5
COUNW--649,2025,1035756.66
COUNW--649,2026,25203.67
COURB--767,2026,95519.5
COUSH  908,2023,10295.92
COUSH  908,2024,721.87
COUTT  528,2023,871.18
COUTT  528,2024,64025.9
COUTT  528,2025,2325.16
COUTT  528,2026,35691.09
COVEM--566,2024,59024.99
COWLDC 626,2023,17852.08
COWLDC 626,2024,100304.67
COWLDC 626,2025,20249.52
COWLDC 626,2026,31728.69
COWLDW 632,2023,685.06
COWLDW 632,2024,7600.29
COWLDW 632,2025,5123.58
COWLDW 632,2026,1569.17
COWLI--632,2023,695.09
COWLI--632,2024,2685.5
COWLRC 632,2023,44253.7
COWLRC 632,2024,72440.17
COWLRC 632,2025,40107.77
COWLRC 632,2026,26749.97
COX C  513,2025,22388.77
COYNM--559,2023,4159.4
CRACJ--661,2023,54201.99
CRACJ--661,2024,1363.01
CRAFT--402,2023,849.36
CRANM--747,2025,2721.82
CRANM--747,2026,2402.58
CRAWA  124,2023,152.41
CRAWA  124,2026,4332.46
CRAWD--295,2025,1495.0
CRAWD--295,2026,7870.63
CREYE--130,2025,105.0
CREYE--130,2026,221280.14
CRIDM  362,2023,226.0
CRIDM  362,2024,232.0
CRIDM  362,2025,244.0
CRIDM  362,2026,3508.14
CRIDS  277,2026,2159.81
CRISP--959,2024,35447.57
CROCP--155,2023,7883.18
CROFA--936,2026,29563.52
CRONB--181,2023,71.81
CRONB--181,2024,453.19
CROSG  648,2026,6494.88
CROSJ--036,2023,11677.0
CROSJ--036,2024,43267.01
CROSM--276,2025,19545.1
CROSM--276,2026,20.0
CROWR--236,2025,42655.84
CRULD--826,2023,554.13
CRULD--826,2026,18242.07
CRUVA  328,2024,62569.14
CRUZS--378,2026,14688.73
CSAPM--941,2024,3391.25
CUDAP  272,2024,255.0
CUDAP  272,2025,12200.73
CUELS--076,2024,5174.08
CUEVJ--801,2023,120.0
CUEVM--415,2026,18049.24
CULLM--254,2025,13738.17
CULLS  212,2025,2497.99
CULTC--704,2026,1150.02
CULTLP 109,2026,7220.5
CULTP  103,2023,10353.89
CULTP  103,2024,13700.78
CULTP  103,2025,17958.11
CULTP  103,2026,11565.02
CULVJ--028,2023,6372.82
CUMMJ--852,2024,119412.64
CUMMJ--852,2025,186.29
CUMMJ--927,2023,931.89
CUMMJ--927,2024,423.0
CUMMJ--927,2025,222.0
CUMMJ--927,2026,11296.96
CUNNA--819,2023,14436.1
CUNNA--819,2025,11427.98
CUNNA--819,2026,15.35
CURDC--380,2023,8661.79
CURDC--380,2024,3443.89
CURDC--380,2025,12.0
CURRL--877,2025,16680.35
CURRM--040,2023,9156.79
CURTA--153,2023,26390.77
CURTK  033,2023,50343.46
CURTK--047,2025,439.02
CURTK--244,2023,61.75
CURTK--244,2024,48794.97
CURTR--413,2026,1465.61
CUTHA  374,2023,8298.56
CUTIP--730,2024,16038.41
CZEBJ--076,2023,904.54
CZISA  926,2026,2114.44
DABAS--532,2023,13141.5
DAHLL  512,2023,1894.43
DAHLL  512,2024,900.95
DAHLL  512,2025,23543.63
DAHLR--629,2026,2572.93
DALAQ--673,2026,46187.48
DALLE  837,2023,60.0
DAMAD--752,2025,8851.93
DAMMB  374,2024,10021.07
DAMSA--479,2026,44542.92
DANIK--417,2025,563.03
DARAE  125,2024,8298.16
DAREF--267,2024,4701.3
DARRE--461,2023,24785.9
DAS M  104,2023,29864.06
DAS M  104,2024,25949.68
DASCA--638,2026,21973.71
DAVIC--333,2025,1461.26
DAVIE--072,2023,4575.87
DAVIE--072,2024,55.57
DAVIJ--913,2025,16570.0
DAVIL  109,2023,6463.8
DAVIL  109,2024,52378.96
DAVIL  109,2025,9661.21
DAVIL  109,2026,66224.3
DAVIR--286,2023,210130.53
DAVIR--286,2026,166589.2
DAVIS--027,2026,3437.16
DAVIT--344,2023,8435.37
DAVIT--344,2024,68236.98
DAY-A--125,2024,56199.35
DAY-C--340,2023,3411.42
DE LK--010,2023,5126.17
DE LK--010,2024,32116.66
DEADT  010,2025,1317.78
DEANP--058,2024,33681.32
DECCJ--532,2025,5424.22
DEESWA 023,2023,14109.53
DEETJ  110,2025,3630.92
DEFEN--011,2023,14493.01
DEGLJ  233,2023,10466.35
DEHAJ--616,2023,1129.51
DEHAJ--616,2024,32163.67
DEHAJ--616,2025,144.14
DEHNW--128,2026,2807.95
DEJOK  284,2025,14157.95
DELED--732,2026,52942.97
DELVJ  352,2024,10453.17
DEMBR  101,2023,1246.6
DEMBR  101,2024,-1203.54
DEMBR  101,2025,26811.84
DEMBR  101,2026,203.73
DEMIB  027,2024,452.67
DEMIB  027,2025,656.12
DEMOA--912,2023,89.22
DEMOA--912,2024,2880.09
DEMOA--912,2025,4200.18
DEMOA--912,2026,2920.33
DEMOCC 826,2023,18814.51
DEMOCC 826,2024,42977.72
DEMOCC 826,2025,32750.51
DEMOCC 826,2026,20419.42
DEMYM--513,2024,140604.51
DENHW  218,2023,24503.98
DENSR  332,2023,32713.38
DENSR  332,2024,4287.5
DENTP  225,2023,1536.0
DENTP  225,2024,36.0
DENTP  225,2025,536.0
DENTP  225,2026,53.1
DENTT  837,2023,6986.97
DENTT  837,2024,120075.45
DENTT  837,2025,169.0
DENTT  837,2026,10346.73
DEPAM--116,2024,2655.02
DEPIJ  597,2025,18592.1
DEPOP--680,2023,38120.99
DEPOP--680,2024,148877.28
DEPOP--680,2025,754.75
DEPOP--680,2026,82360.59
DESHA  226,2023,13475.94
DESHA  226,2024,19673.36
DESHJ--641,2025,4721.64
DESHP--341,2025,39630.34
DESHP--341,2026,2542.85
DESIR--653,2025,2451.81
DESKN--621,2026,719.91
DESMM--370,2023,292.21
DEUTS--389,2024,40.0
DEVEL--371,2023,192.0
DEVEL--371,2024,192.0
DEVIR--522,2024,566.13
DEVIR--522,2025,24803.75
DEXTJ--360,2023,15135.44
DEXTJ--360,2024,1979.4
DEXTK  362,2024,13340.44
DEXTK  362,2025,512.62
DHINM  052,2023,266623.47
DHINM  052,2024,1036075.17
DHINM  052,2025,39241.94
DHINM  052,2026,113176.43
DIAZJ  105,2026,272606.52
DIAZO  444,2023,79557.18
DIAZO  444,2024,40123.58
DIAZO  444,2025,418.66
DIAZO  444,2026,98.26
DIDIC  301,2026,3043.25
DILLA--379,2026,2470.15
DILLJ--060,2023,81411.6
DIMAC--944,2023,375.24
DIMAC--944,2024,230273.38
DIMAC--944,2025,16120.11
DIMAC--944,2026,25352.77
DISTA--190,2025,700.0
DISTC--232,2023,276.64
DISTC--847,2026,2500.0
DISTF--946,2026,266.71
DISTK--303,2024,100912.26
DISTL--095,2023,6165.22
DIVIC--661,2026,2443.94
DIXIS--376,2025,88385.5
DIXIS--376,2026,60.0
DIXOM  026,2023,3679.46
DIXOW--685,2023,2500.0
DO--M--715,2023,4310.98
DODDA--006,2023,8353.89
DODDA--006,2024,639.32
DOGLB  507,2023,985.26
DOGLB  507,2024,136079.26
DOGLB  507,2025,524.45
DOGLB  507,2026,83922.16
DOLAT--073,2025,1927.68
DONAB  208,2023,3858.79
DONAB  208,2024,81963.63
DONAB  208,2025,4887.31
DONAB  208,2026,71694.39
DONAC--100,2023,25344.98
DONAC--209,2025,49652.89
DONAS--176,2025,11065.08
DONEM--505,2024,8973.66
DONNA--775,2025,10415.82
DONNM--367,2023,2011.78
DONOP--822,2023,7720.95
DONOP--822,2024,509.88
DONOP--822,2025,465.36
DONTIM 119,2023,2073.08
DONTIM 119,2024,97376.96
DONTIM 119,2025,60000.27
DORCM  584,2026,2594.79
DORED  532,2023,9524.56
DORMD  332,2025,110.43
DORMS--637,2026,2020.51
DOTSM--571,2023,13375.74
DOUGDC 858,2023,17882.59
DOUGDC 858,2024,47575.97
DOUGDC 858,2025,35257.07
DOUGDC 858,2026,19209.19
DOUGRC 802,2023,1668.35
DOUGRC 802,2024,17339.5
DOUGRC 802,2025,3896.49
DOUGRC 802,2026,10276.04
DOVEJ  004,2025,2088.9
DOWNA  249,2026,4866.69
DOWNG--760,2023,2321.69
DOYLL--900,2023,15128.5
DOYLS--587,2025,13379.91
DOZIP  361,2023,12671.99
DOZIP  361,2024,118697.39
DOZIP  361,2025,10483.28
DOZIP  361,2026,4573.34
DREHW--760,2026,199096.49
DREOR--570,2024,52807.79
DRESK--071,2025,64922.78
DUBOS--183,2023,224.37
DUCKA--081,2025,194066.0
DUDAN--647,2026,20842.55
DUDLH--987,2024,15421.79
DUENS--500,2023,63.79
DUENS--500,2025,18.9
DUENS--500,2026,28763.88
DUERD  011,2023,1104.69
DUERD  011,2024,66196.97
DUERD  011,2025,697.65
DUERD  011,2026,41732.33
DUFAJ  942,2023,1351.0
DUFAJ  942,2024,298958.23
DUFAJ  942,2025,18071.53
DUFAJ  942,2026,212275.56
DUFFH--370,2026,1197.85
DUGAL--208,2023,2704.34
DUNNM  203,2023,71731.87
DUNNM  203,2024,1076.0
DUNNN--231,2023,9947.08
DUNNN--931,2026,26627.26
DUNNR *059,2023,18149.58
DUNNR *059,2024,23488.04
DUNNR *059,2025,238423.6
DUNNR *059,2026,14667.34
DURAM--199,2023,65525.17
DURFS--950,2026,6811.95
DUROF--581,2023,9617.83
DYE M  347,2023,9368.76
DYE M  347,2024,33747.22
DYE M  347,2025,52909.61
DYE M  347,2026,46621.22
DZIAT--526,2025,10779.94
EASOP--353,2026,3494.28
EASOV--681,2023,35622.72
EASTC  926,2026,10533.24
EASTK--516,2023,18287.93
EASTK--516,2024,28596.38
EASTK--516,2025,273489.51
EASTK--516,2026,410.0
EASTV4 216,2024,9112.79
EASTV4 216,2025,24784.76
EASTV4 216,2026,40684.99
EASTWV 163,2023,1147.23
EASTWV 163,2024,2319.83
EASTWV 163,2025,2402.62
ECKC0--046,2023,22448.78
ECKC0--046,2024,1890.23
ECKC0--046,2025,41580.32
ECKC0--046,2026,365.0
ECKSZ--842,2026,8480.28
EDERT--779,2024,373.26
EDERT--779,2025,23678.83
EDMOY--774,2025,31301.25
EDMOY--774,2026,720.09
EDUCA--879,2023,705.55
EDUCA--879,2024,24066.41
EDUCA--879,2025,16120.37
EDUCA--879,2026,984.59
EDUCC--037,2023,4305.6
EDUCC--037,2024,17378.01
EDUCC--037,2025,718.61
EDUCC--037,2026,860.19
EDUCC--205,2024,30059.65
EDUCM--620,2024,11817.66
EDUCM--729,2024,30310.68
EDUCT--592,2025,459.03
EDUCT--592,2026,1106.78
EDUCV--623,2024,24607.46
EDUCVP 111,2023,468.99
EDUCW--084,2025,818.6
EDUCW--084,2026,4157.4
EDUCW--232,2024,4083.95
EDUCW--232,2025,7299.69
EDUCW--232,2026,35.0
EDWAD  597,2025,300.0
EDWAD--213,2023,10108.3
EDWAK--958,2026,8392.08
EDWAS--543,2026,123426.52
EDWAT--652,2025,8378.15
EGALM--188,2024,1.3
EGALM--188,2025,80894.93
EGALM--188,2026,26.47
EGELA--169,2023,11906.05
EGELA--169,2024,7173.91
EISIE--385,2026,27293.38
EKBER--600,2025,661.21
EKDAT--421,2023,493.78
ELBAR--893,2025,6963.0
ELDEC--214,2026,9522.76
ELDEC--445,2026,25871.5
ELDUF  569,2023,5693.2
ELECWA 188,2023,357.0
ELECWA 188,2024,70348.0
ELECWA 188,2025,433.0
ELECWA 188,2026,332.0
ELECWP 121,2023,61926.08
ELECWP 121,2024,18478.5
ELECWP 121,2025,33749.0
ELECWP 121,2026,25622.0
ELENB  264,2023,34204.83
ELEVCL 121,2025,2400.0
ELISM--782,2023,2635.3
ELLIB  926,2026,6962.95
ELLIC--321,2024,27934.71
ELLID--297,2025,5250.44
ELLIJ--454,2024,27129.1
EMERR  275,2023,4691.86
EMMEC--167,2023,1550.0
EMPOW--507,2023,160.0
EMPOW--507,2024,192.0
EMPOW--507,2025,192.0
EMPOW--507,2026,388.0
EMS-V--360,2023,8177.96
EMS-V--360,2025,2694.06
EMS-V--360,2026,7445.39
ENGED--701,2024,67040.93
ENGED--701,2025,18630.46
ENGED--701,2026,4871.2
ENGLJ  117,2026,2648.3
ENLOL  516,2023,878.79
ENOSD--332,2025,1558.66
ENOUE--499,2024,200.0
ENOUE--499,2025,36475.29
ENOUE--499,2026,9559.71
ENRIC  383,2026,24439.94
ENSLS--360,2026,6886.33
ENTED  031,2023,6452.52
ENTED  031,2024,49045.07
ENTED  031,2025,8105.87
ENTED  031,2026,40264.88
ENTEWJ 027,2023,270756.14
ENTEWJ 027,2024,1873879.46
ENTEWJ 027,2025,1621832.56
ENTEWJ 027,2026,839963.97
ENUMI--724,2024,23600.78
EQUIT--109,2025,7262.87
EQUIT--109,2026,3406.37
ERICB--931,2025,8806.13
ERICK  248,2023,1086.57
ERICS  685,2024,7588.42
ESCAD--963,2025,10421.49
ESCAD--963,2026,112.06
ESHGM--921,2025,27551.6
ESKIR--362,2025,5899.02
ESLIC  294,2023,3236.41
ESLIC  294,2024,54506.37
ESLIC  294,2026,11000.0
ESPID--975,2025,16660.53
ESPID--975,2026,175.0
ESPIM  464,2024,268597.11
ESPIM  464,2025,664.55
ESTAR--020,2025,2906.98
ESTAR--020,2026,4851.15
ESTRM--930,2023,2283.51
EVANE--320,2025,449995.1
EVANJ--095,2024,4923.91
EVANL--750,2026,425.83
EVANM--072,2023,24.55
EVANM--072,2025,11259.24
EVANR--339,2025,9561.16
EVANR--339,2026,25637.98
EVENS--033,2023,1194.74
EVERF--565,2025,487431.66
EVERL--100,2024,6629.25
EVERS--558,2025,27568.71
EWERA--142,2023,585.07
EWINS  258,2025,14140.67
EWINS  258,2026,62637.48
EWINS2 258,2025,1570.0
EXEM5--858,2025,17570.38
EXEM5--858,2026,9417.23
EXEMD--573,2025,47.26
EXTRP--033,2024,25834.58
EYESJ--841,2024,15430.7
EZELS--147,2025,18848.93
FACIP--840,2023,9871.64
FACIP--840,2024,8537.92
FACKJ--251,2025,89273.59
FAGEK--236,2023,17348.97
FAHEC--320,2025,11272.07
FAINS--440,2025,272019.38
FAINS--440,2026,259.0
FAIRV--109,2023,18475.81
FAIRV--109,2024,27311.35
FAIRV--109,2025,47660.98
FAIRV--109,2026,20522.23
FAJAC--373,2024,38045.3
FALCA  083,2023,30061.11
FALCA  083,2024,602.41
FALCA  083,2025,210.0
FALSS--430,2026,11238.17
FANNC--694,2026,3756.92
FANTT--969,2023,12986.44
FARID--814,2023,8124.3
FARID--814,2024,74695.83
FARID--814,2025,2437.09
FARID--814,2026,15077.47
FARMEA 682,2023,57974.27
FARML  498,2024,917.48
FARML  498,2025,6.29
FARML  498,2026,14947.82
FARMM  944,2023,748.0
FARNA--377,2026,255.32
FAUNP--443,2025,450.13
FEDAA--956,2026,77423.19
FEJEE  163,2023,1007.77
FELDL--849,2023,7292.75
FELDL--849,2024,6234.64
FELIB--622,2024,182365.27
FELIR  239,2025,317.26
FELIR  239,2026,11026.44
FELLF  109,2023,86627.15
FELLF  109,2024,1121.19
FELLF  109,2025,958.35
FELLF  109,2026,415.26
FELLG  206,2023,31965.19
FENNT  203,2024,81824.97
FERGC--864,2023,49997.4
FERGC--864,2024,5479.66
FERGR  115,2023,907459.78
FERGR  115,2024,98478.15
FERGR *115,2023,1219824.48
FERGR *115,2024,13318147.42
FERGR--115,2023,-1425.0
FERGR--115,2024,-5606.85
FERGR--115,2025,680778.35
FERGR--115,2026,395944.01
FERNC--907,2025,1105.85
FERNG--694,2025,5830.76
FERNN--701,2023,17814.72
FERNN--701,2024,57750.3
FERRJ  063,2023,462.25
FERRJ  063,2024,7267.57
FERRJ  063,2025,153739.4
FERRJ  063,2026,41.66
FERRS--886,2024,27604.84
FERRV--108,2023,3583.72
FESTK  023,2023,17264.98
FEY J  422,2023,6019.92
FEY J  422,2024,371434.79
FEY J  422,2025,7884.65
FEY J  422,2026,10976.92
FIDAJ--877,2026,6638.77
FIELS  052,2025,9144.12
FIGAD--812,2023,1512.7
FINLB--834,2025,499.87
FINNP--082,2023,6318.42
FIREAS 501,2023,116976.78
FIREAS 501,2024,490353.23
FIREAS 501,2025,116086.61
FIREAS 501,2026,83071.74
FIREC--701,2023,9390.01
FIRSO--865,2023,3781.61
FIRSO--865,2024,982.25
FIRSP--501,2026,34000.0
FIRSY--412,2026,94.0
FISHG--576,2023,24201.29
FISHP  501,2023,6814.0
FISHP  501,2024,3570.0
FISTZ--781,2025,305.09
FITZJ  166,2023,4039.03
FITZJ  166,2024,172583.72
FITZJ  166,2025,2796.23
FITZJ  166,2026,275379.48
FITZM--399,2025,656.84
FITZT  006,2023,320.25
FIXIT 104,2023,176.0
FIXIT 104,2024,9660.17
FIXIT 104,2025,8673.21
FIXIT 104,2026,128.0
FLEES  225,2023,77739.39
FLEMA--203,2024,7590.63
FLETL--042,2023,628.9
FLEUR--556,2024,29091.9
FLEUR--556,2025,247.25
FLEVT--661,2023,3403.34
FLEVT--661,2024,2885.91
FLEVT--661,2025,48.0
FLINT  837,2024,693.56
FLOJA--525,2023,3138.89
FLORM--507,2023,6992.95
FLORM--507,2024,150.0
FLORS--054,2026,5206.93
FLOWM--932,2023,3161.39
FLOWM--932,2025,18014.0
FLOWM--932,2026,8890.46
FLYGR  003,2023,36742.93
FLYNJ--614,2026,18380.0
FNAVV--276,2023,1294.25
FNAVV--276,2025,280.08
FOLLD--385,2023,1352.01
FONGA--243,2025,2659.25
FORCN2-479,2024,4001.03
FORDD--816,2023,1456.57
FORDS  382,2024,2250.0
FORDS  382,2025,2448.35
FORGW  111,2023,44974.4
FORRA--106,2025,17926.13
FORSJ  052,2023,2067.14
FORSJ  052,2024,7.75
FORSJ  052,2025,720.76
FORSJ  052,2026,52277.73
FORSJ4 660,2025,1982.0
FORTA  258,2023,209987.88
FORTA  258,2024,4940.03
FORTA  258,2026,19300.0
FORTP  031,2023,1093.51
FORTP  031,2024,8354.96
FORTP  031,2025,1033.22
FORTP  031,2026,46287.58
FORTP2 031,2024,90198.58
FORW5--249,2023,5780.58
FORW5--249,2024,9389.63
FORWM--278,2023,12552.69
FORWM--278,2024,1500.0
FORWM--904,2025,9214.24
FOSSM--201,2023,1104.48
FOSSM--201,2024,95672.17
FOSSM--201,2025,546.39
FOSSM--201,2026,5495.92
FOSTC--053,2026,3543.5
FOSTD--759,2025,581765.87
FOSTJ  577,2024,28659.5
FOSTJ  577,2025,8995.42
FOUNC--539,2026,144788.45
FOUNO--520,2025,166151.58
FOUNO--520,2026,1260.0
FOUNV--677,2025,6167.18
FOUNY--369,2025,36718.27
FOUNY--991,2023,1142.0
FOUNY--991,2024,500.0
FOUNY--991,2025,3536.0
FOUNY--991,2026,406048.97
FOURW  589,2023,63641.98
FOURW  589,2024,14815.64
FOX S  683,2023,22625.88
FOXCR--887,2026,56450.49
FRAMN  111,2023,8107.28
FRAMN  111,2024,6717.53
FRAMN  111,2025,7944.59
FRAMN  111,2026,58573.33
FRANA--819,2023,0.0
FRANC  201,2023,11565.68
FRANC  201,2024,24814.12
FRANC  201,2025,260984.4
FRANC  201,2026,6435.99
FRANDC 301,2023,11109.1
FRANDC 301,2024,44651.93
FRANDC 301,2025,17299.28
FRANDC 301,2026,13530.52
FRANH  110,2023,182757.64
FRANH  110,2024,21117.17
FRANH2 110,2023,745414.76
FRANH2 110,2024,381.31
FRANJ--077,2023,1790.46
FRANJ--077,2024,1298.96
FRANPC 445,2026,13887.32
FRANR--256,2024,2000.0
FRANR--256,2026,2000.0
FRANR--561,2025,19254.65
FRANRC 301,2023,93498.16
FRANRC 301,2024,44090.45
FRANRC 301,2025,12273.96
FRANRC 301,2026,4043.5
FRANT  464,2023,63679.68
FRANT  464,2024,321036.8
FRANT  464,2025,30140.02
FRANT  464,2026,5918.46
FRANV--361,2025,24.97
FRASE  046,2026,2000.0
FRASG--232,2026,41106.81
FRAZC  228,2023,1978.97
FREES  837,2023,845.0
FREES--709,2025,9077.82
FREEW--138,2025,286176.32
FREEW--138,2026,821814.18
FREIC--073,2026,5902.43
FRENA  207,2024,259509.3
FRENM  363,2026,8287.77
FRENT  155,2023,9379.61
FREYD--392,2023,1684.96
FRIECT 502,2023,5316.16
FRIECT 502,2024,12776.57
FRIECT 502,2025,10369.38
FRIEN--942,2023,8852.87
FRIEN--942,2024,15.0
FRIEN--942,2025,39.0
FRIEN--942,2026,6.0
FRIER--837,2023,48715.79
FRIES  942,2026,15.0
FRIZC  036,2025,18374.27
FUDGL--695,2023,2555.08
FUENW--331,2024,73407.89
FULLB--006,2026,4067.15
FULLG--391,2023,108.65
FULLG--391,2025,1951.12
FULLR--926,2025,14593.98
FULMG--325,2026,6093.82
FULTP--739,2023,2550.0
FULTP--739,2024,6833.78
FUNDC--532,2025,286542.04
FUNDC--532,2026,1204.77
FUNDF--455,2024,1534563.68
FUNDF--455,2025,2167.5
FUNDF--455,2026,400959.5
FUNDK--355,2025,34413.6
FUNDK--355,2026,12117.5
FUNDR--718,2023,7193.94
FUNDR--718,2024,136455.9
FUNDR--718,2025,10930.97
FUNDR--718,2026,14657.27
FUNDS--019,2023,1675.79
FUNDS--019,2024,397.0
FUNDS--019,2025,568.94
FUNDS--019,2026,9471.56
FUNDT--082,2023,18135.73
FUNDT--082,2024,288755.75
FUNDT--842,2025,6468.0
FUNDV--987,2024,350082.5
FUNDV--987,2025,6714.69
FUNDV--987,2026,267.5
FUSEV  101,2023,374386.38
FUSEV  101,2024,429575.1
FUSEV  101,2025,389509.5
FUSEV  101,2026,35905.42
FUSEVO 101,2023,34198.8
FUSEVO 101,2024,185829.06
FUSEVO 101,2025,43113.27
FUSEVO 101,2026,27782.35
FUSSD--847,2026,1578.22
FUTUA--045,2024,45302.81
FUTUA--045,2025,26152.26
FUTUA--045,2026,46898.69
FUTUB--916,2025,1813877.92
FUTUB--916,2026,7130.0
FUTUP--624,2024,13935.0
GABEG--040,2025,6344.93
GADMJ  503,2026,4219.54
GAGND--516,2024,2029.78
GAGND--516,2025,8571.4
GAGND--516,2026,12785.26
GAHAJ  204,2023,140.0
GALBG--338,2026,19624.93
GALEJ--306,2023,752.92
GALLK--227,2023,69.09
GALLK--227,2024,608.66
GALLK--227,2025,4699.46
GALLK--227,2026,250.0
GAMBT  022,2023,2334.44
GANOW--245,2023,7100.0
GARBS--705,2025,881.45
GARCD--546,2026,12904.32
GARCH--166,2025,26757.93
GARCJ--662,2025,7613.16
GARCJ--969,2026,615.43
GARCR--500,2025,9100.0
GARCR--861,2023,46849.11
GARNC--316,2023,2055.61
GARRD--209,2025,9832.74
GARRD--209,2026,10797.89
GARRT--969,2025,12097.08
GARRT--969,2026,183.73
GARTB--807,2024,18310.0
GARTB--807,2025,15240.84
GARTB--807,2026,16180.0
GARTK  901,2025,570.84
GARVS--943,2025,13800.95
GARVS--943,2026,9335.05
GASQD--214,2024,6496.1
GEE-C--091,2026,20242.11
GELDR  370,2023,758.22
GELDR  370,2024,31475.46
GELDV--911,2025,13508.06
GENTA--902,2023,3862.78
GENTJ--156,2024,7397.88
GEORD--502,2026,1660.58
GEORE--465,2026,2137.14
GEORS--774,2026,4856.4
GESEB--931,2026,10126.5
GESEJ--788,2023,2715.45
GHANH--378,2023,192.0
GHIOW--029,2025,2491.92
GHODJ--145,2025,2856.44
GIBBJ--245,2023,-483.33
GIBBJ--245,2024,92338.81
GIEGC--542,2025,21147.69
GIL S  115,2023,316.07
GILDC  371,2023,2283.58
GILDC  371,2024,236752.35
GILDC  371,2025,3136.62
GILDC  371,2026,1384.17
GILLK--090,2025,544.97
GILLR--571,2023,21869.59
GILLS--230,2023,20134.5
GILMC  502,2025,22009.05
GINEJ--165,2024,2000.0
GIPSM--681,2023,12516.75
GIPSM--681,2026,13847.08
GITEB--995,2023,41509.51
GLASJ--176,2023,4540.0
GLEDB--655,2023,3450.78
GLENR--093,2023,17279.0
GLISS--009,2023,0.0
GOBEC  213,2023,95849.91
GOBET  138,2025,120.0
GOCHC  498,2024,22430.28
GODDK--931,2023,509.12
GOEHK--991,2024,90158.79
GOEHK--991,2025,41695.03
GOERC  030,2023,255.0
GOERC  030,2024,11006.05
GOERC  030,2026,11144.53
GOFON--763,2025,400.0
GOGGJ--011,2024,588.56
GOLDS--912,2025,3026.72
GOLET--346,2023,5164.39
GONZE--100,2023,7486.56
GONZE--639,2024,18592.76
GONZF--162,2025,3621.87
GONZG--373,2026,5091.64
GONZM--697,2025,280.05
GONZR--097,2025,1059.51
GONZS  104,2024,250125.36
GONZS  104,2025,89.53
GOODJ  036,2026,2000.0
GOODJ--213,2024,4245.47
GOODN  926,2025,11499.49
GOODP--782,2023,7920.99
GOODR  033,2023,2320.73
GOODR  033,2024,78979.9
GOODR  033,2025,3391.74
GOODR  033,2026,40376.42
GOODR--343,2023,16550.8
GOODR--933,2023,6065.43
GOODS--233,2025,10963.24
GOVEA--427,2025,5704.5
GOVEB--317,2025,9676.65
GOVER--285,2023,16573.62
GRAHB--628,2024,601.91
GRAHV  208,2023,946.71
GRAHV  208,2024,101912.17
GRAHV  208,2025,6705.27
GRAHV  208,2026,2812.65
GRANAG 112,2023,43553.87
GRANAG 112,2024,35828.93
GRANR--494,2024,3904.25
GRANRC 357,2024,43463.99
GRANRC 357,2025,28612.07
GRANRC 357,2026,41893.28
GRANT--913,2023,500.0
GRASM--435,2023,46107.55
GRAVJ--648,2024,38.23
GRAVJ--648,2025,19721.24
GRAYB--021,2025,19454.64
GRAYG--204,2026,1620.0
GRAYHD 520,2023,11450.08
GRAYHD 520,2024,24480.42
GRAYHD 520,2025,14814.73
GRAYHD 520,2026,13414.5
GRAYHR 520,2023,10877.85
GRAYHR 520,2024,35198.16
GRAYHR 520,2025,20100.94
GRAYHR 520,2026,12149.65
GRAYP--886,2025,709.16
GRAYP--886,2026,7307.41
GREEC  093,2025,382.11
GREEC  093,2026,177.43
GREEC5 093,2025,100.0
GREED  236,2024,20222.38
GREED--281,2026,2.3
GREED--979,2024,110.0
GREEI--594,2024,86.53
GREEJ--492,2024,-1001.14
GREEJ--492,2025,37797.23
GREEK--469,2025,8580.08
GREEL  513,2023,29032.91
GREEM--500,2025,9637.97
GREEM--500,2026,2548.02
GREEN--696,2023,4412.23
GREEPW 188,2023,10722.84
GREEPW 188,2024,8961.3
GREEPW 188,2025,9540.39
GREEPW 188,2026,9190.66
GREER--577,2024,1745.62
GREER2-577,2026,102276.94
GREES--547,2023,37.55
GREES--547,2024,12677.13
GREES--547,2025,438.93
GREEW--458,2024,376.61
GREEW--458,2025,25.0
GREGA--582,2023,281.68
GREGD--389,2026,33967.7
GREGD--600,2024,3727.24
GREGM  188,2023,944.5
GREGM  188,2024,124369.74
GREGM  188,2025,656.6
GREGM  188,2026,44043.98
GRENE--288,2023,35572.35
GREWC--570,2025,2538.93
GREWN--608,2025,43047.5
GREYJ--406,2024,600.0
GRIEL  569,2023,5434.28
GRIFD--582,2024,1811.46
GRIFDA 524,2023,9050.67
GRIFDA 524,2024,103578.17
GRIFDA 524,2025,3312.34
GRIFDA 524,2026,31234.0
GRIFV  168,2025,10692.95
GRIMC--727,2023,14761.53
GRONW  239,2023,263.5
GRONW  239,2024,17176.31
GROSJ--397,2023,667.2
GROVC  004,2025,6898.47
GUDGC--555,2025,440.89
GUDIA--391,2023,2181.28
GUENM--758,2023,6271.29
GUENM--758,2024,-5.0
GUERB--283,2026,2374.59
GUERV--221,2023,3324.61
GUIEM--141,2025,6666.93
GUIEM--141,2026,12587.47
GUNDR--773,2023,36525.77
GUNDR--773,2025,2900.88
GUNSL--992,2024,73809.2
GUNSL--992,2025,1380.11
GUPTS--553,2023,2862.77
GUPTS--553,2025,5147.92
GUTIC  902,2023,11370.8
HACKG  104,2023,4636.91
HACKG  104,2024,174591.98
HACKG  104,2025,4835.35
HACKG  104,2026,113452.71
HADAM--380,2026,30311.83
HAGED  257,2026,6809.86
HAGGR--425,2023,20341.04
HAGGR--425,2024,3000.0
HAGGR2-425,2024,17958.56
HAGON--950,2024,57768.69
HALEP  206,2024,30283.41
HALEP  206,2025,9755.56
HALLC--413,2025,4910.15
HALLF--187,2023,986.38
HALLG--331,2025,445.38
HALLR--588,2024,1342.6
HALLZ  027,2023,2381.21
HALLZ  027,2025,46.71
HALLZ  027,2026,61911.82
HALVE--632,2023,7824.41
HALVL--191,2023,3939.7
HALVL--191,2024,7074.7
HAMAL  042,2023,24168.46
HAMAL  042,2025,1749.0
HAMIA--559,2025,2440.43
HAMIA--559,2026,8057.13
HAMID--860,2023,51312.18
HAMID--860,2024,607.59
HAMID--860,2025,308.05
HAMIM--284,2024,21700.97
HAMIM--284,2025,20715.29
HAMIN--440,2025,3306.49
HAMLK--468,2025,7689.89
HAMMD  225,2023,23763.0
HAMMJ--269,2026,10614.78
HANCT  944,2025,765.84
HANES  391,2024,52380.13
HANES  391,2025,1570.0
HANKD--209,2024,5546.06
HANNC--505,2026,4196.24
HANNP--220,2023,201602.48
HANSB--094,2023,1000.0
HANSB--094,2024,1000.62
HANSC--668,2023,892.91
HANSC--668,2024,67340.92
HANSD  110,2023,183230.8
HANSD  110,2024,721.4
HANSD  110,2025,211343.23
HANSD  110,2026,15200.09
HANSD--109,2024,98431.63
HANSD2 110,2023,4675.55
HANSD2 110,2024,24253.68
HANSG  248,2023,3061.37
HANSJ--511,2025,6526.28
HANSJ--613,2026,39461.59
HANSL--019,2025,379.4
HARBC--232,2025,8077.22
HARBS--431,2025,521.67
HARBS--431,2026,810.62
HARDC--964,2025,2705.0
HARDL--420,2025,5143.33
HARGM  042,2024,16343.44
HARLK--295,2025,65982.31
HARLK--295,2026,38670.45
HARMM  012,2026,4776.26
HARPP--792,2023,23088.98
HARRB  101,2024,8178.0
HARRB  101,2025,1160278.45
HARRB  101,2026,24691.43
HARRJ  235,2026,35357.32
HARRP  683,2023,3331.84
HARRP  683,2024,61935.49
HARRP  683,2025,208.1
HARRP  683,2026,4805.82
HARRP2 683,2024,518373.29
HARRP2 683,2025,707.11
HARRTF 506,2023,470468.85
HARRTF 506,2024,2716848.23
HARRTF 506,2025,701742.59
HARRTF 506,2026,442005.53
HARRW--795,2024,45343.41
HARTF--571,2024,43923.41
HARTJ  944,2023,82.8
HARTR--080,2024,48851.91
HARVK  626,2023,2321.25
HARVK  626,2024,5641.58
HASER  124,2023,1670.51
HASER  124,2024,108066.55
HASER  124,2025,12084.28
HASER  124,2026,1053.27
HASET--104,2023,1772.74
HASET--104,2024,1426.44
HASET--104,2025,43360.9
HASET--104,2026,238674.09
HATCT--714,2024,2579.03
HATEW--208,2025,40893.12
HATEW--208,2026,61089.11
HATTT  206,2023,8799.81
HAUET--362,2026,6616.59
HAUGR  110,2023,8523.46
HAUSW  580,2023,500.0
HAVED--272,2025,44094.57
HAVES--602,2024,10129.32
HAVES--602,2025,6830.14
HAWKB  802,2023,23966.07
HAWKB  802,2024,119292.45
HAWKB3 802,2024,152448.29
HAWKJ--661,2023,2826.48
HAWKJ--665,2023,3292.08
HAWKJ--665,2024,3035.99
HAWKJ--665,2026,195443.21
HAWKM--987,2024,21210.71
HAYGD--910,2023,24799.89
HAYGD--910,2024,39526.34
HAYGD--910,2025,353.67
HAYNT--533,2026,34.95
HAYSK--212,2025,534.21
HAYSM--353,2025,7000.94
HAZEC  228,2023,2250.4
HAZEC  228,2024,22963.26
HAZEC  228,2025,372.58
HAZET--277,2026,14936.9
HEALB--660,2023,627706.65
HEALF--480,2023,48235.09
HEALK--010,2026,7758.06
HEATK--006,2023,200.0
HECKD  501,2023,38435.02
HECKD  501,2024,109271.56
HECKD  501,2025,162867.1
HECKD  501,2026,3300.96
HECKN--956,2024,5192.13
HEDRH--747,2025,5942.14
HEDRH--747,2026,15188.79
HEINJ--902,2025,5465.41
HEINM--590,2023,869.6
HELLN--432,2026,2585.03
HELPEL 259,2024,3918.36
HELPEL 802,2024,5687.13
HELPEL 802,2026,2030.93
HEM-S--155,2025,53352.85
HEMSA--433,2025,51699.09
HENDA--338,2025,2262.67
HENDA--824,2023,4777.07
HENDA--824,2024,298.69
HENDC  402,2024,5305.91
HENDD  346,2024,51674.16
HENDD--578,2024,19667.81
HENDH--422,2023,495.87
HENDH2-422,2023,510.0
HENDH2-422,2025,1233.21
HENDJ--347,2024,83405.12
HENKK--344,2025,878.42
HENNB--080,2023,436.31
HENSC--631,2025,643.65
HENTS--808,2023,1935.57
HEPNM  802,2024,7218.81
HERBN  028,2025,8990.47
HEREE--174,2023,26729.94
HEREE--174,2024,877.1
HERNC--024,2025,11624.24
HERNC--024,2026,45.0
HEROH--054,2024,1068.0
HEROH--054,2025,1838.9
HEROH--054,2026,1050.0
HERRE--401,2025,3831.96
HERRJ  642,2023,48731.37
HERRJ  642,2024,734380.66
HERRM--834,2024,21675.93
HERRM--834,2025,39871.58
HERRP  372,2023,83659.46
HERRP  372,2024,36470.57
HERRP  372,2025,1420.5
HERRP  372,2026,486.11
HERTG  250,2023,2787.13
HEYWL--535,2023,7251377.97
HEYWL--535,2024,10279174.46
HEYWL--535,2025,3877190.23
HEYWL--535,2026,3613312.13
HEYWS--009,2023,1856.84
HEYWT--552,2023,1891.84
HICKR--935,2025,731.88
HICKR--935,2026,66279.98
HIGGM--267,2023,104.93
HIGHCS 166,2026,5396.08
HIGHJ--856,2023,2228.04
HIGHJ--856,2024,2173.91
HIGHY--902,2025,34841.24
HILLE--891,2025,1814.5
HILLM--388,2025,819.93
HILLN--621,2024,105353.9
HILLN--621,2025,2081.22
HILLN--621,2026,28940.07
HILLN--856,2023,160.0
HILLN--856,2024,192.0
HILLN--856,2025,92.77
HILLS--831,2026,6345.52
HINEJ  417,2023,27658.53
HINEJ  417,2024,15505.4
HINEJ  417,2025,270429.43
HINTS--837,2023,1478.59
HITCJ--448,2024,142192.53
HJELL  206,2023,10830.05
HO--D--542,2025,15411.38
HOBBS  205,2023,5953.55
HOBBS  205,2024,188157.78
HOBBS  205,2025,8099.92
HOBBS  205,2026,5281.25
HOBBS2 205,2023,21525.07
HOCKY--427,2025,2102.64
HODGM--804,2025,2293.58
HODGM--804,2026,23602.86
HOFEF  639,2024,8583.61
HOFFA--160,2025,36968.03
HOFFL  685,2023,3500.0
HOGAS  607,2023,23880.0
HOGLT--577,2024,5590.76
HOKEP--002,2025,3817.01
HOLER  583,2023,856.0
HOLER  583,2024,7006.34
HOLLC--968,2025,5809.05
HOLLC--968,2026,8520.96
HOLLJ--786,2023,220449.14
HOLLJ--786,2024,5208.03
HOLLR--921,2026,21.74
HOLMM--152,2025,435.36
HOLMS--331,2023,978.92
HOLTP--546,2025,5750.1
HOLYJ  004,2023,2640.87
HOLYJ  004,2024,2505.07
HOLYJ  004,2025,2844.59
HOLYJ  004,2026,56283.71
HOLZM--685,2023,1003.0
HOLZW--467,2023,364.0
HOLZW--467,2024,2695.56
HOMECP 020,2023,2551.5
HOMECP 020,2024,15122.89
HOMECP 020,2025,4800.0
HOMECP 020,2026,3491.99
HOMED--424,2026,5458.23
HONDS  023,2023,10358.7
HONDS  023,2025,49422.47
HONGR--133,2026,2500.0
HOOVJ--056,2024,2868.74
HORCJ--665,2026,2791.62
HORIN--956,2026,20754.52
HORTP  807,2023,72398.0
HORTP  807,2024,66215.12
HORTP  807,2025,38795.24
HORTP  807,2026,40083.2
HOSPY--871,2024,1264.22
HOUSDC 507,2023,409707.65
HOUSDC 507,2024,2487769.86
HOUSDC 507,2025,499103.68
HOUSDC 507,2026,548032.95
HOUSH--615,2023,21509.7
HOUSH--615,2024,285101.03
HOUSH--615,2025,325202.3
HOUSO--104,2023,47275.17
HOUSP--996,2024,30.0
HOUSP--996,2025,807234.0
HOUSRO 507,2023,190087.94
HOUSRO 507,2024,2299059.77
HOUSRO 507,2025,229492.22
HOUSRO 507,2026,589035.29
HOVEA  862,2024,928.72
HOWAA  102,2026,2437.6
HOWAL--042,2023,2897.12
HOWEK  074,2025,11178.57
HOWEK  074,2026,15.31
HOWES  233,2023,1855.05
HOWSJ--111,2026,2120.0
HSIEJ--184,2025,27995.3
HSIEJ--184,2026,500.0
HUANA--286,2025,508.44
HUBEM--496,2025,2034.38
HUBEM--496,2026,18021.66
HUDNE--120,2023,41644.21
HUDSA--518,2023,194903.38
HUDSP--528,2023,25793.83
HUDSS--466,2025,6625.63
HUEYJ--047,2024,2892.18
HUGHC  245,2024,34486.14
HULLM  284,2023,-0.0
HULSM  284,2023,12870.95
HULSM  284,2026,23512.29
HUMAVW 109,2023,2299.33
HUMAVW 109,2024,4206.34
HUMAVW 109,2025,3430.39
HUMMM  007,2023,96917.62
HUNTHC 501,2023,15.0
HUNTHC 501,2024,1100.0
HUNTHC 501,2025,10.0
HUNTJ--738,2025,852.92
HUNTM2-491,2023,7387.06
HUNTS  506,2023,248.0
HUNTS  506,2024,17153.39
HUNTV  027,2023,9741.25
HUNTV  027,2024,173892.64
HUNTV  027,2025,478703.58
HUNTV  027,2026,3997.67
HUOA--149,2025,4194.52
HURSG  037,2023,6381.24
HURSG  037,2025,19840.18
HURTS--986,2023,113.14
HUTCS  335,2023,13822.31
HUTCS  335,2024,22984.53
HUTCS  335,2025,3043.5
HUTHH  227,2025,27388.25
HUYNY--501,2023,2098.94
HYKEM--272,2025,767.74
HYTOK  110,2023,11700.71
I---D--237,2025,29606.81
I200P--008,2023,84.2
I200P--008,2024,7872.4
I200P--008,2025,673.9
I200P--008,2026,3482.1
IBEWL--271,2023,9800.0
IBEWL--271,2024,12000.0
IBEWL--271,2025,36616.11
IBSEA  407,2024,43702.17
IBSEA  407,2025,295061.36
IBSEA  407,2026,1260.09
IHRIR  620,2024,10819.6
IIIE0--229,2023,731.01
IIIE0--229,2024,564.72
IIIE0--229,2025,31304.6
ILGED--264,2026,80609.88
ILWUW--134,2023,1700.0
ILWUW--134,2024,12400.0
ILWUW--134,2025,2500.0
ILWUW--134,2026,10900.0
INC-W--038,2025,309081.98
INFOR--466,2023,952.72
INFOR--466,2024,4290.24
ING-S--539,2024,68727.05
INGMK--074,2026,13154.73
INGRA--199,2025,12246.35
INGWT--986,2026,22390.79
INITF--147,2026,2724.0
INITR--594,2024,16175.77
INITS--359,2024,13513.2
INMAC--409,2024,4724.93
INSLJ  110,2023,300706.96
INSLJ  110,2024,532.0
INTEBE 102,2023,57923.05
INTEBE 102,2024,60351.44
INTEBE 102,2025,43526.8
INTEBE 102,2026,10562.75
INTEBE 336,2023,16555.04
INTEBE 336,2024,27300.0
INTEBE 336,2025,2400.0
INTEBE 336,2026,1030.99
INTEBE 409,2023,3010.0
INTEBE 409,2024,5450.0
INTEBE 409,2025,6000.0
INTEFP 102,2023,24017.95
INTEFP 102,2024,34760.41
INTEFP 102,2025,138997.14
INTEFP 102,2026,19398.65
INTELW 134,2023,7238.5
INTELW 134,2024,4009.0
INTELW 134,2025,6162.95
INTELW 134,2026,7506.0
IRIAE--645,2023,2482.28
IRIAE--645,2024,16.0
ISAAC--119,2025,371.37
ISAAK--513,2024,128989.01
ISLADC 236,2023,3658.94
ISLADC 236,2024,17516.67
ISLADC 236,2025,4801.47
ISLADC 236,2026,3078.92
ISLAP--432,2025,6493.03
ISLARC 239,2023,29440.78
ISLARC 239,2024,47640.9
ISLARC 239,2025,11815.17
ISLARC 239,2026,12358.7
IVERV--568,2024,6527.64
IVEYJ--609,2025,19443.07
IVEYJ--609,2026,125.68
IYALB--516,2024,66377.71
IYALB--516,2025,19793.93
JACKD--311,2023,2826.35
JACKJ--167,2026,500.0
JACKS--394,2024,15680.14
JACKT  524,2024,1574.56
JACOA--727,2025,14166.24
JACOC  372,2023,2818.49
JACOC  372,2024,74512.1
JACOC  372,2025,2485.92
JACOC  372,2026,38209.49
JACOD--040,2023,16276.87
JAEGJ--460,2025,4607.16
JAILJ--898,2023,529026.06
JAILJ--898,2024,7293.27
JAMBH  586,2023,720.16
JAMEA--437,2026,228152.24
JAMEB--972,2025,10306.7
JAMEC--756,2025,26084.97
JAMEJ--103,2025,58.9
JAMEJ--867,2023,8287.64
JAMEK--605,2023,6567.27
JAMEM  270,2023,900.83
JAMEM  270,2025,5973.86
JAMER--257,2023,12387.06
JAMER--257,2024,3964.34
JAMES--644,2026,51048.56
JANOD  110,2025,6332.68
JASML--207,2026,90013.97
JAY-J--925,2024,7183.59
JAY-J--925,2025,1058.43
JEFFDC 339,2023,10736.65
JEFFDC 339,2024,94713.24
JEFFDC 339,2025,13286.74
JEFFDC 339,2026,14909.47
JEFFRC 365,2023,14196.37
JEFFRC 365,2024,36325.29
JEFFRC 365,2025,14896.7
JEFFRC 365,2026,21163.83
JEFFT--053,2023,3695.11
JENKN--123,2023,200.0
JENKN--778,2023,94049.01
JENKN--778,2026,106012.59
JENSK--023,2023,208.66
JENSL--136,2025,2780.07
JENSL--625,2025,2707.1
JEPPC  284,2023,775.18
JERDS--456,2023,14886.6
JESTA--923,2026,3970.49
JEWEC  250,2026,2017.71
JEWEJ--767,2026,1014.78
JEWER--279,2025,2251.13
JEYAJ  002,2023,22353.55
JEYAJ  002,2024,553.35
JEYAJ  002,2025,1520.41
JEZER--489,2026,3407.31
JIANK--147,2025,11047.88
JINKL  407,2023,110503.53
JINKL  407,2024,230968.13
JINKL  407,2025,109650.52
JINKL  407,2026,173867.01
JOES0--027,2025,2099.21
JOHNB--404,2024,334.64
JOHNB--541,2025,4139.14
JOHND  371,2023,72009.5
JOHND--648,2023,0.0
JOHND--715,2025,3717.75
JOHNJ  277,2024,28696.93
JOHNJ--372,2023,595.16
JOHNJ--431,2025,60479.77
JOHNJ--713,2023,500.0
JOHNJ--763,2023,463.09
JOHNK--429,2025,17794.45
JOHNK--531,2023,7231.43
JOHNM--221,2025,7520.5
JOHNP  604,2024,44199.82
JOHNP  604,2025,528.0
JOHNQ--305,2024,132.72
JOHNQ--305,2026,5776.09
JOHNR  362,2024,30401.15
JOHNS--908,2026,2603.46
JOHNS--997,2023,209109.43
JOHNS--997,2024,304.69
JOHNS--997,2025,193.59
JOHNS--997,2026,8474.09
JOHNT--128,2024,2000.0
JOHNT--128,2025,647.07
JOINLC 402,2023,1229.0
JOINLC 402,2024,1494.72
JOINLC 402,2025,3011.8
JOINLC 402,2026,1811.8
JONEE--315,2026,20537.14
JONEJ--032,2023,2636.31
JONEJH 352,2023,100.0
JONEN--254,2023,1056.29
JONEW--033,2023,566.79
JONEW--033,2025,5404.54
JORDC  005,2024,13379.33
JORSA  258,2023,1341.14
JOUAM--485,2023,2445.59
JOY-H--244,2024,21237.2
JOY-R--186,2024,20.0
JOYCB--745,2026,4680.74
JOYCC--058,2023,42826.68
JR.L--961,2025,9677.59
JR.L--961,2026,10.0
JRD00--373,2025,49862.47
JRD00--373,2026,78.49
JRR00--837,2024,11094.83
JUDGM  012,2024,2173.91
JURIM--235,2023,8469.26
JUSTFA 507,2023,565275.42
JUSTFA 507,2024,1157311.78
JUSTFA 507,2025,670036.98
JUSTFA 507,2026,784513.08
JUSTJ--965,2023,41500.01
JUSTR--083,2024,7600.0
JUSTR--083,2025,9317.8
JUSTU--018,2024,8266.89
JUSTU--018,2025,500.0
KAKV--730,2025,4150.0
KALIC--010,2024,50.0
KALLA--897,2024,3025.17
KALLA--897,2026,8176.94
KALLJ  284,2025,5602.73
KALTH--472,2025,1838.71
KANGJ--354,2025,-10.0
KANGJ--354,2026,106738.97
KANGS--965,2023,1419.58
KAPHM--906,2023,52.27
KAPIN--144,2023,5196.1
KARKE--949,2025,4599.39
KARMJ--047,2026,31287.78
KASTC--224,2025,20.0
KASTJ  372,2025,7912.06
KAUFC  035,2023,3548.56
KAUFC  035,2024,2559.3
KAUFC  035,2025,11862.26
KAUFC  035,2026,121533.91
KAURS  031,2025,35350.49
KEARE--188,2023,9862.79
KEARE--188,2024,9631.03
KEARE2-188,2024,1046.41
KEATL  406,2025,5946.69
KEATM  373,2024,81127.64
KEATM  373,2025,8495.98
KEATM  373,2026,15109.9
KECKR  352,2025,22865.92
KEELI--552,2026,43911.47
KEELK  467,2023,1082.07
KEELK  467,2024,24246.32
KEELK  467,2025,117.82
KEENA--112,2023,65.7
KEENJ--837,2026,3157.69
KEETM  672,2024,453218.87
KEETM  672,2025,352.64
KEETM  672,2026,2839.92
KEILS--223,2023,146.98
KEISK *032,2023,5778.1
KEISK *032,2024,4377.59
KEISK *032,2025,2075.0
KEISK *032,2026,70310.07
KELBM--232,2023,804.84
KELBM--232,2024,265258.36
KELBM--232,2026,28287.09
KELLD  335,2023,13516.14
KELLD--154,2024,91686.26
KELLD--154,2025,15263.87
KELLD--154,2026,1514.13
KELLE  620,2023,300.0
KELLJ  329,2023,200.0
KELLK--362,2025,1990.29
KELLK--421,2025,2748.9
KELLK--421,2026,555.61
KELLK--705,2023,11939.99
KELLM--311,2024,74385.81
KELLM--311,2025,28804.19
KELLM--497,2026,15722.16
KELLT--259,2026,3869.96
KELSM--866,2023,0.0
KELSM--866,2024,9456.65
KELSM--866,2026,1836.66
KEMPG  271,2025,3583.77
KEMPK--042,2025,8308.38
KEMPK--042,2026,510.89
KENDR--632,2023,11832.56
KENNA--110,2024,7695.45
KENNA2-110,2024,329129.65
KENNC--136,2024,11414.7
KENNC--136,2025,446.0
KENNC--136,2026,2039.75
KENNCL 336,2023,11861.12
KENNCL 336,2024,4404.0
KENNCL 336,2025,5973.44
KENNCL 336,2026,12876.26
KENNF  103,2023,548219.5
KENNF  103,2024,3031930.83
KENNF  103,2025,1528648.76
KENNF  103,2026,595027.54
KENNJ--302,2023,13272.32
KENNS  840,2024,4796.48
KENTFF 035,2023,22400.0
KENTFF 035,2024,31200.0
KENTFF 035,2025,22744.23
KENTFF 035,2026,2400.0
KEO-A--613,2026,0.0
KEPHJ--498,2023,2207.41
KEPLC--534,2023,1268.77
KEPLC--534,2024,15992.0
KERBS--120,2025,269.87
KERNI  109,2023,3657.13
KERNI  109,2025,125.0
KERNJ  021,2023,417.55
KERNJ  021,2024,42151.73
KERNJ  021,2025,494.85
KERNJ  021,2026,606.94
KERSK  229,2023,102824.94
KESTJ--732,2023,3516.88
KETTR--291,2023,245796.96
KETTR--291,2024,50.09
KHANL  532,2023,4212.42
KIDDP--968,2024,131930.14
KIDDP--968,2025,1761.87
KIDSF  520,2024,1713.12
KIDSF  520,2025,39.01
KIDSF  520,2026,675.63
KIDSI--046,2024,88.02
KIDSI--046,2025,4533.01
KIDSP--626,2024,48498.25
KIDSY--203,2023,3859.14
KIDSY--521,2026,3787.95
KIEPA  223,2024,23009.77
KIESD--401,2023,1397.0
KIESD--401,2024,11981.13
KIFEC--068,2025,1228.31
KILIR--774,2026,14208.1
KILLJ--936,2023,29877.01
KIM-K--523,2023,3426.6
KINGC  909,2023,790.1
KINGC  909,2024,709219.79
KINGC  909,2025,400.47
KINGC  909,2026,751.46
KINGCP 121,2023,25900.0
KINGCP 121,2024,4350.0
KINGCP 121,2025,25700.0
KINGCP 121,2026,5938.54
KINGDCN101,2023,23188.58
KINGDCN101,2024,38403.96
KINGDCN101,2025,45547.19
KINGDCN101,2026,19606.13
KINGK--223,2024,15546.1
KINGK--223,2026,3054.09
KINGL--597,2024,806.07
KINGL--597,2025,3866.0
KINGL--597,2026,554.93
KINGL2-335,2025,2427.56
KINGL2-335,2026,938.44
KINGPO 055,2024,2400.0
KINGPO 055,2025,1000.0
KINGPO 055,2026,4200.0
KINGR--727,2025,268.49
KINGRC 109,2023,308997.02
KINGRC 109,2024,326463.56
KINGRC 109,2025,178954.67
KINGRC 109,2026,175417.58
KINGRG 109,2023,595.4
KINGRG 109,2024,68137.04
KINGRG 109,2025,22770.22
KINGRG 109,2026,2824.31
KINGS--086,2025,22367.93
KIRKJ--783,2024,40352.75
KISLK--721,2026,4820.37
KITCA--097,2024,10475.59
KITCA--097,2025,2414.07
KITSDCN366,2023,13534.7
KITSDCN366,2024,43575.82
KITSDCN366,2025,35143.91
KITSDCN366,2026,21600.28
KITSDW 310,2023,5295.0
KITSDW 310,2024,8092.1
KITSDW 310,2025,5199.5
KITSDW 310,2026,6090.16
KITSPT 383,2023,4034.55
KITSPT 383,2024,14170.88
KITSPT 383,2025,8294.18
KITSPT 383,2026,2332.81
KITSRP 337,2023,39233.61
KITSRP 337,2024,82871.04
KITSRP 337,2025,97205.82
KITSRP 337,2026,36930.92
KITSRPE337,2023,619.13
KITTDC 926,2023,6688.82
KITTDC 926,2024,7908.88
KITTDC 926,2025,1612.55
KITTDC 926,2026,4122.95
KITTRP 926,2023,42043.88
KITTRP 926,2024,49249.88
KITTRP 926,2025,34512.9
KITTRP 926,2026,42807.13
KLICCD 620,2024,8487.82
KLICCD 620,2025,4102.58
KLICCD 620,2026,5330.09
KLICM--362,2023,603.13
KLICM--362,2024,52867.41
KLICM--362,2025,28682.09
KLICM--362,2026,19021.42
KLICRC 620,2023,753.99
KLIPB  336,2023,3620.31
KLIPB  336,2024,4764.69
KLIPB  336,2025,1590.88
KLIPB  336,2026,5586.54
KLITK--429,2023,77692.76
KLITK--429,2024,1056.0
KLITK--429,2025,202.0
KLITK--429,2026,1000.0
KLOBS  033,2023,1100.82
KLOBS  033,2024,68846.1
KLOBS  033,2025,522.35
KLOBS  033,2026,43167.66
KLONM--939,2023,235.29
KNOTR--658,2025,113.5
KNOTR--658,2026,45457.52
KNOWN--521,2026,10708.97
KNOXD--208,2025,10406.32
KNOXR--189,2023,6587.79
KOCHL  003,2023,25546.0
KOCHL  003,2024,6158.06
KOELH--045,2024,110554.7
KOELJ  344,2026,1421.41
KOEPA  052,2026,9155.95
KOHLJ  119,2024,350.0
KOHLP--115,2024,90588.36
KOHLP--115,2026,85006.31
KOHRR--250,2023,173.46
KOKJB--237,2026,10024.7
KOLOM--278,2025,5896.55
KONYC--678,2025,8681.16
KOSKK--621,2023,95.0
KOZEH--506,2025,11252.45
KREIM  516,2023,1571.3
KREIM  516,2024,2031.66
KREIM  516,2025,38276.98
KRESK--103,2025,9994.45
KRETJ  841,2023,63142.39
KRETJ  841,2024,14815.0
KRIEC--951,2026,10406.69
KRIEJ--938,2025,980.0
KRIEJ--938,2026,40375.98
KRIEK--228,2024,767.38
KRISD  335,2024,6660.94
KRISD  335,2025,833557.6
KRISD  335,2026,164481.81
KRITE--481,2025,5865.0
KRITV  103,2023,4013.37
KRITV  103,2024,711.71
KRITV  103,2025,668.53
KRITV  103,2026,115363.98
KRUGB--132,2025,1542.21
KRUGM  466,2023,22058.18
KRUGM  466,2024,258719.05
KRUGM  466,2025,23307.97
KRUGM  466,2026,146306.02
KRULG--334,2025,34150.7
KRULK  168,2023,12098.79
KRULK--445,2025,7247.43
KRUMR--691,2023,888.06
KRUPS--936,2026,2260.96
KUDEP  004,2023,35374.47
KUDEP  004,2024,405164.33
KUDEP  004,2025,23869.32
KUDEP  004,2026,14948.76
KUEHK--496,2026,48143.28
KUEHT--200,2025,2298.45
KUNEM  213,2023,6481.0
KUNEM  213,2024,198.0
KUNEM  213,2025,365.9
KUNKE  503,2023,11779.0
KURCJ--817,2023,4724.43
KUSSR  390,2025,783.73
KUSSR  390,2026,38361.17
KUTZD--329,2023,3501.03
KVH-F--428,2025,8464.19
KWONP  188,2023,17341.73
KWONP  188,2025,152244.08
L-17V--584,2026,10319.15
L-17V--910,2026,15801.65
LABOL--427,2025,11045.13
LAFAK--148,2023,5980.42
LAFLM--823,2025,17529.82
LAGET--329,2026,592.05
LAGOC--586,2023,892.31
LAHMP  531,2024,6557.78
LAITN--316,2026,24508.39
LAKEFF 498,2023,42794.91
LAKEFF 498,2024,30414.03
LAKEFF 498,2025,4400.0
LAKEFF 498,2026,2655.1
LAKESC 258,2025,9614.07
LAKESC 258,2026,8551.62
LALKE--020,2023,15685.35
LAMAJ--162,2025,451.59
LAMAP--326,2024,1642.77
LAMBK  052,2023,1000.0
LAMOG--825,2025,7707.94
LAMPJ--567,2024,2371.83
LANDD  352,2025,6302.74
LANDF--256,2024,819231.87
LANGJ  208,2024,2653.72
LANGS--715,2025,13998.46
LANGS--715,2026,148.38
LANGS--939,2026,11000.0
LANSJ--466,2023,274.63
LANSJ--466,2024,7881.51
LANTL--092,2025,8449.84
LANTL--092,2026,0.0
LAPIM--165,2024,5003.91
LARAA--471,2023,5024.1
LARKS--506,2023,7973.74
LARKS--506,2026,29713.23
LARRM--252,2023,4926.69
LARRM--252,2024,2500.0
LARSD  003,2024,183715.97
LARSD  003,2025,3122.89
LARSD  003,2026,264228.09
LARSH--235,2025,4705.03
LARSJ--864,2023,3542.01
LARSK--505,2025,5512.44
LARSL  109,2026,7124.52
LARSRC 203,2024,5215.97
LATIP  103,2023,9255.13
LATIP  103,2024,17853.68
LATIP  103,2025,2403.8
LATIP  103,2026,110.0
LAURA--354,2025,36345.34
LAURA--354,2026,583.0
LAURJ--901,2023,1143.12
LAVAJ--003,2025,10195.3
LAVAJ--003,2026,181.39
LAVAN--284,2025,60.0
LAW EA 401,2023,5000.0
LAW EA 401,2024,5000.0
LAW EA 401,2025,5000.0
LAWLE--496,2026,5349.01
LAYMR--450,2024,2412.77
LEADC  148,2023,57089.2
LEADC  148,2024,1950585.6
LEADC  148,2025,1121074.5
LEADC  148,2026,109358.36
LEADC--181,2023,285.0
LEADC--181,2024,919540.0
LEADC--181,2025,17882.25
LEADC--181,2026,183.0
LEADS--490,2023,2515.68
LEADS--563,2025,13282.49
LEADS--563,2026,4.87
LEADS--569,2025,66442.23
LEADS--569,2026,4.87
LEBED  163,2026,3747.23
LEBER  632,2023,15267.54
LEBOA  638,2024,3424.31
LEBOJ--155,2025,5579.38
LEDDE--702,2025,2166.32
LEE C  006,2025,177339.6
LEE-A--000,2025,27917.72
LEE-C--026,2025,8927.46
LEE-C--026,2026,20491.35
LEE-C--069,2025,47599.38
LEE-C--313,2025,47579.15
LEE-C--699,2025,1586.27
LEE-C--786,2025,86424.58
LEE-C--943,2025,1571.27
LEE-J--077,2025,994.45
LEEN0--165,2024,3839.91
LEGAC--004,2023,1354.5
LEGAC--004,2024,308248.42
LEGAC--004,2025,1601.0
LEGAC--004,2026,69.0
LEHRK--302,2023,16070.73
LEICJ--175,2026,504.34
LEIGJ  163,2025,9989.55
LEJES--274,2025,2200.5
LEKAD  232,2023,16976.25
LEKAD  232,2024,79142.6
LEKAD  232,2025,5405.07
LEKAD  232,2026,21731.74
LEMOT--280,2025,2250.0
LEMUT--473,2023,357.12
LENTE  663,2025,6735.0
LERMT--390,2025,6498.1
LERMT--390,2026,451.9
LERVJ--047,2026,13277.97
LESHD--318,2025,273.43
LETID--958,2024,191883.32
LETID--958,2025,250.0
LETID--958,2026,48128.23
LEUTR--032,2023,6768.59
LEUTR--032,2024,91.0
LEUTR--032,2025,15791.61
LEVIC--087,2024,18851.82
LEVIJ--895,2026,653.65
LEVYC--435,2025,2907.23
LEVYC--435,2026,2085.75
LEVYG--811,2023,2808.21
LEVYK--407,2024,6180.69
LEVYP--255,2023,9871.66
LEVYP--255,2024,8537.91
LEVYY--732,2025,12740.16
LEWAK--508,2026,5090.26
LEWAL--607,2025,64630.51
LEWIA  119,2023,212069.94
LEWIA  119,2024,2500.0
LEWIDC 532,2023,2879.09
LEWIDC 532,2024,9844.35
LEWIDC 532,2025,14668.65
LEWIDC 532,2026,8175.67
LEWIDCE532,2023,20.0
LEWIDCE532,2025,5.0
LEWIM--168,2023,2578.51
LEWIR--584,2026,5247.24
LEWIRC 596,2023,44551.93
LEWIRC 596,2024,53203.63
LEWIRC 596,2025,23083.2
LEWIRC 596,2026,25512.0
LEWIS--682,2025,267.13
LEWIS--682,2026,2318.26
LEY J  687,2024,22499.41
LEY J 687,2026,28022.59
LI--W--987,2023,1268.01
LIBEP--264,2024,18351.75
LIBEP--264,2025,100.03
LIBEP--264,2026,12736.23
LIBEPW 133,2023,41428.56
LIBEPW 133,2024,30313.27
LIBEPW 133,2025,16711.03
LIBEPW 133,2026,26797.41
LIBRC--920,2023,3544.89
LIBRV--881,2025,9339.32
LIBRV--882,2025,52026.33
LIBRY--137,2026,10586.28
LIBRY--412,2025,5351.14
LIBRY--746,2026,188827.77
LIFEUP 105,2023,6896.46
LIFEUP 105,2024,4921.62
LIFEUP 105,2025,3287.71
LIFTC--811,2024,661.24
LIGHE--632,2024,4258.9
LIIAM  204,2023,13827.02
LIIAM  204,2024,23399.83
LIIAM  204,2025,77098.48
LIIAM  204,2026,163655.62
LILLK--016,2026,3701.9
LILLM  225,2024,289.57
LILLM  225,2025,28279.89
LILLN  926,2025,9360.79
LIN A  823,2026,1959.05
LIN-E--284,2025,220809.84
LIN-E--284,2026,2521.92
LINBJ  580,2024,11955.51
LINBJ  580,2025,745.93
LINBJ2 580,2025,5842.58
LINDD  520,2026,7873.24
LINDL--836,2024,53418.95
LINDP--290,2025,33000.41
LINDP--290,2026,681.84
LINER--252,2025,12616.73
LIPPT--188,2026,258.68
LIPTM--748,2026,1566.54
LIRAC--394,2023,255.0
LISBJ  117,2023,2081.98
LISOR--800,2025,3129.45
LITTM--377,2026,20235.02
LITTM--607,2024,34260.33
LITZR  328,2024,52090.12
LIU-K--724,2026,2500.0
LLAFN  664,2023,0.0
LLC-W--051,2025,144155.06
LLC-W--051,2026,4690963.9
LLOYS--132,2024,601.0
LOCAGP 507,2023,30690.0
LOCAGP 507,2024,84760.11
LOCAGP 507,2025,42981.87
LOCAGP 507,2026,90892.26
LOCAIA 082,2023,6397.5
LOCAIA 082,2024,2913.0
LOCAIA 082,2025,2893.0
LOCAIA 082,2026,1000.0
LOCKN  223,2025,8347.0
LOCKS--691,2024,15552.0
LOCKS3-691,2024,13057.77
LOGAM  203,2025,38542.19
LOGAS  223,2023,21.85
LOGAS  223,2024,452.09
LOGAS  223,2026,1846.45
LOM--481,2025,8125.27
LOMBJ--087,2026,43575.35
LOMBV--953,2023,6190.83
LONEJ  404,2023,634.4
LONEJ  404,2024,33340.86
LONGCQ 632,2023,95.81
LONGCQ 632,2024,9649.62
LONGCQ 632,2025,577.96
LONGCQ 632,2026,6283.35
LONGD  216,2023,10503.72
LONGD  216,2026,5449.59
LONGJ--623,2026,25802.4
LONGR--357,2023,7042.05
LONGR--357,2025,9333.91
LONGS--813,2024,30.0
LONGV--406,2023,3041.7
LOTHL--549,2025,984.0
LOTTB--857,2023,8774.13
LOTTB--857,2024,5022.99
LOTTB--857,2025,15949.32
LOUTN--080,2023,8791.94
LOVEE  221,2023,2401.86
LOVEE  221,2024,130442.97
LOVEE  221,2025,33227.76
LOVEE  221,2026,2467.83
LOVEJ--906,2023,20419.23
LOVIJ  012,2023,77203.51
LOVIJ  012,2024,7001.0
LOVIJ  012,2025,6457.59
LOVIJ  012,2026,49372.63
LOW SE 258,2023,3875.67
LOW SE 258,2024,236342.35
LOW SE 258,2025,83603.18
LOW SE 258,2026,121855.66
LOWECR 632,2023,4512.06
LOWECR 632,2024,13410.3
LOWECR 632,2025,566.48
LOWECR 632,2026,4040.44
LOWRN  371,2024,1281.0
LSPACO 848,2023,26053.15
LSPACO 848,2024,21770.43
LSPACO 848,2025,10173.31
LUCAC  366,2023,10625.38
LUCAD  220,2026,13981.08
LUIKR--216,2023,15038.21
LUNDK--224,2023,95498.09
LUNDK--224,2024,43.52
LUNDM  922,2023,16941.95
LUNDS  902,2023,7834.47
LYEBK--042,2024,7687.83
LYKIB--335,2025,523.91
LYKIB--335,2026,24955.01
LYOND--939,2024,72339.06
LYOND--939,2025,163724.78
LYOND--939,2026,5514.85
LYONJ--322,2025,64616.36
LYONJ--322,2026,4833.38
LYONP  272,2026,77.0
MACDB--907,2025,2660.65
MACDN--574,2023,3967.16
MACED  592,2023,624.88
MACED  592,2024,111.61
MACED  592,2025,3959.25
MACED  592,2026,40117.75
MACIK--808,2023,9591.85
MACKK--861,2025,46200.34
MACKK--861,2026,-377.34
MACKM--101,2023,1375.9
MACKM--101,2024,28324.33
MACOS  117,2023,28412.28
MACPA  390,2023,66398.0
MACPA  390,2024,120148.0
MACPA  390,2026,4526.0
MACRN  109,2023,6262.01
MACRN  109,2024,150622.13
MACRN  109,2025,6084.15
MACRN  109,2026,68874.15
MADEG--142,2025,59752.07
MADRD  501,2023,3200.14
MADRD  501,2024,500.0
MADSH--109,2024,5166.11
MADSW  352,2023,13635.36
MAGEC  027,2024,28508.24
MAGEC  027,2025,389363.41
MAGEC4 027,2024,57757.09
MAGNDC 210,2026,668.93
MAHNB--814,2025,1734.3
MAHNJ  163,2025,2951.7
MAIEK--354,2023,1540.54
MAIET--276,2026,25001.53
MAINSM 507,2024,2292082.12
MAINSM 507,2025,3938.69
MAINSM 507,2026,2254.48
MAKAA--734,2024,100294.88
MALAM--420,2023,79613.27
MALAM--420,2024,1598.72
MALAM--420,2025,1005.48
MALAM--420,2026,426.0
MALEJ--177,2025,27122.19
MALIC--009,2023,9594.08
MALIC--009,2025,57381.6
MALIC--009,2026,80.0
MALLJ  109,2025,161804.35
MALPL--340,2024,35585.9
MANIL--712,2023,13958.13
MANIL--712,2024,406.85
MANIL--712,2025,4229.39
MANIL--712,2026,49884.1
MANJD  909,2024,183720.54
MANJD  909,2025,5796.09
MANJD  909,2026,60032.28
MANKM--628,2025,11852.46
MANND  115,2026,600.0
MANNK--599,2025,5777.17
MANNR--007,2025,80881.86
MANUHC 501,2023,17562.96
MANUHC 501,2024,110545.46
MANUHC 501,2025,7610.55
MANUHC 501,2026,1816.0
MARIJ  275,2025,29156.01
MARIV--119,2025,46455.36
MARIV--119,2026,1541.96
MARIY--955,2026,902.01
MARKA--360,2023,500.0
MARSA--248,2023,15992.54
MARSJ  028,2025,13514.92
MARSM--558,2024,35143.84
MARSM--558,2025,800.0
MARSM--558,2026,53337.23
MARSM--589,2025,300.0
MARSM--596,2024,246861.93
MARSR--464,2024,2000.0
MARTB--425,2026,6386.75
MARTC--504,2026,4243.34
MARTD  138,2023,7069.47
MARTD--792,2023,2620.05
MARTD--837,2025,9720.11
MARTD--837,2026,16406.31
MARTE--843,2025,5791.8
MARTE--901,2025,1561.1
MARTJ  148,2023,1541.65
MARTJ--040,2023,10951.65
MARTJ--040,2024,0.0
MARTJ--045,2023,32540.08
MARTJ--932,2025,7300.92
MARTR--133,2025,2207.09
MARTR--133,2026,2590.96
MARTR--277,2023,3152.8
MARTR--277,2024,4060.18
MARTR--613,2024,3187.38
MARTR--675,2025,8880.01
MARTS--869,2024,10267.42
MARVC--715,2025,57.31
MARXK  168,2023,28440.28
MARXK  168,2024,1668.8
MARYB--673,2023,57885.43
MARZR  466,2025,1500.0
MASAF--084,2026,13000.75
MASODCN584,2023,22072.83
MASODCN584,2024,39842.19
MASODCN584,2025,34143.93
MASODCN584,2026,26997.8
MASORC 584,2023,28318.23
MASORC 584,2024,44495.65
MASORC 584,2025,15427.97
MASORC 584,2026,29168.71
MASORW 584,2023,9962.34
MASORW 584,2024,12795.81
MASORW 584,2025,656.81
MASORW 584,2026,19044.53
MASSA--336,2023,407.0
MASSM  338,2024,17486.69
MASTE--246,2023,-50.0
MATAI--874,2025,14652.87
MATAI--874,2026,35.31
MATAS--166,2025,20105.23
MATHA--110,2023,3943.43
MATSY  198,2023,8670.15
MATTD  275,2024,47247.04
MATTG--912,2026,4738.39
MATUD--847,2026,12359.46
MAUCK--733,2023,0.0
MAUCK--733,2026,5277.75
MAUEM--744,2023,27996.91
MAURA--044,2025,7073.43
MAYBJ--362,2024,26196.17
MAYCJ  504,2023,68532.95
MAYCJ  504,2024,22090.23
MAYCT--949,2025,5396.14
MAYET--452,2026,5462.06
MAYHJ  065,2024,147840.4
MBOYM--253,2026,43739.72
MCAUM  225,2023,21168.55
MCBEI--940,2026,13166.72
MCCAA--528,2024,3025.42
MCCAA--528,2025,2549.35
MCCAA--528,2026,185.68
MCCAA--627,2025,7772.73
MCCAE  816,2023,5527.59
MCCAG  620,2023,4622.11
MCCAG  620,2024,37170.0
MCCAG  620,2025,3336.41
MCCAJ  406,2025,60823.31
MCCAJ  406,2026,108.0
MCCAP  406,2023,1065.69
MCCAP  406,2024,42942.93
MCCAP  406,2025,2024.15
MCCAP  406,2026,600.0
MCCAP--461,2025,6044.4
MCCAW  173,2024,18424.39
MCCLD--259,2024,4215.42
MCCLJ  391,2023,1985.36
MCCLL  501,2024,24917.54
MCCLL  501,2025,6.01
MCCLM  332,2023,673.04
MCCLS  104,2023,3149.0
MCCLS  104,2024,23870.08
MCCLS  686,2023,2479.98
MCCLS  686,2024,205555.78
MCCLS  686,2025,3476.18
MCCLS  686,2026,38970.09
MCCOC--734,2023,6939.73
MCCOD  177,2023,2588.6
MCCOE--597,2026,23.12
MCCOJ--444,2023,1894.2
MCCOP--915,2025,11642.68
MCCOP--915,2026,37583.35
MCCOR  109,2024,3337.22
MCCOS--487,2025,65.0
MCCOT  604,2026,17665.52
MCCRE--238,2025,1798.5
MCCRS--619,2024,8153.87
MCCUJ  198,2024,70194.88
MCDAP--560,2025,3287.04
MCDAP--560,2026,3189.58
MCDED  273,2023,1877.2
MCDEJ  136,2023,10605.88
MCDOA--544,2023,933.36
MCDOC--623,2026,6577.63
MCDOD--181,2023,2231.5
MCDOP--426,2025,3500.0
MCDUS--390,2025,10567.3
MCENA  663,2024,2762.86
MCENA  663,2025,40112.06
MCENJ  612,2023,658.18
MCENJ  612,2024,22888.18
MCENJ  612,2025,1126.9
MCENJ  612,2026,19173.07
MCGHA--501,2023,11060.62
MCGHA--501,2024,29.0
MCGLR  210,2023,6005.06
MCGOJ  296,2025,75.0
MCGOM  597,2025,3790.69
MCGRW  503,2023,21883.05
MCHAJ--061,2024,2873.91
MCHEA  019,2025,3168.2
MCINP--686,2023,469.76
MCINP--686,2024,500.0
MCIRR  058,2025,14512.87
MCIRR  058,2026,1200.0
MCKEC--618,2026,6962.7
MCKNM--247,2025,840.77
MCKNM--247,2026,10404.25
MCLAJ  632,2023,9178.18
MCLEI--529,2024,67639.93
MCLET  168,2023,37284.61
MCLET  168,2024,3471.19
MCLET  168,2025,232.92
MCLET  168,2026,435.39
MCMAB--874,2025,4244.69
MCMAC--700,2023,3431.61
MCMAC--700,2025,412.85
MCMOP--761,2025,13669.05
MCMUC  206,2023,12679.04
MCMUC  206,2024,1799.53
MCNED--847,2023,6316.8
MCSHE--941,2024,2456.48
MCVEK--410,2024,30733.81
MEADCA 218,2023,10691.39
MEADCA 218,2024,32619.12
MEADCA 218,2025,956.12
MEADCA 218,2026,497.32
MEADJ  012,2023,6756.85
MEADJ  012,2024,7288.15
MEADJ  012,2025,18072.86
MEADJ  012,2026,10179.76
MECHCA 407,2023,13625.0
MECHCA 407,2024,50400.0
MECHCA 407,2025,20485.0
MECHCA 407,2026,166.0
MEDIB--965,2026,676.88
MEEHB--336,2025,7578.92
MEEHB--336,2026,210.0
MEEKA--114,2025,4590.71
MEJIC--507,2024,8213.21
MEJIC--507,2025,1050.35
MEJIC--507,2026,47367.51
MELLR  405,2023,3979.71
MELLR  405,2024,1029.6
MELLR  405,2025,31446.43
MELLR  405,2026,13702.19
MELLR2 405,2023,4830.37
MELLR2 405,2024,482736.71
MELMJ--888,2024,5827.31
MELOC--814,2026,102097.6
MENAS  504,2023,22493.38
MENAS  504,2024,75482.28
MENAS  504,2025,9742.18
MENAS  504,2026,63729.64
MENAS2 504,2026,59352.94
MENCG--285,2025,1227.56
MENDM  930,2024,161435.11
MENDM  930,2025,29003.14
MENDM  930,2026,70216.92
MENLE--696,2023,7627.15
MENLE--696,2026,5174.17
MENSS  502,2026,5802.45
MENZW--213,2023,10478.33
MENZW--213,2024,13541.09
MERCIS 040,2023,8358.59
MERCIS 040,2024,411.49
MERCIS 040,2025,20340.05
MERCIS 040,2026,167.17
MERCK--910,2026,21292.7
MERFN--004,2026,10465.52
MERICE 248,2025,1314.05
MERKA  206,2023,6802.07
MERKA  206,2024,4919.43
MERRM--808,2026,9805.8
MHAMF--509,2024,30.0
MIESD--212,2025,135.76
MILEB--789,2025,2485.9
MILEB2-940,2025,7440.0
MILEG--454,2023,8081.39
MILEJ--637,2024,3674.03
MILIS--918,2023,511.55
MILLA--443,2023,3325.33
MILLA--481,2025,1581.85
MILLB--456,2023,7776.96
MILLG--509,2024,34152.18
MILLG--917,2026,28728.98
MILLJ  336,2023,15837.51
MILLJ--876,2026,1579.57
MILLL--693,2025,2641.21
MILLM  072,2023,6327.47
MILLM--257,2024,28691.15
MILLM--422,2023,3722.19
MILLM--786,2023,602.58
MILLN--485,2026,5414.63
MILLP--916,2024,13829.9
MILLR--146,2024,22207.89
MILLR--146,2025,2293.11
MILLR--655,2026,2723.69
MILLS--038,2023,2375.79
MILLT--835,2025,1662.0
MILND  301,2023,4800.0
MINGN--426,2023,16483.21
MINGN--426,2024,192.98
MINGN--782,2025,582.84
MINNS--010,2024,5854.86
MISTD  520,2024,9344.25
MISTD  520,2026,4062.37
MITCK--130,2023,2607.0
MITCK--130,2024,1305.44
MITCK3-130,2024,200.0
MITCT--871,2024,199844.45
MITNM--246,2023,8849.09
MITTS--092,2026,8966.44
MITTS--182,2025,105.0
MIZRJ--064,2025,55506.75
MIZRJ--064,2026,599.78
MNDES2-226,2025,23405.2
MOAKT  336,2023,294.0
MOAKT  336,2025,39.73
MOBLK--926,2025,3448.59
MOCHM--941,2023,600.0
MOHAH--168,2025,62676.62
MOLLJ--081,2025,3386.45
MONTH--037,2023,59.45
MONTT--237,2023,571.5
MOODB--206,2023,359.95
MOODJ--942,2024,5340.27
MOONC--129,2026,3200.0
MOONJ--673,2023,1370.22
MOONJ--673,2024,10230.4
MOONJ--673,2026,19368.46
MOORB--918,2026,1792.58
MOORC  148,2023,16626.84
MOORC--151,2023,164203.63
MOORC--151,2024,8736.81
MOORC--978,2025,2997.01
MOORE--019,2023,85159.31
MOORE--019,2024,6666.69
MOORK--301,2024,5062.37
MOORK--301,2025,91923.19
MOORK--301,2026,7.06
MOORM  023,2025,18914.17
MOORM--831,2026,415.04
MOORS--148,2025,25211.8
MOORS--148,2026,221.19
MORAJ--542,2023,12013.06
MORAJ--542,2024,2204.94
MORAJ--542,2025,24587.56
MORAK  353,2023,12441.15
MORAT  102,2023,206799.24
MORED  374,2024,10000.0
MORGM  444,2023,3279.44
MORGM  444,2024,97015.93
MORGM  444,2025,25099.84
MORGM  444,2026,54019.58
MORIC  403,2025,7137.28
MORIP--746,2023,97826.85
MORIP--746,2024,5120.89
MORRJ--235,2023,1158.47
MORRM--336,2026,11597.19
MORRQ--023,2023,171.32
MORRQ--023,2024,28403.79
MORRQ--023,2025,1576.12
MORRQ--023,2026,1003.26
MORSS  816,2023,0.0
MORTJ--001,2026,5599.86
MOSBP  672,2026,2180.54
MOSQT  102,2023,174084.48
MOSQT  102,2024,2091.13
MOSQT  102,2025,12428.37
MOSQT  102,2026,96621.36
MOULC--221,2025,21612.7
MOVIK--758,2026,7956.12
MOYNK--774,2026,12046.78
MUGAM2-779,2025,9035.47
MUGAM2-779,2026,1023.39
MULKK  362,2025,3070.3
MULLM  027,2023,74261.57
MULLM  027,2024,184.24
MULLM  027,2025,54920.79
MULLM2 027,2023,156950.09
MULLM2 027,2024,861381.42
MULLM2 027,2025,495.35
MULLM2 027,2026,240.0
MULLR  301,2024,2987.75
MULLR  541,2024,14109.58
MULLR  541,2026,1765.8
MULMF--372,2023,2437.6
MUNGS--867,2023,4132.69
MUNGS--867,2024,563183.98
MUNGS--867,2025,317.46
MUNSB  604,2025,523.52
MUNSO--610,2026,5105.51
MURIR  388,2025,3139.56
MURPJ--380,2023,5801.4
MURPJ--380,2024,492.3
MURPM--255,2025,2693.17
MURPM--255,2026,2494.17
MURPP--047,2026,9130.37
MURPS  203,2024,15413.01
MURPS  203,2025,310317.92
MURPT--930,2025,8766.11
MURPT--930,2026,31054.91
MURRJ  504,2025,344.69
MURTJ  290,2024,1457.14
MUSGA--078,2025,29.3
MUSGA--078,2026,8511.32
MUTCJ  248,2023,14871.68
MUTCJ  248,2024,3217.67
MUTCJ  248,2025,5936.9
MUZZR  277,2023,141434.44
MUZZR  277,2024,818987.02
MUZZR  277,2025,8326.1
MUZZR  277,2026,1307.71
MYERB--415,2026,32750.0
MYERC--501,2023,3742.41
MYERD  837,2026,5646.6
MYERJ--671,2023,13798.63
MYERN--951,2025,5898.23
MYFAM--391,2023,15151.34
MYFAM--391,2024,751.1
MYFAM--391,2025,504.3
MYFAM--391,2026,1240.0
MYRES--191,2024,50204.7
MYVOTE 101,2023,93100.26
MYVOTE 101,2024,119367.67
MYVOTE 101,2025,137340.17
MYVOTE 101,2026,3227.5
NADLE--807,2023,13086.57
NAGAC--511,2025,7201.54
NANCG--025,2023,15692.16
NANCG--025,2024,137165.39
NANCG--025,2025,1328.71
NANCG--025,2026,28066.7
NANDJ  037,2023,602.44
NANDJ  037,2025,6665.14
NANDJ  037,2026,31095.75
NAPUT--023,2026,7826.07
NASHC--129,2025,128.9
NASSC  110,2023,4639.78
NASSC  110,2024,74647.49
NASSC  110,2026,2028.0
NASSC3 110,2024,77876.69
NASSC3 110,2025,3877.38
NASSC3 110,2026,600.0
NATIFI 501,2023,3000.0
NATIFI 501,2024,36416.0
NATIFI 501,2025,6046.0
NATIFI 501,2026,26400.0
NATIIO 020,2023,202580.18
NATIIO 020,2024,71619.84
NATIIO 020,2025,264179.88
NATIIO 020,2026,52533.73
NATIW  109,2023,1550.0
NATIW  109,2024,8000.0
NAVAR  908,2023,2485.92
NEALJ--612,2026,4559.94
NEATR  528,2024,15910.09
NEGUS--168,2023,9448.42
NEHRJ  270,2023,2935.22
NEHRN  292,2023,6380.55
NEHRN  292,2024,18328.81
NEHRN  292,2025,437522.03
NEIGC--457,2024,500.0
NEIGFS 115,2023,1591.29
NEIGFS 115,2024,1846.92
NEIGFS 115,2025,874.52
NELSG--060,2023,550.0
NELSJ--347,2024,273.32
NELSM  020,2023,30215.9
NELSM  020,2024,17.6
NELSM  020,2025,9230.69
NELSS  104,2024,4712.34
NELSS  104,2025,622794.57
NELSS  104,2026,1450.8
NELSS--090,2026,25632.12
NEMEE--417,2023,6575.64
NEW DP 103,2023,253245.67
NEW DP 103,2024,4669733.2
NEW DP 103,2025,2417481.21
NEW DP 103,2026,929685.09
NEWMA--187,2025,22330.05
NEWSG--159,2026,70710.5
NEWSS--188,2024,9352.0
NEWSS--188,2025,1842.16
NEWSS--188,2026,483.26
NGEZG--587,2023,8564.89
NGUYJ  102,2023,5622.18
NGUYJ  102,2024,-3785.25
NGUYJ  102,2025,23906.01
NGUYJ  102,2026,81882.15
NICHM  362,2023,197.9
NICHM  362,2026,2677.2
NICHW--289,2025,32838.23
NIEDN--504,2023,4808.76
NIELG--461,2025,2131.14
NIELS  360,2023,3018.38
NIEMS--184,2026,2506.75
NIEUJ  008,2023,1152.04
NIEUJ  008,2024,1666.72
NIEUJ  008,2025,148165.25
NIEUJ  008,2026,2313.3
NILEG--525,2025,10115.04
NILET--682,2024,238590.17
NILET--682,2025,575.12
NIXOT  034,2023,12776.44
NOBLD--734,2026,109605.04
NOGUP  577,2026,7136.38
NOLAA--497,2023,25992.74
NOLAA--497,2026,25208.18
NOLAJ--364,2023,880.22
NORBS--997,2023,5668.66
NORQA--166,2024,50023.99
NORTCJ 004,2023,2557.5
NORTDP 119,2023,18000.3
NORTDP 119,2024,32418.71
NORTDP 119,2025,4045.39
NORTDP 119,2026,27431.11
NORTMT 103,2023,5265.9
NORTMT 103,2024,28100.0
NORTMT 103,2025,19200.0
NORTMT 103,2026,44700.0
NORTRO 168,2023,230030.0
NORTRO 168,2024,1040818.75
NORTRO 168,2025,232950.0
NORTRO 168,2026,219875.0
NORTSI 045,2024,134.85
NORTTC 503,2023,35614.92
NORTTC 503,2024,68774.16
NORTTC 503,2025,11213.14
NORTTC 503,2026,14627.14
NORTWT 101,2023,126.22
NOVAS  336,2023,3500.0
NOW-S--497,2024,20025.0
NOWAA  026,2023,10653.1
NOWAA  026,2024,251661.44
NOWAA  026,2025,11981.82
NOWAA  026,2026,70231.6
NOWEJ--719,2023,461.7
NOWEJ--719,2024,321.03
NOWEJ--719,2025,302.8
NOWEJ--719,2026,17312.83
NUCOP  106,2023,800.0
NUCOP  106,2024,18350.0
NUCOP  106,2025,1000.0
NUCOP  106,2026,2000.0
NUEVA--492,2023,37315.7
NUTTJ  981,2023,1257.12
NUXOJ--846,2026,1223.0
O'MAG--700,2025,995.78
O'SUK--470,2025,2464.82
OAKEG  223,2025,1212.5
OBANS  101,2023,254.23
OBANS  101,2024,1199.44
OBERK--003,2025,49062.41
OBEYC--038,2023,161878.57
OBRAE--594,2025,256375.26
OBRAE--594,2026,22804.55
OCAIM--028,2023,8807.1
OCHOG--021,2025,51965.33
OCOND--138,2023,18565.15
ODAYS  250,2024,67558.79
ODONS  194,2025,192.09
ODONS  194,2026,65221.91
ODP-O--804,2023,296.4
OFARR--476,2023,6081.64
OFFIPE 121,2023,8768.49
OFFIPE 121,2024,15728.66
OFFIPE 121,2025,8181.55
OFFIPE 121,2026,6706.33
OGANR  926,2025,6050.0
OHALV  059,2023,25728.95
OHALV  059,2025,344.89
OHALV  059,2026,268.0
OKANDC 116,2023,3637.99
OKANDC 116,2024,10907.74
OKANDC 116,2025,2710.91
OKANDC 116,2026,4638.18
OKANRP 841,2023,18281.09
OKANRP 841,2024,25447.5
OKANRP 841,2025,8232.68
OKANRP 841,2026,5575.26
OKOLE  165,2024,5571.59
OLEAJ--044,2025,17037.42
OLEAJ--044,2026,26274.89
OLENA--184,2025,869.46
OLIVH--448,2023,2347.38
OLIVH--448,2025,12303.2
OLIVS  248,2023,1365.32
OLOON--920,2026,1838.0
OLSOD  335,2024,153347.35
OLSOD  335,2025,27591.85
OLSOD  335,2026,102960.17
OLSOD  372,2023,8095.28
OLSOJ--467,2024,2000.0
OLSOJ--576,2026,16217.26
OLSOM--504,2023,1578.76
OLSOR  227,2024,2202.35
OLSOS--594,2026,989.4
OLSOS--952,2023,1906.07
OLSOV  020,2023,4889.67
OLSOV  020,2024,250.0
OLYMCS 501,2023,322.27
OLYMCS 501,2024,7061.59
OLYMCS 501,2025,1086.21
OLYMCS 501,2026,7668.21
OLYMV--572,2023,30816.7
ONEAVJ 144,2023,61606.55
ONEAVJ 144,2024,40510.8
ONEAVJ 144,2025,69440.97
ONEAVJ 144,2026,23082.72
ONEIJ--957,2023,241.55
ONEIJ--957,2024,45604.17
OPERS--536,2024,981.45
OPERS--536,2025,8578.23
OPERS--536,2026,4864.13
OPPOE--173,2025,6241.68
OPPOE--173,2026,809.6
ORAND  665,2023,30941.13
ORCUE  626,2023,5613.16
ORCUE  626,2024,67926.29
ORCUE  626,2025,54468.69
ORCUE  626,2026,68436.02
ORDOH--279,2023,55352.01
ORDOH--279,2024,156.68
ORDOH--279,2025,470.04
ORDOH--279,2026,195.85
OREBP--025,2025,9415.81
ORMST  210,2023,3060.63
ORMST  210,2024,120954.34
ORMST  210,2025,2753.22
ORMST  210,2026,3841.04
ORNAY--469,2023,3631.17
ORNAY--469,2024,68491.27
OROST--267,2026,5818.34
ORR G  206,2023,4930.29
ORR-D--210,2023,11205.5
ORROC--162,2025,11677.79
ORROC--162,2026,794.18
ORTIC--657,2023,3218.91
ORTIL  275,2023,7953.03
ORTIL  275,2024,86410.32
ORTIL  275,2025,6860.34
ORTIL  275,2026,44995.9
ORWAT  166,2023,1344.06
ORWAT  166,2024,140127.78
ORWAT  166,2025,27352.9
ORWAT  166,2026,73861.57
OSIAL  941,2024,1060.84
OSTNK--837,2023,461.36
OSULR  104,2023,4542.58
OSULR  104,2024,589.8
OSULR  104,2025,221049.24
OUR OC 004,2023,24.0
OUTCY--649,2023,43443.62
OUTLR--533,2025,21979.48
OVERB  201,2023,3262.67
OVERK  807,2024,1108.69
OVERS--221,2025,8857.37
OWENT--666,2023,8657.78
OWINB--667,2025,13991.56
OYEFA--860,2025,838.59
OZIAM  382,2023,3185.18
P23-G--696,2023,4728.92
PAC 48 663,2023,138057.6
PAC 48 663,2024,166265.0
PAC 48 663,2025,89857.0
PAC 48 663,2026,72318.39
PAC-1--783,2023,1686.33
PAC-1--783,2024,35463.0
PAC-1--783,2025,12113.0
PAC-1--783,2026,10963.0
PAC-A--642,2025,2054139.57
PAC-A--642,2026,1280074.15
PAC-A--902,2023,16440.81
PAC-A--902,2024,1814.96
PAC-B--551,2023,44.74
PAC-B--551,2024,55.26
PAC-B--728,2025,590.78
PAC-B--750,2025,15536.78
PAC-B--750,2026,10280.0
PAC-B--927,2024,11760.0
PAC-B--927,2026,2400.0
PAC-C--103,2023,12238.31
PAC-C--103,2024,50080.0
PAC-C--103,2025,6000.0
PAC-C--103,2026,12000.0
PAC-C--668,2023,104.0
PAC-C--668,2024,14706.96
PAC-C--668,2025,300.0
PAC-C--668,2026,2394.04
PAC-C--763,2026,3575.96
PAC-C--919,2026,4475.0
PAC-D--264,2025,5809.64
PAC-D--838,2024,1677.64
PAC-D--838,2025,5775.65
PAC-E--131,2023,51697.39
PAC-E--131,2025,46864.11
PAC-E--323,2025,1668.54
PAC-E--617,2025,4980.3
PAC-E--707,2025,51000.38
PAC-E--707,2026,300.0
PAC-F--203,2024,25050.0
PAC-F--335,2024,7965.47
PAC-F--335,2025,300.0
PAC-F--335,2026,3203.75
PAC-F--395,2023,11795.0
PAC-F--395,2024,39760.0
PAC-F--395,2025,59293.62
PAC-F--395,2026,9596.0
PAC-G--130,2024,3170890.0
PAC-G--130,2025,16125.55
PAC-H--028,2026,44157.84
PAC-H--114,2026,1969.0
PAC-H--763,2024,3297.0
PAC-I--331,2024,149281.52
PAC-I--331,2025,145540.53
PAC-I--331,2026,32306.05
PAC-J--738,2024,986.24
PAC-J--738,2025,1568.76
PAC-J--803,2023,96.31
PAC-K--998,2025,3091.32
PAC-L--117,2023,17.0
PAC-L--468,2023,510.0
PAC-M--264,2025,9307.52
PAC-M--538,2024,343.21
PAC-M--538,2025,1909.8
PAC-M--538,2026,1506.79
PAC-N--414,2023,38169.74
PAC-N--414,2024,18977.82
PAC-N--414,2025,37606.19
PAC-N--414,2026,6425.24
PAC-P--164,2023,3126.0
PAC-P--164,2024,5056.81
PAC-P--373,2025,205759.35
PAC-P--494,2023,9871.06
PAC-P--494,2024,45600.0
PAC-P--494,2025,4750.0
PAC-P--494,2026,25300.0
PAC-P--498,2024,389.0
PAC-P--574,2023,323.2
PAC-P--574,2024,309.2
PAC-P--574,2025,150.9
PAC-P--574,2026,276.0
PAC-P--835,2024,4530.3
PAC-P--835,2025,209.93
PAC-P--924,2023,8075.0
PAC-P--924,2024,2708.93
PAC-P--924,2025,6217.29
PAC-R--083,2025,15000.0
PAC-R--285,2023,440.0
PAC-R--285,2024,82195.55
PAC-R--285,2025,460.0
PAC-R--285,2026,82694.95
PAC-R--363,2024,131400.0
PAC-S--115,2023,88.4
PAC-S--115,2024,60.0
PAC-S--115,2025,439.35
PAC-S--115,2026,3127.5
PAC-S--290,2023,436.77
PAC-S--290,2024,741.0
PAC-S--296,2024,841082.35
PAC-S--334,2023,135147.85
PAC-S--727,2026,11.36
PAC-S--761,2023,1578.73
PAC-S--761,2024,1370.0
PAC-S--761,2025,5142.76
PAC-S--761,2026,6642.66
PAC-T--523,2023,1.04
PAC-T--838,2026,239.21
PAC-U--387,2023,336660.7
PAC-U--669,2024,1681.96
PAC-U--669,2026,172.32
PAC-V--384,2024,6060.0
PAC-V--384,2025,27559.92
PAC-V--384,2026,17380.08
PAC-W--062,2024,10033.71
PAC-W--167,2023,901.12
PAC-W--167,2025,215.64
PAC-W--167,2026,150.0
PAC-W--195,2023,3787.46
PAC-W--195,2024,1404.0
PAC-W--195,2025,4194.92
PAC-W--195,2026,1300.0
PAC-W--206,2024,155.1
PAC-W--206,2025,6869.09
PAC-W--206,2026,4803.02
PAC-W--226,2026,1612.05
PAC-W--302,2023,192.0
PAC-W--302,2024,10078.0
PAC-W--302,2025,192.0
PAC-W--302,2026,128.0
PAC-W--451,2023,94.0
PAC-W--451,2024,180.0
PAC-W--451,2025,30.05
PAC-W--617,2023,3646.86
PAC-W--711,2023,8461.0
PAC-W--711,2024,7761.82
PAC-W--711,2025,3572.35
PAC-W--711,2026,933.92
PAC-W--974,2026,34.51
PAC-W--994,2024,12133.79
PAC-W--994,2025,9773.38
PAC-W--994,2026,1107.55
PACIDC 577,2023,8300.29
PACIDC 577,2024,17326.49
PACIDC 577,2025,9008.98
PACIDC 577,2026,9557.96
PACIRP 577,2025,852.97
PACIRP 577,2026,1823.45
PACKN--380,2025,4426.04
PADDL--216,2025,25743.58
PADDM  216,2023,1150.39
PADDM  216,2024,36700.0
PADDS--246,2023,5122.0
PADDS--246,2024,478.75
PADDS--246,2025,541.9
PAINI--582,2025,1807.32
PAINI--582,2026,39414.5
PAINS  020,2023,23121.87
PALMH--584,2024,12297.06
PALML--321,2025,90875.2
PALML--321,2026,1196.31
PALMM--562,2023,7355.9
PALMS  901,2024,23176.38
PALMV--851,2023,27926.32
PALMV--851,2024,8715.4
PAMPM--645,2023,7002.42
PAPAB--917,2025,12632.12
PAPYA  188,2023,162.1
PARET--651,2023,18757.63
PARET--651,2024,1968.22
PARKC--366,2024,9989.12
PARKC--366,2025,128764.94
PARKC--564,2025,7815.34
PARKC--564,2026,5627.38
PARKG--214,2025,8316.72
PARKG--214,2026,67002.66
PARKS--607,2026,6776.08
PARKY--129,2025,12198.23
PARKY--636,2023,37020.69
PARKY--785,2023,3735.23
PARKY--785,2026,136199.35
PARSD--189,2023,10597.44
PARSD--189,2024,4.1
PARSL  022,2023,1887.44
PARSL  501,2024,84171.28
PARSL  501,2025,10882.57
PARSL  501,2026,64564.78
PART2--854,2023,377.7
PART2--854,2024,2521.51
PART2--854,2025,80.0
PART2--854,2026,60.0
PARTB--485,2023,45558.0
PARTC--154,2024,5501.6
PARTC--154,2025,16524.92
PARTC--154,2026,27119.07
PARTW--154,2023,1374.13
PASCJ  034,2025,92344.46
PASCO--301,2023,11926.39
PASZS--082,2023,5054.97
PASZS--082,2024,9043.92
PASZS2-082,2024,27966.78
PATCL--450,2025,1458.24
PATCL--450,2026,241.76
PATHB--781,2023,507.78
PATTS--230,2026,4174.56
PAULC--596,2025,5631.44
PAULC--596,2026,3756.93
PAULD  277,2023,3397.46
PAULD  277,2024,254205.34
PAULD  277,2025,4495.29
PAULD  277,2026,88892.04
PAULE  661,2025,3529.69
PAULH  383,2024,4933.91
PAULJ  245,2024,31135.05
PAVOG  057,2023,19611.77
PAVOG  057,2026,5025.65
PAYND--502,2023,22129.43
PAYNJ--785,2026,4834.24
PAYNT  335,2025,95969.91
PEACP--753,2023,4754.75
PEACP--753,2024,6821.0
PEACP--753,2026,6215.94
PEACP3-753,2024,27370.0
PEAQP--922,2024,6871.24
PEAQP--922,2025,2000.0
PEARA--500,2025,4857.04
PEARR--541,2023,15109.77
PECKK--592,2026,5507.95
PEDEE--011,2026,2774.39
PEDEJ  104,2023,646.5
PEDEJ  104,2024,803.07
PEDEJ  104,2025,9077.6
PEDEJ  104,2026,399956.65
PEDES  520,2023,3243.0
PEDES  520,2024,51003.04
PEETB  216,2024,16156.64
PELLM  093,2023,103050.11
PELLM  093,2024,347772.01
PELLM  093,2025,72190.95
PELLM  093,2026,51450.32
PELLR--090,2024,20199.37
PELOM  466,2023,13797.95
PELTM--277,2026,15649.93
PENCR--167,2023,6224.25
PENDOD 156,2023,3186.34
PENDOD 156,2024,10755.82
PENDOD 156,2025,3246.83
PENDOD 156,2026,3592.6
PENDOR 156,2023,2216.28
PENDOR 156,2024,6749.63
PENDOR 156,2025,2515.99
PENDOR 156,2026,4342.09
PENNJ  360,2024,84416.85
PENNJ  360,2025,844.27
PENNJ  360,2026,38399.08
PEOPJ  027,2023,2137.5
PEOPJ  027,2024,308942.13
PEOPJ  027,2025,1734.0
PEOPJ  027,2026,140219.57
PEOPPP 104,2024,250.0
PEOPPP 104,2025,200.0
PEOPPP 104,2026,50.0
PEPPL--906,2023,0.0
PERAL  337,2023,9894.44
PERAL  337,2025,6005.17
PERCH  201,2023,3414.51
PERED  683,2023,623.91
PERED  683,2024,848.4
PERED  683,2025,27919.98
PERED  683,2026,81399.4
PERED--896,2025,783.21
PEREE--957,2024,1724.24
PEREK--405,2025,39457.94
PEREK--405,2026,35322.32
PERER  055,2023,1131.99
PERER  055,2024,1200.0
PERER  055,2025,32520.96
PERER--385,2023,12754.13
PERES--950,2025,1518.99
PEREV--546,2023,2045.9
PERIM--381,2023,473.96
PERKH--958,2023,-132.67
PERKH--958,2024,4322.08
PERKS--663,2023,19121.6
PERMDP 073,2023,45.49
PERMDP 073,2024,2566.7
PERMDP 073,2025,20.0
PERMDP 073,2026,7249.11
PERMG  607,2023,3397.07
PERNA--032,2025,9341.15
PERNA--032,2026,3984.92
PERRB--935,2023,8189.95
PERRS--027,2023,6508.23
PERRS--027,2024,534.84
PERRS--027,2025,230517.7
PERRS--027,2026,4171.84
PERSI--101,2023,3646.4
PERSI--101,2024,3308.08
PERTE  201,2023,1000.0
PERTE  201,2024,250.0
PERTE  201,2025,500.0
PESTJ--613,2024,3898.14
PETEA--869,2023,3653.64
PETEC--177,2026,11392.22
PETEC--721,2023,2130.36
PETEE--863,2025,2619.77
PETEG  258,2025,9577.43
PETEJ--296,2025,2500.0
PETEK--583,2026,415.15
PETEP--166,2025,7702.68
PETES  026,2023,12011.87
PETES  026,2024,103649.47
PETES  026,2025,10036.78
PETES  026,2026,42002.83
PETES  277,2025,13000.0
PETES--600,2024,73292.51
PETRM--932,2023,8185.48
PETTC--369,2026,3643.83
PFEIC--028,2023,17703.07
PFEIC--028,2024,140.43
PHAMH--758,2026,16725.25
PHELJ--581,2026,2052.3
PHILJ--354,2024,31064.38
PHILJ--354,2025,0.0
PHILL  507,2023,8782.04
PHILR--325,2026,242.42
PHYSAP 121,2024,8400.0
PHYSAP 121,2025,7200.0
PHYSAP 121,2026,24000.0
PHYSEP 121,2023,400.0
PHYSEP 121,2024,54800.0
PHYSEP 121,2025,2000.0
PHYSEP 121,2026,20472.88
PICKA--921,2025,10856.19
PICKE  382,2023,-4245.53
PICKE  382,2024,67083.56
PIERAH 444,2023,7929.0
PIERAH 444,2024,128259.38
PIERAH 444,2025,106023.53
PIERAH 444,2026,6069.99
PIERCP 104,2024,4800.0
PIERCP 409,2023,4220.0
PIERCP 409,2024,3140.0
PIERCP 409,2025,3890.0
PIERCP 409,2026,160.0
PIERDC 411,2023,11370.5
PIERDC 411,2024,42210.3
PIERDC 411,2025,22707.35
PIERDC 411,2026,16894.8
PIERRC 402,2023,173555.82
PIERRC 402,2024,571785.73
PIERRC 402,2025,350732.83
PIERRC 402,2026,115051.15
PIERRCE402,2024,210866.61
PIERRCE402,2025,351103.58
PIERRCE402,2026,25285.74
PIKEJ--666,2026,111579.54
PINKR--248,2025,3155.62
PINTM--678,2023,2752.96
PITTM--839,2026,13791.05
PITZJ--997,2025,1093.83
PLANN--202,2023,38879.54
PLANN--202,2024,61780.66
PLANN--202,2025,40876.43
PLANN--202,2026,14173.88
PLANP  111,2023,31420.43
PLANP  111,2024,48173.84
PLANP  111,2025,8424.03
PLANP  111,2026,1966.03
PLESK--275,2023,258627.63
PLUMHC 146,2023,4179.55
PLUMHC 146,2024,39376.93
PLUMHC 146,2025,7669.82
PLUMHC 146,2026,8898.29
PLUMSF 301,2023,246832.15
PLUMSF 301,2024,311309.95
PLUMSF 301,2025,306439.63
PLUMSF 301,2026,261185.61
PMSAWS 104,2023,5456.57
PMSAWS 104,2024,839.97
PMSAWS 104,2025,95.08
POCKK  216,2024,1268.91
POCKK  216,2025,23837.11
PODPAC 115,2024,8700.0
PODPAC 115,2026,4750.0
POIRM  801,2023,70596.0
POLAA--366,2025,607.28
POLIM--855,2023,3996.4
POLIM--855,2024,93327.35
POLLG  115,2023,614.18
POLLG  115,2024,20969.3
POLLG  115,2025,507.7
POLLG  115,2026,138504.59
POLLL  596,2024,16055.93
PONDM  665,2026,37314.14
POOLA--944,2026,610.58
POOLC--640,2023,15700.0
POOLF--425,2023,4104.43
POPPJ--850,2026,276.3
POPPR--793,2023,92857.49
PORTAC 362,2024,7736.01
PORTB--880,2026,3828.33
PORTC--143,2026,1661.85
PORTC--467,2026,42.18
PORTP--915,2025,5097.0
PORTS--102,2026,1094.45
POTA P 501,2023,15015.0
POTA P 501,2024,75700.0
POTRJ--363,2025,7526.16
POTTD--549,2023,549.73
POTTD--549,2024,441.92
POULN--041,2026,5337.29
POWEC--650,2026,140602.29
POWEP--455,2024,193748.14
POWEP--455,2025,355256.65
POWEP--455,2026,86.54
POWEV--443,2023,4303.25
PRAKV--815,2025,71879.3
PRANJ--497,2025,25.35
PRANJ--497,2026,2893.25
PRATE--004,2026,7226.74
PRATS--822,2023,523.34
PRAVP--660,2023,1330.08
PREMS--755,2025,37817.1
PRESD  020,2023,1244.56
PRICA--184,2026,1187.3
PRINC--418,2024,336.35
PRINC--418,2025,143.65
PRINE  163,2023,25770.92
PROBD--163,2025,2795.92
PROGN--761,2023,29499.45
PROGN--761,2024,8559.68
PROGN--761,2025,33814.1
PROGN--761,2026,22966.33
PROGPS 513,2023,17691.87
PROGPS 513,2024,12350.25
PROGPS 513,2025,6470.0
PROGPS 513,2026,500.0
PROJT--510,2025,934.58
PROJW--559,2026,6091.75
PROLSP 111,2023,23933.84
PROLSP 111,2024,54304.4
PROLSP 111,2025,72851.74
PROLSP 111,2026,73432.7
PROMA--703,2024,5000.0
PROMI--666,2023,1205.0
PROMI--666,2024,35190.41
PROMI--666,2025,5636.7
PROMI--666,2026,7937.06
PROPRP 022,2024,10467.33
PROPRP 022,2025,2468.8
PROPRP 022,2026,20.07
PROSE--738,2024,265.96
PROTP--124,2023,0.0
PROTS--989,2023,561.41
PROTS--989,2024,849.71
PSILO--133,2023,1387.73
PSILO--133,2024,1452.81
PSILO--133,2025,1375.6
PSILO--133,2026,5259.79
PTSGCP 104,2023,10215.0
PTSGCP 104,2024,12332.82
PTSGCP 104,2025,13056.11
PTSGCP 104,2026,1352.72
PUBLSE 071,2023,121062.76
PUBLSE 071,2024,280206.14
PUBLSE 071,2025,98424.42
PUBLSE 071,2026,185571.75
PUGESC 133,2023,197257.59
PUGESC 133,2024,241100.0
PUGESC 133,2025,109100.0
PUGESC 133,2026,109764.0
PUGHW  390,2025,19511.37
PULLB--269,2025,2838.42
PULLB--269,2026,834.19
PUPIH--104,2024,3846.41
PUPIH--627,2023,113.0
PURCN  104,2023,20100.49
PURDD--819,2023,105780.9
PURVJ--401,2024,406.56
PUTAR  366,2023,13415.28
QUARD--684,2025,5845.98
QUIGT  520,2023,4000.0
QUINJ--314,2023,108.37
QUINT  401,2024,6749.68
QUIOC--030,2026,1453.79
QUIRE  682,2026,34334.15
RAABH  802,2023,120.0
RAAPK--414,2026,10280.27
RADESB 626,2024,33957.42
RADIC--507,2024,1723.2
RADIC--507,2025,46038.36
RAFFP--908,2025,8594.5
RAGHA--247,2025,21725.27
RAISE--449,2024,18091.0
RAISE--449,2025,3700.58
RAJCJ--562,2024,5292.2
RAJCJ--562,2025,470.0
RAKEC--142,2023,4541.08
RAKEC--142,2024,405.52
RALPD  031,2023,319.7
RALPD  031,2024,-1100.82
RALPD  031,2025,12073.23
RAMEA  109,2023,13750.02
RAMEA  109,2024,110870.46
RAMEA  109,2025,13095.76
RAMEA  109,2026,59115.38
RAMOB  027,2023,3417.54
RAMOB  027,2025,35757.02
RAMOB2 027,2023,5489.84
RAMOB2 027,2024,302873.13
RAMOJ2-333,2025,2806.11
RANCJ  292,2025,2000.0
RANDE  366,2023,14689.83
RANDE  366,2024,2376.8
RANDE  366,2025,148.75
RANDE  366,2026,7166.12
RANDJ--901,2026,2000.0
RANDP--820,2023,6414.01
RANDP--820,2024,6323.05
RANGP--532,2025,3038.95
RANKE--109,2023,12111.91
RASMC--979,2023,13942.71
RASMC--979,2024,3.0
RASMJ--247,2026,9037.36
RAVAC--784,2025,52322.59
RAVEL--560,2023,1663.83
RAWLJ--956,2025,6210.11
RAWLJ--956,2026,89.89
REACW  134,2023,614.4
REACW  134,2024,234.5
REACW  134,2025,24848.83
REACW  134,2026,3013.03
READE--217,2025,137285.29
READM  368,2025,11335.34
REAGF  507,2023,83822.12
REAGF  507,2024,1774773.23
REAGF  507,2025,157585.17
REAGF  507,2026,793533.54
REALJ--102,2023,6096.45
REALJ--102,2024,6406.15
RECAS--371,2026,2107.87
REDEM--964,2023,28988.19
REDIA--241,2025,22628.37
REDML  290,2025,14257.84
REEDJ--051,2023,8947.96
REEDJ--051,2024,100431.24
REEDJ--051,2025,2750.52
REEDJ--051,2026,20414.68
REEDR--102,2025,6333.8
REEDR--317,2024,125205.92
REEDT--507,2023,6287.47
REEDT--977,2023,28094.62
REEVK  093,2023,36674.03
REEVK  093,2024,244407.8
REEVK  093,2025,18084.2
REEVK  093,2026,62866.19
REEVT--119,2026,15928.14
REICC--624,2025,661.88
REICD--788,2023,760031.64
REICD--788,2024,5906780.37
REICD--788,2025,142210.14
REIDM--428,2025,4972.47
REIMA--468,2026,11013.63
RENTR--256,2023,74319.54
RENTR--256,2024,37721.55
RENTR--582,2024,5431.96
RENTR--582,2025,180.0
RENTSL 055,2025,11544.45
RENZM--792,2026,8611.53
REPAA--362,2024,2000.0
REPAA--362,2025,3078.83
REPAA--362,2026,0.0
REPU27 443,2023,2113.74
REPU27 443,2024,626.75
REPU27 443,2025,1439.74
REPUS  002,2023,284068.93
REPUS  002,2024,165428.87
REPUS  002,2025,4565.3
REPUS  002,2026,51800.22
REPUS--676,2024,8.0
REPUS--676,2025,507.08
REPUSC 214,2025,1120.0
REPUW--947,2023,15097.76
REPUW--947,2024,5003.68
REPUW--947,2025,4546.75
REPUW--982,2023,2409.47
REPUW--982,2024,4765.37
REPUW--982,2025,97.18
RESCF--741,2023,7485.04
RESCF--741,2024,130.0
RESCF--741,2025,4678.83
RESED--362,2023,1393.25
RESED--362,2024,2624.77
RESPEG 201,2023,131407.28
RESPEG 201,2024,115123.95
RESPEG 201,2025,154998.08
RESPEG 201,2026,61762.98
RESPR--762,2024,73344.37
RETAAC 507,2023,4800.0
RETAAC 507,2024,120700.0
RETAAC 507,2025,41450.0
RETAAC 507,2026,50550.0
RETIPE 501,2023,18170.21
RETIPE 501,2024,202872.0
RETIPE 501,2025,24894.13
RETIPE 501,2026,66054.3
REUTG  625,2024,29390.7
REWOR--510,2023,4906.72
REWOR--510,2025,19757.72
REYEP--937,2025,26524.52
REYKC  512,2023,12885.61
REYKC  512,2024,327479.31
REYKC  512,2025,6468.43
REYKC  512,2026,10414.7
REYNC  040,2023,15020.03
REYNR--666,2023,2503.0
REYNS--104,2023,195094.74
REYNS--104,2024,1639.35
REZAL--129,2024,11731.41
REZAL--129,2026,4709.89
RFA-F--052,2024,-8578.32
RFA-F--052,2025,24380.05
RFA-Y--577,2025,39137.34
RHODC  546,2025,192.0
RHODC  546,2026,6988.97
RHYNP--213,2025,31451.43
RHYNP--213,2026,7.06
RICCM  210,2023,118486.63
RICCM  210,2024,135879.5
RICCM  210,2025,10060.86
RICCM  210,2026,4460.03
RICCM2 210,2024,269745.62
RICEMJ 902,2023,1332.09
RICHA--650,2025,10861.64
RICHA--969,2023,3580.14
RICHA--969,2024,580994.09
RICHA--969,2025,32997.17
RICHA--969,2026,153405.3
RICHB--384,2026,9702.4
RICHB--889,2025,9021.0
RICHC--240,2026,1631.01
RICHC--817,2025,21890.48
RICHCG 352,2023,100.87
RICHJ--479,2026,2374.6
RICHK--271,2023,185.7
RICHK--837,2026,8374.84
RICHN--633,2023,16813.85
RICHN--633,2024,192.56
RICHT--352,2023,12724.77
RIDDS  155,2025,6966.92
RIELL  936,2025,8421.28
RIENJ--269,2025,63173.28
RIGGS  362,2026,1212.3
RILEC--990,2023,4498.11
RILEC--990,2024,30655.78
RILEC--990,2025,3.0
RILED--544,2024,7382.48
RINCA--624,2024,473880.8
RINCA--624,2025,313712.48
RIO-M--063,2026,19394.58
RIORD--184,2025,195.0
RIORD--184,2026,10090.5
RIOSY  580,2024,10342.38
RIOSY  580,2025,1400.0
RIPLV--468,2025,967.52
RITCJ  027,2023,54.81
RITCJ  027,2024,79093.8
RIVAH--678,2024,269.17
RIVEA  629,2023,7638.57
RIVEA  629,2024,65914.45
RIVEC--102,2023,73.77
RIVEC--102,2024,92.67
RIVEC--102,2025,74899.51
RIVED  031,2023,2345.34
RIVED  031,2024,5413.02
RIVED  031,2025,1330.25
RIVEL--134,2025,26496.33
RIVEL--134,2026,3695.67
RIVEM--706,2023,199829.24
RIVES--795,2025,4916.57
RIVESC 019,2023,156.0
RIVESC 019,2024,228.5
RIVESC 019,2025,1569.5
RIVESC 019,2026,6828.89
RIVESD 006,2023,380.41
RIVESD 006,2024,3889.85
RIVEW--165,2024,108534.2
ROACD  071,2023,14379.86
ROADK  020,2023,128363.24
ROADK  020,2024,638054.04
ROADK  020,2025,754874.37
ROADK  020,2026,415667.64
ROBEB  155,2023,1125.9
ROBEC  155,2025,26526.45
ROBEC  155,2026,27701.64
ROBEC--751,2023,14480.92
ROBEE--560,2023,3768.65
ROBEE--560,2024,232.58
ROBEK--544,2024,4515.83
ROBEM--705,2023,555.11
ROBEM--705,2024,20250.55
ROBES  036,2025,8045.0
ROBES--607,2024,2707.98
ROBET--487,2024,67167.46
ROBET--487,2025,0.0
ROBIE--148,2026,18558.38
ROBIJ  206,2023,4876.53
ROBIJ  206,2024,2310.98
ROBIJ  206,2025,4132.41
ROBIJ  206,2026,156133.98
ROBIJ--507,2023,5694.81
ROBIL  005,2023,79.32
ROBIL  005,2024,2263.66
ROBIL  005,2025,66985.9
ROBIR--417,2024,19046.73
ROBNM  401,2023,71.0
ROBSP--437,2024,102736.71
ROCKB--024,2023,1825.79
RODEL--332,2023,3359.7
RODRS  908,2023,19678.41
ROE-A--200,2023,1058.56
ROGEB  258,2023,10591.03
ROGER--412,2025,11073.26
ROGGH--850,2025,4108.91
ROGNJ--628,2023,750.0
ROHLR--077,2023,10441.46
ROHRL--388,2024,207233.32
ROHRL--388,2025,2450.0
ROMEJ  375,2023,5330.73
ROOTO--366,2024,72179.12
ROOZS--672,2026,7783.9
ROSEE--586,2026,700.0
ROSEM  144,2023,9223.65
ROSEM--289,2023,81345.7
ROSEM--487,2026,19444.21
ROSEN--329,2026,23912.45
ROSER  112,2023,700.0
ROSER  112,2026,10110.78
ROSSC  937,2026,18962.16
ROSSD--508,2023,7221.28
ROTHG--269,2026,17166.29
ROTTB--137,2023,1182.09
ROUSH  272,2025,5983.49
ROUSN--249,2025,178680.61
ROWLW--919,2025,2298.34
ROY-L--619,2023,5858.02
RUBIA--871,2025,27731.9
RUBIA--871,2026,0.0
RUDDC--101,2025,14100.76
RUDDC--101,2026,147.06
RUDES  504,2023,588.3
RUDES  504,2024,115510.9
RUDES  504,2025,826.07
RUDES  504,2026,16208.4
RUIZC--908,2023,19967.21
RULEA  230,2023,28675.91
RULEA  230,2024,438016.06
RULEA  230,2025,8588.11
RULEA  230,2026,76811.53
RUMBS--422,2023,31.96
RUMBS--422,2024,25.89
RUMBS--422,2025,38686.22
RUPPV--241,2023,1000.98
RUSEJ--479,2025,1428.31
RUTLM--455,2025,29315.14
RUTLM2-502,2026,2286.79
RUTTH--308,2023,5662.59
RUTTH--308,2024,980.38
RUTTJ  360,2025,550.0
RYDEA  503,2025,438.0
RYU C  133,2023,7434.71
RYU C  133,2024,144781.71
RYU C  133,2025,7382.83
RYU C  133,2026,6457.51
RYU C2 133,2025,13254.09
RYU C2 133,2026,96298.53
SAARR--196,2023,52322.32
SAARR--196,2024,307811.45
SAAVE  948,2024,14743.31
SABAK--569,2025,331.7
SACHG--630,2023,315.71
SACHG--630,2024,19563.92
SADAS--005,2025,65049.09
SAENA--823,2023,4668.03
SAFEI--685,2023,43462.16
SAFEM--594,2024,203.5
SAFEP--586,2023,20553.74
SAFESP 111,2023,77427.3
SAFESP 111,2024,163763.47
SAFESP 111,2025,72301.48
SAFESP 111,2026,81635.75
SAFEU--366,2023,2980.28
SAGAO--031,2023,86150.63
SAINJ--156,2026,43232.44
SAKAR--759,2023,235700.9
SAKAR--759,2024,1629.1
SALAO--391,2023,78218.25
SALAO--391,2025,201408.19
SALAO--391,2026,125135.97
SALDR  102,2023,72517.04
SALDR  102,2024,112600.04
SALDR  102,2025,61225.33
SALDR  102,2026,28024.62
SALDR2 102,2025,6496.98
SALDR2 102,2026,233968.6
SALOJ  227,2023,5469.38
SALOJ  227,2024,1756.98
SALOJ  227,2025,7452.27
SALOJ  227,2026,171258.03
SALTK--253,2025,13401.45
SALTK--253,2026,6101.94
SAMMS--772,2023,5894.9
SAMMS--772,2024,1000.0
SAMRH--480,2025,13553.25
SAMUV  563,2024,495.96
SANBM--247,2026,16099.78
SANCS--943,2024,81489.85
SANCT--332,2025,660.5
SANDB--793,2023,12130.38
SANDB--793,2024,23725.67
SANDC--380,2025,6382.41
SANDC--380,2026,82.06
SANDD--145,2023,1392.22
SANDD--145,2026,54730.16
SANDD--942,2024,3391.23
SANDM--068,2023,39347.86
SANDM--068,2024,57.99
SANDM--068,2025,1334.83
SANDR--756,2024,20525.72
SANGA--017,2023,6756.23
SANJDC 250,2023,1.42
SANJDC 250,2024,9903.53
SANJRC 250,2023,16433.97
SANJRC 250,2024,56771.36
SANJRC 250,2025,4654.73
SANJRC 250,2026,8817.6
SANTB--059,2024,2500.0
SANTB--059,2025,540.72
SANTC--013,2025,24591.77
SANTE--484,2025,3105.08
SANTS  118,2023,4160.29
SANTS  118,2024,63500.45
SANTS  118,2025,3632.76
SANTS  118,2026,85696.66
SANTS  301,2024,3077.17
SANTS  301,2026,2007.12
SAPPL--477,2025,1628.05
SARAJ--412,2024,122869.09
SARJM--102,2025,1991.54
SARLD  362,2025,1016.2
SARLD  362,2026,28165.0
SASSV--831,2023,7445.35
SATTA  115,2025,370310.96
SATTD  166,2023,21812.43
SAVAC  205,2023,8421.27
SAVAC  205,2024,2363.0
SAVAC  205,2025,112202.76
SAVAR--396,2025,7025.16
SAVAR2-396,2025,22445.63
SAVES--147,2025,685.0
SAVES--147,2026,4404.91
SAWKN--251,2023,1451.9
SAWKN--251,2025,939.49
SAWYA--489,2025,43.22
SCALA--022,2026,17359.67
SCANJ--243,2023,78090.6
SCANJ--243,2024,850.78
SCHAC--506,2024,70780.98
SCHAJ  008,2025,1520.35
SCHAJ  008,2026,14235.27
SCHAJ--092,2024,24746.47
SCHAL--667,2026,2156.05
SCHEJ--559,2023,9775.32
SCHES--788,2026,2061.29
SCHIB--698,2025,1790.14
SCHIC--275,2025,11861.33
SCHID--690,2023,1226.65
SCHIH--596,2025,22458.2
SCHIH--596,2026,404.49
SCHIK  062,2023,46321.98
SCHIK  062,2024,275.25
SCHIK  062,2025,292873.85
SCHIK  062,2026,288.66
SCHIP--510,2023,9179.35
SCHIP--510,2025,1457.76
SCHIT  944,2023,25.0
SCHLP--519,2025,21106.86
SCHLW--529,2023,108.0
SCHLW--702,2023,1471.27
SCHMJ  111,2023,22122.54
SCHMJ  111,2024,241597.13
SCHMJ  111,2025,20756.91
SCHMJ  111,2026,95640.0
SCHMJ--388,2024,2173.91
SCHMM--454,2024,48277.47
SCHMS  275,2025,11596.29
SCHMS--614,2023,17003.76
SCHMS--614,2024,104749.47
SCHMS--614,2025,11800.0
SCHMS--614,2026,33246.11
SCHMS2-614,2026,27965.61
SCHNC--748,2026,31251.39
SCHNL  110,2024,500.0
SCHO2--820,2024,9531.22
SCHOA--133,2023,1460.05
SCHOA--133,2024,5391.88
SCHOA--133,2025,8390.49
SCHOA--133,2026,2812.11
SCHOA--644,2024,8015.3
SCHOA--912,2026,12095.47
SCHOB--372,2024,4831.85
SCHOB--372,2025,18674.85
SCHOB--893,2026,24137.54
SCHOC--372,2026,9639.49
SCHOC--405,2026,256.7
SCHOC--521,2024,3331.98
SCHOC--521,2025,220.0
SCHOC--521,2026,1656.9
SCHOC--533,2023,1663.21
SCHOC--533,2024,4316.39
SCHOC--535,2023,276.0
SCHOC--535,2024,282.0
SCHOC--535,2025,6090.34
SCHOC--535,2026,5044.63
SCHOC--671,2025,4375.38
SCHOC--671,2026,2155.24
SCHOC--770,2024,276.0
SCHOC--770,2025,13815.49
SCHOC--812,2024,8351.45
SCHOC--842,2025,226.92
SCHOC--842,2026,2083.9
SCHOC--933,2023,937.21
SCHOC--933,2025,257.08
SCHOC--933,2026,11051.3
SCHOC--952,2023,3995.57
SCHOC--952,2024,27783.45
SCHOC--952,2026,245.7
SCHOFC 111,2023,2799.67
SCHOFC 111,2024,15000.81
SCHOFC 111,2025,164594.59
SCHOFC 111,2026,2214.44
SCHOM  169,2023,5837.98
SCHOM  169,2024,124435.3
SCHOM  169,2025,67684.58
SCHOM  169,2026,2112.94
SCHOP--002,2026,20078.62
SCHOP--963,2026,5591.48
SCHOS--062,2024,2712.06
SCHOS--152,2025,50.0
SCHOS--152,2026,2885.0
SCHOS--668,2023,1086.39
SCHOS--668,2024,84969.98
SCHOS--668,2025,1826.2
SCHOS--668,2026,557.58
SCHOV--995,2023,2097.9
SCHOW--142,2023,7801.43
SCHOW--142,2024,12534.24
SCHOY--120,2025,344.37
SCHOY--120,2026,11863.16
SCHOY--982,2023,5747.84
SCHOY--982,2024,3663.62
SCHOY--982,2025,1625.81
SCHOY--982,2026,5019.72
SCHRL--369,2025,6595.89
SCHRR--079,2026,22572.7
SCHUK--797,2023,342.23
SCHUK--797,2024,95.88
SCHUM--848,2023,4334.97
SCHUT--900,2023,4106.94
SCHWA  382,2023,20850.36
SCHWD--204,2023,196.6
SCHWD--204,2024,182.0
SCHWD--204,2025,6905.96
SCOTD  815,2024,601.91
SCOTJ  405,2023,59046.29
SCOTJ  405,2024,467.97
SCOTJ--190,2026,88125.27
SCOTJ--658,2024,5642.0
SCOTM--574,2025,4926.12
SCOTS  102,2024,141958.47
SCOTS  102,2025,11211.44
SCOTS  102,2026,3002.36
SCOTS--618,2023,109.9
SCREW--274,2025,14150.1
SCREW--274,2026,34669.85
SCULK  114,2023,891.0
SCULK  114,2025,5138.84
SCULK  114,2026,79774.84
SEANS--882,2024,12681.49
SEATA--188,2023,7545.13
SEATC--228,2023,52566.72
SEATF--046,2023,168227.2
SEATF--522,2024,202963.77
SEATF--522,2025,107.66
SEATFF 119,2023,18212.2
SEATFF 119,2024,7199.32
SEATFF 119,2025,52188.68
SEATFF 119,2026,6078.0
SEATGP 145,2023,51.88
SEATGP 145,2024,135.7
SEATGP 145,2025,177.96
SEATGP 145,2026,226.3
SEATK--108,2025,442731.3
SEATKA 109,2023,128507.74
SEATKA 109,2024,53768.86
SEATKA 109,2025,77908.53
SEATKA 109,2026,93745.2
SEATPO 134,2024,6000.0
SEATPO 134,2025,10850.0
SEATPO 134,2026,1500.0
SEATR--115,2023,297616.92
SEATR--497,2025,5760.53
SEATR--497,2026,1942.08
SEATRA 501,2023,58209.6
SEATRA 501,2024,33219.9
SEATRA 501,2025,44307.99
SEATRA 501,2026,4032.93
SEATS--823,2025,409678.93
SEATT--110,2024,2595.33
SEATT--110,2025,5000.0
SEATT--110,2026,628.0
SEATW--494,2023,91577.94
SEATW--494,2024,14.95
SEATY--951,2025,235332.59
SEEGJ--485,2025,7963.76
SEEGJ--485,2026,52948.55
SEETK--101,2025,34130.23
SEFZS--551,2023,179.15
SEHMJ--264,2023,1792.96
SEHMW--332,2023,1446.65
SEIDH  512,2023,6257.64
SEIUBF 104,2023,650878.1
SEIUBF 104,2024,9602223.06
SEIUBF 104,2025,2978032.11
SEIUBF 104,2026,1541270.87
SELFG--004,2025,95.0
SELFG--004,2026,234933.29
SENARC 148,2023,168214.99
SENARC 148,2024,1610520.28
SENARC 148,2025,514351.99
SENARC 148,2026,412851.78
SENFN--769,2025,1753.59
SENIY--329,2023,259563.07
SENIY--329,2024,1625.97
SENIY--329,2025,2354.21
SENNT  040,2023,10384.37
SENNT  040,2024,83505.84
SENNT  040,2025,5346.11
SENNT  040,2026,1138.63
SENSD--815,2025,2238.31
SENTT--424,2025,140.17
SERAT--396,2025,6822.27
SERRS  301,2023,52.14
SERRS  301,2024,470714.34
SERRS  301,2025,7362.81
SERVEI 003,2023,552837.63
SERVEI 003,2024,2439246.58
SERVEI 003,2025,1092730.2
SERVEI 003,2026,712131.41
SERVEI 103,2023,110274.59
SERVEI 103,2024,603875.44
SERVEI 103,2025,295235.16
SERVEI 103,2026,91123.38
SERVEI 121,2023,268396.0
SERVEI 121,2024,550307.0
SERVEI 121,2025,336688.77
SERVEI 121,2026,305371.48
SERVEI6134,2023,13200.0
SERVEI6134,2024,13425.1
SERVEI6134,2025,27350.0
SERVEI6134,2026,31050.0
SERVIF 121,2023,201667.3
SERVIF 121,2024,943286.0
SERVIF 121,2025,30740.34
SERVIF 121,2026,755426.21
SERVM--227,2025,6628.97
SESSL--649,2025,10813.03
SEVEC--363,2024,279850.5
SEVEC--363,2025,1769.23
SEVEC--363,2026,950.76
SEVEGP 111,2023,5293.0
SEWEA--511,2026,2048.9
SEXTS  233,2023,2837.94
SHADD  102,2026,869.68
SHAFJ  531,2025,9984.64
SHAFK--149,2024,1882.76
SHAPR--162,2026,2979.66
SHARA--245,2025,20876.65
SHARD--375,2023,39.77
SHARD--375,2024,50.0
SHART--168,2023,5.66
SHART--168,2024,150.0
SHART--168,2025,16670.27
SHAVC--630,2023,14035.8
SHAVC--630,2024,387459.12
SHAVC--630,2025,5947.64
SHAVC--630,2026,75974.43
SHAWG--744,2026,22837.87
SHAWL--694,2023,59426.07
SHAWL--694,2024,580.31
SHEAC--942,2023,2541.91
SHELD3-333,2024,2428.5
SHELD4-333,2026,2847.87
SHEPM  225,2025,7747.75
SHEPM  225,2026,98782.7
SHERA--056,2023,11907.01
SHERJ--021,2024,2146.74
SHERM  038,2025,9094.22
SHERN  218,2023,6.54
SHERR--356,2026,146.0
SHEWS  225,2023,11399.9
SHEWS  225,2024,5034.85
SHEWS  225,2025,602.28
SHEWS  225,2026,57565.82
SHEWS2 225,2023,107.07
SHIMM--780,2023,1516.72
SHIMM--780,2024,96949.85
SHIPB--676,2023,5035.17
SHIPK--275,2023,11907.03
SHOKS--674,2025,92198.81
SHORS  101,2023,108839.1
SHORS  101,2024,14950.98
SHORS  101,2025,1268.34
SHORS  101,2026,108937.9
SHRIV--016,2023,1860.25
SHRIV--016,2024,210.52
SHULB--977,2026,10201.05
SHUMM--222,2025,15653.85
SHUTK  504,2023,-4361.35
SHUTK  504,2024,14050.0
SIBLL--010,2025,8005.39
SIDDI--722,2026,69656.52
SIDEC--860,2025,540.35
SIDHS  264,2023,129584.5
SIEBK--313,2026,14433.74
SIERPW 122,2024,503.87
SIERPW 122,2025,2457.45
SIERPW 122,2026,5311.06
SIGME--656,2026,41958.35
SIGUM--350,2024,10842.76
SILLP  629,2026,18059.43
SILVS--971,2024,490.43
SIM-S--056,2024,22143.75
SIM-S--056,2025,25.32
SIMKD--938,2025,1632.91
SIMMJ--210,2023,6000.92
SIMMM--035,2023,491.74
SIMMS--301,2023,5500.0
SIMMT--393,2023,16512.11
SIMMT--393,2024,119279.39
SIMMT--393,2025,19994.53
SIMMT--393,2026,138542.17
SIMPE--813,2026,16846.41
SIMPK--206,2024,5880.92
SIMPM  802,2026,5338.38
SIMPM--458,2025,1470.76
SIMPS--386,2023,3406.8
SINCJ--744,2025,21292.12
SIU-R--443,2025,18988.31
SIVIN--771,2023,2500.0
SKAGDC 273,2023,29565.27
SKAGDC 273,2024,103017.03
SKAGDC 273,2025,67395.25
SKAGDC 273,2026,49679.17
SKAGIB 273,2023,5089.0
SKAGIB 273,2024,2635.0
SKAGIB 273,2025,256.0
SKAGRP 273,2023,113321.91
SKAGRP 273,2024,203418.49
SKAGRP 273,2025,90648.49
SKAGRP 273,2026,79729.42
SKALM--372,2023,6157.7
SKAMDC 648,2023,8729.69
SKAMDC 648,2024,51966.41
SKAMDC 648,2025,12089.59
SKAMDC 648,2026,13786.84
SKAUD--742,2023,733.87
SKEEJ--401,2025,3224.55
SKINC  277,2024,2173.91
SKINK--227,2023,396.53
SKINK2-227,2023,3930.13
SKY VC 295,2024,3873.5
SLATJ--043,2025,7942.88
SLATV  102,2023,13811.95
SLATV  102,2024,183927.54
SLATV  102,2025,432908.99
SLATV  102,2026,53230.14
SLIGM--200,2025,24263.49
SLOTN--427,2023,10.0
SMALM--030,2025,4288.2
SMARJ--352,2024,2949.27
SMILB--152,2024,4468.27
SMILS--362,2023,1091.22
SMITA--641,2025,15755.39
SMITA--641,2026,3749.61
SMITD--550,2023,406.73
SMITE--769,2023,619.09
SMITJ  373,2023,7727.41
SMITJ  373,2024,10766.82
SMITJ--587,2024,10131.0
SMITJ2 682,2025,424.19
SMITK--242,2025,9706.95
SMITL  210,2025,86634.22
SMITL--104,2023,5500.0
SMITL--938,2025,5270.01
SMITL--938,2026,17958.38
SMITR--049,2023,7960.38
SMITR--702,2025,19011.18
SMITS  366,2024,33043.24
SMITS  366,2026,4121.0
SMITT--624,2023,342.72
SMOLL--772,2025,2358.34
SNAZJ  503,2023,208.53
SNAZJ  503,2024,160659.41
SNIDV--255,2025,4651.81
SNOHCS 290,2023,384.16
SNOHCS 290,2024,651.8
SNOHCS 290,2025,6846.25
SNOHCS 290,2026,18273.0
SNOHDCN206,2023,17436.71
SNOHDCN206,2024,22592.3
SNOHDCN206,2025,52797.37
SNOHDCN206,2026,79029.09
SNOHFP 082,2023,38313.92
SNOHFP 082,2024,27948.49
SNOHFP 082,2025,45161.37
SNOHFP 082,2026,4.87
SNOHO--087,2023,19041.34
SNOHO--087,2024,4353.51
SNOHO--087,2025,12962.02
SNOHO--087,2026,6675.69
SNOHRC 206,2023,75812.47
SNOHRC 206,2024,121007.41
SNOHRC 206,2025,76796.47
SNOHRC 206,2026,63804.21
SNOWJ--455,2024,11554.62
SNOWJ--455,2025,6730.99
SOLAM--712,2026,40265.26
SOLTK  042,2026,145342.65
SOMED  272,2023,270917.69
SOMMM--567,2026,90396.42
SONGA--727,2025,8849.27
SONGR  620,2023,120.0
SONIM--854,2025,44102.22
SONND--677,2026,3745.57
SOREJ  541,2024,1315.34
SOTAE--915,2023,243.48
SOUND--516,2023,156922.0
SOUND--516,2024,433320.93
SOUND--516,2025,757387.71
SOUND--516,2026,732.0
SOUTCE 004,2023,420.5
SOUTCE 004,2024,342463.64
SOUTCE 004,2025,1793.0
SOUTCE 004,2026,237458.48
SOUTH--685,2024,10839.11
SOUTK  366,2023,35607.57
SOUTK  366,2024,1359.88
SOUTK  366,2025,1445.42
SOUTK  366,2026,4347.94
SOUTSF 004,2023,255.0
SOUTSF 004,2024,80868.5
SOUTSF 004,2025,161903.49
SOUTSF 004,2026,141.0
SOUTSW 402,2023,3134.89
SOUTSW 402,2024,576.08
SOUTSW 402,2025,810.0
SOUTWP 666,2024,1327412.72
SOUTWP 666,2025,373.74
SOWDW--775,2023,1724.9
SPACP--921,2026,203.91
SPEEJ--623,2024,1528.58
SPEIL--016,2023,141.57
SPENW--056,2025,852440.26
SPENW--056,2026,2049528.55
SPOKA--207,2026,273.14
SPOKC--887,2023,428977.23
SPOKC--887,2024,203816.48
SPOKC--887,2025,2804.77
SPOKCY 207,2023,483.08
SPOKCY 207,2024,5841.73
SPOKCY 207,2025,3991.03
SPOKCY 207,2026,9074.81
SPOKDCE202,2023,45000.91
SPOKDCE202,2024,47222.89
SPOKDCE202,2025,21352.78
SPOKDCE202,2026,428.0
SPOKDCN202,2023,115842.29
SPOKDCN202,2024,160819.2
SPOKDCN202,2025,105677.05
SPOKDCN202,2026,62401.38
SPOKF  207,2023,100600.0
SPOKF  207,2024,53200.0
SPOKF  207,2025,4800.0
SPOKF  207,2026,101700.0
SPOKGG-209,2023,1418435.68
SPOKGG-209,2024,120173.49
SPOKGG-209,2025,363537.71
SPOKGG-209,2026,4000.35
SPOKHB 205,2023,43865.55
SPOKHB 205,2024,34142.48
SPOKHB 205,2025,29123.13
SPOKHB 205,2026,12481.76
SPOKP--355,2023,10022.96
SPOKP--355,2024,2.08
SPOKPG 210,2026,4800.0
SPOKRCC204,2023,236973.44
SPOKRCC204,2024,127848.73
SPOKRCC204,2025,233343.77
SPOKRCC204,2026,104141.14
SPOKY--963,2024,45025.36
SPRIL  033,2023,52293.57
SPRIL  033,2024,620814.79
SPRIL  033,2025,4922.3
SPRIL  033,2026,4574.99
SPRIM  328,2023,5660.0
SPROM--762,2026,4473.92
SPURR--644,2023,224.8
SPURR--644,2024,205.0
SPURR--644,2026,1642.32
STACA--978,2024,4459.88
STACJ--194,2023,24833.69
STACJ--194,2026,3443.56
STADT--374,2026,20797.34
STAFG--433,2024,4875.3
STALZ--100,2023,261.6
STANC--202,2025,2477.79
STANCW 103,2023,115946.22
STANCW 103,2024,72806.08
STANCW 103,2025,29867.22
STANCW 103,2026,25838.25
STAND  041,2023,5808.48
STAND  041,2024,208678.92
STAND  041,2025,125604.04
STAND  041,2026,1888.12
STANJ  584,2025,59291.95
STANJ  584,2026,200.0
STARK--464,2025,8265.46
STATA--790,2024,506945.29
STATA--790,2025,86197.0
STATW--460,2025,199.54
STAUA--954,2025,442.35
STCLJ  282,2023,1365.01
STCLJ  282,2024,586498.46
STCLJ  282,2025,8286.51
STCLJ  282,2026,25996.95
STEAC  092,2023,849.57
STEAC  092,2024,112815.99
STEAC  092,2025,3743.84
STEAC  092,2026,46277.02
STEAM  516,2023,17519.95
STEAM  516,2024,5210.24
STEAM  516,2025,12648.42
STECN--324,2025,4604.86
STEEB--254,2023,1519.0
STEEG  584,2026,25.0
STEEM  816,2023,8879.3
STEEM  816,2024,167974.6
STEEM  816,2025,5317.97
STEEM  816,2026,104397.21
STEIH  198,2025,20089.16
STEIH  198,2026,11155.93
STEIT--100,2025,3365.48
STEPD  210,2023,500.0
STEPD  210,2026,96752.99
STEPD--229,2025,1280.22
STEPS--589,2026,691.88
STERE  370,2025,14784.1
STERJ--123,2025,7495.58
STEVD  205,2023,15699.55
STEVD  205,2024,199.98
STEVD  205,2026,40445.81
STEVD--525,2024,1634.85
STEVDC 141,2024,4859.52
STEVDC 141,2025,1011.58
STEVDC 141,2026,463.73
STEVM  271,2025,6561.5
STEVRC 114,2023,20236.94
STEVRC 114,2024,47540.23
STEVRC 114,2025,16696.4
STEVRC 114,2026,28108.31
STEVRCE114,2023,100.0
STEVRCE114,2024,2647.62
STEVRCE114,2026,508.0
STEVW--177,2025,23766.22
STEVW--366,2024,1762.5
STEWA--109,2024,24353.35
STEWA--109,2025,10958.73
STEWA--109,2026,4257.93
STEWJ--961,2023,4546.12
STICJ--539,2026,11911.15
STICP--286,2026,27257.28
STIGT  203,2023,2820.3
STIRL--772,2023,9876.87
STIRL--772,2025,9607.27
STOBM--448,2024,14905.92
STOBT  660,2023,8549.9
STOBT  660,2026,58661.12
STOEA--412,2023,17875.41
STOKA  092,2023,40655.36
STOKA  092,2024,367054.25
STOKA  092,2025,37140.68
STOKA  092,2026,209914.85
STOKJ  005,2023,52191.38
STONE--403,2025,21766.86
STONE--403,2026,2000.0
STONH  225,2023,8680.58
STONM  687,2023,3630.0
STONM  687,2024,225555.11
STONM  687,2025,2097.86
STONM  687,2026,88943.59
STORE--564,2025,1580.0
STRAC  826,2026,7283.64
STRAD  165,2023,180917.0
STRAD  165,2024,3349.85
STRAM  843,2026,1927.2
STRAN--262,2024,3281.72
STRAT--938,2025,9715.44
STRAT--938,2026,31614.74
STRATP 532,2025,2430.0
STREC--442,2023,12904.85
STREC--442,2024,29918.63
STREC--442,2025,8859.04
STREC--442,2026,65566.02
STREC2-442,2026,30910.29
STREJ--837,2024,6053.56
STREJ--837,2025,820.06
STREJ--837,2026,8251.91
STREM--244,2023,53013.37
STRES--947,2025,38684.44
STRES--947,2026,7960.57
STRET--840,2026,54587.14
STREY--300,2025,58299.9
STRIJ--227,2026,70167.37
STRIJ--849,2023,1300.0
STRIJ--849,2024,3935.22
STRIJ--849,2025,17786.06
STRIJ--849,2026,3.0
STROK--683,2023,4586.58
STROL--249,2025,5012.05
STROM--113,2023,1160.33
STUAM  053,2023,4695.55
STUAM  053,2025,115.78
STUAM  053,2026,1629.22
STUAM--052,2024,41.09
STUAM--052,2025,14359.17
STUAM--052,2026,4016.85
STUAP  074,2023,20285.65
STUAP  074,2024,125.99
STUAS  674,2023,408.0
STUCB  201,2024,96176.2
STUCT--717,2026,16715.79
STUED--394,2024,171115.83
STUED--394,2025,6998.0
STUED--394,2026,38765.5
STULD--337,2026,38105.68
STURS  569,2026,11376.36
SUARA--254,2024,142684.88
SUGGL--498,2025,7400.53
SULLB  275,2023,8437.64
SULLB  275,2024,8.98
SULLC--967,2025,757.78
SULLK--438,2026,4677.76
SULLM--887,2025,13557.04
SUMAC--726,2025,63840.73
SUMAC--726,2026,3218.68
SUPEC--859,2026,68.69
SUPPFS 248,2023,859.31
SUPPFS 248,2024,13656.05
SUSSC  371,2026,661.8
SUSTF  166,2023,3337.9
SUSTF  166,2024,25117.6
SUSTF  166,2025,8642.2
SUSTF  166,2026,314.25
SUTHR  252,2023,13462.15
SUTHR  252,2024,25597.62
SUTHR  252,2025,0.0
SUTHR  252,2026,9309.29
SVENB--852,2025,2892.49
SVENS  631,2023,2500.0
SWANJ--425,2026,5112.88
SWANK--565,2023,1211.7
SWANK--565,2024,125295.69
SWANK--565,2025,18864.19
SWANK--565,2026,25012.34
SWEEA--626,2023,8625.91
SWEEP  033,2023,867.62
SWINR--993,2026,23576.13
SWOPS--531,2024,44501.74
SYSTV--565,2026,17550.0
SZCZS--401,2026,7057.82
SZUMT--484,2025,1983.57
TABLT--306,2025,54260.96
TABLT--306,2026,21484.74
TACOA--451,2024,1356.67
TACOA--451,2025,19764.46
TACOCS 415,2023,2726.76
TADLE--377,2024,9998.59
TALBD--971,2025,37581.7
TAMJ0--059,2023,65566.6
TAND--595,2025,400.0
TANKD  266,2023,96291.11
TANKD  266,2026,280.0
TAPAT--254,2023,1525.16
TARKD--306,2026,31679.83
TARZP--541,2024,36905.38
TARZP--541,2025,764.66
TATEJ--545,2023,207.81
TATEJ--545,2024,268.82
TATEJ--545,2025,15.0
TATEJ--545,2026,12483.87
TAVEP  136,2023,63015.0
TAX-F--277,2025,1700.0
TAX-R--273,2023,225808.78
TAX-R--273,2024,252671.78
TAX-V--889,2026,269085.14
TAXPF--594,2025,6934.77
TAYLA--763,2023,5911.09
TAYLA--770,2026,8457.54
TAYLC--012,2023,11141.81
TAYLC--012,2025,815.74
TAYLJ  063,2023,41240.69
TAYLJ  063,2024,164422.9
TAYLJ  063,2025,5268.67
TAYLJ  063,2026,80573.73
TAYLJ  648,2025,1591.36
TAYLM--487,2023,3290.86
TAYLM--487,2024,1677.36
TAYLM--487,2025,21023.51
TAYLT--116,2025,1855.79
TAYLT--319,2023,238.7
TEAMLW 168,2023,32020.18
TEAMLW 168,2024,68951.35
TEAMLW 168,2025,58615.96
TEAMLW 168,2026,59424.11
TELIK--847,2025,91042.72
TELIK--847,2026,4000.0
TEMPE--205,2025,11361.64
TESCN--728,2023,1196.82
TEWOK--570,2026,68686.4
THAIM  006,2023,796.79
THAIM  006,2024,128750.12
THAIM  006,2025,4515.39
THAIM  006,2026,26309.54
THARS  382,2023,7407.49
THARS  382,2024,160696.3
THARS  382,2025,5790.76
THARS  382,2026,38459.32
THEIL--506,2024,16478.21
THEIL--506,2025,400.0
THOMB  102,2025,8967.47
THOMB  102,2026,9222.97
THOMB--368,2024,1865.44
THOMB--979,2023,4519.76
THOMC  563,2024,14674.65
THOMD--589,2025,40.0
THOMD--589,2026,1294.42
THOMJ--926,2023,0.0
THOMJ--926,2026,18579.34
THOML--203,2025,10728.33
THOMM  011,2023,13393.31
THOMM  011,2024,283.14
THOMM  011,2025,285.0
THOMM--401,2023,192.0
THOMM--401,2024,3544.11
THOMP  165,2024,342.98
THOMS--118,2026,8971.36
THOMS--319,2024,2729.16
THORC--452,2025,8154.8
THORP--649,2024,73309.19
THOUT--241,2026,1619.72
THURAH 506,2023,17980.72
THURAH 506,2024,10700.75
THURAH 506,2025,39773.2
THURAH 506,2026,8722.88
THURB  626,2023,50.0
THURCD 512,2023,15955.96
THURCD 512,2024,21931.06
THURCD 512,2025,25082.59
THURCD 512,2026,16267.77
THURDC 507,2023,81318.25
THURDC 507,2024,51723.81
THURDC 507,2025,99165.85
THURRC 507,2023,41841.7
THURRC 507,2024,70313.47
THURRC 507,2025,67998.74
THURRC 507,2026,59334.29
TIDHS--174,2023,12973.96
TIDHS--174,2024,5.99
TIMBE--371,2023,192.0
TIMBE--371,2024,192.0
TIMBPM 202,2024,5500.0
TIMMJ--264,2023,13490.94
TIMMJ--264,2024,418726.15
TIMMJ--264,2025,9115.58
TIMMJ--264,2026,102583.89
TIMMN--889,2024,12735.59
TINKT--006,2025,6095.11
TISDK--438,2026,3068.03
TOBID--501,2023,1636.95
TOBID--501,2024,3357.34
TODDP--619,2024,7561.3
TODDP--619,2025,210.45
TODDP--619,2026,13809.79
TOGEL--445,2024,58426.81
TOGEL--445,2025,258.39
TOGEO--342,2025,17787.21
TOGET--496,2024,293755.0
TOLBB  223,2023,15599.0
TOLEJ--958,2025,8272.59
TOLEJ--958,2026,2704.78
TOMAE--697,2025,15006.15
TOMAE--697,2026,147.06
TOMPG  362,2026,7671.22
TONGS--472,2023,17028.58
TOOKT--553,2023,-0.0
TOOMG--092,2025,13036.95
TOPPA  666,2023,3809.17
TOPPA  666,2024,1003.69
TOPPA  666,2025,447.53
TOPPA  666,2026,3574.01
TOPPG--191,2023,34327.14
TORBC--794,2026,32470.56
TORRN--301,2023,30017.12
TORRN--301,2024,-4294.3
TORRN--301,2025,-12024.5
TORRN--301,2026,32865.1
TORRN2-301,2025,-12775.0
TORRN2-301,2026,15250.0
TORRN3-301,2026,53660.59
TORRR--291,2023,19667.73
TORRV--244,2025,18903.4
TORRV--244,2026,345.38
TOSCA--707,2026,543.5
TOURJ--361,2023,4652.01
TOWND--926,2024,3813.18
TOWND--926,2026,6096.29
TOWNM--373,2026,5503.81
TOZZJ--151,2024,1099.89
TRACS--659,2025,180.0
TRANC--330,2023,15446.01
TRANC--330,2024,1333.02
TRANC--330,2025,7188.55
TRANC--503,2026,307745.3
TRANH--041,2023,20470.9
TRANH--041,2024,385.85
TRANT--147,2023,2503.97
TRANWP 104,2023,4464.75
TRANWP 104,2024,6962.5
TRANWP 104,2025,5704.6
TRANY--092,2025,7916.27
TRASJ--042,2025,3600.87
TRASJ--042,2026,25087.64
TREED--709,2025,13269.35
TREEK--075,2023,14248.4
TREEP  117,2023,22006.35
TREEP  117,2024,4730.52
TREEP  117,2025,407.86
TREEP  117,2026,757.21
TRELK--203,2023,141907.44
TRENM--038,2023,270.52
TRILM--695,2025,14006.63
TRINL--311,2024,43965.95
TRONA--290,2024,1086.96
TROUT  031,2024,39.3
TROUT  031,2025,1918.75
TROUY  092,2025,24859.9
TRUCAC 003,2023,37535.95
TRUCAC 003,2024,78370.0
TRUCAC 003,2025,51855.5
TRUCAC 003,2026,13050.0
TRUMJ  337,2025,415.66
TRUMR--121,2023,125.0
TSE-B--737,2026,47738.5
TUCKD--482,2026,1278.1
TUNHJ  508,2023,0.0
TUOHJ  206,2023,70729.5
TUPPR--713,2026,2059.01
TURNM  586,2026,8041.86
TURNM--170,2025,27877.08
TURNS--634,2023,707.35
TURNS--634,2024,10577.16
TURNS--634,2025,6133.4
TURNT--987,2023,10747.7
TVEIG  114,2026,2260.96
TWITJ--014,2023,8962.84
TYLEN--368,2023,1098.76
TYLEN--368,2024,60303.22
TYLEN--368,2025,53.0
TYMCJ--625,2023,22594.86
UA  3P 057,2023,22750.0
UA  3P 057,2024,20270.0
UA  3P 057,2025,23200.0
UA  3P 057,2026,26150.0
UDELR  908,2026,23938.01
ULRIN--806,2026,30029.72
UNITE--001,2024,515255.52
UNITFC 134,2023,50399.83
UNITFC 134,2024,130449.53
UNITFC 134,2025,38676.84
UNITFC 409,2023,9001.9
UNITFC 409,2024,46486.84
UNITFC 409,2025,410273.44
UNITFC 409,2026,3912.5
UNITL8 121,2023,102591.84
UNITL8 121,2024,83650.0
UNITL8 121,2025,30800.0
UNITL8 121,2026,1200.0
UNITP--158,2023,72.0
UNITP--158,2024,520.65
UNITP--158,2025,525.09
UNITP--158,2026,519.35
UNITR--969,2026,103.72
UNITR--995,2023,57576.93
UNITR--995,2024,127984.47
UNITR--995,2025,74556.77
UNITR--995,2026,16547.83
UNIVWE 102,2023,2151.56
UNIVWE 102,2024,54195.33
UNIVWE 102,2026,3030.36
UNSOK--210,2025,25328.33
UPPIP--248,2025,2055.44
UPTHD  198,2023,8496.97
UPTHD  198,2024,1251628.12
UPTHD  198,2025,100.1
UPTHD  198,2026,20.0
UPTHP  198,2023,248.83
URIAC--694,2023,1842.84
USHKC  404,2024,22404.44
V---F--170,2024,1982.57
V---F--170,2025,675.47
VAGOD--026,2023,6095.75
VAILA--770,2025,2482.95
VALDJ  103,2023,216.0
VALDJ  103,2024,445.26
VALDJ  103,2025,1250.93
VALDJ  103,2026,64377.78
VALDJ2 103,2023,246.44
VALEH--849,2024,18633.6
VALEM  563,2026,14738.49
VALEM--407,2026,30052.69
VALLP--252,2025,4441.18
VALLVE 045,2023,288.54
VALLVE 045,2024,216.0
VALLVE 045,2025,240.24
VALUT--738,2023,404.07
VAN C  188,2025,1040.79
VAN C  188,2026,700.0
VAN K  057,2023,76687.75
VAN K  057,2024,561.3
VAN K  057,2025,77835.15
VAN-M--619,2023,5484.32
VANCT--242,2025,956.41
VANDD--036,2023,6194.06
VANDJ  665,2026,4124.82
VANDK  382,2023,15565.0
VANDK  382,2024,6183.89
VANDK3 382,2023,17953.86
VANDK3 382,2024,280901.52
VANDR--144,2024,476.85
VANDR--144,2025,22929.06
VANGK--068,2025,32.0
VANND  223,2023,18002.18
VANNE--352,2023,9457.71
VANVC  406,2023,50151.78
VARGH--750,2024,2500.0
VARGS--652,2023,940.7
VASAJ  115,2023,44227.45
VAZQK--964,2023,3001.95
VELAD--002,2025,1333.52
VENDG  371,2025,2312.53
VENGM  030,2025,26120.76
VERHJ--558,2023,178.14
VERHS  926,2023,485.73
VERZT--733,2024,4141.25
VICKB  687,2023,50411.0
VILLC--056,2023,6747.94
VILLC--056,2025,8220.28
VINSJ--597,2023,21873.36
VOICL--768,2026,768.85
VOICTE 038,2023,3235.01
VOICTE 038,2024,18806.54
VOICTE 038,2025,13838.08
VOICTE 038,2026,19399.27
VOICUP 165,2023,7064.0
VOLLB--809,2025,656.03
VOLUIS 027,2023,1608.05
VOLUIS 027,2024,47083.64
VOLUIS 027,2025,18565.6
VOLUIS 027,2026,41150.15
VOLYJ--075,2023,1042.56
VOLZJ  228,2023,3913.77
VOLZJ  228,2024,106059.7
VOLZJ  228,2025,7475.7
VOLZJ  228,2026,4134.07
VOLZM--565,2023,40000.0
VONRP  023,2025,260091.99
VOTEA  101,2023,72855.01
VOTEA  101,2024,73750.02
VOTEA  101,2025,14923.73
VOTEA  101,2026,4210.22
VOTEAH 103,2023,4255.79
VOTEAH 103,2024,21680.0
VOTEAH 103,2025,6765.0
VOTEAH 103,2026,50282.06
VOTEYK 625,2026,1844.93
VOTEYP 030,2023,17078.81
WA--S--295,2023,4742.52
WA--S--295,2024,287.9
WA--S--295,2025,464.58
WAACP--391,2024,2998.92
WAASHU-501,2023,888.93
WAASHU-501,2024,12130.29
WAASHU-501,2025,6297.8
WABED--143,2024,687.76
WACHB  926,2026,2802.78
WADHJ--258,2023,45.13
WAFALP 101,2023,72561.7
WAFALP 101,2024,109682.95
WAFALP 101,2025,26896.99
WAFALP 101,2026,6046.19
WAGEJ  498,2023,3912.5
WAGND  344,2026,4679.65
WAGNG--476,2026,9949.13
WAGNN--858,2023,3478.95
WAGOK  284,2023,0.0
WAGOK  284,2024,67821.34
WAGOK  284,2025,35124.99
WAGOK  284,2026,19670.32
WAHIS--495,2023,7179.13
WAHKDC 612,2025,1689.45
WAINL--900,2025,30258.32
WAINL--900,2026,232.13
WAINS--508,2023,32330.0
WAINS--508,2024,53216.0
WAINS--508,2025,21896.0
WAINS--508,2026,38400.0
WALDA  207,2025,467.58
WALDA  207,2026,11685.91
WALDJ--217,2026,2199.88
WALEA  033,2023,4238.19
WALEA  033,2024,568339.05
WALEA  033,2025,660232.84
WALEA  033,2026,226841.7
WALKD--695,2024,23232.85
WALKD--695,2026,3948.19
WALKJ--841,2026,7846.19
WALKK  405,2023,70669.04
WALKK  405,2024,1848.47
WALLD--504,2026,14911.48
WALLDC 362,2023,23935.21
WALLDC 362,2024,87637.87
WALLDC 362,2025,72203.31
WALLDC 362,2026,113985.02
WALLK--845,2026,1059.92
WALLM  632,2023,49107.71
WALLR  063,2026,37533.77
WALLRCN362,2023,16868.65
WALLRCN362,2024,28741.47
WALLRCN362,2025,17778.83
WALLRCN362,2026,48788.75
WALSJ--003,2023,695.94
WALSJ--261,2023,17319.09
WALSJW 520,2023,37855.11
WALSJW 520,2024,37177.3
WALSJW 520,2025,55174.94
WALSJW 520,2026,25874.97
WALSL  029,2024,391.24
WALSL  029,2025,37679.09
WALTK--264,2026,14040.14
WALTR  221,2025,8025.97
WALTS--109,2025,2922.18
WANGC--300,2026,4961.83
WANKJ--278,2025,470.31
WARMA--249,2026,2875.47
WARMN--927,2026,2772.19
WARND--081,2025,7640.11
WARNJ  837,2023,42459.71
WARNJ  837,2024,5730.55
WARNJ  837,2025,1450.0
WARNN  802,2026,3346.81
WARRA--971,2025,397.94
WARRA--971,2026,12669.43
WARRB--807,2026,6159.16
WARRW  328,2026,1122.59
WASAB--648,2024,23593.44
WASHAC 188,2023,17750.0
WASHAC 188,2024,100600.0
WASHAC 188,2025,47200.0
WASHAC 188,2026,19533.37
WASHAC 199,2023,43390.0
WASHAC 199,2024,81552.27
WASHAC 199,2025,5696.87
WASHAC 199,2026,82584.8
WASHAH 507,2023,59625.0
WASHAH 507,2024,195666.0
WASHAH 507,2025,20391.0
WASHAH 507,2026,268741.0
WASHAN 218,2023,20619.4
WASHAN 218,2024,44236.98
WASHAN 218,2025,17099.87
WASHAN 218,2026,12957.8
WASHAV 041,2023,80724.36
WASHAV 041,2024,71638.01
WASHAV 041,2025,65982.43
WASHAV 041,2026,66338.7
WASHAV 101,2023,126492.37
WASHAV 101,2024,159434.1
WASHAV 101,2025,146141.03
WASHAV 101,2026,59458.63
WASHB--436,2026,33578.15
WASHBC 506,2023,34001.95
WASHBC 506,2024,75574.38
WASHBC 506,2025,40639.23
WASHBC 506,2026,30238.52
WASHBP 102,2023,21163.47
WASHBP 102,2024,4285.63
WASHBP 102,2026,1691.11
WASHC  111,2023,158103.3
WASHC  111,2024,148505.47
WASHC  111,2025,45043.44
WASHC  111,2026,40768.0
WASHC--168,2023,185.53
WASHCA 121,2023,7200.0
WASHCA 121,2024,28800.0
WASHCA 121,2026,2400.0
WASHCB 102,2023,6211.08
WASHCB 102,2024,42697.04
WASHCB 102,2025,24704.31
WASHCB 102,2026,13149.84
WASHCP 409,2023,4400.0
WASHCP 409,2024,32605.18
WASHCP 409,2025,49006.33
WASHCP 409,2026,4900.0
WASHCT 133,2023,57755.9
WASHCT 133,2024,93030.79
WASHCT 133,2025,53963.31
WASHCT 133,2026,44239.58
WASHCU 003,2023,185000.0
WASHCU 003,2024,385219.41
WASHCU 003,2025,198800.0
WASHCU 003,2026,256750.0
WASHCV 145,2023,568522.22
WASHCV 145,2024,1136890.44
WASHCV 145,2025,147263.86
WASHCV 145,2026,51080.36
WASHD--375,2024,114846.0
WASHD--375,2025,6600.0
WASHD--788,2024,5825208.24
WASHD--788,2025,214568.6
WASHD--788,2026,177613.64
WASHDP 509,2023,1000.0
WASHE--555,2023,42253.19
WASHE--555,2024,11442.61
WASHE--555,2026,28917.4
WASHEA 003,2023,1199852.68
WASHEA 003,2024,3335505.4
WASHEA 003,2025,1530055.82
WASHEA 003,2026,844547.64
WASHEC 507,2023,19558.31
WASHEC 507,2024,158570.48
WASHEC 507,2025,62056.08
WASHEC 507,2026,117873.63
WASHEP 101,2023,0.0
WASHEP 101,2024,0.0
WASHEP 101,2026,0.0
WASHFD 383,2023,2964.94
WASHFD 383,2024,513.2
WASHFD 383,2025,1008.34
WASHFD 383,2026,844.46
WASHFI 501,2023,62215.7
WASHFI 501,2024,223296.25
WASHFI 501,2025,109810.0
WASHFI 501,2026,124000.0
WASHFP 102,2023,4800.0
WASHFP 102,2024,4800.0
WASHFP 102,2026,9600.0
WASHFP 154,2023,399.75
WASHFP 154,2024,60.0
WASHFP 154,2025,60.0
WASHFP 501,2023,36018.13
WASHFP 501,2024,91200.0
WASHFP 501,2025,18304.73
WASHFP 501,2026,29611.19
WASHFT 102,2023,150.0
WASHFT 102,2024,47300.0
WASHFT 102,2025,19550.0
WASHFT 102,2026,4025.0
WASHG--894,2023,14604.25
WASHG--894,2024,2773.68
WASHG--894,2025,10359.17
WASHG--894,2026,3358.43
WASHHC 506,2023,238337.36
WASHHC 506,2024,241954.05
WASHHC 506,2025,66175.65
WASHHC 506,2026,78864.15
WASHHP 046,2023,192.0
WASHHP 046,2024,8479.56
WASHHP 046,2025,1827.49
WASHHP 046,2026,8115.0
WASHHP 119,2023,362981.46
WASHHP 119,2024,717030.14
WASHHP 119,2025,590518.28
WASHHP 119,2026,552864.15
WASHI--057,2023,1100.0
WASHI--101,2023,4053.3
WASHI--101,2024,144950.0
WASHI--101,2025,4302.69
WASHI--101,2026,257203.79
WASHI--502,2023,260.0
WASHI--507,2023,1029491.59
WASHI--507,2024,89727.1
WASHI--507,2025,6933.44
WASHI--965,2024,10000.0
WASHIB 004,2023,7200.0
WASHIB 004,2024,25500.0
WASHIB 004,2025,1200.0
WASHID 144,2023,29900.0
WASHID 144,2024,4528.0
WASHID 144,2025,6937.86
WASHIT 502,2023,28265.8
WASHIT 502,2024,30100.0
WASHIT 502,2026,9600.0
WASHLC 210,2023,12427.42
WASHLC 210,2024,2400.0
WASHLC 210,2025,10345.0
WASHLC 210,2026,7600.0
WASHM--071,2026,219039.23
WASHMB 107,2023,6062.7
WASHMB 107,2024,20113.3
WASHMB 107,2025,3270.8
WASHMB 107,2026,12161.09
WASHMF 038,2023,199703.21
WASHMF 038,2024,331004.77
WASHMF 038,2025,184915.98
WASHMF 038,2026,181033.15
WASHMH 006,2023,158.76
WASHMH 006,2024,25750.0
WASHMH 006,2025,5257.0
WASHMP 121,2023,218566.6
WASHMP 121,2024,192646.0
WASHMP 121,2025,133399.97
WASHMP 121,2026,179438.34
WASHNP 115,2023,222.64
WASHNP 115,2024,17901.05
WASHNP 115,2025,4272.51
WASHNP 115,2026,2215.97
WASHNR 030,2025,54785.1
WASHOM 110,2023,10815.3
WASHOM 110,2024,72079.73
WASHOM 110,2025,29800.0
WASHOM 110,2026,57708.89
WASHOP 057,2023,109704.43
WASHOP 057,2024,101079.82
WASHOP 057,2025,43609.14
WASHOP 057,2026,62306.45
WASHP--184,2025,398391.04
WASHP--184,2026,276.0
WASHP--197,2025,2562452.34
WASHP--197,2026,352698.26
WASHPA 102,2024,4071.8
WASHPE 501,2023,3240.0
WASHPE 501,2024,3235.0
WASHPE 501,2025,5012.5
WASHPE 501,2026,3660.0
WASHPP 686,2024,5627.23
WASHPS 101,2023,9443.0
WASHPS 101,2024,364834.86
WASHPS 101,2025,174980.0
WASHPS 101,2026,192468.2
WASHPT 390,2023,13066.19
WASHPT 390,2024,56063.88
WASHPT 390,2025,16222.58
WASHPT 390,2026,34501.5
WASHRA 502,2023,217343.68
WASHRA 502,2024,452326.73
WASHRA 502,2025,281207.2
WASHRA 502,2026,138501.01
WASHRA 507,2023,2000.0
WASHRA 507,2024,0.0
WASHRO 201,2023,6065.39
WASHRO 201,2024,17876.03
WASHRO 201,2025,6600.0
WASHRO 201,2026,10200.0
WASHSD 101,2023,603810.6
WASHSD 101,2024,2033407.76
WASHSD 101,2025,1013572.95
WASHSD 101,2026,506189.5
WASHSD 512,2023,168334.0
WASHSD 512,2024,340461.79
WASHSD 512,2025,194943.33
WASHSD 512,2026,160072.85
WASHSE 335,2023,272.0
WASHSE 335,2024,113927.39
WASHSE 335,2025,36646.41
WASHSE 335,2026,1072.22
WASHSI 501,2023,6000.0
WASHSI 501,2024,9500.0
WASHSI 501,2025,9100.0
WASHSI 501,2026,2900.0
WASHSP 507,2023,1688.92
WASHSP 507,2024,37056.0
WASHSP 507,2025,3288.0
WASHSP 507,2026,2750.0
WASHTL 109,2023,145953.03
WASHTL 109,2024,96936.71
WASHTL 109,2025,92004.52
WASHTL 109,2026,159413.68
WASHVP 104,2023,5002.19
WASHVP 104,2024,14202.69
WASHVP 104,2025,27402.69
WASHVP 104,2026,6050.0
WASHWI 502,2023,500.0
WASHWI 502,2024,11750.0
WASHWI 502,2025,500.0
WASHY--673,2025,9950.26
WASHY--673,2026,3454.39
WASST--069,2026,32776.59
WAST13 926,2023,643.65
WAST13 926,2024,786.29
WAST13 926,2025,3.75
WASTAD 138,2023,129900.0
WASTAD 138,2024,188122.8
WASTAD 138,2025,171023.05
WASTAD 138,2026,37414.35
WASTBP 058,2025,500.0
WASTC  501,2023,28100.0
WASTC  501,2024,80250.0
WASTC  501,2025,39800.0
WASTC  501,2026,88520.0
WASTCC 036,2023,13172.0
WASTCC 036,2024,42200.0
WASTCC 036,2025,25475.0
WASTCC 036,2026,42300.0
WASTCF 101,2024,9996.36
WASTCF 101,2025,7862.39
WASTCF 101,2026,11500.0
WASTDCE104,2023,830196.87
WASTDCE104,2024,2219291.68
WASTDCE104,2025,1234548.39
WASTDCE104,2026,1000443.22
WASTDCN104,2023,139740.17
WASTDCN104,2024,4588936.17
WASTDCN104,2025,271418.67
WASTDCN104,2026,75439.89
WASTDP 121,2023,28000.0
WASTDP 121,2024,656253.62
WASTDP 121,2025,731333.41
WASTDP 121,2026,191562.47
WASTFB 501,2024,28526.39
WASTFB 501,2025,19445.32
WASTFB 501,2026,12685.1
WASTLC 119,2023,63633.39
WASTLC 119,2024,141474.75
WASTLC 119,2025,29741.97
WASTLC 119,2026,7100.67
WASTMC 108,2023,42203.36
WASTMC 108,2024,66048.0
WASTMC 108,2025,113563.5
WASTMC 108,2026,55052.0
WASTNA 104,2023,30542.57
WASTNA 104,2024,13971.43
WASTNA 104,2025,19522.59
WASTNA 104,2026,15240.58
WASTNA 188,2023,14796.54
WASTNA 188,2024,31838.76
WASTNA 188,2025,18670.16
WASTNA 188,2026,53885.25
WASTNO 036,2023,2895.63
WASTNO 036,2024,876.0
WASTNO 036,2025,791.0
WASTNO 036,2026,303.5
WASTPC 125,2023,4177.16
WASTPC 125,2024,6216.97
WASTPC 125,2025,183.82
WASTPC 125,2026,506.07
WASTPP 057,2024,35895.0
WASTPP 057,2025,3600.0
WASTPP 057,2026,20400.0
WASTRPE188,2023,783047.4
WASTRPE188,2024,632078.14
WASTRPE188,2025,198373.16
WASTRPE188,2026,63659.39
WASTRPN188,2023,276936.36
WASTRPN188,2024,1183244.55
WASTRPN188,2025,1037486.55
WASTRPN188,2026,253998.78
WASTRS 508,2023,62830.0
WASTRS 508,2024,77600.0
WASTRS 508,2025,50860.0
WASTRS 508,2026,24000.0
WASTSR 503,2023,556.59
WASTSR 503,2024,28273.11
WASTSR 503,2025,9233.07
WASTSR 503,2026,32960.65
WASTTP 501,2023,20526.03
WASTTP 501,2024,78042.87
WASTTP 501,2025,16953.94
WASTTP 501,2026,40359.46
WASTVM 009,2023,4200.0
WASTVM 009,2024,23400.0
WASTVM 009,2025,1125.5
WASTVM 009,2026,15102.5
WASTWP 133,2023,16700.38
WASTWP 133,2024,6882.67
WASTWP 133,2025,12757.01
WASTWP 133,2026,8954.34
WATCT--223,2023,6864.69
WATEK  610,2023,5345.3
WATEK  610,2024,113826.27
WATEK 610,2025,10087.62
WATEK 610,2026,103169.19
WATEK--558,2023,6989.85
WATLH--080,2025,2729.23
WATSC  052,2023,5557.3
WATST  391,2023,3532.52
WATTJ--910,2025,12321.5
WAY-S--828,2023,5733.55
WAY-S--828,2024,11953.77
WAY-S--828,2025,3924.97
WAY-S--828,2026,2453.17
WEANA--632,2025,543.65
WEBEP--058,2023,4000.0
WEBSM--034,2023,3275.28
WEEDD  370,2024,14.21
WEEDD  370,2025,8980.16
WEEKE  349,2026,1121.36
WEEKL--395,2025,0.0
WEIKW  040,2023,177.68
WEILA--234,2025,891.22
WEINT--040,2025,4971.33
WEIRE--217,2025,21182.47
WEISB  201,2024,6847.63
WEISJ  344,2024,1323.83
WEISN--902,2024,2000.0
WEISN--902,2025,411.34
WELCJ--382,2024,1124.7
WELLL  040,2023,1222.75
WELLL  040,2024,109876.99
WELLL  040,2025,42718.63
WELLL  040,2026,1617.68
WELLL  642,2023,80.0
WELTE--902,2026,22931.49
WESCR--811,2026,1695.13
WESER  232,2024,34962.45
WESER  232,2025,1600.0
WESTC  394,2026,27306.31
WESTC--232,2023,11545.0
WESTC--232,2025,3570.0
WESTC--232,2026,1750.0
WESTM--406,2025,43470.79
WESTVV 212,2023,2716.57
WESTVV 212,2024,3567.11
WETHT--429,2026,108959.38
WEWAN--337,2023,19299.2
WEWAN--337,2024,5.0
WEWAN--337,2025,603.64
WHALR  354,2023,48.0
WHALR--492,2025,877.61
WHATAH 225,2023,14850.0
WHATAH 225,2024,555.0
WHATAH 225,2025,3060.0
WHATAH 225,2026,40.0
WHATC--841,2023,80903.1
WHATC--841,2024,46172.19
WHATC--841,2025,112356.45
WHATCRE225,2026,3200.0
WHATDC 227,2023,107158.67
WHATDC 227,2024,123261.99
WHATDC 227,2025,95561.22
WHATDC 227,2026,42113.12
WHATDCE227,2023,25525.73
WHATDCE227,2024,11985.62
WHATDCE227,2026,1072.88
WHATRP 227,2023,116547.49
WHATRP 227,2024,114772.32
WHATRP 227,2025,92091.69
WHATRP 227,2026,96115.18
WHEAIC 169,2023,2400.0
WHEAIC 169,2024,77200.0
WHEAIC 169,2025,9600.0
WHEEG  337,2024,8624.31
WHEEG  337,2025,50778.84
WHEEK--918,2026,4290.5
WHEEM--024,2023,6605.98
WHEEM--024,2024,3035.47
WHELT--616,2025,6933.86
WHETC--659,2025,2473.23
WHIDR--526,2023,35879.72
WHITA--545,2026,2662.23
WHITB  042,2025,3556.28
WHITD--219,2024,89194.47
WHITD--219,2026,62873.73
WHITDC 163,2023,793.23
WHITDC 163,2024,3182.34
WHITDC 163,2025,4360.56
WHITDC 163,2026,1074.61
WHITE--474,2025,1000.0
WHITJ--240,2025,14491.0
WHITJ--834,2025,24496.53
WHITR--070,2025,7149.2
WHITRC 163,2023,3926.48
WHITRC 163,2024,7359.25
WHITRC 163,2025,1375.63
WHITRC 163,2026,288.0
WHITS  354,2025,4628.13
WHITT--390,2023,20121.54
WHITT--390,2024,895.69
WHOLWA 127,2023,17804.24
WHOLWA 127,2024,27192.12
WHOLWA 127,2025,76579.24
WHOLWA 127,2026,92670.11
WICKB  216,2025,5408.33
WIGGK--837,2023,1469.57
WILCJ  558,2023,-5303.88
WILCJ  558,2024,14984.5
WILCJ  558,2025,155195.47
WILHD  214,2023,4295.0
WILKB  202,2023,226584.43
WILKB  202,2024,500.43
WILKB  202,2025,200.89
WILKB  202,2026,146.64
WILLB--122,2023,424.91
WILLC--526,2023,1352.34
WILLC--526,2024,3606.35
WILLD  907,2025,5277.17
WILLJ--360,2025,35.0
WILLJ2-024,2025,2500.0
WILLK--822,2023,1138.15
WILLL--214,2025,4453.0
WILLL--469,2025,12180.12
WILLM  071,2023,8853.63
WILLS--205,2026,62688.68
WILLS--878,2023,36969.92
WILLS--878,2024,45415.33
WILSC  001,2023,2357.72
WILSC  001,2024,2846.47
WILSC  001,2025,2890.65
WILSC  001,2026,71056.09
WILSC--399,2023,5360.09
WILSC--555,2023,28581.68
WILSG--986,2023,13152.0
WILSG--986,2024,1200.0
WILSH--861,2026,1212.38
WILSJ  071,2023,71131.11
WILSJ  071,2024,8583.8
WILSJ  071,2025,125515.24
WILSJ  206,2024,4400.0
WILSJ--469,2024,42356.02
WILSJ--469,2025,100.0
WILSK--103,2023,93664.32
WILSK--949,2025,1028723.42
WILSL  682,2023,2052.82
WILSL  682,2024,80117.21
WILSL  682,2025,240.0
WILSR--188,2025,18497.23
WILSS  632,2024,75488.96
WILSS  632,2025,7826.04
WIN WW 121,2023,22028.62
WIN WW 121,2024,65856.29
WIN WW 121,2025,19299.9
WIN WW 121,2026,20534.64
WINEE--252,2023,183.11
WINEE--252,2025,2815.79
WINGB--301,2023,1022.3
WINGB--301,2024,62.99
WINGB--301,2025,624.96
WINGB--301,2026,2.3
WINKA--612,2024,75010.18
WIRTB--666,2023,1261.48
WISEA--024,2023,3109.94
WISEA--024,2025,1605.37
WISEJ  038,2023,5443.82
WISEJ  038,2024,73.85
WISEJ  038,2026,3212.26
WISEM  203,2023,5084.38
WISET--666,2025,90605.05
WISET--666,2026,2157.24
WISND--437,2026,3553.5
WITTN  373,2023,280.0
WOHLP--860,2026,3886.41
WOJCL--146,2023,22779.87
WOLCS  908,2023,4948.17
WOLFC--245,2023,407.63
WOLFC--245,2024,1677.28
WOLKB--255,2023,18.0
WOLKB--255,2024,258.46
WOLKB--255,2025,368.12
WOLLM--339,2023,4809.0
WOMEC--073,2024,3000.0
WOMEK--677,2023,7342.13
WOMEK--677,2024,12952.61
WOO-T--058,2023,198717.35
WOO-T--058,2024,495383.63
WOOCJ  335,2025,12189.03
WOODA  037,2023,4611.95
WOODC--902,2024,20613.94
WOODL--022,2025,48808.18
WOODM--789,2023,2993.89
WOODN  203,2023,557934.86
WOODN  203,2024,11628.9
WOODT  323,2026,9122.45
WOODT--299,2025,14652.33
WOODV  409,2023,1942.66
WOODV  409,2024,6591.5
WORDE--611,2023,3649.68
WORKY--197,2025,210387.47
WORKY--197,2026,76750.0
WORKY--420,2025,147268.93
WORLB--731,2025,6591.07
WORTS--125,2025,5885.9
WOTTR--863,2024,4451.47
WOTTR--863,2025,89164.7
WOTTR--863,2026,30.0
WRAYG  239,2024,9438.17
WRAYG  239,2025,322.0
WRAYG  239,2026,2797.42
WRIGA--579,2023,310.22
WRIGC  926,2024,19511.99
WRIGC  926,2025,9278.54
WRIGP  163,2023,695.81
WRIGR--647,2023,33642.75
WYKEE--001,2023,7144.72
WYLIS  660,2023,3094.85
WYLIS  660,2024,85767.95
WYLIS  660,2025,5782.81
WYLIS  660,2026,5956.47
WYLIS2 660,2026,29167.88
WYNNK--416,2023,155679.91
WYNNK--416,2024,2171.12
YAEGJ--433,2023,32122.53
YAKIDC 907,2023,12810.54
YAKIDC 907,2024,43255.16
YAKIDC 907,2025,16553.35
YAKIDC 907,2026,11014.43
YAKIJ--752,2025,2650.0
YAKIRC 907,2023,163684.35
YAKIRC 907,2024,202158.42
YAKIRC 907,2025,206886.32
YAKIRC 907,2026,108279.77
YAKIV--736,2026,44413.39
YAMBB  424,2023,17326.35
YAMBB  424,2024,385.37
YAMBB  424,2025,80271.95
YAMBB  424,2026,42431.19
YANGL--516,2025,26932.15
YANGL--516,2026,1757.06
YATEM--112,2024,10317.0
YBARA  848,2023,22874.56
YBARA  848,2024,93869.95
YBARA  848,2025,17023.77
YBARA  848,2026,15537.07
YBARA2 848,2026,78294.94
YEATB--124,2023,1616.94
YES AH 104,2023,561591.73
YES AH 104,2024,22792.45
YES MO 035,2025,146063.57
YES SJ 507,2023,3126.35
YES SL 201,2023,9.99
YES SL 201,2024,18705.17
YES4Y--049,2023,7931.01
YESFY--414,2024,9463.4
YIP-W--862,2023,194.0
YIP-W--862,2024,81.2
YOCUL--495,2023,12652.16
YONZS--055,2023,37855.99
YONZS--055,2024,95.99
YORKD--707,2026,275.27
YOUNA--067,2026,524.35
YOUNH--964,2025,8856.31
YOUNJ  335,2023,29143.9
YOUNJ  335,2024,285620.79
YOUNJ  335,2025,44980.44
YOUNJ--715,2025,301.0
YOUNK  362,2024,2275.95
YOUNK--458,2023,5449.26
YOUNM  446,2024,19391.42
YOURY--590,2025,272.86
YU  M  109,2023,1379.3
YU  M  109,2024,300.0
YU  M  109,2025,62415.23
YUN-D--234,2023,13825.02
YUNGG--660,2023,4000.0
YUNGG--660,2026,30933.71
YUSUT--624,2024,29773.24
ZAHIG  102,2023,162051.63
ZAHIG  102,2024,311347.0
ZAHIG  102,2025,1288765.08
ZAHIG  102,2026,68105.27
ZAHNA--841,2026,2532.4
ZAHNJ  005,2023,110015.69
ZAHNJ  005,2024,1381.5
ZAHNJ  005,2025,48824.2
ZAHNJ  005,2026,59579.89
ZAKHE--366,2025,7325.74
ZANDM  030,2023,4002.71
ZANDM  030,2024,133.07
ZANDM  030,2026,24.5
ZAPPZ--099,2023,1148.63
ZAPPZ--099,2024,439.27
ZAPPZ--099,2025,98257.36
ZAPPZ--099,2026,468.99
ZARLB--089,2025,44.77
ZEIGH2 371,2023,226.0
ZEMAL  503,2026,13558.23
ZEMAS--945,2023,6043.76
ZICHJ2-962,2023,589.65
ZICHJ2-962,2024,6131.51
ZILLO--101,2023,82525.0
ZILLO--101,2024,106050.0
ZILLO--101,2025,199200.0
ZILLO--101,2026,82300.0
ZIMMJ--142,2024,18322.3
ZINGJ--730,2024,256868.53
ZINGJ--730,2025,1322.56
ZINGJ--730,2026,15479.45
ZOLLL--382,2023,180.0
ZOLLL--382,2024,30.0
ZOLLL--382,2026,5646.97
ZORNJ--949,2026,6284.96
ZORRW--512,2024,14837.38
